
//input ports
add mapped point CLK CLK
add mapped point HALT HALT
add mapped point RESET_ RESET_
add mapped point DoDCT DoDCT
add mapped point X[11] X[11]
add mapped point X[10] X[10]
add mapped point X[9] X[9]
add mapped point X[8] X[8]
add mapped point X[7] X[7]
add mapped point X[6] X[6]
add mapped point X[5] X[5]
add mapped point X[4] X[4]
add mapped point X[3] X[3]
add mapped point X[2] X[2]
add mapped point X[1] X[1]
add mapped point X[0] X[0]
add mapped point Mode Mode
add mapped point TEST_MODE TEST_MODE
add mapped point SCAN_EN SCAN_EN

//output ports
add mapped point Z[11] Z[11]
add mapped point Z[10] Z[10]
add mapped point Z[9] Z[9]
add mapped point Z[8] Z[8]
add mapped point Z[7] Z[7]
add mapped point Z[6] Z[6]
add mapped point Z[5] Z[5]
add mapped point Z[4] Z[4]
add mapped point Z[3] Z[3]
add mapped point Z[2] Z[2]
add mapped point Z[1] Z[1]
add mapped point Z[0] Z[0]

//inout ports




//Sequential Pins
add mapped point u_DCT/DRU/LIFO[0][0]/q u_DCT/DRU/LIFO_reg[0][0]/Q 
add mapped point u_DCT/DRU/LIFO[0][0]/q u_DCT/DRU/LIFO_reg[0][0]/QN 
add mapped point u_DCT/DRU/LIFO[0][1]/q u_DCT/DRU/LIFO_reg[0][1]/Q 
add mapped point u_DCT/DRU/LIFO[0][1]/q u_DCT/DRU/LIFO_reg[0][1]/QN 
add mapped point u_DCT/DRU/LIFO[0][2]/q u_DCT/DRU/LIFO_reg[0][2]/Q 
add mapped point u_DCT/DRU/LIFO[0][2]/q u_DCT/DRU/LIFO_reg[0][2]/QN 
add mapped point u_DCT/DRU/LIFO[0][3]/q u_DCT/DRU/LIFO_reg[0][3]/Q 
add mapped point u_DCT/DRU/LIFO[0][3]/q u_DCT/DRU/LIFO_reg[0][3]/QN 
add mapped point u_DCT/DRU/LIFO[0][4]/q u_DCT/DRU/LIFO_reg[0][4]/Q 
add mapped point u_DCT/DRU/LIFO[0][4]/q u_DCT/DRU/LIFO_reg[0][4]/QN 
add mapped point u_DCT/DRU/LIFO[0][5]/q u_DCT/DRU/LIFO_reg[0][5]/Q 
add mapped point u_DCT/DRU/LIFO[0][5]/q u_DCT/DRU/LIFO_reg[0][5]/QN 
add mapped point u_DCT/DRU/LIFO[0][6]/q u_DCT/DRU/LIFO_reg[0][6]/Q 
add mapped point u_DCT/DRU/LIFO[0][6]/q u_DCT/DRU/LIFO_reg[0][6]/QN 
add mapped point u_DCT/DRU/LIFO[0][7]/q u_DCT/DRU/LIFO_reg[0][7]/Q 
add mapped point u_DCT/DRU/LIFO[0][7]/q u_DCT/DRU/LIFO_reg[0][7]/QN 
add mapped point u_DCT/DRU/LIFO[0][8]/q u_DCT/DRU/LIFO_reg[0][8]/Q 
add mapped point u_DCT/DRU/LIFO[0][8]/q u_DCT/DRU/LIFO_reg[0][8]/QN 
add mapped point u_DCT/DRU/LIFO[0][9]/q u_DCT/DRU/LIFO_reg[0][9]/Q 
add mapped point u_DCT/DRU/LIFO[0][9]/q u_DCT/DRU/LIFO_reg[0][9]/QN 
add mapped point u_DCT/DRU/LIFO[0][10]/q u_DCT/DRU/LIFO_reg[0][10]/Q 
add mapped point u_DCT/DRU/LIFO[0][10]/q u_DCT/DRU/LIFO_reg[0][10]/QN 
add mapped point u_DCT/DRU/LIFO[0][11]/q u_DCT/DRU/LIFO_reg[0][11]/Q 
add mapped point u_DCT/DRU/LIFO[0][11]/q u_DCT/DRU/LIFO_reg[0][11]/QN 
add mapped point u_DCT/DRU/LIFO[0][12]/q u_DCT/DRU/LIFO_reg[0][12]/Q 
add mapped point u_DCT/DRU/LIFO[0][12]/q u_DCT/DRU/LIFO_reg[0][12]/QN 
add mapped point u_DCT/DRU/LIFO[0][13]/q u_DCT/DRU/LIFO_reg[0][13]/Q 
add mapped point u_DCT/DRU/LIFO[0][13]/q u_DCT/DRU/LIFO_reg[0][13]/QN 
add mapped point u_DCT/DRU/LIFO[0][14]/q u_DCT/DRU/LIFO_reg[0][14]/Q 
add mapped point u_DCT/DRU/LIFO[0][14]/q u_DCT/DRU/LIFO_reg[0][14]/QN 
add mapped point u_DCT/DRU/LIFO[0][15]/q u_DCT/DRU/LIFO_reg[0][15]/Q 
add mapped point u_DCT/DRU/LIFO[0][15]/q u_DCT/DRU/LIFO_reg[0][15]/QN 
add mapped point u_DCT/DRU/LIFO[1][0]/q u_DCT/DRU/LIFO_reg[1][0]/Q 
add mapped point u_DCT/DRU/LIFO[1][0]/q u_DCT/DRU/LIFO_reg[1][0]/QN 
add mapped point u_DCT/DRU/LIFO[1][1]/q u_DCT/DRU/LIFO_reg[1][1]/Q 
add mapped point u_DCT/DRU/LIFO[1][1]/q u_DCT/DRU/LIFO_reg[1][1]/QN 
add mapped point u_DCT/DRU/LIFO[1][2]/q u_DCT/DRU/LIFO_reg[1][2]/Q 
add mapped point u_DCT/DRU/LIFO[1][2]/q u_DCT/DRU/LIFO_reg[1][2]/QN 
add mapped point u_DCT/DRU/LIFO[1][3]/q u_DCT/DRU/LIFO_reg[1][3]/Q 
add mapped point u_DCT/DRU/LIFO[1][3]/q u_DCT/DRU/LIFO_reg[1][3]/QN 
add mapped point u_DCT/DRU/LIFO[1][4]/q u_DCT/DRU/LIFO_reg[1][4]/Q 
add mapped point u_DCT/DRU/LIFO[1][4]/q u_DCT/DRU/LIFO_reg[1][4]/QN 
add mapped point u_DCT/DRU/LIFO[1][5]/q u_DCT/DRU/LIFO_reg[1][5]/Q 
add mapped point u_DCT/DRU/LIFO[1][5]/q u_DCT/DRU/LIFO_reg[1][5]/QN 
add mapped point u_DCT/DRU/LIFO[1][6]/q u_DCT/DRU/LIFO_reg[1][6]/Q 
add mapped point u_DCT/DRU/LIFO[1][6]/q u_DCT/DRU/LIFO_reg[1][6]/QN 
add mapped point u_DCT/DRU/LIFO[1][7]/q u_DCT/DRU/LIFO_reg[1][7]/Q 
add mapped point u_DCT/DRU/LIFO[1][7]/q u_DCT/DRU/LIFO_reg[1][7]/QN 
add mapped point u_DCT/DRU/LIFO[1][8]/q u_DCT/DRU/LIFO_reg[1][8]/Q 
add mapped point u_DCT/DRU/LIFO[1][8]/q u_DCT/DRU/LIFO_reg[1][8]/QN 
add mapped point u_DCT/DRU/LIFO[1][9]/q u_DCT/DRU/LIFO_reg[1][9]/Q 
add mapped point u_DCT/DRU/LIFO[1][9]/q u_DCT/DRU/LIFO_reg[1][9]/QN 
add mapped point u_DCT/DRU/LIFO[1][10]/q u_DCT/DRU/LIFO_reg[1][10]/Q 
add mapped point u_DCT/DRU/LIFO[1][10]/q u_DCT/DRU/LIFO_reg[1][10]/QN 
add mapped point u_DCT/DRU/LIFO[1][11]/q u_DCT/DRU/LIFO_reg[1][11]/Q 
add mapped point u_DCT/DRU/LIFO[1][11]/q u_DCT/DRU/LIFO_reg[1][11]/QN 
add mapped point u_DCT/DRU/LIFO[1][12]/q u_DCT/DRU/LIFO_reg[1][12]/Q 
add mapped point u_DCT/DRU/LIFO[1][12]/q u_DCT/DRU/LIFO_reg[1][12]/QN 
add mapped point u_DCT/DRU/LIFO[1][13]/q u_DCT/DRU/LIFO_reg[1][13]/Q 
add mapped point u_DCT/DRU/LIFO[1][13]/q u_DCT/DRU/LIFO_reg[1][13]/QN 
add mapped point u_DCT/DRU/LIFO[1][14]/q u_DCT/DRU/LIFO_reg[1][14]/Q 
add mapped point u_DCT/DRU/LIFO[1][14]/q u_DCT/DRU/LIFO_reg[1][14]/QN 
add mapped point u_DCT/DRU/LIFO[1][15]/q u_DCT/DRU/LIFO_reg[1][15]/Q 
add mapped point u_DCT/DRU/LIFO[1][15]/q u_DCT/DRU/LIFO_reg[1][15]/QN 
add mapped point u_DCT/DRU/LIFO[2][0]/q u_DCT/DRU/LIFO_reg[2][0]/Q 
add mapped point u_DCT/DRU/LIFO[2][0]/q u_DCT/DRU/LIFO_reg[2][0]/QN 
add mapped point u_DCT/DRU/LIFO[2][1]/q u_DCT/DRU/LIFO_reg[2][1]/Q 
add mapped point u_DCT/DRU/LIFO[2][1]/q u_DCT/DRU/LIFO_reg[2][1]/QN 
add mapped point u_DCT/DRU/LIFO[2][2]/q u_DCT/DRU/LIFO_reg[2][2]/Q 
add mapped point u_DCT/DRU/LIFO[2][2]/q u_DCT/DRU/LIFO_reg[2][2]/QN 
add mapped point u_DCT/DRU/LIFO[2][3]/q u_DCT/DRU/LIFO_reg[2][3]/Q 
add mapped point u_DCT/DRU/LIFO[2][3]/q u_DCT/DRU/LIFO_reg[2][3]/QN 
add mapped point u_DCT/DRU/LIFO[2][4]/q u_DCT/DRU/LIFO_reg[2][4]/Q 
add mapped point u_DCT/DRU/LIFO[2][4]/q u_DCT/DRU/LIFO_reg[2][4]/QN 
add mapped point u_DCT/DRU/LIFO[2][5]/q u_DCT/DRU/LIFO_reg[2][5]/Q 
add mapped point u_DCT/DRU/LIFO[2][5]/q u_DCT/DRU/LIFO_reg[2][5]/QN 
add mapped point u_DCT/DRU/LIFO[2][6]/q u_DCT/DRU/LIFO_reg[2][6]/Q 
add mapped point u_DCT/DRU/LIFO[2][6]/q u_DCT/DRU/LIFO_reg[2][6]/QN 
add mapped point u_DCT/DRU/LIFO[2][7]/q u_DCT/DRU/LIFO_reg[2][7]/Q 
add mapped point u_DCT/DRU/LIFO[2][7]/q u_DCT/DRU/LIFO_reg[2][7]/QN 
add mapped point u_DCT/DRU/LIFO[2][8]/q u_DCT/DRU/LIFO_reg[2][8]/Q 
add mapped point u_DCT/DRU/LIFO[2][8]/q u_DCT/DRU/LIFO_reg[2][8]/QN 
add mapped point u_DCT/DRU/LIFO[2][9]/q u_DCT/DRU/LIFO_reg[2][9]/Q 
add mapped point u_DCT/DRU/LIFO[2][9]/q u_DCT/DRU/LIFO_reg[2][9]/QN 
add mapped point u_DCT/DRU/LIFO[2][10]/q u_DCT/DRU/LIFO_reg[2][10]/Q 
add mapped point u_DCT/DRU/LIFO[2][10]/q u_DCT/DRU/LIFO_reg[2][10]/QN 
add mapped point u_DCT/DRU/LIFO[2][11]/q u_DCT/DRU/LIFO_reg[2][11]/Q 
add mapped point u_DCT/DRU/LIFO[2][11]/q u_DCT/DRU/LIFO_reg[2][11]/QN 
add mapped point u_DCT/DRU/LIFO[2][12]/q u_DCT/DRU/LIFO_reg[2][12]/Q 
add mapped point u_DCT/DRU/LIFO[2][12]/q u_DCT/DRU/LIFO_reg[2][12]/QN 
add mapped point u_DCT/DRU/LIFO[2][13]/q u_DCT/DRU/LIFO_reg[2][13]/Q 
add mapped point u_DCT/DRU/LIFO[2][13]/q u_DCT/DRU/LIFO_reg[2][13]/QN 
add mapped point u_DCT/DRU/LIFO[2][14]/q u_DCT/DRU/LIFO_reg[2][14]/Q 
add mapped point u_DCT/DRU/LIFO[2][14]/q u_DCT/DRU/LIFO_reg[2][14]/QN 
add mapped point u_DCT/DRU/LIFO[2][15]/q u_DCT/DRU/LIFO_reg[2][15]/Q 
add mapped point u_DCT/DRU/LIFO[2][15]/q u_DCT/DRU/LIFO_reg[2][15]/QN 
add mapped point u_DCT/DRU/LIFO[3][0]/q u_DCT/DRU/LIFO_reg[3][0]/Q 
add mapped point u_DCT/DRU/LIFO[3][0]/q u_DCT/DRU/LIFO_reg[3][0]/QN 
add mapped point u_DCT/DRU/LIFO[3][1]/q u_DCT/DRU/LIFO_reg[3][1]/Q 
add mapped point u_DCT/DRU/LIFO[3][1]/q u_DCT/DRU/LIFO_reg[3][1]/QN 
add mapped point u_DCT/DRU/LIFO[3][2]/q u_DCT/DRU/LIFO_reg[3][2]/Q 
add mapped point u_DCT/DRU/LIFO[3][2]/q u_DCT/DRU/LIFO_reg[3][2]/QN 
add mapped point u_DCT/DRU/LIFO[3][3]/q u_DCT/DRU/LIFO_reg[3][3]/Q 
add mapped point u_DCT/DRU/LIFO[3][3]/q u_DCT/DRU/LIFO_reg[3][3]/QN 
add mapped point u_DCT/DRU/LIFO[3][4]/q u_DCT/DRU/LIFO_reg[3][4]/Q 
add mapped point u_DCT/DRU/LIFO[3][4]/q u_DCT/DRU/LIFO_reg[3][4]/QN 
add mapped point u_DCT/DRU/LIFO[3][5]/q u_DCT/DRU/LIFO_reg[3][5]/Q 
add mapped point u_DCT/DRU/LIFO[3][5]/q u_DCT/DRU/LIFO_reg[3][5]/QN 
add mapped point u_DCT/DRU/LIFO[3][6]/q u_DCT/DRU/LIFO_reg[3][6]/Q 
add mapped point u_DCT/DRU/LIFO[3][6]/q u_DCT/DRU/LIFO_reg[3][6]/QN 
add mapped point u_DCT/DRU/LIFO[3][7]/q u_DCT/DRU/LIFO_reg[3][7]/Q 
add mapped point u_DCT/DRU/LIFO[3][7]/q u_DCT/DRU/LIFO_reg[3][7]/QN 
add mapped point u_DCT/DRU/LIFO[3][8]/q u_DCT/DRU/LIFO_reg[3][8]/Q 
add mapped point u_DCT/DRU/LIFO[3][8]/q u_DCT/DRU/LIFO_reg[3][8]/QN 
add mapped point u_DCT/DRU/LIFO[3][9]/q u_DCT/DRU/LIFO_reg[3][9]/Q 
add mapped point u_DCT/DRU/LIFO[3][9]/q u_DCT/DRU/LIFO_reg[3][9]/QN 
add mapped point u_DCT/DRU/LIFO[3][10]/q u_DCT/DRU/LIFO_reg[3][10]/Q 
add mapped point u_DCT/DRU/LIFO[3][10]/q u_DCT/DRU/LIFO_reg[3][10]/QN 
add mapped point u_DCT/DRU/LIFO[3][11]/q u_DCT/DRU/LIFO_reg[3][11]/Q 
add mapped point u_DCT/DRU/LIFO[3][11]/q u_DCT/DRU/LIFO_reg[3][11]/QN 
add mapped point u_DCT/DRU/LIFO[3][12]/q u_DCT/DRU/LIFO_reg[3][12]/Q 
add mapped point u_DCT/DRU/LIFO[3][12]/q u_DCT/DRU/LIFO_reg[3][12]/QN 
add mapped point u_DCT/DRU/LIFO[3][13]/q u_DCT/DRU/LIFO_reg[3][13]/Q 
add mapped point u_DCT/DRU/LIFO[3][13]/q u_DCT/DRU/LIFO_reg[3][13]/QN 
add mapped point u_DCT/DRU/LIFO[3][14]/q u_DCT/DRU/LIFO_reg[3][14]/Q 
add mapped point u_DCT/DRU/LIFO[3][14]/q u_DCT/DRU/LIFO_reg[3][14]/QN 
add mapped point u_DCT/DRU/LIFO[3][15]/q u_DCT/DRU/LIFO_reg[3][15]/Q 
add mapped point u_DCT/DRU/LIFO[3][15]/q u_DCT/DRU/LIFO_reg[3][15]/QN 
add mapped point u_DCT/DRU/Count[2]/q u_DCT/DRU/Count_reg[2]/Q 
add mapped point u_DCT/DRU/Count[2]/q u_DCT/DRU/Count_reg[2]/QN 
add mapped point u_DCT/DRU/Count[1]/q u_DCT/DRU/Count_reg[1]/Q 
add mapped point u_DCT/DRU/Count[1]/q u_DCT/DRU/Count_reg[1]/QN 
add mapped point u_DCT/DRU/Count[0]/q u_DCT/DRU/Count_reg[0]/Q 
add mapped point u_DCT/DRU/Count[0]/q u_DCT/DRU/Count_reg[0]/QN 
add mapped point u_DCT/DRU/ToACF[0]/q u_DCT/DRU/ToACF_reg[0]/Q 
add mapped point u_DCT/DRU/ToACF[0]/q u_DCT/DRU/ToACF_reg[0]/QN 
add mapped point u_DCT/DRU/ToACF[1]/q u_DCT/DRU/ToACF_reg[1]/Q 
add mapped point u_DCT/DRU/ToACF[1]/q u_DCT/DRU/ToACF_reg[1]/QN 
add mapped point u_DCT/DRU/ToACF[2]/q u_DCT/DRU/ToACF_reg[2]/Q 
add mapped point u_DCT/DRU/ToACF[2]/q u_DCT/DRU/ToACF_reg[2]/QN 
add mapped point u_DCT/DRU/ToACF[3]/q u_DCT/DRU/ToACF_reg[3]/Q 
add mapped point u_DCT/DRU/ToACF[3]/q u_DCT/DRU/ToACF_reg[3]/QN 
add mapped point u_DCT/DRU/ToACF[4]/q u_DCT/DRU/ToACF_reg[4]/Q 
add mapped point u_DCT/DRU/ToACF[4]/q u_DCT/DRU/ToACF_reg[4]/QN 
add mapped point u_DCT/DRU/ToACF[5]/q u_DCT/DRU/ToACF_reg[5]/Q 
add mapped point u_DCT/DRU/ToACF[5]/q u_DCT/DRU/ToACF_reg[5]/QN 
add mapped point u_DCT/DRU/ToACF[6]/q u_DCT/DRU/ToACF_reg[6]/Q 
add mapped point u_DCT/DRU/ToACF[6]/q u_DCT/DRU/ToACF_reg[6]/QN 
add mapped point u_DCT/DRU/ToACF[7]/q u_DCT/DRU/ToACF_reg[7]/Q 
add mapped point u_DCT/DRU/ToACF[7]/q u_DCT/DRU/ToACF_reg[7]/QN 
add mapped point u_DCT/DRU/ToACF[8]/q u_DCT/DRU/ToACF_reg[8]/Q 
add mapped point u_DCT/DRU/ToACF[8]/q u_DCT/DRU/ToACF_reg[8]/QN 
add mapped point u_DCT/DRU/ToACF[9]/q u_DCT/DRU/ToACF_reg[9]/Q 
add mapped point u_DCT/DRU/ToACF[9]/q u_DCT/DRU/ToACF_reg[9]/QN 
add mapped point u_DCT/DRU/ToACF[10]/q u_DCT/DRU/ToACF_reg[10]/Q 
add mapped point u_DCT/DRU/ToACF[10]/q u_DCT/DRU/ToACF_reg[10]/QN 
add mapped point u_DCT/DRU/ToACF[11]/q u_DCT/DRU/ToACF_reg[11]/Q 
add mapped point u_DCT/DRU/ToACF[11]/q u_DCT/DRU/ToACF_reg[11]/QN 
add mapped point u_DCT/DRU/ToACF[12]/q u_DCT/DRU/ToACF_reg[12]/Q 
add mapped point u_DCT/DRU/ToACF[12]/q u_DCT/DRU/ToACF_reg[12]/QN 
add mapped point u_DCT/DRU/ToACF[13]/q u_DCT/DRU/ToACF_reg[13]/Q 
add mapped point u_DCT/DRU/ToACF[13]/q u_DCT/DRU/ToACF_reg[13]/QN 
add mapped point u_DCT/DRU/ToACF[14]/q u_DCT/DRU/ToACF_reg[14]/Q 
add mapped point u_DCT/DRU/ToACF[14]/q u_DCT/DRU/ToACF_reg[14]/QN 
add mapped point u_DCT/DRU/ToACF[15]/q u_DCT/DRU/ToACF_reg[15]/Q 
add mapped point u_DCT/DRU/ToACF[15]/q u_DCT/DRU/ToACF_reg[15]/QN 
add mapped point u_DCT/DRU/ToACF[16]/q u_DCT/DRU/ToACF_reg[16]/Q 
add mapped point u_DCT/DRU/ToACF[16]/q u_DCT/DRU/ToACF_reg[16]/QN 
add mapped point u_DCT/DRU/ToBDEG[0]/q u_DCT/DRU/ToBDEG_reg[0]/Q 
add mapped point u_DCT/DRU/ToBDEG[0]/q u_DCT/DRU/ToBDEG_reg[0]/QN 
add mapped point u_DCT/DRU/ToBDEG[1]/q u_DCT/DRU/ToBDEG_reg[1]/Q 
add mapped point u_DCT/DRU/ToBDEG[1]/q u_DCT/DRU/ToBDEG_reg[1]/QN 
add mapped point u_DCT/DRU/ToBDEG[2]/q u_DCT/DRU/ToBDEG_reg[2]/Q 
add mapped point u_DCT/DRU/ToBDEG[2]/q u_DCT/DRU/ToBDEG_reg[2]/QN 
add mapped point u_DCT/DRU/ToBDEG[3]/q u_DCT/DRU/ToBDEG_reg[3]/Q 
add mapped point u_DCT/DRU/ToBDEG[3]/q u_DCT/DRU/ToBDEG_reg[3]/QN 
add mapped point u_DCT/DRU/ToBDEG[4]/q u_DCT/DRU/ToBDEG_reg[4]/Q 
add mapped point u_DCT/DRU/ToBDEG[4]/q u_DCT/DRU/ToBDEG_reg[4]/QN 
add mapped point u_DCT/DRU/ToBDEG[5]/q u_DCT/DRU/ToBDEG_reg[5]/Q 
add mapped point u_DCT/DRU/ToBDEG[5]/q u_DCT/DRU/ToBDEG_reg[5]/QN 
add mapped point u_DCT/DRU/ToBDEG[6]/q u_DCT/DRU/ToBDEG_reg[6]/Q 
add mapped point u_DCT/DRU/ToBDEG[6]/q u_DCT/DRU/ToBDEG_reg[6]/QN 
add mapped point u_DCT/DRU/ToBDEG[7]/q u_DCT/DRU/ToBDEG_reg[7]/Q 
add mapped point u_DCT/DRU/ToBDEG[7]/q u_DCT/DRU/ToBDEG_reg[7]/QN 
add mapped point u_DCT/DRU/ToBDEG[8]/q u_DCT/DRU/ToBDEG_reg[8]/Q 
add mapped point u_DCT/DRU/ToBDEG[8]/q u_DCT/DRU/ToBDEG_reg[8]/QN 
add mapped point u_DCT/DRU/ToBDEG[9]/q u_DCT/DRU/ToBDEG_reg[9]/Q 
add mapped point u_DCT/DRU/ToBDEG[9]/q u_DCT/DRU/ToBDEG_reg[9]/QN 
add mapped point u_DCT/DRU/ToBDEG[10]/q u_DCT/DRU/ToBDEG_reg[10]/Q 
add mapped point u_DCT/DRU/ToBDEG[10]/q u_DCT/DRU/ToBDEG_reg[10]/QN 
add mapped point u_DCT/DRU/ToBDEG[11]/q u_DCT/DRU/ToBDEG_reg[11]/Q 
add mapped point u_DCT/DRU/ToBDEG[11]/q u_DCT/DRU/ToBDEG_reg[11]/QN 
add mapped point u_DCT/DRU/ToBDEG[12]/q u_DCT/DRU/ToBDEG_reg[12]/Q 
add mapped point u_DCT/DRU/ToBDEG[12]/q u_DCT/DRU/ToBDEG_reg[12]/QN 
add mapped point u_DCT/DRU/ToBDEG[13]/q u_DCT/DRU/ToBDEG_reg[13]/Q 
add mapped point u_DCT/DRU/ToBDEG[13]/q u_DCT/DRU/ToBDEG_reg[13]/QN 
add mapped point u_DCT/DRU/ToBDEG[14]/q u_DCT/DRU/ToBDEG_reg[14]/Q 
add mapped point u_DCT/DRU/ToBDEG[14]/q u_DCT/DRU/ToBDEG_reg[14]/QN 
add mapped point u_DCT/DRU/ToBDEG[15]/q u_DCT/DRU/ToBDEG_reg[15]/Q 
add mapped point u_DCT/DRU/ToBDEG[15]/q u_DCT/DRU/ToBDEG_reg[15]/QN 
add mapped point u_DCT/DRU/ToBDEG[16]/q u_DCT/DRU/ToBDEG_reg[16]/Q 
add mapped point u_DCT/DRU/ToBDEG[16]/q u_DCT/DRU/ToBDEG_reg[16]/QN 
add mapped point u_DCT/IDRU8/LIFO[0][0]/q u_DCT/IDRU8/LIFO_reg[0][0]/Q 
add mapped point u_DCT/IDRU8/LIFO[0][0]/q u_DCT/IDRU8/LIFO_reg[0][0]/QN 
add mapped point u_DCT/IDRU8/LIFO[0][1]/q u_DCT/IDRU8/LIFO_reg[0][1]/Q 
add mapped point u_DCT/IDRU8/LIFO[0][1]/q u_DCT/IDRU8/LIFO_reg[0][1]/QN 
add mapped point u_DCT/IDRU8/LIFO[0][2]/q u_DCT/IDRU8/LIFO_reg[0][2]/Q 
add mapped point u_DCT/IDRU8/LIFO[0][2]/q u_DCT/IDRU8/LIFO_reg[0][2]/QN 
add mapped point u_DCT/IDRU8/LIFO[0][3]/q u_DCT/IDRU8/LIFO_reg[0][3]/Q 
add mapped point u_DCT/IDRU8/LIFO[0][3]/q u_DCT/IDRU8/LIFO_reg[0][3]/QN 
add mapped point u_DCT/IDRU8/LIFO[0][4]/q u_DCT/IDRU8/LIFO_reg[0][4]/Q 
add mapped point u_DCT/IDRU8/LIFO[0][4]/q u_DCT/IDRU8/LIFO_reg[0][4]/QN 
add mapped point u_DCT/IDRU8/LIFO[0][5]/q u_DCT/IDRU8/LIFO_reg[0][5]/Q 
add mapped point u_DCT/IDRU8/LIFO[0][5]/q u_DCT/IDRU8/LIFO_reg[0][5]/QN 
add mapped point u_DCT/IDRU8/LIFO[0][6]/q u_DCT/IDRU8/LIFO_reg[0][6]/Q 
add mapped point u_DCT/IDRU8/LIFO[0][6]/q u_DCT/IDRU8/LIFO_reg[0][6]/QN 
add mapped point u_DCT/IDRU8/LIFO[0][7]/q u_DCT/IDRU8/LIFO_reg[0][7]/Q 
add mapped point u_DCT/IDRU8/LIFO[0][7]/q u_DCT/IDRU8/LIFO_reg[0][7]/QN 
add mapped point u_DCT/IDRU8/LIFO[0][8]/q u_DCT/IDRU8/LIFO_reg[0][8]/Q 
add mapped point u_DCT/IDRU8/LIFO[0][8]/q u_DCT/IDRU8/LIFO_reg[0][8]/QN 
add mapped point u_DCT/IDRU8/LIFO[0][9]/q u_DCT/IDRU8/LIFO_reg[0][9]/Q 
add mapped point u_DCT/IDRU8/LIFO[0][9]/q u_DCT/IDRU8/LIFO_reg[0][9]/QN 
add mapped point u_DCT/IDRU8/LIFO[0][10]/q u_DCT/IDRU8/LIFO_reg[0][10]/Q 
add mapped point u_DCT/IDRU8/LIFO[0][10]/q u_DCT/IDRU8/LIFO_reg[0][10]/QN 
add mapped point u_DCT/IDRU8/LIFO[0][11]/q u_DCT/IDRU8/LIFO_reg[0][11]/Q 
add mapped point u_DCT/IDRU8/LIFO[0][11]/q u_DCT/IDRU8/LIFO_reg[0][11]/QN 
add mapped point u_DCT/IDRU8/LIFO[0][12]/q u_DCT/IDRU8/LIFO_reg[0][12]/Q 
add mapped point u_DCT/IDRU8/LIFO[0][12]/q u_DCT/IDRU8/LIFO_reg[0][12]/QN 
add mapped point u_DCT/IDRU8/LIFO[0][13]/q u_DCT/IDRU8/LIFO_reg[0][13]/Q 
add mapped point u_DCT/IDRU8/LIFO[0][13]/q u_DCT/IDRU8/LIFO_reg[0][13]/QN 
add mapped point u_DCT/IDRU8/LIFO[0][14]/q u_DCT/IDRU8/LIFO_reg[0][14]/Q 
add mapped point u_DCT/IDRU8/LIFO[0][14]/q u_DCT/IDRU8/LIFO_reg[0][14]/QN 
add mapped point u_DCT/IDRU8/LIFO[0][15]/q u_DCT/IDRU8/LIFO_reg[0][15]/Q 
add mapped point u_DCT/IDRU8/LIFO[0][15]/q u_DCT/IDRU8/LIFO_reg[0][15]/QN 
add mapped point u_DCT/IDRU8/LIFO[1][0]/q u_DCT/IDRU8/LIFO_reg[1][0]/Q 
add mapped point u_DCT/IDRU8/LIFO[1][0]/q u_DCT/IDRU8/LIFO_reg[1][0]/QN 
add mapped point u_DCT/IDRU8/LIFO[1][1]/q u_DCT/IDRU8/LIFO_reg[1][1]/Q 
add mapped point u_DCT/IDRU8/LIFO[1][1]/q u_DCT/IDRU8/LIFO_reg[1][1]/QN 
add mapped point u_DCT/IDRU8/LIFO[1][2]/q u_DCT/IDRU8/LIFO_reg[1][2]/Q 
add mapped point u_DCT/IDRU8/LIFO[1][2]/q u_DCT/IDRU8/LIFO_reg[1][2]/QN 
add mapped point u_DCT/IDRU8/LIFO[1][3]/q u_DCT/IDRU8/LIFO_reg[1][3]/Q 
add mapped point u_DCT/IDRU8/LIFO[1][3]/q u_DCT/IDRU8/LIFO_reg[1][3]/QN 
add mapped point u_DCT/IDRU8/LIFO[1][4]/q u_DCT/IDRU8/LIFO_reg[1][4]/Q 
add mapped point u_DCT/IDRU8/LIFO[1][4]/q u_DCT/IDRU8/LIFO_reg[1][4]/QN 
add mapped point u_DCT/IDRU8/LIFO[1][5]/q u_DCT/IDRU8/LIFO_reg[1][5]/Q 
add mapped point u_DCT/IDRU8/LIFO[1][5]/q u_DCT/IDRU8/LIFO_reg[1][5]/QN 
add mapped point u_DCT/IDRU8/LIFO[1][6]/q u_DCT/IDRU8/LIFO_reg[1][6]/Q 
add mapped point u_DCT/IDRU8/LIFO[1][6]/q u_DCT/IDRU8/LIFO_reg[1][6]/QN 
add mapped point u_DCT/IDRU8/LIFO[1][7]/q u_DCT/IDRU8/LIFO_reg[1][7]/Q 
add mapped point u_DCT/IDRU8/LIFO[1][7]/q u_DCT/IDRU8/LIFO_reg[1][7]/QN 
add mapped point u_DCT/IDRU8/LIFO[1][8]/q u_DCT/IDRU8/LIFO_reg[1][8]/Q 
add mapped point u_DCT/IDRU8/LIFO[1][8]/q u_DCT/IDRU8/LIFO_reg[1][8]/QN 
add mapped point u_DCT/IDRU8/LIFO[1][9]/q u_DCT/IDRU8/LIFO_reg[1][9]/Q 
add mapped point u_DCT/IDRU8/LIFO[1][9]/q u_DCT/IDRU8/LIFO_reg[1][9]/QN 
add mapped point u_DCT/IDRU8/LIFO[1][10]/q u_DCT/IDRU8/LIFO_reg[1][10]/Q 
add mapped point u_DCT/IDRU8/LIFO[1][10]/q u_DCT/IDRU8/LIFO_reg[1][10]/QN 
add mapped point u_DCT/IDRU8/LIFO[1][11]/q u_DCT/IDRU8/LIFO_reg[1][11]/Q 
add mapped point u_DCT/IDRU8/LIFO[1][11]/q u_DCT/IDRU8/LIFO_reg[1][11]/QN 
add mapped point u_DCT/IDRU8/LIFO[1][12]/q u_DCT/IDRU8/LIFO_reg[1][12]/Q 
add mapped point u_DCT/IDRU8/LIFO[1][12]/q u_DCT/IDRU8/LIFO_reg[1][12]/QN 
add mapped point u_DCT/IDRU8/LIFO[1][13]/q u_DCT/IDRU8/LIFO_reg[1][13]/Q 
add mapped point u_DCT/IDRU8/LIFO[1][13]/q u_DCT/IDRU8/LIFO_reg[1][13]/QN 
add mapped point u_DCT/IDRU8/LIFO[1][14]/q u_DCT/IDRU8/LIFO_reg[1][14]/Q 
add mapped point u_DCT/IDRU8/LIFO[1][14]/q u_DCT/IDRU8/LIFO_reg[1][14]/QN 
add mapped point u_DCT/IDRU8/LIFO[1][15]/q u_DCT/IDRU8/LIFO_reg[1][15]/Q 
add mapped point u_DCT/IDRU8/LIFO[1][15]/q u_DCT/IDRU8/LIFO_reg[1][15]/QN 
add mapped point u_DCT/IDRU8/LIFO[2][0]/q u_DCT/IDRU8/LIFO_reg[2][0]/Q 
add mapped point u_DCT/IDRU8/LIFO[2][0]/q u_DCT/IDRU8/LIFO_reg[2][0]/QN 
add mapped point u_DCT/IDRU8/LIFO[2][1]/q u_DCT/IDRU8/LIFO_reg[2][1]/Q 
add mapped point u_DCT/IDRU8/LIFO[2][1]/q u_DCT/IDRU8/LIFO_reg[2][1]/QN 
add mapped point u_DCT/IDRU8/LIFO[2][2]/q u_DCT/IDRU8/LIFO_reg[2][2]/Q 
add mapped point u_DCT/IDRU8/LIFO[2][2]/q u_DCT/IDRU8/LIFO_reg[2][2]/QN 
add mapped point u_DCT/IDRU8/LIFO[2][3]/q u_DCT/IDRU8/LIFO_reg[2][3]/Q 
add mapped point u_DCT/IDRU8/LIFO[2][3]/q u_DCT/IDRU8/LIFO_reg[2][3]/QN 
add mapped point u_DCT/IDRU8/LIFO[2][4]/q u_DCT/IDRU8/LIFO_reg[2][4]/Q 
add mapped point u_DCT/IDRU8/LIFO[2][4]/q u_DCT/IDRU8/LIFO_reg[2][4]/QN 
add mapped point u_DCT/IDRU8/LIFO[2][5]/q u_DCT/IDRU8/LIFO_reg[2][5]/Q 
add mapped point u_DCT/IDRU8/LIFO[2][5]/q u_DCT/IDRU8/LIFO_reg[2][5]/QN 
add mapped point u_DCT/IDRU8/LIFO[2][6]/q u_DCT/IDRU8/LIFO_reg[2][6]/Q 
add mapped point u_DCT/IDRU8/LIFO[2][6]/q u_DCT/IDRU8/LIFO_reg[2][6]/QN 
add mapped point u_DCT/IDRU8/LIFO[2][7]/q u_DCT/IDRU8/LIFO_reg[2][7]/Q 
add mapped point u_DCT/IDRU8/LIFO[2][7]/q u_DCT/IDRU8/LIFO_reg[2][7]/QN 
add mapped point u_DCT/IDRU8/LIFO[2][8]/q u_DCT/IDRU8/LIFO_reg[2][8]/Q 
add mapped point u_DCT/IDRU8/LIFO[2][8]/q u_DCT/IDRU8/LIFO_reg[2][8]/QN 
add mapped point u_DCT/IDRU8/LIFO[2][9]/q u_DCT/IDRU8/LIFO_reg[2][9]/Q 
add mapped point u_DCT/IDRU8/LIFO[2][9]/q u_DCT/IDRU8/LIFO_reg[2][9]/QN 
add mapped point u_DCT/IDRU8/LIFO[2][10]/q u_DCT/IDRU8/LIFO_reg[2][10]/Q 
add mapped point u_DCT/IDRU8/LIFO[2][10]/q u_DCT/IDRU8/LIFO_reg[2][10]/QN 
add mapped point u_DCT/IDRU8/LIFO[2][11]/q u_DCT/IDRU8/LIFO_reg[2][11]/Q 
add mapped point u_DCT/IDRU8/LIFO[2][11]/q u_DCT/IDRU8/LIFO_reg[2][11]/QN 
add mapped point u_DCT/IDRU8/LIFO[2][12]/q u_DCT/IDRU8/LIFO_reg[2][12]/Q 
add mapped point u_DCT/IDRU8/LIFO[2][12]/q u_DCT/IDRU8/LIFO_reg[2][12]/QN 
add mapped point u_DCT/IDRU8/LIFO[2][13]/q u_DCT/IDRU8/LIFO_reg[2][13]/Q 
add mapped point u_DCT/IDRU8/LIFO[2][13]/q u_DCT/IDRU8/LIFO_reg[2][13]/QN 
add mapped point u_DCT/IDRU8/LIFO[2][14]/q u_DCT/IDRU8/LIFO_reg[2][14]/Q 
add mapped point u_DCT/IDRU8/LIFO[2][14]/q u_DCT/IDRU8/LIFO_reg[2][14]/QN 
add mapped point u_DCT/IDRU8/LIFO[2][15]/q u_DCT/IDRU8/LIFO_reg[2][15]/Q 
add mapped point u_DCT/IDRU8/LIFO[2][15]/q u_DCT/IDRU8/LIFO_reg[2][15]/QN 
add mapped point u_DCT/IDRU8/LIFO[3][0]/q u_DCT/IDRU8/LIFO_reg[3][0]/Q 
add mapped point u_DCT/IDRU8/LIFO[3][0]/q u_DCT/IDRU8/LIFO_reg[3][0]/QN 
add mapped point u_DCT/IDRU8/LIFO[3][1]/q u_DCT/IDRU8/LIFO_reg[3][1]/Q 
add mapped point u_DCT/IDRU8/LIFO[3][1]/q u_DCT/IDRU8/LIFO_reg[3][1]/QN 
add mapped point u_DCT/IDRU8/LIFO[3][2]/q u_DCT/IDRU8/LIFO_reg[3][2]/Q 
add mapped point u_DCT/IDRU8/LIFO[3][2]/q u_DCT/IDRU8/LIFO_reg[3][2]/QN 
add mapped point u_DCT/IDRU8/LIFO[3][3]/q u_DCT/IDRU8/LIFO_reg[3][3]/Q 
add mapped point u_DCT/IDRU8/LIFO[3][3]/q u_DCT/IDRU8/LIFO_reg[3][3]/QN 
add mapped point u_DCT/IDRU8/LIFO[3][4]/q u_DCT/IDRU8/LIFO_reg[3][4]/Q 
add mapped point u_DCT/IDRU8/LIFO[3][4]/q u_DCT/IDRU8/LIFO_reg[3][4]/QN 
add mapped point u_DCT/IDRU8/LIFO[3][5]/q u_DCT/IDRU8/LIFO_reg[3][5]/Q 
add mapped point u_DCT/IDRU8/LIFO[3][5]/q u_DCT/IDRU8/LIFO_reg[3][5]/QN 
add mapped point u_DCT/IDRU8/LIFO[3][6]/q u_DCT/IDRU8/LIFO_reg[3][6]/Q 
add mapped point u_DCT/IDRU8/LIFO[3][6]/q u_DCT/IDRU8/LIFO_reg[3][6]/QN 
add mapped point u_DCT/IDRU8/LIFO[3][7]/q u_DCT/IDRU8/LIFO_reg[3][7]/Q 
add mapped point u_DCT/IDRU8/LIFO[3][7]/q u_DCT/IDRU8/LIFO_reg[3][7]/QN 
add mapped point u_DCT/IDRU8/LIFO[3][8]/q u_DCT/IDRU8/LIFO_reg[3][8]/Q 
add mapped point u_DCT/IDRU8/LIFO[3][8]/q u_DCT/IDRU8/LIFO_reg[3][8]/QN 
add mapped point u_DCT/IDRU8/LIFO[3][9]/q u_DCT/IDRU8/LIFO_reg[3][9]/Q 
add mapped point u_DCT/IDRU8/LIFO[3][9]/q u_DCT/IDRU8/LIFO_reg[3][9]/QN 
add mapped point u_DCT/IDRU8/LIFO[3][10]/q u_DCT/IDRU8/LIFO_reg[3][10]/Q 
add mapped point u_DCT/IDRU8/LIFO[3][10]/q u_DCT/IDRU8/LIFO_reg[3][10]/QN 
add mapped point u_DCT/IDRU8/LIFO[3][11]/q u_DCT/IDRU8/LIFO_reg[3][11]/Q 
add mapped point u_DCT/IDRU8/LIFO[3][11]/q u_DCT/IDRU8/LIFO_reg[3][11]/QN 
add mapped point u_DCT/IDRU8/LIFO[3][12]/q u_DCT/IDRU8/LIFO_reg[3][12]/Q 
add mapped point u_DCT/IDRU8/LIFO[3][12]/q u_DCT/IDRU8/LIFO_reg[3][12]/QN 
add mapped point u_DCT/IDRU8/LIFO[3][13]/q u_DCT/IDRU8/LIFO_reg[3][13]/Q 
add mapped point u_DCT/IDRU8/LIFO[3][13]/q u_DCT/IDRU8/LIFO_reg[3][13]/QN 
add mapped point u_DCT/IDRU8/LIFO[3][14]/q u_DCT/IDRU8/LIFO_reg[3][14]/Q 
add mapped point u_DCT/IDRU8/LIFO[3][14]/q u_DCT/IDRU8/LIFO_reg[3][14]/QN 
add mapped point u_DCT/IDRU8/LIFO[3][15]/q u_DCT/IDRU8/LIFO_reg[3][15]/Q 
add mapped point u_DCT/IDRU8/LIFO[3][15]/q u_DCT/IDRU8/LIFO_reg[3][15]/QN 
add mapped point u_DCT/IDRU8/Z[0]/q u_DCT/IDRU8/Z_reg[0]/Q 
add mapped point u_DCT/IDRU8/Z[0]/q u_DCT/IDRU8/Z_reg[0]/QN 
add mapped point u_DCT/IDRU8/Z[1]/q u_DCT/IDRU8/Z_reg[1]/Q 
add mapped point u_DCT/IDRU8/Z[1]/q u_DCT/IDRU8/Z_reg[1]/QN 
add mapped point u_DCT/IDRU8/Z[2]/q u_DCT/IDRU8/Z_reg[2]/Q 
add mapped point u_DCT/IDRU8/Z[2]/q u_DCT/IDRU8/Z_reg[2]/QN 
add mapped point u_DCT/IDRU8/Z[3]/q u_DCT/IDRU8/Z_reg[3]/Q 
add mapped point u_DCT/IDRU8/Z[3]/q u_DCT/IDRU8/Z_reg[3]/QN 
add mapped point u_DCT/IDRU8/Z[4]/q u_DCT/IDRU8/Z_reg[4]/Q 
add mapped point u_DCT/IDRU8/Z[4]/q u_DCT/IDRU8/Z_reg[4]/QN 
add mapped point u_DCT/IDRU8/Z[5]/q u_DCT/IDRU8/Z_reg[5]/Q 
add mapped point u_DCT/IDRU8/Z[5]/q u_DCT/IDRU8/Z_reg[5]/QN 
add mapped point u_DCT/IDRU8/Z[6]/q u_DCT/IDRU8/Z_reg[6]/Q 
add mapped point u_DCT/IDRU8/Z[6]/q u_DCT/IDRU8/Z_reg[6]/QN 
add mapped point u_DCT/IDRU8/Z[7]/q u_DCT/IDRU8/Z_reg[7]/Q 
add mapped point u_DCT/IDRU8/Z[7]/q u_DCT/IDRU8/Z_reg[7]/QN 
add mapped point u_DCT/IDRU8/Z[8]/q u_DCT/IDRU8/Z_reg[8]/Q 
add mapped point u_DCT/IDRU8/Z[8]/q u_DCT/IDRU8/Z_reg[8]/QN 
add mapped point u_DCT/IDRU8/Z[9]/q u_DCT/IDRU8/Z_reg[9]/Q 
add mapped point u_DCT/IDRU8/Z[9]/q u_DCT/IDRU8/Z_reg[9]/QN 
add mapped point u_DCT/IDRU8/Z[10]/q u_DCT/IDRU8/Z_reg[10]/Q 
add mapped point u_DCT/IDRU8/Z[10]/q u_DCT/IDRU8/Z_reg[10]/QN 
add mapped point u_DCT/IDRU8/Z[11]/q u_DCT/IDRU8/Z_reg[11]/Q 
add mapped point u_DCT/IDRU8/Z[11]/q u_DCT/IDRU8/Z_reg[11]/QN 
add mapped point u_DCT/IDRU8/Count[2]/q u_DCT/IDRU8/Count_reg[2]/Q 
add mapped point u_DCT/IDRU8/Count[2]/q u_DCT/IDRU8/Count_reg[2]/QN 
add mapped point u_DCT/IDRU8/Count[1]/q u_DCT/IDRU8/Count_reg[1]/Q 
add mapped point u_DCT/IDRU8/Count[1]/q u_DCT/IDRU8/Count_reg[1]/QN 
add mapped point u_DCT/IDRU8/Count[0]/q u_DCT/IDRU8/Count_reg[0]/Q 
add mapped point u_DCT/IDRU8/Count[0]/q u_DCT/IDRU8/Count_reg[0]/QN 
add mapped point u_DCT/acf/mult_f_mixed_mult_1_12/retime_s1_1_reg/Q u_DCT/acf/mult_f_mixed_mult_1_12/retime_s1_1_reg/Q 
add mapped point u_DCT/acf/mult_f_mixed_mult_1_12/retime_s1_1_reg/QN u_DCT/acf/mult_f_mixed_mult_1_12/retime_s1_1_reg/QN 
add mapped point u_DCT/acf/mult_f_mixed_mult_1_12/retime_s1_3_reg/Q u_DCT/acf/mult_f_mixed_mult_1_12/retime_s1_3_reg/Q 
add mapped point u_DCT/acf/mult_f_mixed_mult_1_12/retime_s1_3_reg/QN u_DCT/acf/mult_f_mixed_mult_1_12/retime_s1_3_reg/QN 
add mapped point u_DCT/acf/mult_f_mixed_mult_1_12/retime_s1_9_reg/Q u_DCT/acf/mult_f_mixed_mult_1_12/retime_s1_9_reg/Q 
add mapped point u_DCT/acf/mult_f_mixed_mult_1_12/retime_s1_9_reg/QN u_DCT/acf/mult_f_mixed_mult_1_12/retime_s1_9_reg/QN 
add mapped point u_DCT/acf/mult_f_mixed_mult_1_12/retime_s1_18_reg/Q u_DCT/acf/mult_f_mixed_mult_1_12/retime_s1_18_reg/Q 
add mapped point u_DCT/acf/mult_f_mixed_mult_1_12/retime_s1_18_reg/QN u_DCT/acf/mult_f_mixed_mult_1_12/retime_s1_18_reg/QN 
add mapped point u_DCT/acf/mult_f_mixed_mult_1_12/retime_s1_23_reg/Q u_DCT/acf/mult_f_mixed_mult_1_12/retime_s1_23_reg/Q 
add mapped point u_DCT/acf/mult_f_mixed_mult_1_12/retime_s1_23_reg/QN u_DCT/acf/mult_f_mixed_mult_1_12/retime_s1_23_reg/QN 
add mapped point u_DCT/acf/mult_f_mixed_mult_1_12/retime_s1_24_reg/Q u_DCT/acf/mult_f_mixed_mult_1_12/retime_s1_24_reg/Q 
add mapped point u_DCT/acf/mult_f_mixed_mult_1_12/retime_s1_24_reg/QN u_DCT/acf/mult_f_mixed_mult_1_12/retime_s1_24_reg/QN 
add mapped point u_DCT/acf/mult_f_mixed_mult_1_12/retime_s2_2_reg/Q u_DCT/acf/mult_f_mixed_mult_1_12/retime_s2_2_reg/Q 
add mapped point u_DCT/acf/mult_f_mixed_mult_1_12/retime_s2_2_reg/QN u_DCT/acf/mult_f_mixed_mult_1_12/retime_s2_2_reg/QN 
add mapped point u_DCT/acf/mult_f_mixed_mult_1_12/retime_s2_3_reg/Q u_DCT/acf/mult_f_mixed_mult_1_12/retime_s2_3_reg/Q 
add mapped point u_DCT/acf/mult_f_mixed_mult_1_12/retime_s2_3_reg/QN u_DCT/acf/mult_f_mixed_mult_1_12/retime_s2_3_reg/QN 
add mapped point u_DCT/acf/mult_f_mixed_mult_1_12/retime_s2_4_reg/Q u_DCT/acf/mult_f_mixed_mult_1_12/retime_s2_4_reg/Q 
add mapped point u_DCT/acf/mult_f_mixed_mult_1_12/retime_s2_4_reg/QN u_DCT/acf/mult_f_mixed_mult_1_12/retime_s2_4_reg/QN 
add mapped point u_DCT/acf/mult_f_mixed_mult_1_12/retime_s2_5_reg/Q u_DCT/acf/mult_f_mixed_mult_1_12/retime_s2_5_reg/Q 
add mapped point u_DCT/acf/mult_f_mixed_mult_1_12/retime_s2_5_reg/QN u_DCT/acf/mult_f_mixed_mult_1_12/retime_s2_5_reg/QN 
add mapped point u_DCT/acf/mult_f_mixed_mult_1_12/retime_s2_6_reg/Q u_DCT/acf/mult_f_mixed_mult_1_12/retime_s2_6_reg/Q 
add mapped point u_DCT/acf/mult_f_mixed_mult_1_12/retime_s2_6_reg/QN u_DCT/acf/mult_f_mixed_mult_1_12/retime_s2_6_reg/QN 
add mapped point u_DCT/acf/mult_f_mixed_mult_1_12/retime_s2_7_reg/Q u_DCT/acf/mult_f_mixed_mult_1_12/retime_s2_7_reg/Q 
add mapped point u_DCT/acf/mult_f_mixed_mult_1_12/retime_s2_7_reg/QN u_DCT/acf/mult_f_mixed_mult_1_12/retime_s2_7_reg/QN 
add mapped point u_DCT/acf/mult_f_mixed_mult_1_12/retime_s2_8_reg/Q u_DCT/acf/mult_f_mixed_mult_1_12/retime_s2_8_reg/Q 
add mapped point u_DCT/acf/mult_f_mixed_mult_1_12/retime_s2_8_reg/QN u_DCT/acf/mult_f_mixed_mult_1_12/retime_s2_8_reg/QN 
add mapped point u_DCT/acf/ACC0/Z1[0]/q u_DCT/acf/ACC0_Z1_reg[0]/Q 
add mapped point u_DCT/acf/ACC0/Z1[0]/q u_DCT/acf/ACC0_Z1_reg[0]/QN 
add mapped point u_DCT/acf/ACC0/Z1[1]/q u_DCT/acf/ACC0_Z1_reg[1]/Q 
add mapped point u_DCT/acf/ACC0/Z1[1]/q u_DCT/acf/ACC0_Z1_reg[1]/QN 
add mapped point u_DCT/acf/ACC0/Z1[2]/q u_DCT/acf/ACC0_Z1_reg[2]/Q 
add mapped point u_DCT/acf/ACC0/Z1[2]/q u_DCT/acf/ACC0_Z1_reg[2]/QN 
add mapped point u_DCT/acf/ACC0/Z1[3]/q u_DCT/acf/ACC0_Z1_reg[3]/Q 
add mapped point u_DCT/acf/ACC0/Z1[3]/q u_DCT/acf/ACC0_Z1_reg[3]/QN 
add mapped point u_DCT/acf/ACC0/Z1[4]/q u_DCT/acf/ACC0_Z1_reg[4]/Q 
add mapped point u_DCT/acf/ACC0/Z1[4]/q u_DCT/acf/ACC0_Z1_reg[4]/QN 
add mapped point u_DCT/acf/ACC0/Z1[5]/q u_DCT/acf/ACC0_Z1_reg[5]/Q 
add mapped point u_DCT/acf/ACC0/Z1[5]/q u_DCT/acf/ACC0_Z1_reg[5]/QN 
add mapped point u_DCT/acf/ACC0/Z1[6]/q u_DCT/acf/ACC0_Z1_reg[6]/Q 
add mapped point u_DCT/acf/ACC0/Z1[6]/q u_DCT/acf/ACC0_Z1_reg[6]/QN 
add mapped point u_DCT/acf/ACC0/Z1[7]/q u_DCT/acf/ACC0_Z1_reg[7]/Q 
add mapped point u_DCT/acf/ACC0/Z1[7]/q u_DCT/acf/ACC0_Z1_reg[7]/QN 
add mapped point u_DCT/acf/ACC0/Z1[8]/q u_DCT/acf/ACC0_Z1_reg[8]/Q 
add mapped point u_DCT/acf/ACC0/Z1[8]/q u_DCT/acf/ACC0_Z1_reg[8]/QN 
add mapped point u_DCT/acf/ACC0/Z1[9]/q u_DCT/acf/ACC0_Z1_reg[9]/Q 
add mapped point u_DCT/acf/ACC0/Z1[9]/q u_DCT/acf/ACC0_Z1_reg[9]/QN 
add mapped point u_DCT/acf/ACC0/Z1[10]/q u_DCT/acf/ACC0_Z1_reg[10]/Q 
add mapped point u_DCT/acf/ACC0/Z1[10]/q u_DCT/acf/ACC0_Z1_reg[10]/QN 
add mapped point u_DCT/acf/ACC0/Z1[11]/q u_DCT/acf/ACC0_Z1_reg[11]/Q 
add mapped point u_DCT/acf/ACC0/Z1[11]/q u_DCT/acf/ACC0_Z1_reg[11]/QN 
add mapped point u_DCT/acf/ACC0/Z1[12]/q u_DCT/acf/ACC0_Z1_reg[12]/Q 
add mapped point u_DCT/acf/ACC0/Z1[12]/q u_DCT/acf/ACC0_Z1_reg[12]/QN 
add mapped point u_DCT/acf/ACC0/Z1[13]/q u_DCT/acf/ACC0_Z1_reg[13]/Q 
add mapped point u_DCT/acf/ACC0/Z1[13]/q u_DCT/acf/ACC0_Z1_reg[13]/QN 
add mapped point u_DCT/acf/ACC0/Z1[14]/q u_DCT/acf/ACC0_Z1_reg[14]/Q 
add mapped point u_DCT/acf/ACC0/Z1[14]/q u_DCT/acf/ACC0_Z1_reg[14]/QN 
add mapped point u_DCT/acf/ACC0/Z1[15]/q u_DCT/acf/ACC0_Z1_reg[15]/Q 
add mapped point u_DCT/acf/ACC0/Z1[15]/q u_DCT/acf/ACC0_Z1_reg[15]/QN 
add mapped point u_DCT/acf/ACC0/Z1[16]/q u_DCT/acf/ACC0_Z1_reg[16]/Q 
add mapped point u_DCT/acf/ACC0/Z1[16]/q u_DCT/acf/ACC0_Z1_reg[16]/QN 
add mapped point u_DCT/acf/ACC0/Z1[17]/q u_DCT/acf/ACC0_Z1_reg[17]/Q 
add mapped point u_DCT/acf/ACC0/Z1[17]/q u_DCT/acf/ACC0_Z1_reg[17]/QN 
add mapped point u_DCT/acf/ACC0/Z1[18]/q u_DCT/acf/ACC0_Z1_reg[18]/Q 
add mapped point u_DCT/acf/ACC0/Z1[18]/q u_DCT/acf/ACC0_Z1_reg[18]/QN 
add mapped point u_DCT/acf/ACC0/Z1[19]/q u_DCT/acf/ACC0_Z1_reg[19]/Q 
add mapped point u_DCT/acf/ACC0/Z1[19]/q u_DCT/acf/ACC0_Z1_reg[19]/QN 
add mapped point u_DCT/acf/ACC0/Z2[11]/q u_DCT/acf/ACC0_Z2_reg[11]/Q 
add mapped point u_DCT/acf/ACC0/Z2[11]/q u_DCT/acf/ACC0_Z2_reg[11]/QN 
add mapped point u_DCT/acf/ACC0/Z2[12]/q u_DCT/acf/ACC0_Z2_reg[12]/Q 
add mapped point u_DCT/acf/ACC0/Z2[12]/q u_DCT/acf/ACC0_Z2_reg[12]/QN 
add mapped point u_DCT/acf/ACC0/Z2[13]/q u_DCT/acf/ACC0_Z2_reg[13]/Q 
add mapped point u_DCT/acf/ACC0/Z2[13]/q u_DCT/acf/ACC0_Z2_reg[13]/QN 
add mapped point u_DCT/acf/ACC0/Z2[14]/q u_DCT/acf/ACC0_Z2_reg[14]/Q 
add mapped point u_DCT/acf/ACC0/Z2[14]/q u_DCT/acf/ACC0_Z2_reg[14]/QN 
add mapped point u_DCT/acf/ACC0/Z2[15]/q u_DCT/acf/ACC0_Z2_reg[15]/Q 
add mapped point u_DCT/acf/ACC0/Z2[15]/q u_DCT/acf/ACC0_Z2_reg[15]/QN 
add mapped point u_DCT/acf/ACC0/Z2[16]/q u_DCT/acf/ACC0_Z2_reg[16]/Q 
add mapped point u_DCT/acf/ACC0/Z2[16]/q u_DCT/acf/ACC0_Z2_reg[16]/QN 
add mapped point u_DCT/acf/ACC0/Z2[17]/q u_DCT/acf/ACC0_Z2_reg[17]/Q 
add mapped point u_DCT/acf/ACC0/Z2[17]/q u_DCT/acf/ACC0_Z2_reg[17]/QN 
add mapped point u_DCT/acf/ACC0/Z2[18]/q u_DCT/acf/ACC0_Z2_reg[18]/Q 
add mapped point u_DCT/acf/ACC0/Z2[18]/q u_DCT/acf/ACC0_Z2_reg[18]/QN 
add mapped point u_DCT/acf/ACC0/Z2[19]/q u_DCT/acf/ACC0_Z2_reg[19]/Q 
add mapped point u_DCT/acf/ACC0/Z2[19]/q u_DCT/acf/ACC0_Z2_reg[19]/QN 
add mapped point u_DCT/acf/ACC0/accout[0]/q u_DCT/acf/ACC0_accout_reg[0]/Q 
add mapped point u_DCT/acf/ACC0/accout[0]/q u_DCT/acf/ACC0_accout_reg[0]/QN 
add mapped point u_DCT/acf/ACC0/accout[1]/q u_DCT/acf/ACC0_accout_reg[1]/Q 
add mapped point u_DCT/acf/ACC0/accout[1]/q u_DCT/acf/ACC0_accout_reg[1]/QN 
add mapped point u_DCT/acf/ACC0/accout[2]/q u_DCT/acf/ACC0_accout_reg[2]/Q 
add mapped point u_DCT/acf/ACC0/accout[2]/q u_DCT/acf/ACC0_accout_reg[2]/QN 
add mapped point u_DCT/acf/ACC0/accout[3]/q u_DCT/acf/ACC0_accout_reg[3]/Q 
add mapped point u_DCT/acf/ACC0/accout[3]/q u_DCT/acf/ACC0_accout_reg[3]/QN 
add mapped point u_DCT/acf/ACC0/accout[4]/q u_DCT/acf/ACC0_accout_reg[4]/Q 
add mapped point u_DCT/acf/ACC0/accout[4]/q u_DCT/acf/ACC0_accout_reg[4]/QN 
add mapped point u_DCT/acf/ACC0/accout[5]/q u_DCT/acf/ACC0_accout_reg[5]/Q 
add mapped point u_DCT/acf/ACC0/accout[5]/q u_DCT/acf/ACC0_accout_reg[5]/QN 
add mapped point u_DCT/acf/ACC0/accout[6]/q u_DCT/acf/ACC0_accout_reg[6]/Q 
add mapped point u_DCT/acf/ACC0/accout[6]/q u_DCT/acf/ACC0_accout_reg[6]/QN 
add mapped point u_DCT/acf/ACC0/accout[7]/q u_DCT/acf/ACC0_accout_reg[7]/Q 
add mapped point u_DCT/acf/ACC0/accout[7]/q u_DCT/acf/ACC0_accout_reg[7]/QN 
add mapped point u_DCT/acf/ACC0/accout[8]/q u_DCT/acf/ACC0_accout_reg[8]/Q 
add mapped point u_DCT/acf/ACC0/accout[8]/q u_DCT/acf/ACC0_accout_reg[8]/QN 
add mapped point u_DCT/acf/ACC0/accout[9]/q u_DCT/acf/ACC0_accout_reg[9]/Q 
add mapped point u_DCT/acf/ACC0/accout[9]/q u_DCT/acf/ACC0_accout_reg[9]/QN 
add mapped point u_DCT/acf/ACC0/accout[10]/q u_DCT/acf/ACC0_accout_reg[10]/Q 
add mapped point u_DCT/acf/ACC0/accout[10]/q u_DCT/acf/ACC0_accout_reg[10]/QN 
add mapped point u_DCT/acf/ACC0/accout[11]/q u_DCT/acf/ACC0_accout_reg[11]/Q 
add mapped point u_DCT/acf/ACC0/accout[11]/q u_DCT/acf/ACC0_accout_reg[11]/QN 
add mapped point u_DCT/acf/ACC0/accout[12]/q u_DCT/acf/ACC0_accout_reg[12]/Q 
add mapped point u_DCT/acf/ACC0/accout[12]/q u_DCT/acf/ACC0_accout_reg[12]/QN 
add mapped point u_DCT/acf/ACC0/accout[13]/q u_DCT/acf/ACC0_accout_reg[13]/Q 
add mapped point u_DCT/acf/ACC0/accout[13]/q u_DCT/acf/ACC0_accout_reg[13]/QN 
add mapped point u_DCT/acf/ACC0/accout[14]/q u_DCT/acf/ACC0_accout_reg[14]/Q 
add mapped point u_DCT/acf/ACC0/accout[14]/q u_DCT/acf/ACC0_accout_reg[14]/QN 
add mapped point u_DCT/acf/ACC0/accout[15]/q u_DCT/acf/ACC0_accout_reg[15]/Q 
add mapped point u_DCT/acf/ACC0/accout[15]/q u_DCT/acf/ACC0_accout_reg[15]/QN 
add mapped point u_DCT/acf/ACC0/accout[16]/q u_DCT/acf/ACC0_accout_reg[16]/Q 
add mapped point u_DCT/acf/ACC0/accout[16]/q u_DCT/acf/ACC0_accout_reg[16]/QN 
add mapped point u_DCT/acf/ACC0/accout[17]/q u_DCT/acf/ACC0_accout_reg[17]/Q 
add mapped point u_DCT/acf/ACC0/accout[17]/q u_DCT/acf/ACC0_accout_reg[17]/QN 
add mapped point u_DCT/acf/ACC0/adder1/APreS2[0]/q u_DCT/acf/ACC0_adder1_APreS2_reg[0]/Q 
add mapped point u_DCT/acf/ACC0/adder1/APreS2[0]/q u_DCT/acf/ACC0_adder1_APreS2_reg[0]/QN 
add mapped point u_DCT/acf/ACC0/adder1/APreS2[1]/q u_DCT/acf/ACC0_adder1_APreS2_reg[1]/Q 
add mapped point u_DCT/acf/ACC0/adder1/APreS2[1]/q u_DCT/acf/ACC0_adder1_APreS2_reg[1]/QN 
add mapped point u_DCT/acf/ACC0/adder1/APreS2[2]/q u_DCT/acf/ACC0_adder1_APreS2_reg[2]/Q 
add mapped point u_DCT/acf/ACC0/adder1/APreS2[2]/q u_DCT/acf/ACC0_adder1_APreS2_reg[2]/QN 
add mapped point u_DCT/acf/ACC0/adder1/APreS2[3]/q u_DCT/acf/ACC0_adder1_APreS2_reg[3]/Q 
add mapped point u_DCT/acf/ACC0/adder1/APreS2[3]/q u_DCT/acf/ACC0_adder1_APreS2_reg[3]/QN 
add mapped point u_DCT/acf/ACC0/adder1/APreS2[4]/q u_DCT/acf/ACC0_adder1_APreS2_reg[4]/Q 
add mapped point u_DCT/acf/ACC0/adder1/APreS2[4]/q u_DCT/acf/ACC0_adder1_APreS2_reg[4]/QN 
add mapped point u_DCT/acf/ACC0/adder1/APreS2[5]/q u_DCT/acf/ACC0_adder1_APreS2_reg[5]/Q 
add mapped point u_DCT/acf/ACC0/adder1/APreS2[5]/q u_DCT/acf/ACC0_adder1_APreS2_reg[5]/QN 
add mapped point u_DCT/acf/ACC0/adder1/APreS2[6]/q u_DCT/acf/ACC0_adder1_APreS2_reg[6]/Q 
add mapped point u_DCT/acf/ACC0/adder1/APreS2[6]/q u_DCT/acf/ACC0_adder1_APreS2_reg[6]/QN 
add mapped point u_DCT/acf/ACC0/adder1/APreS2[7]/q u_DCT/acf/ACC0_adder1_APreS2_reg[7]/Q 
add mapped point u_DCT/acf/ACC0/adder1/APreS2[7]/q u_DCT/acf/ACC0_adder1_APreS2_reg[7]/QN 
add mapped point u_DCT/acf/ACC0/adder1/APreS2[8]/q u_DCT/acf/ACC0_adder1_APreS2_reg[8]/Q 
add mapped point u_DCT/acf/ACC0/adder1/APreS2[8]/q u_DCT/acf/ACC0_adder1_APreS2_reg[8]/QN 
add mapped point u_DCT/acf/ACC0/adder1/BPreS2[0]/q u_DCT/acf/ACC0_adder1_BPreS2_reg[0]/Q 
add mapped point u_DCT/acf/ACC0/adder1/BPreS2[0]/q u_DCT/acf/ACC0_adder1_BPreS2_reg[0]/QN 
add mapped point u_DCT/acf/ACC0/adder1/BPreS2[1]/q u_DCT/acf/ACC0_adder1_BPreS2_reg[1]/Q 
add mapped point u_DCT/acf/ACC0/adder1/BPreS2[1]/q u_DCT/acf/ACC0_adder1_BPreS2_reg[1]/QN 
add mapped point u_DCT/acf/ACC0/adder1/BPreS2[2]/q u_DCT/acf/ACC0_adder1_BPreS2_reg[2]/Q 
add mapped point u_DCT/acf/ACC0/adder1/BPreS2[2]/q u_DCT/acf/ACC0_adder1_BPreS2_reg[2]/QN 
add mapped point u_DCT/acf/ACC0/adder1/BPreS2[3]/q u_DCT/acf/ACC0_adder1_BPreS2_reg[3]/Q 
add mapped point u_DCT/acf/ACC0/adder1/BPreS2[3]/q u_DCT/acf/ACC0_adder1_BPreS2_reg[3]/QN 
add mapped point u_DCT/acf/ACC0/adder1/BPreS2[4]/q u_DCT/acf/ACC0_adder1_BPreS2_reg[4]/Q 
add mapped point u_DCT/acf/ACC0/adder1/BPreS2[4]/q u_DCT/acf/ACC0_adder1_BPreS2_reg[4]/QN 
add mapped point u_DCT/acf/ACC0/adder1/BPreS2[5]/q u_DCT/acf/ACC0_adder1_BPreS2_reg[5]/Q 
add mapped point u_DCT/acf/ACC0/adder1/BPreS2[5]/q u_DCT/acf/ACC0_adder1_BPreS2_reg[5]/QN 
add mapped point u_DCT/acf/ACC0/adder1/BPreS2[6]/q u_DCT/acf/ACC0_adder1_BPreS2_reg[6]/Q 
add mapped point u_DCT/acf/ACC0/adder1/BPreS2[6]/q u_DCT/acf/ACC0_adder1_BPreS2_reg[6]/QN 
add mapped point u_DCT/acf/ACC0/adder1/BPreS2[7]/q u_DCT/acf/ACC0_adder1_BPreS2_reg[7]/Q 
add mapped point u_DCT/acf/ACC0/adder1/BPreS2[7]/q u_DCT/acf/ACC0_adder1_BPreS2_reg[7]/QN 
add mapped point u_DCT/acf/ACC0/adder1/BPreS2[8]/q u_DCT/acf/ACC0_adder1_BPreS2_reg[8]/Q 
add mapped point u_DCT/acf/ACC0/adder1/BPreS2[8]/q u_DCT/acf/ACC0_adder1_BPreS2_reg[8]/QN 
add mapped point u_DCT/acf/ACC0/adder1/C1/q u_DCT/acf/ACC0_adder1_C1_reg/Q 
add mapped point u_DCT/acf/ACC0/adder1/C1/q u_DCT/acf/ACC0_adder1_C1_reg/QN 
add mapped point u_DCT/acf/ACC0/adder1/PostS1[0]/q u_DCT/acf/ACC0_adder1_PostS1_reg[0]/Q 
add mapped point u_DCT/acf/ACC0/adder1/PostS1[0]/q u_DCT/acf/ACC0_adder1_PostS1_reg[0]/QN 
add mapped point u_DCT/acf/ACC0/adder1/PostS1[1]/q u_DCT/acf/ACC0_adder1_PostS1_reg[1]/Q 
add mapped point u_DCT/acf/ACC0/adder1/PostS1[1]/q u_DCT/acf/ACC0_adder1_PostS1_reg[1]/QN 
add mapped point u_DCT/acf/ACC0/adder1/PostS1[2]/q u_DCT/acf/ACC0_adder1_PostS1_reg[2]/Q 
add mapped point u_DCT/acf/ACC0/adder1/PostS1[2]/q u_DCT/acf/ACC0_adder1_PostS1_reg[2]/QN 
add mapped point u_DCT/acf/ACC0/adder1/PostS1[3]/q u_DCT/acf/ACC0_adder1_PostS1_reg[3]/Q 
add mapped point u_DCT/acf/ACC0/adder1/PostS1[3]/q u_DCT/acf/ACC0_adder1_PostS1_reg[3]/QN 
add mapped point u_DCT/acf/ACC0/adder1/PostS1[4]/q u_DCT/acf/ACC0_adder1_PostS1_reg[4]/Q 
add mapped point u_DCT/acf/ACC0/adder1/PostS1[4]/q u_DCT/acf/ACC0_adder1_PostS1_reg[4]/QN 
add mapped point u_DCT/acf/ACC0/adder1/PostS1[5]/q u_DCT/acf/ACC0_adder1_PostS1_reg[5]/Q 
add mapped point u_DCT/acf/ACC0/adder1/PostS1[5]/q u_DCT/acf/ACC0_adder1_PostS1_reg[5]/QN 
add mapped point u_DCT/acf/ACC0/adder1/PostS1[6]/q u_DCT/acf/ACC0_adder1_PostS1_reg[6]/Q 
add mapped point u_DCT/acf/ACC0/adder1/PostS1[6]/q u_DCT/acf/ACC0_adder1_PostS1_reg[6]/QN 
add mapped point u_DCT/acf/ACC0/adder1/PostS1[7]/q u_DCT/acf/ACC0_adder1_PostS1_reg[7]/Q 
add mapped point u_DCT/acf/ACC0/adder1/PostS1[7]/q u_DCT/acf/ACC0_adder1_PostS1_reg[7]/QN 
add mapped point u_DCT/acf/ACC0/adder1/PostS1[8]/q u_DCT/acf/ACC0_adder1_PostS1_reg[8]/Q 
add mapped point u_DCT/acf/ACC0/adder1/PostS1[8]/q u_DCT/acf/ACC0_adder1_PostS1_reg[8]/QN 
add mapped point u_DCT/acf/ACC0/adder1/PostS1[9]/q u_DCT/acf/ACC0_adder1_PostS1_reg[9]/Q 
add mapped point u_DCT/acf/ACC0/adder1/PostS1[9]/q u_DCT/acf/ACC0_adder1_PostS1_reg[9]/QN 
add mapped point u_DCT/acf/ACC0/adder1/PostS1[10]/q u_DCT/acf/ACC0_adder1_PostS1_reg[10]/Q 
add mapped point u_DCT/acf/ACC0/adder1/PostS1[10]/q u_DCT/acf/ACC0_adder1_PostS1_reg[10]/QN 
add mapped point u_DCT/acf/ACC0/adder2/BPreS2[0]/q u_DCT/acf/ACC0_adder2_BPreS2_reg[0]/Q 
add mapped point u_DCT/acf/ACC0/adder2/BPreS2[0]/q u_DCT/acf/ACC0_adder2_BPreS2_reg[0]/QN 
add mapped point u_DCT/acf/ACC0/adder2/BPreS2[1]/q u_DCT/acf/ACC0_adder2_BPreS2_reg[1]/Q 
add mapped point u_DCT/acf/ACC0/adder2/BPreS2[1]/q u_DCT/acf/ACC0_adder2_BPreS2_reg[1]/QN 
add mapped point u_DCT/acf/ACC0/adder2/BPreS2[2]/q u_DCT/acf/ACC0_adder2_BPreS2_reg[2]/Q 
add mapped point u_DCT/acf/ACC0/adder2/BPreS2[2]/q u_DCT/acf/ACC0_adder2_BPreS2_reg[2]/QN 
add mapped point u_DCT/acf/ACC0/adder2/BPreS2[3]/q u_DCT/acf/ACC0_adder2_BPreS2_reg[3]/Q 
add mapped point u_DCT/acf/ACC0/adder2/BPreS2[3]/q u_DCT/acf/ACC0_adder2_BPreS2_reg[3]/QN 
add mapped point u_DCT/acf/ACC0/adder2/BPreS2[4]/q u_DCT/acf/ACC0_adder2_BPreS2_reg[4]/Q 
add mapped point u_DCT/acf/ACC0/adder2/BPreS2[4]/q u_DCT/acf/ACC0_adder2_BPreS2_reg[4]/QN 
add mapped point u_DCT/acf/ACC0/adder2/BPreS2[5]/q u_DCT/acf/ACC0_adder2_BPreS2_reg[5]/Q 
add mapped point u_DCT/acf/ACC0/adder2/BPreS2[5]/q u_DCT/acf/ACC0_adder2_BPreS2_reg[5]/QN 
add mapped point u_DCT/acf/ACC0/adder2/BPreS2[6]/q u_DCT/acf/ACC0_adder2_BPreS2_reg[6]/Q 
add mapped point u_DCT/acf/ACC0/adder2/BPreS2[6]/q u_DCT/acf/ACC0_adder2_BPreS2_reg[6]/QN 
add mapped point u_DCT/acf/ACC0/adder2/BPreS2[7]/q u_DCT/acf/ACC0_adder2_BPreS2_reg[7]/Q 
add mapped point u_DCT/acf/ACC0/adder2/BPreS2[7]/q u_DCT/acf/ACC0_adder2_BPreS2_reg[7]/QN 
add mapped point u_DCT/acf/ACC0/adder2/BPreS2[8]/q u_DCT/acf/ACC0_adder2_BPreS2_reg[8]/Q 
add mapped point u_DCT/acf/ACC0/adder2/BPreS2[8]/q u_DCT/acf/ACC0_adder2_BPreS2_reg[8]/QN 
add mapped point u_DCT/acf/ACC0/adder2/C1/q u_DCT/acf/ACC0_adder2_C1_reg/Q 
add mapped point u_DCT/acf/ACC0/adder2/C1/q u_DCT/acf/ACC0_adder2_C1_reg/QN 
add mapped point u_DCT/acf/ACC0/adder2/PostS1[0]/q u_DCT/acf/ACC0_adder2_PostS1_reg[0]/Q 
add mapped point u_DCT/acf/ACC0/adder2/PostS1[0]/q u_DCT/acf/ACC0_adder2_PostS1_reg[0]/QN 
add mapped point u_DCT/acf/ACC0/adder2/PostS1[1]/q u_DCT/acf/ACC0_adder2_PostS1_reg[1]/Q 
add mapped point u_DCT/acf/ACC0/adder2/PostS1[1]/q u_DCT/acf/ACC0_adder2_PostS1_reg[1]/QN 
add mapped point u_DCT/acf/ACC0/adder2/PostS1[2]/q u_DCT/acf/ACC0_adder2_PostS1_reg[2]/Q 
add mapped point u_DCT/acf/ACC0/adder2/PostS1[2]/q u_DCT/acf/ACC0_adder2_PostS1_reg[2]/QN 
add mapped point u_DCT/acf/ACC0/adder2/PostS1[3]/q u_DCT/acf/ACC0_adder2_PostS1_reg[3]/Q 
add mapped point u_DCT/acf/ACC0/adder2/PostS1[3]/q u_DCT/acf/ACC0_adder2_PostS1_reg[3]/QN 
add mapped point u_DCT/acf/ACC0/adder2/PostS1[4]/q u_DCT/acf/ACC0_adder2_PostS1_reg[4]/Q 
add mapped point u_DCT/acf/ACC0/adder2/PostS1[4]/q u_DCT/acf/ACC0_adder2_PostS1_reg[4]/QN 
add mapped point u_DCT/acf/ACC0/adder2/PostS1[5]/q u_DCT/acf/ACC0_adder2_PostS1_reg[5]/Q 
add mapped point u_DCT/acf/ACC0/adder2/PostS1[5]/q u_DCT/acf/ACC0_adder2_PostS1_reg[5]/QN 
add mapped point u_DCT/acf/ACC0/adder2/PostS1[6]/q u_DCT/acf/ACC0_adder2_PostS1_reg[6]/Q 
add mapped point u_DCT/acf/ACC0/adder2/PostS1[6]/q u_DCT/acf/ACC0_adder2_PostS1_reg[6]/QN 
add mapped point u_DCT/acf/ACC0/adder2/PostS1[7]/q u_DCT/acf/ACC0_adder2_PostS1_reg[7]/Q 
add mapped point u_DCT/acf/ACC0/adder2/PostS1[7]/q u_DCT/acf/ACC0_adder2_PostS1_reg[7]/QN 
add mapped point u_DCT/acf/ACC0/adder2/PostS1[8]/q u_DCT/acf/ACC0_adder2_PostS1_reg[8]/Q 
add mapped point u_DCT/acf/ACC0/adder2/PostS1[8]/q u_DCT/acf/ACC0_adder2_PostS1_reg[8]/QN 
add mapped point u_DCT/acf/ACC0/adder2/PostS1[9]/q u_DCT/acf/ACC0_adder2_PostS1_reg[9]/Q 
add mapped point u_DCT/acf/ACC0/adder2/PostS1[9]/q u_DCT/acf/ACC0_adder2_PostS1_reg[9]/QN 
add mapped point u_DCT/acf/ACC0/adder2/PostS1[10]/q u_DCT/acf/ACC0_adder2_PostS1_reg[10]/Q 
add mapped point u_DCT/acf/ACC0/adder2/PostS1[10]/q u_DCT/acf/ACC0_adder2_PostS1_reg[10]/QN 
add mapped point u_DCT/acf/ACC1/Z1[0]/q u_DCT/acf/ACC1_Z1_reg[0]/Q 
add mapped point u_DCT/acf/ACC1/Z1[0]/q u_DCT/acf/ACC1_Z1_reg[0]/QN 
add mapped point u_DCT/acf/ACC1/Z1[1]/q u_DCT/acf/ACC1_Z1_reg[1]/Q 
add mapped point u_DCT/acf/ACC1/Z1[1]/q u_DCT/acf/ACC1_Z1_reg[1]/QN 
add mapped point u_DCT/acf/ACC1/Z1[2]/q u_DCT/acf/ACC1_Z1_reg[2]/Q 
add mapped point u_DCT/acf/ACC1/Z1[2]/q u_DCT/acf/ACC1_Z1_reg[2]/QN 
add mapped point u_DCT/acf/ACC1/Z1[3]/q u_DCT/acf/ACC1_Z1_reg[3]/Q 
add mapped point u_DCT/acf/ACC1/Z1[3]/q u_DCT/acf/ACC1_Z1_reg[3]/QN 
add mapped point u_DCT/acf/ACC1/Z1[4]/q u_DCT/acf/ACC1_Z1_reg[4]/Q 
add mapped point u_DCT/acf/ACC1/Z1[4]/q u_DCT/acf/ACC1_Z1_reg[4]/QN 
add mapped point u_DCT/acf/ACC1/Z1[5]/q u_DCT/acf/ACC1_Z1_reg[5]/Q 
add mapped point u_DCT/acf/ACC1/Z1[5]/q u_DCT/acf/ACC1_Z1_reg[5]/QN 
add mapped point u_DCT/acf/ACC1/Z1[6]/q u_DCT/acf/ACC1_Z1_reg[6]/Q 
add mapped point u_DCT/acf/ACC1/Z1[6]/q u_DCT/acf/ACC1_Z1_reg[6]/QN 
add mapped point u_DCT/acf/ACC1/Z1[7]/q u_DCT/acf/ACC1_Z1_reg[7]/Q 
add mapped point u_DCT/acf/ACC1/Z1[7]/q u_DCT/acf/ACC1_Z1_reg[7]/QN 
add mapped point u_DCT/acf/ACC1/Z1[8]/q u_DCT/acf/ACC1_Z1_reg[8]/Q 
add mapped point u_DCT/acf/ACC1/Z1[8]/q u_DCT/acf/ACC1_Z1_reg[8]/QN 
add mapped point u_DCT/acf/ACC1/Z1[9]/q u_DCT/acf/ACC1_Z1_reg[9]/Q 
add mapped point u_DCT/acf/ACC1/Z1[9]/q u_DCT/acf/ACC1_Z1_reg[9]/QN 
add mapped point u_DCT/acf/ACC1/Z1[10]/q u_DCT/acf/ACC1_Z1_reg[10]/Q 
add mapped point u_DCT/acf/ACC1/Z1[10]/q u_DCT/acf/ACC1_Z1_reg[10]/QN 
add mapped point u_DCT/acf/ACC1/Z1[11]/q u_DCT/acf/ACC1_Z1_reg[11]/Q 
add mapped point u_DCT/acf/ACC1/Z1[11]/q u_DCT/acf/ACC1_Z1_reg[11]/QN 
add mapped point u_DCT/acf/ACC1/Z1[12]/q u_DCT/acf/ACC1_Z1_reg[12]/Q 
add mapped point u_DCT/acf/ACC1/Z1[12]/q u_DCT/acf/ACC1_Z1_reg[12]/QN 
add mapped point u_DCT/acf/ACC1/Z1[13]/q u_DCT/acf/ACC1_Z1_reg[13]/Q 
add mapped point u_DCT/acf/ACC1/Z1[13]/q u_DCT/acf/ACC1_Z1_reg[13]/QN 
add mapped point u_DCT/acf/ACC1/Z1[14]/q u_DCT/acf/ACC1_Z1_reg[14]/Q 
add mapped point u_DCT/acf/ACC1/Z1[14]/q u_DCT/acf/ACC1_Z1_reg[14]/QN 
add mapped point u_DCT/acf/ACC1/Z1[15]/q u_DCT/acf/ACC1_Z1_reg[15]/Q 
add mapped point u_DCT/acf/ACC1/Z1[15]/q u_DCT/acf/ACC1_Z1_reg[15]/QN 
add mapped point u_DCT/acf/ACC1/Z1[16]/q u_DCT/acf/ACC1_Z1_reg[16]/Q 
add mapped point u_DCT/acf/ACC1/Z1[16]/q u_DCT/acf/ACC1_Z1_reg[16]/QN 
add mapped point u_DCT/acf/ACC1/Z1[17]/q u_DCT/acf/ACC1_Z1_reg[17]/Q 
add mapped point u_DCT/acf/ACC1/Z1[17]/q u_DCT/acf/ACC1_Z1_reg[17]/QN 
add mapped point u_DCT/acf/ACC1/Z1[18]/q u_DCT/acf/ACC1_Z1_reg[18]/Q 
add mapped point u_DCT/acf/ACC1/Z1[18]/q u_DCT/acf/ACC1_Z1_reg[18]/QN 
add mapped point u_DCT/acf/ACC1/Z1[19]/q u_DCT/acf/ACC1_Z1_reg[19]/Q 
add mapped point u_DCT/acf/ACC1/Z1[19]/q u_DCT/acf/ACC1_Z1_reg[19]/QN 
add mapped point u_DCT/acf/ACC1/Z2[11]/q u_DCT/acf/ACC1_Z2_reg[11]/Q 
add mapped point u_DCT/acf/ACC1/Z2[11]/q u_DCT/acf/ACC1_Z2_reg[11]/QN 
add mapped point u_DCT/acf/ACC1/Z2[12]/q u_DCT/acf/ACC1_Z2_reg[12]/Q 
add mapped point u_DCT/acf/ACC1/Z2[12]/q u_DCT/acf/ACC1_Z2_reg[12]/QN 
add mapped point u_DCT/acf/ACC1/Z2[13]/q u_DCT/acf/ACC1_Z2_reg[13]/Q 
add mapped point u_DCT/acf/ACC1/Z2[13]/q u_DCT/acf/ACC1_Z2_reg[13]/QN 
add mapped point u_DCT/acf/ACC1/Z2[14]/q u_DCT/acf/ACC1_Z2_reg[14]/Q 
add mapped point u_DCT/acf/ACC1/Z2[14]/q u_DCT/acf/ACC1_Z2_reg[14]/QN 
add mapped point u_DCT/acf/ACC1/Z2[15]/q u_DCT/acf/ACC1_Z2_reg[15]/Q 
add mapped point u_DCT/acf/ACC1/Z2[15]/q u_DCT/acf/ACC1_Z2_reg[15]/QN 
add mapped point u_DCT/acf/ACC1/Z2[16]/q u_DCT/acf/ACC1_Z2_reg[16]/Q 
add mapped point u_DCT/acf/ACC1/Z2[16]/q u_DCT/acf/ACC1_Z2_reg[16]/QN 
add mapped point u_DCT/acf/ACC1/Z2[17]/q u_DCT/acf/ACC1_Z2_reg[17]/Q 
add mapped point u_DCT/acf/ACC1/Z2[17]/q u_DCT/acf/ACC1_Z2_reg[17]/QN 
add mapped point u_DCT/acf/ACC1/Z2[18]/q u_DCT/acf/ACC1_Z2_reg[18]/Q 
add mapped point u_DCT/acf/ACC1/Z2[18]/q u_DCT/acf/ACC1_Z2_reg[18]/QN 
add mapped point u_DCT/acf/ACC1/Z2[19]/q u_DCT/acf/ACC1_Z2_reg[19]/Q 
add mapped point u_DCT/acf/ACC1/Z2[19]/q u_DCT/acf/ACC1_Z2_reg[19]/QN 
add mapped point u_DCT/acf/ACC1/accout[0]/q u_DCT/acf/ACC1_accout_reg[0]/Q 
add mapped point u_DCT/acf/ACC1/accout[0]/q u_DCT/acf/ACC1_accout_reg[0]/QN 
add mapped point u_DCT/acf/ACC1/accout[1]/q u_DCT/acf/ACC1_accout_reg[1]/Q 
add mapped point u_DCT/acf/ACC1/accout[1]/q u_DCT/acf/ACC1_accout_reg[1]/QN 
add mapped point u_DCT/acf/ACC1/accout[2]/q u_DCT/acf/ACC1_accout_reg[2]/Q 
add mapped point u_DCT/acf/ACC1/accout[2]/q u_DCT/acf/ACC1_accout_reg[2]/QN 
add mapped point u_DCT/acf/ACC1/accout[3]/q u_DCT/acf/ACC1_accout_reg[3]/Q 
add mapped point u_DCT/acf/ACC1/accout[3]/q u_DCT/acf/ACC1_accout_reg[3]/QN 
add mapped point u_DCT/acf/ACC1/accout[4]/q u_DCT/acf/ACC1_accout_reg[4]/Q 
add mapped point u_DCT/acf/ACC1/accout[4]/q u_DCT/acf/ACC1_accout_reg[4]/QN 
add mapped point u_DCT/acf/ACC1/accout[5]/q u_DCT/acf/ACC1_accout_reg[5]/Q 
add mapped point u_DCT/acf/ACC1/accout[5]/q u_DCT/acf/ACC1_accout_reg[5]/QN 
add mapped point u_DCT/acf/ACC1/accout[6]/q u_DCT/acf/ACC1_accout_reg[6]/Q 
add mapped point u_DCT/acf/ACC1/accout[6]/q u_DCT/acf/ACC1_accout_reg[6]/QN 
add mapped point u_DCT/acf/ACC1/accout[7]/q u_DCT/acf/ACC1_accout_reg[7]/Q 
add mapped point u_DCT/acf/ACC1/accout[7]/q u_DCT/acf/ACC1_accout_reg[7]/QN 
add mapped point u_DCT/acf/ACC1/accout[8]/q u_DCT/acf/ACC1_accout_reg[8]/Q 
add mapped point u_DCT/acf/ACC1/accout[8]/q u_DCT/acf/ACC1_accout_reg[8]/QN 
add mapped point u_DCT/acf/ACC1/accout[9]/q u_DCT/acf/ACC1_accout_reg[9]/Q 
add mapped point u_DCT/acf/ACC1/accout[9]/q u_DCT/acf/ACC1_accout_reg[9]/QN 
add mapped point u_DCT/acf/ACC1/accout[10]/q u_DCT/acf/ACC1_accout_reg[10]/Q 
add mapped point u_DCT/acf/ACC1/accout[10]/q u_DCT/acf/ACC1_accout_reg[10]/QN 
add mapped point u_DCT/acf/ACC1/accout[11]/q u_DCT/acf/ACC1_accout_reg[11]/Q 
add mapped point u_DCT/acf/ACC1/accout[11]/q u_DCT/acf/ACC1_accout_reg[11]/QN 
add mapped point u_DCT/acf/ACC1/accout[12]/q u_DCT/acf/ACC1_accout_reg[12]/Q 
add mapped point u_DCT/acf/ACC1/accout[12]/q u_DCT/acf/ACC1_accout_reg[12]/QN 
add mapped point u_DCT/acf/ACC1/accout[13]/q u_DCT/acf/ACC1_accout_reg[13]/Q 
add mapped point u_DCT/acf/ACC1/accout[13]/q u_DCT/acf/ACC1_accout_reg[13]/QN 
add mapped point u_DCT/acf/ACC1/accout[14]/q u_DCT/acf/ACC1_accout_reg[14]/Q 
add mapped point u_DCT/acf/ACC1/accout[14]/q u_DCT/acf/ACC1_accout_reg[14]/QN 
add mapped point u_DCT/acf/ACC1/accout[15]/q u_DCT/acf/ACC1_accout_reg[15]/Q 
add mapped point u_DCT/acf/ACC1/accout[15]/q u_DCT/acf/ACC1_accout_reg[15]/QN 
add mapped point u_DCT/acf/ACC1/accout[16]/q u_DCT/acf/ACC1_accout_reg[16]/Q 
add mapped point u_DCT/acf/ACC1/accout[16]/q u_DCT/acf/ACC1_accout_reg[16]/QN 
add mapped point u_DCT/acf/ACC1/accout[17]/q u_DCT/acf/ACC1_accout_reg[17]/Q 
add mapped point u_DCT/acf/ACC1/accout[17]/q u_DCT/acf/ACC1_accout_reg[17]/QN 
add mapped point u_DCT/acf/ACC1/adder1/APreS2[0]/q u_DCT/acf/ACC1_adder1_APreS2_reg[0]/Q 
add mapped point u_DCT/acf/ACC1/adder1/APreS2[0]/q u_DCT/acf/ACC1_adder1_APreS2_reg[0]/QN 
add mapped point u_DCT/acf/ACC1/adder1/APreS2[1]/q u_DCT/acf/ACC1_adder1_APreS2_reg[1]/Q 
add mapped point u_DCT/acf/ACC1/adder1/APreS2[1]/q u_DCT/acf/ACC1_adder1_APreS2_reg[1]/QN 
add mapped point u_DCT/acf/ACC1/adder1/APreS2[2]/q u_DCT/acf/ACC1_adder1_APreS2_reg[2]/Q 
add mapped point u_DCT/acf/ACC1/adder1/APreS2[2]/q u_DCT/acf/ACC1_adder1_APreS2_reg[2]/QN 
add mapped point u_DCT/acf/ACC1/adder1/APreS2[3]/q u_DCT/acf/ACC1_adder1_APreS2_reg[3]/Q 
add mapped point u_DCT/acf/ACC1/adder1/APreS2[3]/q u_DCT/acf/ACC1_adder1_APreS2_reg[3]/QN 
add mapped point u_DCT/acf/ACC1/adder1/APreS2[4]/q u_DCT/acf/ACC1_adder1_APreS2_reg[4]/Q 
add mapped point u_DCT/acf/ACC1/adder1/APreS2[4]/q u_DCT/acf/ACC1_adder1_APreS2_reg[4]/QN 
add mapped point u_DCT/acf/ACC1/adder1/APreS2[5]/q u_DCT/acf/ACC1_adder1_APreS2_reg[5]/Q 
add mapped point u_DCT/acf/ACC1/adder1/APreS2[5]/q u_DCT/acf/ACC1_adder1_APreS2_reg[5]/QN 
add mapped point u_DCT/acf/ACC1/adder1/APreS2[6]/q u_DCT/acf/ACC1_adder1_APreS2_reg[6]/Q 
add mapped point u_DCT/acf/ACC1/adder1/APreS2[6]/q u_DCT/acf/ACC1_adder1_APreS2_reg[6]/QN 
add mapped point u_DCT/acf/ACC1/adder1/APreS2[7]/q u_DCT/acf/ACC1_adder1_APreS2_reg[7]/Q 
add mapped point u_DCT/acf/ACC1/adder1/APreS2[7]/q u_DCT/acf/ACC1_adder1_APreS2_reg[7]/QN 
add mapped point u_DCT/acf/ACC1/adder1/APreS2[8]/q u_DCT/acf/ACC1_adder1_APreS2_reg[8]/Q 
add mapped point u_DCT/acf/ACC1/adder1/APreS2[8]/q u_DCT/acf/ACC1_adder1_APreS2_reg[8]/QN 
add mapped point u_DCT/acf/ACC1/adder1/BPreS2[0]/q u_DCT/acf/ACC1_adder1_BPreS2_reg[0]/Q 
add mapped point u_DCT/acf/ACC1/adder1/BPreS2[0]/q u_DCT/acf/ACC1_adder1_BPreS2_reg[0]/QN 
add mapped point u_DCT/acf/ACC1/adder1/BPreS2[1]/q u_DCT/acf/ACC1_adder1_BPreS2_reg[1]/Q 
add mapped point u_DCT/acf/ACC1/adder1/BPreS2[1]/q u_DCT/acf/ACC1_adder1_BPreS2_reg[1]/QN 
add mapped point u_DCT/acf/ACC1/adder1/BPreS2[2]/q u_DCT/acf/ACC1_adder1_BPreS2_reg[2]/Q 
add mapped point u_DCT/acf/ACC1/adder1/BPreS2[2]/q u_DCT/acf/ACC1_adder1_BPreS2_reg[2]/QN 
add mapped point u_DCT/acf/ACC1/adder1/BPreS2[3]/q u_DCT/acf/ACC1_adder1_BPreS2_reg[3]/Q 
add mapped point u_DCT/acf/ACC1/adder1/BPreS2[3]/q u_DCT/acf/ACC1_adder1_BPreS2_reg[3]/QN 
add mapped point u_DCT/acf/ACC1/adder1/BPreS2[4]/q u_DCT/acf/ACC1_adder1_BPreS2_reg[4]/Q 
add mapped point u_DCT/acf/ACC1/adder1/BPreS2[4]/q u_DCT/acf/ACC1_adder1_BPreS2_reg[4]/QN 
add mapped point u_DCT/acf/ACC1/adder1/BPreS2[5]/q u_DCT/acf/ACC1_adder1_BPreS2_reg[5]/Q 
add mapped point u_DCT/acf/ACC1/adder1/BPreS2[5]/q u_DCT/acf/ACC1_adder1_BPreS2_reg[5]/QN 
add mapped point u_DCT/acf/ACC1/adder1/BPreS2[6]/q u_DCT/acf/ACC1_adder1_BPreS2_reg[6]/Q 
add mapped point u_DCT/acf/ACC1/adder1/BPreS2[6]/q u_DCT/acf/ACC1_adder1_BPreS2_reg[6]/QN 
add mapped point u_DCT/acf/ACC1/adder1/BPreS2[7]/q u_DCT/acf/ACC1_adder1_BPreS2_reg[7]/Q 
add mapped point u_DCT/acf/ACC1/adder1/BPreS2[7]/q u_DCT/acf/ACC1_adder1_BPreS2_reg[7]/QN 
add mapped point u_DCT/acf/ACC1/adder1/BPreS2[8]/q u_DCT/acf/ACC1_adder1_BPreS2_reg[8]/Q 
add mapped point u_DCT/acf/ACC1/adder1/BPreS2[8]/q u_DCT/acf/ACC1_adder1_BPreS2_reg[8]/QN 
add mapped point u_DCT/acf/ACC1/adder1/C1/q u_DCT/acf/ACC1_adder1_C1_reg/Q 
add mapped point u_DCT/acf/ACC1/adder1/C1/q u_DCT/acf/ACC1_adder1_C1_reg/QN 
add mapped point u_DCT/acf/ACC1/adder1/PostS1[0]/q u_DCT/acf/ACC1_adder1_PostS1_reg[0]/Q 
add mapped point u_DCT/acf/ACC1/adder1/PostS1[0]/q u_DCT/acf/ACC1_adder1_PostS1_reg[0]/QN 
add mapped point u_DCT/acf/ACC1/adder1/PostS1[1]/q u_DCT/acf/ACC1_adder1_PostS1_reg[1]/Q 
add mapped point u_DCT/acf/ACC1/adder1/PostS1[1]/q u_DCT/acf/ACC1_adder1_PostS1_reg[1]/QN 
add mapped point u_DCT/acf/ACC1/adder1/PostS1[2]/q u_DCT/acf/ACC1_adder1_PostS1_reg[2]/Q 
add mapped point u_DCT/acf/ACC1/adder1/PostS1[2]/q u_DCT/acf/ACC1_adder1_PostS1_reg[2]/QN 
add mapped point u_DCT/acf/ACC1/adder1/PostS1[3]/q u_DCT/acf/ACC1_adder1_PostS1_reg[3]/Q 
add mapped point u_DCT/acf/ACC1/adder1/PostS1[3]/q u_DCT/acf/ACC1_adder1_PostS1_reg[3]/QN 
add mapped point u_DCT/acf/ACC1/adder1/PostS1[4]/q u_DCT/acf/ACC1_adder1_PostS1_reg[4]/Q 
add mapped point u_DCT/acf/ACC1/adder1/PostS1[4]/q u_DCT/acf/ACC1_adder1_PostS1_reg[4]/QN 
add mapped point u_DCT/acf/ACC1/adder1/PostS1[5]/q u_DCT/acf/ACC1_adder1_PostS1_reg[5]/Q 
add mapped point u_DCT/acf/ACC1/adder1/PostS1[5]/q u_DCT/acf/ACC1_adder1_PostS1_reg[5]/QN 
add mapped point u_DCT/acf/ACC1/adder1/PostS1[6]/q u_DCT/acf/ACC1_adder1_PostS1_reg[6]/Q 
add mapped point u_DCT/acf/ACC1/adder1/PostS1[6]/q u_DCT/acf/ACC1_adder1_PostS1_reg[6]/QN 
add mapped point u_DCT/acf/ACC1/adder1/PostS1[7]/q u_DCT/acf/ACC1_adder1_PostS1_reg[7]/Q 
add mapped point u_DCT/acf/ACC1/adder1/PostS1[7]/q u_DCT/acf/ACC1_adder1_PostS1_reg[7]/QN 
add mapped point u_DCT/acf/ACC1/adder1/PostS1[8]/q u_DCT/acf/ACC1_adder1_PostS1_reg[8]/Q 
add mapped point u_DCT/acf/ACC1/adder1/PostS1[8]/q u_DCT/acf/ACC1_adder1_PostS1_reg[8]/QN 
add mapped point u_DCT/acf/ACC1/adder1/PostS1[9]/q u_DCT/acf/ACC1_adder1_PostS1_reg[9]/Q 
add mapped point u_DCT/acf/ACC1/adder1/PostS1[9]/q u_DCT/acf/ACC1_adder1_PostS1_reg[9]/QN 
add mapped point u_DCT/acf/ACC1/adder1/PostS1[10]/q u_DCT/acf/ACC1_adder1_PostS1_reg[10]/Q 
add mapped point u_DCT/acf/ACC1/adder1/PostS1[10]/q u_DCT/acf/ACC1_adder1_PostS1_reg[10]/QN 
add mapped point u_DCT/acf/ACC1/adder2/BPreS2[0]/q u_DCT/acf/ACC1_adder2_BPreS2_reg[0]/Q 
add mapped point u_DCT/acf/ACC1/adder2/BPreS2[0]/q u_DCT/acf/ACC1_adder2_BPreS2_reg[0]/QN 
add mapped point u_DCT/acf/ACC1/adder2/BPreS2[1]/q u_DCT/acf/ACC1_adder2_BPreS2_reg[1]/Q 
add mapped point u_DCT/acf/ACC1/adder2/BPreS2[1]/q u_DCT/acf/ACC1_adder2_BPreS2_reg[1]/QN 
add mapped point u_DCT/acf/ACC1/adder2/BPreS2[2]/q u_DCT/acf/ACC1_adder2_BPreS2_reg[2]/Q 
add mapped point u_DCT/acf/ACC1/adder2/BPreS2[2]/q u_DCT/acf/ACC1_adder2_BPreS2_reg[2]/QN 
add mapped point u_DCT/acf/ACC1/adder2/BPreS2[3]/q u_DCT/acf/ACC1_adder2_BPreS2_reg[3]/Q 
add mapped point u_DCT/acf/ACC1/adder2/BPreS2[3]/q u_DCT/acf/ACC1_adder2_BPreS2_reg[3]/QN 
add mapped point u_DCT/acf/ACC1/adder2/BPreS2[4]/q u_DCT/acf/ACC1_adder2_BPreS2_reg[4]/Q 
add mapped point u_DCT/acf/ACC1/adder2/BPreS2[4]/q u_DCT/acf/ACC1_adder2_BPreS2_reg[4]/QN 
add mapped point u_DCT/acf/ACC1/adder2/BPreS2[5]/q u_DCT/acf/ACC1_adder2_BPreS2_reg[5]/Q 
add mapped point u_DCT/acf/ACC1/adder2/BPreS2[5]/q u_DCT/acf/ACC1_adder2_BPreS2_reg[5]/QN 
add mapped point u_DCT/acf/ACC1/adder2/BPreS2[6]/q u_DCT/acf/ACC1_adder2_BPreS2_reg[6]/Q 
add mapped point u_DCT/acf/ACC1/adder2/BPreS2[6]/q u_DCT/acf/ACC1_adder2_BPreS2_reg[6]/QN 
add mapped point u_DCT/acf/ACC1/adder2/BPreS2[7]/q u_DCT/acf/ACC1_adder2_BPreS2_reg[7]/Q 
add mapped point u_DCT/acf/ACC1/adder2/BPreS2[7]/q u_DCT/acf/ACC1_adder2_BPreS2_reg[7]/QN 
add mapped point u_DCT/acf/ACC1/adder2/BPreS2[8]/q u_DCT/acf/ACC1_adder2_BPreS2_reg[8]/Q 
add mapped point u_DCT/acf/ACC1/adder2/BPreS2[8]/q u_DCT/acf/ACC1_adder2_BPreS2_reg[8]/QN 
add mapped point u_DCT/acf/ACC1/adder2/C1/q u_DCT/acf/ACC1_adder2_C1_reg/Q 
add mapped point u_DCT/acf/ACC1/adder2/C1/q u_DCT/acf/ACC1_adder2_C1_reg/QN 
add mapped point u_DCT/acf/ACC1/adder2/PostS1[0]/q u_DCT/acf/ACC1_adder2_PostS1_reg[0]/Q 
add mapped point u_DCT/acf/ACC1/adder2/PostS1[0]/q u_DCT/acf/ACC1_adder2_PostS1_reg[0]/QN 
add mapped point u_DCT/acf/ACC1/adder2/PostS1[1]/q u_DCT/acf/ACC1_adder2_PostS1_reg[1]/Q 
add mapped point u_DCT/acf/ACC1/adder2/PostS1[1]/q u_DCT/acf/ACC1_adder2_PostS1_reg[1]/QN 
add mapped point u_DCT/acf/ACC1/adder2/PostS1[2]/q u_DCT/acf/ACC1_adder2_PostS1_reg[2]/Q 
add mapped point u_DCT/acf/ACC1/adder2/PostS1[2]/q u_DCT/acf/ACC1_adder2_PostS1_reg[2]/QN 
add mapped point u_DCT/acf/ACC1/adder2/PostS1[3]/q u_DCT/acf/ACC1_adder2_PostS1_reg[3]/Q 
add mapped point u_DCT/acf/ACC1/adder2/PostS1[3]/q u_DCT/acf/ACC1_adder2_PostS1_reg[3]/QN 
add mapped point u_DCT/acf/ACC1/adder2/PostS1[4]/q u_DCT/acf/ACC1_adder2_PostS1_reg[4]/Q 
add mapped point u_DCT/acf/ACC1/adder2/PostS1[4]/q u_DCT/acf/ACC1_adder2_PostS1_reg[4]/QN 
add mapped point u_DCT/acf/ACC1/adder2/PostS1[5]/q u_DCT/acf/ACC1_adder2_PostS1_reg[5]/Q 
add mapped point u_DCT/acf/ACC1/adder2/PostS1[5]/q u_DCT/acf/ACC1_adder2_PostS1_reg[5]/QN 
add mapped point u_DCT/acf/ACC1/adder2/PostS1[6]/q u_DCT/acf/ACC1_adder2_PostS1_reg[6]/Q 
add mapped point u_DCT/acf/ACC1/adder2/PostS1[6]/q u_DCT/acf/ACC1_adder2_PostS1_reg[6]/QN 
add mapped point u_DCT/acf/ACC1/adder2/PostS1[7]/q u_DCT/acf/ACC1_adder2_PostS1_reg[7]/Q 
add mapped point u_DCT/acf/ACC1/adder2/PostS1[7]/q u_DCT/acf/ACC1_adder2_PostS1_reg[7]/QN 
add mapped point u_DCT/acf/ACC1/adder2/PostS1[8]/q u_DCT/acf/ACC1_adder2_PostS1_reg[8]/Q 
add mapped point u_DCT/acf/ACC1/adder2/PostS1[8]/q u_DCT/acf/ACC1_adder2_PostS1_reg[8]/QN 
add mapped point u_DCT/acf/ACC1/adder2/PostS1[9]/q u_DCT/acf/ACC1_adder2_PostS1_reg[9]/Q 
add mapped point u_DCT/acf/ACC1/adder2/PostS1[9]/q u_DCT/acf/ACC1_adder2_PostS1_reg[9]/QN 
add mapped point u_DCT/acf/ACC1/adder2/PostS1[10]/q u_DCT/acf/ACC1_adder2_PostS1_reg[10]/Q 
add mapped point u_DCT/acf/ACC1/adder2/PostS1[10]/q u_DCT/acf/ACC1_adder2_PostS1_reg[10]/QN 
add mapped point u_DCT/acf/ACC2/Z1[0]/q u_DCT/acf/ACC2_Z1_reg[0]/Q 
add mapped point u_DCT/acf/ACC2/Z1[0]/q u_DCT/acf/ACC2_Z1_reg[0]/QN 
add mapped point u_DCT/acf/ACC2/Z1[1]/q u_DCT/acf/ACC2_Z1_reg[1]/Q 
add mapped point u_DCT/acf/ACC2/Z1[1]/q u_DCT/acf/ACC2_Z1_reg[1]/QN 
add mapped point u_DCT/acf/ACC2/Z1[2]/q u_DCT/acf/ACC2_Z1_reg[2]/Q 
add mapped point u_DCT/acf/ACC2/Z1[2]/q u_DCT/acf/ACC2_Z1_reg[2]/QN 
add mapped point u_DCT/acf/ACC2/Z1[3]/q u_DCT/acf/ACC2_Z1_reg[3]/Q 
add mapped point u_DCT/acf/ACC2/Z1[3]/q u_DCT/acf/ACC2_Z1_reg[3]/QN 
add mapped point u_DCT/acf/ACC2/Z1[4]/q u_DCT/acf/ACC2_Z1_reg[4]/Q 
add mapped point u_DCT/acf/ACC2/Z1[4]/q u_DCT/acf/ACC2_Z1_reg[4]/QN 
add mapped point u_DCT/acf/ACC2/Z1[5]/q u_DCT/acf/ACC2_Z1_reg[5]/Q 
add mapped point u_DCT/acf/ACC2/Z1[5]/q u_DCT/acf/ACC2_Z1_reg[5]/QN 
add mapped point u_DCT/acf/ACC2/Z1[6]/q u_DCT/acf/ACC2_Z1_reg[6]/Q 
add mapped point u_DCT/acf/ACC2/Z1[6]/q u_DCT/acf/ACC2_Z1_reg[6]/QN 
add mapped point u_DCT/acf/ACC2/Z1[7]/q u_DCT/acf/ACC2_Z1_reg[7]/Q 
add mapped point u_DCT/acf/ACC2/Z1[7]/q u_DCT/acf/ACC2_Z1_reg[7]/QN 
add mapped point u_DCT/acf/ACC2/Z1[8]/q u_DCT/acf/ACC2_Z1_reg[8]/Q 
add mapped point u_DCT/acf/ACC2/Z1[8]/q u_DCT/acf/ACC2_Z1_reg[8]/QN 
add mapped point u_DCT/acf/ACC2/Z1[9]/q u_DCT/acf/ACC2_Z1_reg[9]/Q 
add mapped point u_DCT/acf/ACC2/Z1[9]/q u_DCT/acf/ACC2_Z1_reg[9]/QN 
add mapped point u_DCT/acf/ACC2/Z1[10]/q u_DCT/acf/ACC2_Z1_reg[10]/Q 
add mapped point u_DCT/acf/ACC2/Z1[10]/q u_DCT/acf/ACC2_Z1_reg[10]/QN 
add mapped point u_DCT/acf/ACC2/Z1[11]/q u_DCT/acf/ACC2_Z1_reg[11]/Q 
add mapped point u_DCT/acf/ACC2/Z1[11]/q u_DCT/acf/ACC2_Z1_reg[11]/QN 
add mapped point u_DCT/acf/ACC2/Z1[12]/q u_DCT/acf/ACC2_Z1_reg[12]/Q 
add mapped point u_DCT/acf/ACC2/Z1[12]/q u_DCT/acf/ACC2_Z1_reg[12]/QN 
add mapped point u_DCT/acf/ACC2/Z1[13]/q u_DCT/acf/ACC2_Z1_reg[13]/Q 
add mapped point u_DCT/acf/ACC2/Z1[13]/q u_DCT/acf/ACC2_Z1_reg[13]/QN 
add mapped point u_DCT/acf/ACC2/Z1[14]/q u_DCT/acf/ACC2_Z1_reg[14]/Q 
add mapped point u_DCT/acf/ACC2/Z1[14]/q u_DCT/acf/ACC2_Z1_reg[14]/QN 
add mapped point u_DCT/acf/ACC2/Z1[15]/q u_DCT/acf/ACC2_Z1_reg[15]/Q 
add mapped point u_DCT/acf/ACC2/Z1[15]/q u_DCT/acf/ACC2_Z1_reg[15]/QN 
add mapped point u_DCT/acf/ACC2/Z1[16]/q u_DCT/acf/ACC2_Z1_reg[16]/Q 
add mapped point u_DCT/acf/ACC2/Z1[16]/q u_DCT/acf/ACC2_Z1_reg[16]/QN 
add mapped point u_DCT/acf/ACC2/Z1[17]/q u_DCT/acf/ACC2_Z1_reg[17]/Q 
add mapped point u_DCT/acf/ACC2/Z1[17]/q u_DCT/acf/ACC2_Z1_reg[17]/QN 
add mapped point u_DCT/acf/ACC2/Z1[18]/q u_DCT/acf/ACC2_Z1_reg[18]/Q 
add mapped point u_DCT/acf/ACC2/Z1[18]/q u_DCT/acf/ACC2_Z1_reg[18]/QN 
add mapped point u_DCT/acf/ACC2/Z1[19]/q u_DCT/acf/ACC2_Z1_reg[19]/Q 
add mapped point u_DCT/acf/ACC2/Z1[19]/q u_DCT/acf/ACC2_Z1_reg[19]/QN 
add mapped point u_DCT/acf/ACC2/Z2[11]/q u_DCT/acf/ACC2_Z2_reg[11]/Q 
add mapped point u_DCT/acf/ACC2/Z2[11]/q u_DCT/acf/ACC2_Z2_reg[11]/QN 
add mapped point u_DCT/acf/ACC2/Z2[12]/q u_DCT/acf/ACC2_Z2_reg[12]/Q 
add mapped point u_DCT/acf/ACC2/Z2[12]/q u_DCT/acf/ACC2_Z2_reg[12]/QN 
add mapped point u_DCT/acf/ACC2/Z2[13]/q u_DCT/acf/ACC2_Z2_reg[13]/Q 
add mapped point u_DCT/acf/ACC2/Z2[13]/q u_DCT/acf/ACC2_Z2_reg[13]/QN 
add mapped point u_DCT/acf/ACC2/Z2[14]/q u_DCT/acf/ACC2_Z2_reg[14]/Q 
add mapped point u_DCT/acf/ACC2/Z2[14]/q u_DCT/acf/ACC2_Z2_reg[14]/QN 
add mapped point u_DCT/acf/ACC2/Z2[15]/q u_DCT/acf/ACC2_Z2_reg[15]/Q 
add mapped point u_DCT/acf/ACC2/Z2[15]/q u_DCT/acf/ACC2_Z2_reg[15]/QN 
add mapped point u_DCT/acf/ACC2/Z2[16]/q u_DCT/acf/ACC2_Z2_reg[16]/Q 
add mapped point u_DCT/acf/ACC2/Z2[16]/q u_DCT/acf/ACC2_Z2_reg[16]/QN 
add mapped point u_DCT/acf/ACC2/Z2[17]/q u_DCT/acf/ACC2_Z2_reg[17]/Q 
add mapped point u_DCT/acf/ACC2/Z2[17]/q u_DCT/acf/ACC2_Z2_reg[17]/QN 
add mapped point u_DCT/acf/ACC2/Z2[18]/q u_DCT/acf/ACC2_Z2_reg[18]/Q 
add mapped point u_DCT/acf/ACC2/Z2[18]/q u_DCT/acf/ACC2_Z2_reg[18]/QN 
add mapped point u_DCT/acf/ACC2/Z2[19]/q u_DCT/acf/ACC2_Z2_reg[19]/Q 
add mapped point u_DCT/acf/ACC2/Z2[19]/q u_DCT/acf/ACC2_Z2_reg[19]/QN 
add mapped point u_DCT/acf/ACC2/accout[0]/q u_DCT/acf/ACC2_accout_reg[0]/Q 
add mapped point u_DCT/acf/ACC2/accout[0]/q u_DCT/acf/ACC2_accout_reg[0]/QN 
add mapped point u_DCT/acf/ACC2/accout[1]/q u_DCT/acf/ACC2_accout_reg[1]/Q 
add mapped point u_DCT/acf/ACC2/accout[1]/q u_DCT/acf/ACC2_accout_reg[1]/QN 
add mapped point u_DCT/acf/ACC2/accout[2]/q u_DCT/acf/ACC2_accout_reg[2]/Q 
add mapped point u_DCT/acf/ACC2/accout[2]/q u_DCT/acf/ACC2_accout_reg[2]/QN 
add mapped point u_DCT/acf/ACC2/accout[3]/q u_DCT/acf/ACC2_accout_reg[3]/Q 
add mapped point u_DCT/acf/ACC2/accout[3]/q u_DCT/acf/ACC2_accout_reg[3]/QN 
add mapped point u_DCT/acf/ACC2/accout[4]/q u_DCT/acf/ACC2_accout_reg[4]/Q 
add mapped point u_DCT/acf/ACC2/accout[4]/q u_DCT/acf/ACC2_accout_reg[4]/QN 
add mapped point u_DCT/acf/ACC2/accout[5]/q u_DCT/acf/ACC2_accout_reg[5]/Q 
add mapped point u_DCT/acf/ACC2/accout[5]/q u_DCT/acf/ACC2_accout_reg[5]/QN 
add mapped point u_DCT/acf/ACC2/accout[6]/q u_DCT/acf/ACC2_accout_reg[6]/Q 
add mapped point u_DCT/acf/ACC2/accout[6]/q u_DCT/acf/ACC2_accout_reg[6]/QN 
add mapped point u_DCT/acf/ACC2/accout[7]/q u_DCT/acf/ACC2_accout_reg[7]/Q 
add mapped point u_DCT/acf/ACC2/accout[7]/q u_DCT/acf/ACC2_accout_reg[7]/QN 
add mapped point u_DCT/acf/ACC2/accout[8]/q u_DCT/acf/ACC2_accout_reg[8]/Q 
add mapped point u_DCT/acf/ACC2/accout[8]/q u_DCT/acf/ACC2_accout_reg[8]/QN 
add mapped point u_DCT/acf/ACC2/accout[9]/q u_DCT/acf/ACC2_accout_reg[9]/Q 
add mapped point u_DCT/acf/ACC2/accout[9]/q u_DCT/acf/ACC2_accout_reg[9]/QN 
add mapped point u_DCT/acf/ACC2/accout[10]/q u_DCT/acf/ACC2_accout_reg[10]/Q 
add mapped point u_DCT/acf/ACC2/accout[10]/q u_DCT/acf/ACC2_accout_reg[10]/QN 
add mapped point u_DCT/acf/ACC2/accout[11]/q u_DCT/acf/ACC2_accout_reg[11]/Q 
add mapped point u_DCT/acf/ACC2/accout[11]/q u_DCT/acf/ACC2_accout_reg[11]/QN 
add mapped point u_DCT/acf/ACC2/accout[12]/q u_DCT/acf/ACC2_accout_reg[12]/Q 
add mapped point u_DCT/acf/ACC2/accout[12]/q u_DCT/acf/ACC2_accout_reg[12]/QN 
add mapped point u_DCT/acf/ACC2/accout[13]/q u_DCT/acf/ACC2_accout_reg[13]/Q 
add mapped point u_DCT/acf/ACC2/accout[13]/q u_DCT/acf/ACC2_accout_reg[13]/QN 
add mapped point u_DCT/acf/ACC2/accout[14]/q u_DCT/acf/ACC2_accout_reg[14]/Q 
add mapped point u_DCT/acf/ACC2/accout[14]/q u_DCT/acf/ACC2_accout_reg[14]/QN 
add mapped point u_DCT/acf/ACC2/accout[15]/q u_DCT/acf/ACC2_accout_reg[15]/Q 
add mapped point u_DCT/acf/ACC2/accout[15]/q u_DCT/acf/ACC2_accout_reg[15]/QN 
add mapped point u_DCT/acf/ACC2/accout[16]/q u_DCT/acf/ACC2_accout_reg[16]/Q 
add mapped point u_DCT/acf/ACC2/accout[16]/q u_DCT/acf/ACC2_accout_reg[16]/QN 
add mapped point u_DCT/acf/ACC2/accout[17]/q u_DCT/acf/ACC2_accout_reg[17]/Q 
add mapped point u_DCT/acf/ACC2/accout[17]/q u_DCT/acf/ACC2_accout_reg[17]/QN 
add mapped point u_DCT/acf/ACC2/adder1/APreS2[0]/q u_DCT/acf/ACC2_adder1_APreS2_reg[0]/Q 
add mapped point u_DCT/acf/ACC2/adder1/APreS2[0]/q u_DCT/acf/ACC2_adder1_APreS2_reg[0]/QN 
add mapped point u_DCT/acf/ACC2/adder1/APreS2[1]/q u_DCT/acf/ACC2_adder1_APreS2_reg[1]/Q 
add mapped point u_DCT/acf/ACC2/adder1/APreS2[1]/q u_DCT/acf/ACC2_adder1_APreS2_reg[1]/QN 
add mapped point u_DCT/acf/ACC2/adder1/APreS2[2]/q u_DCT/acf/ACC2_adder1_APreS2_reg[2]/Q 
add mapped point u_DCT/acf/ACC2/adder1/APreS2[2]/q u_DCT/acf/ACC2_adder1_APreS2_reg[2]/QN 
add mapped point u_DCT/acf/ACC2/adder1/APreS2[3]/q u_DCT/acf/ACC2_adder1_APreS2_reg[3]/Q 
add mapped point u_DCT/acf/ACC2/adder1/APreS2[3]/q u_DCT/acf/ACC2_adder1_APreS2_reg[3]/QN 
add mapped point u_DCT/acf/ACC2/adder1/APreS2[4]/q u_DCT/acf/ACC2_adder1_APreS2_reg[4]/Q 
add mapped point u_DCT/acf/ACC2/adder1/APreS2[4]/q u_DCT/acf/ACC2_adder1_APreS2_reg[4]/QN 
add mapped point u_DCT/acf/ACC2/adder1/APreS2[5]/q u_DCT/acf/ACC2_adder1_APreS2_reg[5]/Q 
add mapped point u_DCT/acf/ACC2/adder1/APreS2[5]/q u_DCT/acf/ACC2_adder1_APreS2_reg[5]/QN 
add mapped point u_DCT/acf/ACC2/adder1/APreS2[6]/q u_DCT/acf/ACC2_adder1_APreS2_reg[6]/Q 
add mapped point u_DCT/acf/ACC2/adder1/APreS2[6]/q u_DCT/acf/ACC2_adder1_APreS2_reg[6]/QN 
add mapped point u_DCT/acf/ACC2/adder1/APreS2[7]/q u_DCT/acf/ACC2_adder1_APreS2_reg[7]/Q 
add mapped point u_DCT/acf/ACC2/adder1/APreS2[7]/q u_DCT/acf/ACC2_adder1_APreS2_reg[7]/QN 
add mapped point u_DCT/acf/ACC2/adder1/APreS2[8]/q u_DCT/acf/ACC2_adder1_APreS2_reg[8]/Q 
add mapped point u_DCT/acf/ACC2/adder1/APreS2[8]/q u_DCT/acf/ACC2_adder1_APreS2_reg[8]/QN 
add mapped point u_DCT/acf/ACC2/adder1/BPreS2[0]/q u_DCT/acf/ACC2_adder1_BPreS2_reg[0]/Q 
add mapped point u_DCT/acf/ACC2/adder1/BPreS2[0]/q u_DCT/acf/ACC2_adder1_BPreS2_reg[0]/QN 
add mapped point u_DCT/acf/ACC2/adder1/BPreS2[1]/q u_DCT/acf/ACC2_adder1_BPreS2_reg[1]/Q 
add mapped point u_DCT/acf/ACC2/adder1/BPreS2[1]/q u_DCT/acf/ACC2_adder1_BPreS2_reg[1]/QN 
add mapped point u_DCT/acf/ACC2/adder1/BPreS2[2]/q u_DCT/acf/ACC2_adder1_BPreS2_reg[2]/Q 
add mapped point u_DCT/acf/ACC2/adder1/BPreS2[2]/q u_DCT/acf/ACC2_adder1_BPreS2_reg[2]/QN 
add mapped point u_DCT/acf/ACC2/adder1/BPreS2[3]/q u_DCT/acf/ACC2_adder1_BPreS2_reg[3]/Q 
add mapped point u_DCT/acf/ACC2/adder1/BPreS2[3]/q u_DCT/acf/ACC2_adder1_BPreS2_reg[3]/QN 
add mapped point u_DCT/acf/ACC2/adder1/BPreS2[4]/q u_DCT/acf/ACC2_adder1_BPreS2_reg[4]/Q 
add mapped point u_DCT/acf/ACC2/adder1/BPreS2[4]/q u_DCT/acf/ACC2_adder1_BPreS2_reg[4]/QN 
add mapped point u_DCT/acf/ACC2/adder1/BPreS2[5]/q u_DCT/acf/ACC2_adder1_BPreS2_reg[5]/Q 
add mapped point u_DCT/acf/ACC2/adder1/BPreS2[5]/q u_DCT/acf/ACC2_adder1_BPreS2_reg[5]/QN 
add mapped point u_DCT/acf/ACC2/adder1/BPreS2[6]/q u_DCT/acf/ACC2_adder1_BPreS2_reg[6]/Q 
add mapped point u_DCT/acf/ACC2/adder1/BPreS2[6]/q u_DCT/acf/ACC2_adder1_BPreS2_reg[6]/QN 
add mapped point u_DCT/acf/ACC2/adder1/BPreS2[7]/q u_DCT/acf/ACC2_adder1_BPreS2_reg[7]/Q 
add mapped point u_DCT/acf/ACC2/adder1/BPreS2[7]/q u_DCT/acf/ACC2_adder1_BPreS2_reg[7]/QN 
add mapped point u_DCT/acf/ACC2/adder1/BPreS2[8]/q u_DCT/acf/ACC2_adder1_BPreS2_reg[8]/Q 
add mapped point u_DCT/acf/ACC2/adder1/BPreS2[8]/q u_DCT/acf/ACC2_adder1_BPreS2_reg[8]/QN 
add mapped point u_DCT/acf/ACC2/adder1/C1/q u_DCT/acf/ACC2_adder1_C1_reg/Q 
add mapped point u_DCT/acf/ACC2/adder1/C1/q u_DCT/acf/ACC2_adder1_C1_reg/QN 
add mapped point u_DCT/acf/ACC2/adder1/PostS1[0]/q u_DCT/acf/ACC2_adder1_PostS1_reg[0]/Q 
add mapped point u_DCT/acf/ACC2/adder1/PostS1[0]/q u_DCT/acf/ACC2_adder1_PostS1_reg[0]/QN 
add mapped point u_DCT/acf/ACC2/adder1/PostS1[1]/q u_DCT/acf/ACC2_adder1_PostS1_reg[1]/Q 
add mapped point u_DCT/acf/ACC2/adder1/PostS1[1]/q u_DCT/acf/ACC2_adder1_PostS1_reg[1]/QN 
add mapped point u_DCT/acf/ACC2/adder1/PostS1[2]/q u_DCT/acf/ACC2_adder1_PostS1_reg[2]/Q 
add mapped point u_DCT/acf/ACC2/adder1/PostS1[2]/q u_DCT/acf/ACC2_adder1_PostS1_reg[2]/QN 
add mapped point u_DCT/acf/ACC2/adder1/PostS1[3]/q u_DCT/acf/ACC2_adder1_PostS1_reg[3]/Q 
add mapped point u_DCT/acf/ACC2/adder1/PostS1[3]/q u_DCT/acf/ACC2_adder1_PostS1_reg[3]/QN 
add mapped point u_DCT/acf/ACC2/adder1/PostS1[4]/q u_DCT/acf/ACC2_adder1_PostS1_reg[4]/Q 
add mapped point u_DCT/acf/ACC2/adder1/PostS1[4]/q u_DCT/acf/ACC2_adder1_PostS1_reg[4]/QN 
add mapped point u_DCT/acf/ACC2/adder1/PostS1[5]/q u_DCT/acf/ACC2_adder1_PostS1_reg[5]/Q 
add mapped point u_DCT/acf/ACC2/adder1/PostS1[5]/q u_DCT/acf/ACC2_adder1_PostS1_reg[5]/QN 
add mapped point u_DCT/acf/ACC2/adder1/PostS1[6]/q u_DCT/acf/ACC2_adder1_PostS1_reg[6]/Q 
add mapped point u_DCT/acf/ACC2/adder1/PostS1[6]/q u_DCT/acf/ACC2_adder1_PostS1_reg[6]/QN 
add mapped point u_DCT/acf/ACC2/adder1/PostS1[7]/q u_DCT/acf/ACC2_adder1_PostS1_reg[7]/Q 
add mapped point u_DCT/acf/ACC2/adder1/PostS1[7]/q u_DCT/acf/ACC2_adder1_PostS1_reg[7]/QN 
add mapped point u_DCT/acf/ACC2/adder1/PostS1[8]/q u_DCT/acf/ACC2_adder1_PostS1_reg[8]/Q 
add mapped point u_DCT/acf/ACC2/adder1/PostS1[8]/q u_DCT/acf/ACC2_adder1_PostS1_reg[8]/QN 
add mapped point u_DCT/acf/ACC2/adder1/PostS1[9]/q u_DCT/acf/ACC2_adder1_PostS1_reg[9]/Q 
add mapped point u_DCT/acf/ACC2/adder1/PostS1[9]/q u_DCT/acf/ACC2_adder1_PostS1_reg[9]/QN 
add mapped point u_DCT/acf/ACC2/adder1/PostS1[10]/q u_DCT/acf/ACC2_adder1_PostS1_reg[10]/Q 
add mapped point u_DCT/acf/ACC2/adder1/PostS1[10]/q u_DCT/acf/ACC2_adder1_PostS1_reg[10]/QN 
add mapped point u_DCT/acf/ACC2/adder2/BPreS2[0]/q u_DCT/acf/ACC2_adder2_BPreS2_reg[0]/Q 
add mapped point u_DCT/acf/ACC2/adder2/BPreS2[0]/q u_DCT/acf/ACC2_adder2_BPreS2_reg[0]/QN 
add mapped point u_DCT/acf/ACC2/adder2/BPreS2[1]/q u_DCT/acf/ACC2_adder2_BPreS2_reg[1]/Q 
add mapped point u_DCT/acf/ACC2/adder2/BPreS2[1]/q u_DCT/acf/ACC2_adder2_BPreS2_reg[1]/QN 
add mapped point u_DCT/acf/ACC2/adder2/BPreS2[2]/q u_DCT/acf/ACC2_adder2_BPreS2_reg[2]/Q 
add mapped point u_DCT/acf/ACC2/adder2/BPreS2[2]/q u_DCT/acf/ACC2_adder2_BPreS2_reg[2]/QN 
add mapped point u_DCT/acf/ACC2/adder2/BPreS2[3]/q u_DCT/acf/ACC2_adder2_BPreS2_reg[3]/Q 
add mapped point u_DCT/acf/ACC2/adder2/BPreS2[3]/q u_DCT/acf/ACC2_adder2_BPreS2_reg[3]/QN 
add mapped point u_DCT/acf/ACC2/adder2/BPreS2[4]/q u_DCT/acf/ACC2_adder2_BPreS2_reg[4]/Q 
add mapped point u_DCT/acf/ACC2/adder2/BPreS2[4]/q u_DCT/acf/ACC2_adder2_BPreS2_reg[4]/QN 
add mapped point u_DCT/acf/ACC2/adder2/BPreS2[5]/q u_DCT/acf/ACC2_adder2_BPreS2_reg[5]/Q 
add mapped point u_DCT/acf/ACC2/adder2/BPreS2[5]/q u_DCT/acf/ACC2_adder2_BPreS2_reg[5]/QN 
add mapped point u_DCT/acf/ACC2/adder2/BPreS2[6]/q u_DCT/acf/ACC2_adder2_BPreS2_reg[6]/Q 
add mapped point u_DCT/acf/ACC2/adder2/BPreS2[6]/q u_DCT/acf/ACC2_adder2_BPreS2_reg[6]/QN 
add mapped point u_DCT/acf/ACC2/adder2/BPreS2[7]/q u_DCT/acf/ACC2_adder2_BPreS2_reg[7]/Q 
add mapped point u_DCT/acf/ACC2/adder2/BPreS2[7]/q u_DCT/acf/ACC2_adder2_BPreS2_reg[7]/QN 
add mapped point u_DCT/acf/ACC2/adder2/BPreS2[8]/q u_DCT/acf/ACC2_adder2_BPreS2_reg[8]/Q 
add mapped point u_DCT/acf/ACC2/adder2/BPreS2[8]/q u_DCT/acf/ACC2_adder2_BPreS2_reg[8]/QN 
add mapped point u_DCT/acf/ACC2/adder2/C1/q u_DCT/acf/ACC2_adder2_C1_reg/Q 
add mapped point u_DCT/acf/ACC2/adder2/C1/q u_DCT/acf/ACC2_adder2_C1_reg/QN 
add mapped point u_DCT/acf/ACC2/adder2/PostS1[0]/q u_DCT/acf/ACC2_adder2_PostS1_reg[0]/Q 
add mapped point u_DCT/acf/ACC2/adder2/PostS1[0]/q u_DCT/acf/ACC2_adder2_PostS1_reg[0]/QN 
add mapped point u_DCT/acf/ACC2/adder2/PostS1[1]/q u_DCT/acf/ACC2_adder2_PostS1_reg[1]/Q 
add mapped point u_DCT/acf/ACC2/adder2/PostS1[1]/q u_DCT/acf/ACC2_adder2_PostS1_reg[1]/QN 
add mapped point u_DCT/acf/ACC2/adder2/PostS1[2]/q u_DCT/acf/ACC2_adder2_PostS1_reg[2]/Q 
add mapped point u_DCT/acf/ACC2/adder2/PostS1[2]/q u_DCT/acf/ACC2_adder2_PostS1_reg[2]/QN 
add mapped point u_DCT/acf/ACC2/adder2/PostS1[3]/q u_DCT/acf/ACC2_adder2_PostS1_reg[3]/Q 
add mapped point u_DCT/acf/ACC2/adder2/PostS1[3]/q u_DCT/acf/ACC2_adder2_PostS1_reg[3]/QN 
add mapped point u_DCT/acf/ACC2/adder2/PostS1[4]/q u_DCT/acf/ACC2_adder2_PostS1_reg[4]/Q 
add mapped point u_DCT/acf/ACC2/adder2/PostS1[4]/q u_DCT/acf/ACC2_adder2_PostS1_reg[4]/QN 
add mapped point u_DCT/acf/ACC2/adder2/PostS1[5]/q u_DCT/acf/ACC2_adder2_PostS1_reg[5]/Q 
add mapped point u_DCT/acf/ACC2/adder2/PostS1[5]/q u_DCT/acf/ACC2_adder2_PostS1_reg[5]/QN 
add mapped point u_DCT/acf/ACC2/adder2/PostS1[6]/q u_DCT/acf/ACC2_adder2_PostS1_reg[6]/Q 
add mapped point u_DCT/acf/ACC2/adder2/PostS1[6]/q u_DCT/acf/ACC2_adder2_PostS1_reg[6]/QN 
add mapped point u_DCT/acf/ACC2/adder2/PostS1[7]/q u_DCT/acf/ACC2_adder2_PostS1_reg[7]/Q 
add mapped point u_DCT/acf/ACC2/adder2/PostS1[7]/q u_DCT/acf/ACC2_adder2_PostS1_reg[7]/QN 
add mapped point u_DCT/acf/ACC2/adder2/PostS1[8]/q u_DCT/acf/ACC2_adder2_PostS1_reg[8]/Q 
add mapped point u_DCT/acf/ACC2/adder2/PostS1[8]/q u_DCT/acf/ACC2_adder2_PostS1_reg[8]/QN 
add mapped point u_DCT/acf/ACC2/adder2/PostS1[9]/q u_DCT/acf/ACC2_adder2_PostS1_reg[9]/Q 
add mapped point u_DCT/acf/ACC2/adder2/PostS1[9]/q u_DCT/acf/ACC2_adder2_PostS1_reg[9]/QN 
add mapped point u_DCT/acf/ACC2/adder2/PostS1[10]/q u_DCT/acf/ACC2_adder2_PostS1_reg[10]/Q 
add mapped point u_DCT/acf/ACC2/adder2/PostS1[10]/q u_DCT/acf/ACC2_adder2_PostS1_reg[10]/QN 
add mapped point u_DCT/acf/ACC3/Z1[0]/q u_DCT/acf/ACC3_Z1_reg[0]/Q 
add mapped point u_DCT/acf/ACC3/Z1[0]/q u_DCT/acf/ACC3_Z1_reg[0]/QN 
add mapped point u_DCT/acf/ACC3/Z1[1]/q u_DCT/acf/ACC3_Z1_reg[1]/Q 
add mapped point u_DCT/acf/ACC3/Z1[1]/q u_DCT/acf/ACC3_Z1_reg[1]/QN 
add mapped point u_DCT/acf/ACC3/Z1[2]/q u_DCT/acf/ACC3_Z1_reg[2]/Q 
add mapped point u_DCT/acf/ACC3/Z1[2]/q u_DCT/acf/ACC3_Z1_reg[2]/QN 
add mapped point u_DCT/acf/ACC3/Z1[3]/q u_DCT/acf/ACC3_Z1_reg[3]/Q 
add mapped point u_DCT/acf/ACC3/Z1[3]/q u_DCT/acf/ACC3_Z1_reg[3]/QN 
add mapped point u_DCT/acf/ACC3/Z1[4]/q u_DCT/acf/ACC3_Z1_reg[4]/Q 
add mapped point u_DCT/acf/ACC3/Z1[4]/q u_DCT/acf/ACC3_Z1_reg[4]/QN 
add mapped point u_DCT/acf/ACC3/Z1[5]/q u_DCT/acf/ACC3_Z1_reg[5]/Q 
add mapped point u_DCT/acf/ACC3/Z1[5]/q u_DCT/acf/ACC3_Z1_reg[5]/QN 
add mapped point u_DCT/acf/ACC3/Z1[6]/q u_DCT/acf/ACC3_Z1_reg[6]/Q 
add mapped point u_DCT/acf/ACC3/Z1[6]/q u_DCT/acf/ACC3_Z1_reg[6]/QN 
add mapped point u_DCT/acf/ACC3/Z1[7]/q u_DCT/acf/ACC3_Z1_reg[7]/Q 
add mapped point u_DCT/acf/ACC3/Z1[7]/q u_DCT/acf/ACC3_Z1_reg[7]/QN 
add mapped point u_DCT/acf/ACC3/Z1[8]/q u_DCT/acf/ACC3_Z1_reg[8]/Q 
add mapped point u_DCT/acf/ACC3/Z1[8]/q u_DCT/acf/ACC3_Z1_reg[8]/QN 
add mapped point u_DCT/acf/ACC3/Z1[9]/q u_DCT/acf/ACC3_Z1_reg[9]/Q 
add mapped point u_DCT/acf/ACC3/Z1[9]/q u_DCT/acf/ACC3_Z1_reg[9]/QN 
add mapped point u_DCT/acf/ACC3/Z1[10]/q u_DCT/acf/ACC3_Z1_reg[10]/Q 
add mapped point u_DCT/acf/ACC3/Z1[10]/q u_DCT/acf/ACC3_Z1_reg[10]/QN 
add mapped point u_DCT/acf/ACC3/Z1[11]/q u_DCT/acf/ACC3_Z1_reg[11]/Q 
add mapped point u_DCT/acf/ACC3/Z1[11]/q u_DCT/acf/ACC3_Z1_reg[11]/QN 
add mapped point u_DCT/acf/ACC3/Z1[12]/q u_DCT/acf/ACC3_Z1_reg[12]/Q 
add mapped point u_DCT/acf/ACC3/Z1[12]/q u_DCT/acf/ACC3_Z1_reg[12]/QN 
add mapped point u_DCT/acf/ACC3/Z1[13]/q u_DCT/acf/ACC3_Z1_reg[13]/Q 
add mapped point u_DCT/acf/ACC3/Z1[13]/q u_DCT/acf/ACC3_Z1_reg[13]/QN 
add mapped point u_DCT/acf/ACC3/Z1[14]/q u_DCT/acf/ACC3_Z1_reg[14]/Q 
add mapped point u_DCT/acf/ACC3/Z1[14]/q u_DCT/acf/ACC3_Z1_reg[14]/QN 
add mapped point u_DCT/acf/ACC3/Z1[15]/q u_DCT/acf/ACC3_Z1_reg[15]/Q 
add mapped point u_DCT/acf/ACC3/Z1[15]/q u_DCT/acf/ACC3_Z1_reg[15]/QN 
add mapped point u_DCT/acf/ACC3/Z1[16]/q u_DCT/acf/ACC3_Z1_reg[16]/Q 
add mapped point u_DCT/acf/ACC3/Z1[16]/q u_DCT/acf/ACC3_Z1_reg[16]/QN 
add mapped point u_DCT/acf/ACC3/Z1[17]/q u_DCT/acf/ACC3_Z1_reg[17]/Q 
add mapped point u_DCT/acf/ACC3/Z1[17]/q u_DCT/acf/ACC3_Z1_reg[17]/QN 
add mapped point u_DCT/acf/ACC3/Z1[18]/q u_DCT/acf/ACC3_Z1_reg[18]/Q 
add mapped point u_DCT/acf/ACC3/Z1[18]/q u_DCT/acf/ACC3_Z1_reg[18]/QN 
add mapped point u_DCT/acf/ACC3/Z1[19]/q u_DCT/acf/ACC3_Z1_reg[19]/Q 
add mapped point u_DCT/acf/ACC3/Z1[19]/q u_DCT/acf/ACC3_Z1_reg[19]/QN 
add mapped point u_DCT/acf/ACC3/Z2[11]/q u_DCT/acf/ACC3_Z2_reg[11]/Q 
add mapped point u_DCT/acf/ACC3/Z2[11]/q u_DCT/acf/ACC3_Z2_reg[11]/QN 
add mapped point u_DCT/acf/ACC3/Z2[12]/q u_DCT/acf/ACC3_Z2_reg[12]/Q 
add mapped point u_DCT/acf/ACC3/Z2[12]/q u_DCT/acf/ACC3_Z2_reg[12]/QN 
add mapped point u_DCT/acf/ACC3/Z2[13]/q u_DCT/acf/ACC3_Z2_reg[13]/Q 
add mapped point u_DCT/acf/ACC3/Z2[13]/q u_DCT/acf/ACC3_Z2_reg[13]/QN 
add mapped point u_DCT/acf/ACC3/Z2[14]/q u_DCT/acf/ACC3_Z2_reg[14]/Q 
add mapped point u_DCT/acf/ACC3/Z2[14]/q u_DCT/acf/ACC3_Z2_reg[14]/QN 
add mapped point u_DCT/acf/ACC3/Z2[15]/q u_DCT/acf/ACC3_Z2_reg[15]/Q 
add mapped point u_DCT/acf/ACC3/Z2[15]/q u_DCT/acf/ACC3_Z2_reg[15]/QN 
add mapped point u_DCT/acf/ACC3/Z2[16]/q u_DCT/acf/ACC3_Z2_reg[16]/Q 
add mapped point u_DCT/acf/ACC3/Z2[16]/q u_DCT/acf/ACC3_Z2_reg[16]/QN 
add mapped point u_DCT/acf/ACC3/Z2[17]/q u_DCT/acf/ACC3_Z2_reg[17]/Q 
add mapped point u_DCT/acf/ACC3/Z2[17]/q u_DCT/acf/ACC3_Z2_reg[17]/QN 
add mapped point u_DCT/acf/ACC3/Z2[18]/q u_DCT/acf/ACC3_Z2_reg[18]/Q 
add mapped point u_DCT/acf/ACC3/Z2[18]/q u_DCT/acf/ACC3_Z2_reg[18]/QN 
add mapped point u_DCT/acf/ACC3/Z2[19]/q u_DCT/acf/ACC3_Z2_reg[19]/Q 
add mapped point u_DCT/acf/ACC3/Z2[19]/q u_DCT/acf/ACC3_Z2_reg[19]/QN 
add mapped point u_DCT/acf/ACC3/accout[0]/q u_DCT/acf/ACC3_accout_reg[0]/Q 
add mapped point u_DCT/acf/ACC3/accout[0]/q u_DCT/acf/ACC3_accout_reg[0]/QN 
add mapped point u_DCT/acf/ACC3/accout[1]/q u_DCT/acf/ACC3_accout_reg[1]/Q 
add mapped point u_DCT/acf/ACC3/accout[1]/q u_DCT/acf/ACC3_accout_reg[1]/QN 
add mapped point u_DCT/acf/ACC3/accout[2]/q u_DCT/acf/ACC3_accout_reg[2]/Q 
add mapped point u_DCT/acf/ACC3/accout[2]/q u_DCT/acf/ACC3_accout_reg[2]/QN 
add mapped point u_DCT/acf/ACC3/accout[3]/q u_DCT/acf/ACC3_accout_reg[3]/Q 
add mapped point u_DCT/acf/ACC3/accout[3]/q u_DCT/acf/ACC3_accout_reg[3]/QN 
add mapped point u_DCT/acf/ACC3/accout[4]/q u_DCT/acf/ACC3_accout_reg[4]/Q 
add mapped point u_DCT/acf/ACC3/accout[4]/q u_DCT/acf/ACC3_accout_reg[4]/QN 
add mapped point u_DCT/acf/ACC3/accout[5]/q u_DCT/acf/ACC3_accout_reg[5]/Q 
add mapped point u_DCT/acf/ACC3/accout[5]/q u_DCT/acf/ACC3_accout_reg[5]/QN 
add mapped point u_DCT/acf/ACC3/accout[6]/q u_DCT/acf/ACC3_accout_reg[6]/Q 
add mapped point u_DCT/acf/ACC3/accout[6]/q u_DCT/acf/ACC3_accout_reg[6]/QN 
add mapped point u_DCT/acf/ACC3/accout[7]/q u_DCT/acf/ACC3_accout_reg[7]/Q 
add mapped point u_DCT/acf/ACC3/accout[7]/q u_DCT/acf/ACC3_accout_reg[7]/QN 
add mapped point u_DCT/acf/ACC3/accout[8]/q u_DCT/acf/ACC3_accout_reg[8]/Q 
add mapped point u_DCT/acf/ACC3/accout[8]/q u_DCT/acf/ACC3_accout_reg[8]/QN 
add mapped point u_DCT/acf/ACC3/accout[9]/q u_DCT/acf/ACC3_accout_reg[9]/Q 
add mapped point u_DCT/acf/ACC3/accout[9]/q u_DCT/acf/ACC3_accout_reg[9]/QN 
add mapped point u_DCT/acf/ACC3/accout[10]/q u_DCT/acf/ACC3_accout_reg[10]/Q 
add mapped point u_DCT/acf/ACC3/accout[10]/q u_DCT/acf/ACC3_accout_reg[10]/QN 
add mapped point u_DCT/acf/ACC3/accout[11]/q u_DCT/acf/ACC3_accout_reg[11]/Q 
add mapped point u_DCT/acf/ACC3/accout[11]/q u_DCT/acf/ACC3_accout_reg[11]/QN 
add mapped point u_DCT/acf/ACC3/accout[12]/q u_DCT/acf/ACC3_accout_reg[12]/Q 
add mapped point u_DCT/acf/ACC3/accout[12]/q u_DCT/acf/ACC3_accout_reg[12]/QN 
add mapped point u_DCT/acf/ACC3/accout[13]/q u_DCT/acf/ACC3_accout_reg[13]/Q 
add mapped point u_DCT/acf/ACC3/accout[13]/q u_DCT/acf/ACC3_accout_reg[13]/QN 
add mapped point u_DCT/acf/ACC3/accout[14]/q u_DCT/acf/ACC3_accout_reg[14]/Q 
add mapped point u_DCT/acf/ACC3/accout[14]/q u_DCT/acf/ACC3_accout_reg[14]/QN 
add mapped point u_DCT/acf/ACC3/accout[15]/q u_DCT/acf/ACC3_accout_reg[15]/Q 
add mapped point u_DCT/acf/ACC3/accout[15]/q u_DCT/acf/ACC3_accout_reg[15]/QN 
add mapped point u_DCT/acf/ACC3/accout[16]/q u_DCT/acf/ACC3_accout_reg[16]/Q 
add mapped point u_DCT/acf/ACC3/accout[16]/q u_DCT/acf/ACC3_accout_reg[16]/QN 
add mapped point u_DCT/acf/ACC3/accout[17]/q u_DCT/acf/ACC3_accout_reg[17]/Q 
add mapped point u_DCT/acf/ACC3/accout[17]/q u_DCT/acf/ACC3_accout_reg[17]/QN 
add mapped point u_DCT/acf/ACC3/adder1/APreS2[0]/q u_DCT/acf/ACC3_adder1_APreS2_reg[0]/Q 
add mapped point u_DCT/acf/ACC3/adder1/APreS2[0]/q u_DCT/acf/ACC3_adder1_APreS2_reg[0]/QN 
add mapped point u_DCT/acf/ACC3/adder1/APreS2[1]/q u_DCT/acf/ACC3_adder1_APreS2_reg[1]/Q 
add mapped point u_DCT/acf/ACC3/adder1/APreS2[1]/q u_DCT/acf/ACC3_adder1_APreS2_reg[1]/QN 
add mapped point u_DCT/acf/ACC3/adder1/APreS2[2]/q u_DCT/acf/ACC3_adder1_APreS2_reg[2]/Q 
add mapped point u_DCT/acf/ACC3/adder1/APreS2[2]/q u_DCT/acf/ACC3_adder1_APreS2_reg[2]/QN 
add mapped point u_DCT/acf/ACC3/adder1/APreS2[3]/q u_DCT/acf/ACC3_adder1_APreS2_reg[3]/Q 
add mapped point u_DCT/acf/ACC3/adder1/APreS2[3]/q u_DCT/acf/ACC3_adder1_APreS2_reg[3]/QN 
add mapped point u_DCT/acf/ACC3/adder1/APreS2[4]/q u_DCT/acf/ACC3_adder1_APreS2_reg[4]/Q 
add mapped point u_DCT/acf/ACC3/adder1/APreS2[4]/q u_DCT/acf/ACC3_adder1_APreS2_reg[4]/QN 
add mapped point u_DCT/acf/ACC3/adder1/APreS2[5]/q u_DCT/acf/ACC3_adder1_APreS2_reg[5]/Q 
add mapped point u_DCT/acf/ACC3/adder1/APreS2[5]/q u_DCT/acf/ACC3_adder1_APreS2_reg[5]/QN 
add mapped point u_DCT/acf/ACC3/adder1/APreS2[6]/q u_DCT/acf/ACC3_adder1_APreS2_reg[6]/Q 
add mapped point u_DCT/acf/ACC3/adder1/APreS2[6]/q u_DCT/acf/ACC3_adder1_APreS2_reg[6]/QN 
add mapped point u_DCT/acf/ACC3/adder1/APreS2[7]/q u_DCT/acf/ACC3_adder1_APreS2_reg[7]/Q 
add mapped point u_DCT/acf/ACC3/adder1/APreS2[7]/q u_DCT/acf/ACC3_adder1_APreS2_reg[7]/QN 
add mapped point u_DCT/acf/ACC3/adder1/APreS2[8]/q u_DCT/acf/ACC3_adder1_APreS2_reg[8]/Q 
add mapped point u_DCT/acf/ACC3/adder1/APreS2[8]/q u_DCT/acf/ACC3_adder1_APreS2_reg[8]/QN 
add mapped point u_DCT/acf/ACC3/adder1/BPreS2[0]/q u_DCT/acf/ACC3_adder1_BPreS2_reg[0]/Q 
add mapped point u_DCT/acf/ACC3/adder1/BPreS2[0]/q u_DCT/acf/ACC3_adder1_BPreS2_reg[0]/QN 
add mapped point u_DCT/acf/ACC3/adder1/BPreS2[1]/q u_DCT/acf/ACC3_adder1_BPreS2_reg[1]/Q 
add mapped point u_DCT/acf/ACC3/adder1/BPreS2[1]/q u_DCT/acf/ACC3_adder1_BPreS2_reg[1]/QN 
add mapped point u_DCT/acf/ACC3/adder1/BPreS2[2]/q u_DCT/acf/ACC3_adder1_BPreS2_reg[2]/Q 
add mapped point u_DCT/acf/ACC3/adder1/BPreS2[2]/q u_DCT/acf/ACC3_adder1_BPreS2_reg[2]/QN 
add mapped point u_DCT/acf/ACC3/adder1/BPreS2[3]/q u_DCT/acf/ACC3_adder1_BPreS2_reg[3]/Q 
add mapped point u_DCT/acf/ACC3/adder1/BPreS2[3]/q u_DCT/acf/ACC3_adder1_BPreS2_reg[3]/QN 
add mapped point u_DCT/acf/ACC3/adder1/BPreS2[4]/q u_DCT/acf/ACC3_adder1_BPreS2_reg[4]/Q 
add mapped point u_DCT/acf/ACC3/adder1/BPreS2[4]/q u_DCT/acf/ACC3_adder1_BPreS2_reg[4]/QN 
add mapped point u_DCT/acf/ACC3/adder1/BPreS2[5]/q u_DCT/acf/ACC3_adder1_BPreS2_reg[5]/Q 
add mapped point u_DCT/acf/ACC3/adder1/BPreS2[5]/q u_DCT/acf/ACC3_adder1_BPreS2_reg[5]/QN 
add mapped point u_DCT/acf/ACC3/adder1/BPreS2[6]/q u_DCT/acf/ACC3_adder1_BPreS2_reg[6]/Q 
add mapped point u_DCT/acf/ACC3/adder1/BPreS2[6]/q u_DCT/acf/ACC3_adder1_BPreS2_reg[6]/QN 
add mapped point u_DCT/acf/ACC3/adder1/BPreS2[7]/q u_DCT/acf/ACC3_adder1_BPreS2_reg[7]/Q 
add mapped point u_DCT/acf/ACC3/adder1/BPreS2[7]/q u_DCT/acf/ACC3_adder1_BPreS2_reg[7]/QN 
add mapped point u_DCT/acf/ACC3/adder1/BPreS2[8]/q u_DCT/acf/ACC3_adder1_BPreS2_reg[8]/Q 
add mapped point u_DCT/acf/ACC3/adder1/BPreS2[8]/q u_DCT/acf/ACC3_adder1_BPreS2_reg[8]/QN 
add mapped point u_DCT/acf/ACC3/adder1/C1/q u_DCT/acf/ACC3_adder1_C1_reg/Q 
add mapped point u_DCT/acf/ACC3/adder1/C1/q u_DCT/acf/ACC3_adder1_C1_reg/QN 
add mapped point u_DCT/acf/ACC3/adder1/PostS1[0]/q u_DCT/acf/ACC3_adder1_PostS1_reg[0]/Q 
add mapped point u_DCT/acf/ACC3/adder1/PostS1[0]/q u_DCT/acf/ACC3_adder1_PostS1_reg[0]/QN 
add mapped point u_DCT/acf/ACC3/adder1/PostS1[1]/q u_DCT/acf/ACC3_adder1_PostS1_reg[1]/Q 
add mapped point u_DCT/acf/ACC3/adder1/PostS1[1]/q u_DCT/acf/ACC3_adder1_PostS1_reg[1]/QN 
add mapped point u_DCT/acf/ACC3/adder1/PostS1[2]/q u_DCT/acf/ACC3_adder1_PostS1_reg[2]/Q 
add mapped point u_DCT/acf/ACC3/adder1/PostS1[2]/q u_DCT/acf/ACC3_adder1_PostS1_reg[2]/QN 
add mapped point u_DCT/acf/ACC3/adder1/PostS1[3]/q u_DCT/acf/ACC3_adder1_PostS1_reg[3]/Q 
add mapped point u_DCT/acf/ACC3/adder1/PostS1[3]/q u_DCT/acf/ACC3_adder1_PostS1_reg[3]/QN 
add mapped point u_DCT/acf/ACC3/adder1/PostS1[4]/q u_DCT/acf/ACC3_adder1_PostS1_reg[4]/Q 
add mapped point u_DCT/acf/ACC3/adder1/PostS1[4]/q u_DCT/acf/ACC3_adder1_PostS1_reg[4]/QN 
add mapped point u_DCT/acf/ACC3/adder1/PostS1[5]/q u_DCT/acf/ACC3_adder1_PostS1_reg[5]/Q 
add mapped point u_DCT/acf/ACC3/adder1/PostS1[5]/q u_DCT/acf/ACC3_adder1_PostS1_reg[5]/QN 
add mapped point u_DCT/acf/ACC3/adder1/PostS1[6]/q u_DCT/acf/ACC3_adder1_PostS1_reg[6]/Q 
add mapped point u_DCT/acf/ACC3/adder1/PostS1[6]/q u_DCT/acf/ACC3_adder1_PostS1_reg[6]/QN 
add mapped point u_DCT/acf/ACC3/adder1/PostS1[7]/q u_DCT/acf/ACC3_adder1_PostS1_reg[7]/Q 
add mapped point u_DCT/acf/ACC3/adder1/PostS1[7]/q u_DCT/acf/ACC3_adder1_PostS1_reg[7]/QN 
add mapped point u_DCT/acf/ACC3/adder1/PostS1[8]/q u_DCT/acf/ACC3_adder1_PostS1_reg[8]/Q 
add mapped point u_DCT/acf/ACC3/adder1/PostS1[8]/q u_DCT/acf/ACC3_adder1_PostS1_reg[8]/QN 
add mapped point u_DCT/acf/ACC3/adder1/PostS1[9]/q u_DCT/acf/ACC3_adder1_PostS1_reg[9]/Q 
add mapped point u_DCT/acf/ACC3/adder1/PostS1[9]/q u_DCT/acf/ACC3_adder1_PostS1_reg[9]/QN 
add mapped point u_DCT/acf/ACC3/adder1/PostS1[10]/q u_DCT/acf/ACC3_adder1_PostS1_reg[10]/Q 
add mapped point u_DCT/acf/ACC3/adder1/PostS1[10]/q u_DCT/acf/ACC3_adder1_PostS1_reg[10]/QN 
add mapped point u_DCT/acf/ACC3/adder2/BPreS2[0]/q u_DCT/acf/ACC3_adder2_BPreS2_reg[0]/Q 
add mapped point u_DCT/acf/ACC3/adder2/BPreS2[0]/q u_DCT/acf/ACC3_adder2_BPreS2_reg[0]/QN 
add mapped point u_DCT/acf/ACC3/adder2/BPreS2[1]/q u_DCT/acf/ACC3_adder2_BPreS2_reg[1]/Q 
add mapped point u_DCT/acf/ACC3/adder2/BPreS2[1]/q u_DCT/acf/ACC3_adder2_BPreS2_reg[1]/QN 
add mapped point u_DCT/acf/ACC3/adder2/BPreS2[2]/q u_DCT/acf/ACC3_adder2_BPreS2_reg[2]/Q 
add mapped point u_DCT/acf/ACC3/adder2/BPreS2[2]/q u_DCT/acf/ACC3_adder2_BPreS2_reg[2]/QN 
add mapped point u_DCT/acf/ACC3/adder2/BPreS2[3]/q u_DCT/acf/ACC3_adder2_BPreS2_reg[3]/Q 
add mapped point u_DCT/acf/ACC3/adder2/BPreS2[3]/q u_DCT/acf/ACC3_adder2_BPreS2_reg[3]/QN 
add mapped point u_DCT/acf/ACC3/adder2/BPreS2[4]/q u_DCT/acf/ACC3_adder2_BPreS2_reg[4]/Q 
add mapped point u_DCT/acf/ACC3/adder2/BPreS2[4]/q u_DCT/acf/ACC3_adder2_BPreS2_reg[4]/QN 
add mapped point u_DCT/acf/ACC3/adder2/BPreS2[5]/q u_DCT/acf/ACC3_adder2_BPreS2_reg[5]/Q 
add mapped point u_DCT/acf/ACC3/adder2/BPreS2[5]/q u_DCT/acf/ACC3_adder2_BPreS2_reg[5]/QN 
add mapped point u_DCT/acf/ACC3/adder2/BPreS2[6]/q u_DCT/acf/ACC3_adder2_BPreS2_reg[6]/Q 
add mapped point u_DCT/acf/ACC3/adder2/BPreS2[6]/q u_DCT/acf/ACC3_adder2_BPreS2_reg[6]/QN 
add mapped point u_DCT/acf/ACC3/adder2/BPreS2[7]/q u_DCT/acf/ACC3_adder2_BPreS2_reg[7]/Q 
add mapped point u_DCT/acf/ACC3/adder2/BPreS2[7]/q u_DCT/acf/ACC3_adder2_BPreS2_reg[7]/QN 
add mapped point u_DCT/acf/ACC3/adder2/BPreS2[8]/q u_DCT/acf/ACC3_adder2_BPreS2_reg[8]/Q 
add mapped point u_DCT/acf/ACC3/adder2/BPreS2[8]/q u_DCT/acf/ACC3_adder2_BPreS2_reg[8]/QN 
add mapped point u_DCT/acf/ACC3/adder2/C1/q u_DCT/acf/ACC3_adder2_C1_reg/Q 
add mapped point u_DCT/acf/ACC3/adder2/C1/q u_DCT/acf/ACC3_adder2_C1_reg/QN 
add mapped point u_DCT/acf/ACC3/adder2/PostS1[0]/q u_DCT/acf/ACC3_adder2_PostS1_reg[0]/Q 
add mapped point u_DCT/acf/ACC3/adder2/PostS1[0]/q u_DCT/acf/ACC3_adder2_PostS1_reg[0]/QN 
add mapped point u_DCT/acf/ACC3/adder2/PostS1[1]/q u_DCT/acf/ACC3_adder2_PostS1_reg[1]/Q 
add mapped point u_DCT/acf/ACC3/adder2/PostS1[1]/q u_DCT/acf/ACC3_adder2_PostS1_reg[1]/QN 
add mapped point u_DCT/acf/ACC3/adder2/PostS1[2]/q u_DCT/acf/ACC3_adder2_PostS1_reg[2]/Q 
add mapped point u_DCT/acf/ACC3/adder2/PostS1[2]/q u_DCT/acf/ACC3_adder2_PostS1_reg[2]/QN 
add mapped point u_DCT/acf/ACC3/adder2/PostS1[3]/q u_DCT/acf/ACC3_adder2_PostS1_reg[3]/Q 
add mapped point u_DCT/acf/ACC3/adder2/PostS1[3]/q u_DCT/acf/ACC3_adder2_PostS1_reg[3]/QN 
add mapped point u_DCT/acf/ACC3/adder2/PostS1[4]/q u_DCT/acf/ACC3_adder2_PostS1_reg[4]/Q 
add mapped point u_DCT/acf/ACC3/adder2/PostS1[4]/q u_DCT/acf/ACC3_adder2_PostS1_reg[4]/QN 
add mapped point u_DCT/acf/ACC3/adder2/PostS1[5]/q u_DCT/acf/ACC3_adder2_PostS1_reg[5]/Q 
add mapped point u_DCT/acf/ACC3/adder2/PostS1[5]/q u_DCT/acf/ACC3_adder2_PostS1_reg[5]/QN 
add mapped point u_DCT/acf/ACC3/adder2/PostS1[6]/q u_DCT/acf/ACC3_adder2_PostS1_reg[6]/Q 
add mapped point u_DCT/acf/ACC3/adder2/PostS1[6]/q u_DCT/acf/ACC3_adder2_PostS1_reg[6]/QN 
add mapped point u_DCT/acf/ACC3/adder2/PostS1[7]/q u_DCT/acf/ACC3_adder2_PostS1_reg[7]/Q 
add mapped point u_DCT/acf/ACC3/adder2/PostS1[7]/q u_DCT/acf/ACC3_adder2_PostS1_reg[7]/QN 
add mapped point u_DCT/acf/ACC3/adder2/PostS1[8]/q u_DCT/acf/ACC3_adder2_PostS1_reg[8]/Q 
add mapped point u_DCT/acf/ACC3/adder2/PostS1[8]/q u_DCT/acf/ACC3_adder2_PostS1_reg[8]/QN 
add mapped point u_DCT/acf/ACC3/adder2/PostS1[9]/q u_DCT/acf/ACC3_adder2_PostS1_reg[9]/Q 
add mapped point u_DCT/acf/ACC3/adder2/PostS1[9]/q u_DCT/acf/ACC3_adder2_PostS1_reg[9]/QN 
add mapped point u_DCT/acf/ACC3/adder2/PostS1[10]/q u_DCT/acf/ACC3_adder2_PostS1_reg[10]/Q 
add mapped point u_DCT/acf/ACC3/adder2/PostS1[10]/q u_DCT/acf/ACC3_adder2_PostS1_reg[10]/QN 
add mapped point u_DCT/acf/toACC0[0]/q u_DCT/acf/toACC0_reg[0]/Q 
add mapped point u_DCT/acf/toACC0[0]/q u_DCT/acf/toACC0_reg[0]/QN 
add mapped point u_DCT/acf/toACC0[1]/q u_DCT/acf/toACC0_reg[1]/Q 
add mapped point u_DCT/acf/toACC0[1]/q u_DCT/acf/toACC0_reg[1]/QN 
add mapped point u_DCT/acf/toACC0[2]/q u_DCT/acf/toACC0_reg[2]/Q 
add mapped point u_DCT/acf/toACC0[2]/q u_DCT/acf/toACC0_reg[2]/QN 
add mapped point u_DCT/acf/toACC0[3]/q u_DCT/acf/toACC0_reg[3]/Q 
add mapped point u_DCT/acf/toACC0[3]/q u_DCT/acf/toACC0_reg[3]/QN 
add mapped point u_DCT/acf/toACC0[4]/q u_DCT/acf/toACC0_reg[4]/Q 
add mapped point u_DCT/acf/toACC0[4]/q u_DCT/acf/toACC0_reg[4]/QN 
add mapped point u_DCT/acf/toACC0[5]/q u_DCT/acf/toACC0_reg[5]/Q 
add mapped point u_DCT/acf/toACC0[5]/q u_DCT/acf/toACC0_reg[5]/QN 
add mapped point u_DCT/acf/toACC0[6]/q u_DCT/acf/toACC0_reg[6]/Q 
add mapped point u_DCT/acf/toACC0[6]/q u_DCT/acf/toACC0_reg[6]/QN 
add mapped point u_DCT/acf/toACC0[7]/q u_DCT/acf/toACC0_reg[7]/Q 
add mapped point u_DCT/acf/toACC0[7]/q u_DCT/acf/toACC0_reg[7]/QN 
add mapped point u_DCT/acf/toACC0[8]/q u_DCT/acf/toACC0_reg[8]/Q 
add mapped point u_DCT/acf/toACC0[8]/q u_DCT/acf/toACC0_reg[8]/QN 
add mapped point u_DCT/acf/toACC0[9]/q u_DCT/acf/toACC0_reg[9]/Q 
add mapped point u_DCT/acf/toACC0[9]/q u_DCT/acf/toACC0_reg[9]/QN 
add mapped point u_DCT/acf/toACC0[10]/q u_DCT/acf/toACC0_reg[10]/Q 
add mapped point u_DCT/acf/toACC0[10]/q u_DCT/acf/toACC0_reg[10]/QN 
add mapped point u_DCT/acf/toACC0[11]/q u_DCT/acf/toACC0_reg[11]/Q 
add mapped point u_DCT/acf/toACC0[11]/q u_DCT/acf/toACC0_reg[11]/QN 
add mapped point u_DCT/acf/toACC0[12]/q u_DCT/acf/toACC0_reg[12]/Q 
add mapped point u_DCT/acf/toACC0[12]/q u_DCT/acf/toACC0_reg[12]/QN 
add mapped point u_DCT/acf/toACC0[13]/q u_DCT/acf/toACC0_reg[13]/Q 
add mapped point u_DCT/acf/toACC0[13]/q u_DCT/acf/toACC0_reg[13]/QN 
add mapped point u_DCT/acf/toACC0[14]/q u_DCT/acf/toACC0_reg[14]/Q 
add mapped point u_DCT/acf/toACC0[14]/q u_DCT/acf/toACC0_reg[14]/QN 
add mapped point u_DCT/acf/toACC0[15]/q u_DCT/acf/toACC0_reg[15]/Q 
add mapped point u_DCT/acf/toACC0[15]/q u_DCT/acf/toACC0_reg[15]/QN 
add mapped point u_DCT/acf/toACC0[16]/q u_DCT/acf/toACC0_reg[16]/Q 
add mapped point u_DCT/acf/toACC0[16]/q u_DCT/acf/toACC0_reg[16]/QN 
add mapped point u_DCT/acf/toACC0[17]/q u_DCT/acf/toACC0_reg[17]/Q 
add mapped point u_DCT/acf/toACC0[17]/q u_DCT/acf/toACC0_reg[17]/QN 
add mapped point u_DCT/acf/toACC0[18]/q u_DCT/acf/toACC0_reg[18]/Q 
add mapped point u_DCT/acf/toACC0[18]/q u_DCT/acf/toACC0_reg[18]/QN 
add mapped point u_DCT/acf/toACC0[19]/q u_DCT/acf/toACC0_reg[19]/Q 
add mapped point u_DCT/acf/toACC0[19]/q u_DCT/acf/toACC0_reg[19]/QN 
add mapped point u_DCT/acf/toACC1[0]/q u_DCT/acf/toACC1_reg[0]/Q 
add mapped point u_DCT/acf/toACC1[0]/q u_DCT/acf/toACC1_reg[0]/QN 
add mapped point u_DCT/acf/toACC1[1]/q u_DCT/acf/toACC1_reg[1]/Q 
add mapped point u_DCT/acf/toACC1[1]/q u_DCT/acf/toACC1_reg[1]/QN 
add mapped point u_DCT/acf/toACC1[2]/q u_DCT/acf/toACC1_reg[2]/Q 
add mapped point u_DCT/acf/toACC1[2]/q u_DCT/acf/toACC1_reg[2]/QN 
add mapped point u_DCT/acf/toACC1[3]/q u_DCT/acf/toACC1_reg[3]/Q 
add mapped point u_DCT/acf/toACC1[3]/q u_DCT/acf/toACC1_reg[3]/QN 
add mapped point u_DCT/acf/toACC1[4]/q u_DCT/acf/toACC1_reg[4]/Q 
add mapped point u_DCT/acf/toACC1[4]/q u_DCT/acf/toACC1_reg[4]/QN 
add mapped point u_DCT/acf/toACC1[5]/q u_DCT/acf/toACC1_reg[5]/Q 
add mapped point u_DCT/acf/toACC1[5]/q u_DCT/acf/toACC1_reg[5]/QN 
add mapped point u_DCT/acf/toACC1[6]/q u_DCT/acf/toACC1_reg[6]/Q 
add mapped point u_DCT/acf/toACC1[6]/q u_DCT/acf/toACC1_reg[6]/QN 
add mapped point u_DCT/acf/toACC1[7]/q u_DCT/acf/toACC1_reg[7]/Q 
add mapped point u_DCT/acf/toACC1[7]/q u_DCT/acf/toACC1_reg[7]/QN 
add mapped point u_DCT/acf/toACC1[8]/q u_DCT/acf/toACC1_reg[8]/Q 
add mapped point u_DCT/acf/toACC1[8]/q u_DCT/acf/toACC1_reg[8]/QN 
add mapped point u_DCT/acf/toACC1[9]/q u_DCT/acf/toACC1_reg[9]/Q 
add mapped point u_DCT/acf/toACC1[9]/q u_DCT/acf/toACC1_reg[9]/QN 
add mapped point u_DCT/acf/toACC1[10]/q u_DCT/acf/toACC1_reg[10]/Q 
add mapped point u_DCT/acf/toACC1[10]/q u_DCT/acf/toACC1_reg[10]/QN 
add mapped point u_DCT/acf/toACC1[11]/q u_DCT/acf/toACC1_reg[11]/Q 
add mapped point u_DCT/acf/toACC1[11]/q u_DCT/acf/toACC1_reg[11]/QN 
add mapped point u_DCT/acf/toACC1[12]/q u_DCT/acf/toACC1_reg[12]/Q 
add mapped point u_DCT/acf/toACC1[12]/q u_DCT/acf/toACC1_reg[12]/QN 
add mapped point u_DCT/acf/toACC1[13]/q u_DCT/acf/toACC1_reg[13]/Q 
add mapped point u_DCT/acf/toACC1[13]/q u_DCT/acf/toACC1_reg[13]/QN 
add mapped point u_DCT/acf/toACC1[14]/q u_DCT/acf/toACC1_reg[14]/Q 
add mapped point u_DCT/acf/toACC1[14]/q u_DCT/acf/toACC1_reg[14]/QN 
add mapped point u_DCT/acf/toACC1[15]/q u_DCT/acf/toACC1_reg[15]/Q 
add mapped point u_DCT/acf/toACC1[15]/q u_DCT/acf/toACC1_reg[15]/QN 
add mapped point u_DCT/acf/toACC1[16]/q u_DCT/acf/toACC1_reg[16]/Q 
add mapped point u_DCT/acf/toACC1[16]/q u_DCT/acf/toACC1_reg[16]/QN 
add mapped point u_DCT/acf/toACC1[17]/q u_DCT/acf/toACC1_reg[17]/Q 
add mapped point u_DCT/acf/toACC1[17]/q u_DCT/acf/toACC1_reg[17]/QN 
add mapped point u_DCT/acf/toACC1[18]/q u_DCT/acf/toACC1_reg[18]/Q 
add mapped point u_DCT/acf/toACC1[18]/q u_DCT/acf/toACC1_reg[18]/QN 
add mapped point u_DCT/acf/toACC1[19]/q u_DCT/acf/toACC1_reg[19]/Q 
add mapped point u_DCT/acf/toACC1[19]/q u_DCT/acf/toACC1_reg[19]/QN 
add mapped point u_DCT/acf/toACC2[0]/q u_DCT/acf/toACC2_reg[0]/Q 
add mapped point u_DCT/acf/toACC2[0]/q u_DCT/acf/toACC2_reg[0]/QN 
add mapped point u_DCT/acf/toACC2[1]/q u_DCT/acf/toACC2_reg[1]/Q 
add mapped point u_DCT/acf/toACC2[1]/q u_DCT/acf/toACC2_reg[1]/QN 
add mapped point u_DCT/acf/toACC2[2]/q u_DCT/acf/toACC2_reg[2]/Q 
add mapped point u_DCT/acf/toACC2[2]/q u_DCT/acf/toACC2_reg[2]/QN 
add mapped point u_DCT/acf/toACC2[3]/q u_DCT/acf/toACC2_reg[3]/Q 
add mapped point u_DCT/acf/toACC2[3]/q u_DCT/acf/toACC2_reg[3]/QN 
add mapped point u_DCT/acf/toACC2[4]/q u_DCT/acf/toACC2_reg[4]/Q 
add mapped point u_DCT/acf/toACC2[4]/q u_DCT/acf/toACC2_reg[4]/QN 
add mapped point u_DCT/acf/toACC2[5]/q u_DCT/acf/toACC2_reg[5]/Q 
add mapped point u_DCT/acf/toACC2[5]/q u_DCT/acf/toACC2_reg[5]/QN 
add mapped point u_DCT/acf/toACC2[6]/q u_DCT/acf/toACC2_reg[6]/Q 
add mapped point u_DCT/acf/toACC2[6]/q u_DCT/acf/toACC2_reg[6]/QN 
add mapped point u_DCT/acf/toACC2[7]/q u_DCT/acf/toACC2_reg[7]/Q 
add mapped point u_DCT/acf/toACC2[7]/q u_DCT/acf/toACC2_reg[7]/QN 
add mapped point u_DCT/acf/toACC2[8]/q u_DCT/acf/toACC2_reg[8]/Q 
add mapped point u_DCT/acf/toACC2[8]/q u_DCT/acf/toACC2_reg[8]/QN 
add mapped point u_DCT/acf/toACC2[9]/q u_DCT/acf/toACC2_reg[9]/Q 
add mapped point u_DCT/acf/toACC2[9]/q u_DCT/acf/toACC2_reg[9]/QN 
add mapped point u_DCT/acf/toACC2[10]/q u_DCT/acf/toACC2_reg[10]/Q 
add mapped point u_DCT/acf/toACC2[10]/q u_DCT/acf/toACC2_reg[10]/QN 
add mapped point u_DCT/acf/toACC2[11]/q u_DCT/acf/toACC2_reg[11]/Q 
add mapped point u_DCT/acf/toACC2[11]/q u_DCT/acf/toACC2_reg[11]/QN 
add mapped point u_DCT/acf/toACC2[12]/q u_DCT/acf/toACC2_reg[12]/Q 
add mapped point u_DCT/acf/toACC2[12]/q u_DCT/acf/toACC2_reg[12]/QN 
add mapped point u_DCT/acf/toACC2[13]/q u_DCT/acf/toACC2_reg[13]/Q 
add mapped point u_DCT/acf/toACC2[13]/q u_DCT/acf/toACC2_reg[13]/QN 
add mapped point u_DCT/acf/toACC2[14]/q u_DCT/acf/toACC2_reg[14]/Q 
add mapped point u_DCT/acf/toACC2[14]/q u_DCT/acf/toACC2_reg[14]/QN 
add mapped point u_DCT/acf/toACC2[15]/q u_DCT/acf/toACC2_reg[15]/Q 
add mapped point u_DCT/acf/toACC2[15]/q u_DCT/acf/toACC2_reg[15]/QN 
add mapped point u_DCT/acf/toACC2[16]/q u_DCT/acf/toACC2_reg[16]/Q 
add mapped point u_DCT/acf/toACC2[16]/q u_DCT/acf/toACC2_reg[16]/QN 
add mapped point u_DCT/acf/toACC2[17]/q u_DCT/acf/toACC2_reg[17]/Q 
add mapped point u_DCT/acf/toACC2[17]/q u_DCT/acf/toACC2_reg[17]/QN 
add mapped point u_DCT/acf/toACC2[18]/q u_DCT/acf/toACC2_reg[18]/Q 
add mapped point u_DCT/acf/toACC2[18]/q u_DCT/acf/toACC2_reg[18]/QN 
add mapped point u_DCT/acf/toACC2[19]/q u_DCT/acf/toACC2_reg[19]/Q 
add mapped point u_DCT/acf/toACC2[19]/q u_DCT/acf/toACC2_reg[19]/QN 
add mapped point u_DCT/acf/toACC3[0]/q u_DCT/acf/toACC3_reg[0]/Q 
add mapped point u_DCT/acf/toACC3[0]/q u_DCT/acf/toACC3_reg[0]/QN 
add mapped point u_DCT/acf/toACC3[1]/q u_DCT/acf/toACC3_reg[1]/Q 
add mapped point u_DCT/acf/toACC3[1]/q u_DCT/acf/toACC3_reg[1]/QN 
add mapped point u_DCT/acf/toACC3[2]/q u_DCT/acf/toACC3_reg[2]/Q 
add mapped point u_DCT/acf/toACC3[2]/q u_DCT/acf/toACC3_reg[2]/QN 
add mapped point u_DCT/acf/toACC3[3]/q u_DCT/acf/toACC3_reg[3]/Q 
add mapped point u_DCT/acf/toACC3[3]/q u_DCT/acf/toACC3_reg[3]/QN 
add mapped point u_DCT/acf/toACC3[4]/q u_DCT/acf/toACC3_reg[4]/Q 
add mapped point u_DCT/acf/toACC3[4]/q u_DCT/acf/toACC3_reg[4]/QN 
add mapped point u_DCT/acf/toACC3[5]/q u_DCT/acf/toACC3_reg[5]/Q 
add mapped point u_DCT/acf/toACC3[5]/q u_DCT/acf/toACC3_reg[5]/QN 
add mapped point u_DCT/acf/toACC3[6]/q u_DCT/acf/toACC3_reg[6]/Q 
add mapped point u_DCT/acf/toACC3[6]/q u_DCT/acf/toACC3_reg[6]/QN 
add mapped point u_DCT/acf/toACC3[7]/q u_DCT/acf/toACC3_reg[7]/Q 
add mapped point u_DCT/acf/toACC3[7]/q u_DCT/acf/toACC3_reg[7]/QN 
add mapped point u_DCT/acf/toACC3[8]/q u_DCT/acf/toACC3_reg[8]/Q 
add mapped point u_DCT/acf/toACC3[8]/q u_DCT/acf/toACC3_reg[8]/QN 
add mapped point u_DCT/acf/toACC3[9]/q u_DCT/acf/toACC3_reg[9]/Q 
add mapped point u_DCT/acf/toACC3[9]/q u_DCT/acf/toACC3_reg[9]/QN 
add mapped point u_DCT/acf/toACC3[10]/q u_DCT/acf/toACC3_reg[10]/Q 
add mapped point u_DCT/acf/toACC3[10]/q u_DCT/acf/toACC3_reg[10]/QN 
add mapped point u_DCT/acf/toACC3[11]/q u_DCT/acf/toACC3_reg[11]/Q 
add mapped point u_DCT/acf/toACC3[11]/q u_DCT/acf/toACC3_reg[11]/QN 
add mapped point u_DCT/acf/toACC3[12]/q u_DCT/acf/toACC3_reg[12]/Q 
add mapped point u_DCT/acf/toACC3[12]/q u_DCT/acf/toACC3_reg[12]/QN 
add mapped point u_DCT/acf/toACC3[13]/q u_DCT/acf/toACC3_reg[13]/Q 
add mapped point u_DCT/acf/toACC3[13]/q u_DCT/acf/toACC3_reg[13]/QN 
add mapped point u_DCT/acf/toACC3[14]/q u_DCT/acf/toACC3_reg[14]/Q 
add mapped point u_DCT/acf/toACC3[14]/q u_DCT/acf/toACC3_reg[14]/QN 
add mapped point u_DCT/acf/toACC3[15]/q u_DCT/acf/toACC3_reg[15]/Q 
add mapped point u_DCT/acf/toACC3[15]/q u_DCT/acf/toACC3_reg[15]/QN 
add mapped point u_DCT/acf/toACC3[16]/q u_DCT/acf/toACC3_reg[16]/Q 
add mapped point u_DCT/acf/toACC3[16]/q u_DCT/acf/toACC3_reg[16]/QN 
add mapped point u_DCT/acf/toACC3[17]/q u_DCT/acf/toACC3_reg[17]/Q 
add mapped point u_DCT/acf/toACC3[17]/q u_DCT/acf/toACC3_reg[17]/QN 
add mapped point u_DCT/acf/toACC3[18]/q u_DCT/acf/toACC3_reg[18]/Q 
add mapped point u_DCT/acf/toACC3[18]/q u_DCT/acf/toACC3_reg[18]/QN 
add mapped point u_DCT/acf/toACC3[19]/q u_DCT/acf/toACC3_reg[19]/Q 
add mapped point u_DCT/acf/toACC3[19]/q u_DCT/acf/toACC3_reg[19]/QN 
add mapped point u_DCT/acf/ACC0/Z2[0]/q u_DCT/acf/ACC0_Z2_reg[0]/Q 
add mapped point u_DCT/acf/ACC0/Z2[0]/q u_DCT/acf/ACC0_Z2_reg[0]/QN 
add mapped point u_DCT/acf/ACC0/Z2[1]/q u_DCT/acf/ACC0_Z2_reg[1]/Q 
add mapped point u_DCT/acf/ACC0/Z2[1]/q u_DCT/acf/ACC0_Z2_reg[1]/QN 
add mapped point u_DCT/acf/ACC0/Z2[2]/q u_DCT/acf/ACC0_Z2_reg[2]/Q 
add mapped point u_DCT/acf/ACC0/Z2[2]/q u_DCT/acf/ACC0_Z2_reg[2]/QN 
add mapped point u_DCT/acf/ACC0/Z2[3]/q u_DCT/acf/ACC0_Z2_reg[3]/Q 
add mapped point u_DCT/acf/ACC0/Z2[3]/q u_DCT/acf/ACC0_Z2_reg[3]/QN 
add mapped point u_DCT/acf/ACC0/Z2[4]/q u_DCT/acf/ACC0_Z2_reg[4]/Q 
add mapped point u_DCT/acf/ACC0/Z2[4]/q u_DCT/acf/ACC0_Z2_reg[4]/QN 
add mapped point u_DCT/acf/ACC0/Z2[5]/q u_DCT/acf/ACC0_Z2_reg[5]/Q 
add mapped point u_DCT/acf/ACC0/Z2[5]/q u_DCT/acf/ACC0_Z2_reg[5]/QN 
add mapped point u_DCT/acf/ACC0/Z2[6]/q u_DCT/acf/ACC0_Z2_reg[6]/Q 
add mapped point u_DCT/acf/ACC0/Z2[6]/q u_DCT/acf/ACC0_Z2_reg[6]/QN 
add mapped point u_DCT/acf/ACC0/Z2[7]/q u_DCT/acf/ACC0_Z2_reg[7]/Q 
add mapped point u_DCT/acf/ACC0/Z2[7]/q u_DCT/acf/ACC0_Z2_reg[7]/QN 
add mapped point u_DCT/acf/ACC0/Z2[8]/q u_DCT/acf/ACC0_Z2_reg[8]/Q 
add mapped point u_DCT/acf/ACC0/Z2[8]/q u_DCT/acf/ACC0_Z2_reg[8]/QN 
add mapped point u_DCT/acf/ACC0/Z2[9]/q u_DCT/acf/ACC0_Z2_reg[9]/Q 
add mapped point u_DCT/acf/ACC0/Z2[9]/q u_DCT/acf/ACC0_Z2_reg[9]/QN 
add mapped point u_DCT/acf/ACC0/Z2[10]/q u_DCT/acf/ACC0_Z2_reg[10]/Q 
add mapped point u_DCT/acf/ACC0/Z2[10]/q u_DCT/acf/ACC0_Z2_reg[10]/QN 
add mapped point u_DCT/acf/ACC0/adder2/APreS2[0]/q u_DCT/acf/ACC0_adder2_APreS2_reg[0]/Q 
add mapped point u_DCT/acf/ACC0/adder2/APreS2[0]/q u_DCT/acf/ACC0_adder2_APreS2_reg[0]/QN 
add mapped point u_DCT/acf/ACC0/adder2/APreS2[1]/q u_DCT/acf/ACC0_adder2_APreS2_reg[1]/Q 
add mapped point u_DCT/acf/ACC0/adder2/APreS2[1]/q u_DCT/acf/ACC0_adder2_APreS2_reg[1]/QN 
add mapped point u_DCT/acf/ACC0/adder2/APreS2[2]/q u_DCT/acf/ACC0_adder2_APreS2_reg[2]/Q 
add mapped point u_DCT/acf/ACC0/adder2/APreS2[2]/q u_DCT/acf/ACC0_adder2_APreS2_reg[2]/QN 
add mapped point u_DCT/acf/ACC0/adder2/APreS2[3]/q u_DCT/acf/ACC0_adder2_APreS2_reg[3]/Q 
add mapped point u_DCT/acf/ACC0/adder2/APreS2[3]/q u_DCT/acf/ACC0_adder2_APreS2_reg[3]/QN 
add mapped point u_DCT/acf/ACC0/adder2/APreS2[4]/q u_DCT/acf/ACC0_adder2_APreS2_reg[4]/Q 
add mapped point u_DCT/acf/ACC0/adder2/APreS2[4]/q u_DCT/acf/ACC0_adder2_APreS2_reg[4]/QN 
add mapped point u_DCT/acf/ACC0/adder2/APreS2[5]/q u_DCT/acf/ACC0_adder2_APreS2_reg[5]/Q 
add mapped point u_DCT/acf/ACC0/adder2/APreS2[5]/q u_DCT/acf/ACC0_adder2_APreS2_reg[5]/QN 
add mapped point u_DCT/acf/ACC0/adder2/APreS2[6]/q u_DCT/acf/ACC0_adder2_APreS2_reg[6]/Q 
add mapped point u_DCT/acf/ACC0/adder2/APreS2[6]/q u_DCT/acf/ACC0_adder2_APreS2_reg[6]/QN 
add mapped point u_DCT/acf/ACC0/adder2/APreS2[7]/q u_DCT/acf/ACC0_adder2_APreS2_reg[7]/Q 
add mapped point u_DCT/acf/ACC0/adder2/APreS2[7]/q u_DCT/acf/ACC0_adder2_APreS2_reg[7]/QN 
add mapped point u_DCT/acf/ACC0/adder2/APreS2[8]/q u_DCT/acf/ACC0_adder2_APreS2_reg[8]/Q 
add mapped point u_DCT/acf/ACC0/adder2/APreS2[8]/q u_DCT/acf/ACC0_adder2_APreS2_reg[8]/QN 
add mapped point u_DCT/acf/ACC1/Z2[0]/q u_DCT/acf/ACC1_Z2_reg[0]/Q 
add mapped point u_DCT/acf/ACC1/Z2[0]/q u_DCT/acf/ACC1_Z2_reg[0]/QN 
add mapped point u_DCT/acf/ACC1/Z2[1]/q u_DCT/acf/ACC1_Z2_reg[1]/Q 
add mapped point u_DCT/acf/ACC1/Z2[1]/q u_DCT/acf/ACC1_Z2_reg[1]/QN 
add mapped point u_DCT/acf/ACC1/Z2[2]/q u_DCT/acf/ACC1_Z2_reg[2]/Q 
add mapped point u_DCT/acf/ACC1/Z2[2]/q u_DCT/acf/ACC1_Z2_reg[2]/QN 
add mapped point u_DCT/acf/ACC1/Z2[3]/q u_DCT/acf/ACC1_Z2_reg[3]/Q 
add mapped point u_DCT/acf/ACC1/Z2[3]/q u_DCT/acf/ACC1_Z2_reg[3]/QN 
add mapped point u_DCT/acf/ACC1/Z2[4]/q u_DCT/acf/ACC1_Z2_reg[4]/Q 
add mapped point u_DCT/acf/ACC1/Z2[4]/q u_DCT/acf/ACC1_Z2_reg[4]/QN 
add mapped point u_DCT/acf/ACC1/Z2[5]/q u_DCT/acf/ACC1_Z2_reg[5]/Q 
add mapped point u_DCT/acf/ACC1/Z2[5]/q u_DCT/acf/ACC1_Z2_reg[5]/QN 
add mapped point u_DCT/acf/ACC1/Z2[6]/q u_DCT/acf/ACC1_Z2_reg[6]/Q 
add mapped point u_DCT/acf/ACC1/Z2[6]/q u_DCT/acf/ACC1_Z2_reg[6]/QN 
add mapped point u_DCT/acf/ACC1/Z2[7]/q u_DCT/acf/ACC1_Z2_reg[7]/Q 
add mapped point u_DCT/acf/ACC1/Z2[7]/q u_DCT/acf/ACC1_Z2_reg[7]/QN 
add mapped point u_DCT/acf/ACC1/Z2[8]/q u_DCT/acf/ACC1_Z2_reg[8]/Q 
add mapped point u_DCT/acf/ACC1/Z2[8]/q u_DCT/acf/ACC1_Z2_reg[8]/QN 
add mapped point u_DCT/acf/ACC1/Z2[9]/q u_DCT/acf/ACC1_Z2_reg[9]/Q 
add mapped point u_DCT/acf/ACC1/Z2[9]/q u_DCT/acf/ACC1_Z2_reg[9]/QN 
add mapped point u_DCT/acf/ACC1/Z2[10]/q u_DCT/acf/ACC1_Z2_reg[10]/Q 
add mapped point u_DCT/acf/ACC1/Z2[10]/q u_DCT/acf/ACC1_Z2_reg[10]/QN 
add mapped point u_DCT/acf/ACC1/adder2/APreS2[0]/q u_DCT/acf/ACC1_adder2_APreS2_reg[0]/Q 
add mapped point u_DCT/acf/ACC1/adder2/APreS2[0]/q u_DCT/acf/ACC1_adder2_APreS2_reg[0]/QN 
add mapped point u_DCT/acf/ACC1/adder2/APreS2[1]/q u_DCT/acf/ACC1_adder2_APreS2_reg[1]/Q 
add mapped point u_DCT/acf/ACC1/adder2/APreS2[1]/q u_DCT/acf/ACC1_adder2_APreS2_reg[1]/QN 
add mapped point u_DCT/acf/ACC1/adder2/APreS2[2]/q u_DCT/acf/ACC1_adder2_APreS2_reg[2]/Q 
add mapped point u_DCT/acf/ACC1/adder2/APreS2[2]/q u_DCT/acf/ACC1_adder2_APreS2_reg[2]/QN 
add mapped point u_DCT/acf/ACC1/adder2/APreS2[3]/q u_DCT/acf/ACC1_adder2_APreS2_reg[3]/Q 
add mapped point u_DCT/acf/ACC1/adder2/APreS2[3]/q u_DCT/acf/ACC1_adder2_APreS2_reg[3]/QN 
add mapped point u_DCT/acf/ACC1/adder2/APreS2[4]/q u_DCT/acf/ACC1_adder2_APreS2_reg[4]/Q 
add mapped point u_DCT/acf/ACC1/adder2/APreS2[4]/q u_DCT/acf/ACC1_adder2_APreS2_reg[4]/QN 
add mapped point u_DCT/acf/ACC1/adder2/APreS2[5]/q u_DCT/acf/ACC1_adder2_APreS2_reg[5]/Q 
add mapped point u_DCT/acf/ACC1/adder2/APreS2[5]/q u_DCT/acf/ACC1_adder2_APreS2_reg[5]/QN 
add mapped point u_DCT/acf/ACC1/adder2/APreS2[6]/q u_DCT/acf/ACC1_adder2_APreS2_reg[6]/Q 
add mapped point u_DCT/acf/ACC1/adder2/APreS2[6]/q u_DCT/acf/ACC1_adder2_APreS2_reg[6]/QN 
add mapped point u_DCT/acf/ACC1/adder2/APreS2[7]/q u_DCT/acf/ACC1_adder2_APreS2_reg[7]/Q 
add mapped point u_DCT/acf/ACC1/adder2/APreS2[7]/q u_DCT/acf/ACC1_adder2_APreS2_reg[7]/QN 
add mapped point u_DCT/acf/ACC1/adder2/APreS2[8]/q u_DCT/acf/ACC1_adder2_APreS2_reg[8]/Q 
add mapped point u_DCT/acf/ACC1/adder2/APreS2[8]/q u_DCT/acf/ACC1_adder2_APreS2_reg[8]/QN 
add mapped point u_DCT/acf/ACC2/Z2[0]/q u_DCT/acf/ACC2_Z2_reg[0]/Q 
add mapped point u_DCT/acf/ACC2/Z2[0]/q u_DCT/acf/ACC2_Z2_reg[0]/QN 
add mapped point u_DCT/acf/ACC2/Z2[1]/q u_DCT/acf/ACC2_Z2_reg[1]/Q 
add mapped point u_DCT/acf/ACC2/Z2[1]/q u_DCT/acf/ACC2_Z2_reg[1]/QN 
add mapped point u_DCT/acf/ACC2/Z2[2]/q u_DCT/acf/ACC2_Z2_reg[2]/Q 
add mapped point u_DCT/acf/ACC2/Z2[2]/q u_DCT/acf/ACC2_Z2_reg[2]/QN 
add mapped point u_DCT/acf/ACC2/Z2[3]/q u_DCT/acf/ACC2_Z2_reg[3]/Q 
add mapped point u_DCT/acf/ACC2/Z2[3]/q u_DCT/acf/ACC2_Z2_reg[3]/QN 
add mapped point u_DCT/acf/ACC2/Z2[4]/q u_DCT/acf/ACC2_Z2_reg[4]/Q 
add mapped point u_DCT/acf/ACC2/Z2[4]/q u_DCT/acf/ACC2_Z2_reg[4]/QN 
add mapped point u_DCT/acf/ACC2/Z2[5]/q u_DCT/acf/ACC2_Z2_reg[5]/Q 
add mapped point u_DCT/acf/ACC2/Z2[5]/q u_DCT/acf/ACC2_Z2_reg[5]/QN 
add mapped point u_DCT/acf/ACC2/Z2[6]/q u_DCT/acf/ACC2_Z2_reg[6]/Q 
add mapped point u_DCT/acf/ACC2/Z2[6]/q u_DCT/acf/ACC2_Z2_reg[6]/QN 
add mapped point u_DCT/acf/ACC2/Z2[7]/q u_DCT/acf/ACC2_Z2_reg[7]/Q 
add mapped point u_DCT/acf/ACC2/Z2[7]/q u_DCT/acf/ACC2_Z2_reg[7]/QN 
add mapped point u_DCT/acf/ACC2/Z2[8]/q u_DCT/acf/ACC2_Z2_reg[8]/Q 
add mapped point u_DCT/acf/ACC2/Z2[8]/q u_DCT/acf/ACC2_Z2_reg[8]/QN 
add mapped point u_DCT/acf/ACC2/Z2[9]/q u_DCT/acf/ACC2_Z2_reg[9]/Q 
add mapped point u_DCT/acf/ACC2/Z2[9]/q u_DCT/acf/ACC2_Z2_reg[9]/QN 
add mapped point u_DCT/acf/ACC2/Z2[10]/q u_DCT/acf/ACC2_Z2_reg[10]/Q 
add mapped point u_DCT/acf/ACC2/Z2[10]/q u_DCT/acf/ACC2_Z2_reg[10]/QN 
add mapped point u_DCT/acf/ACC2/adder2/APreS2[0]/q u_DCT/acf/ACC2_adder2_APreS2_reg[0]/Q 
add mapped point u_DCT/acf/ACC2/adder2/APreS2[0]/q u_DCT/acf/ACC2_adder2_APreS2_reg[0]/QN 
add mapped point u_DCT/acf/ACC2/adder2/APreS2[1]/q u_DCT/acf/ACC2_adder2_APreS2_reg[1]/Q 
add mapped point u_DCT/acf/ACC2/adder2/APreS2[1]/q u_DCT/acf/ACC2_adder2_APreS2_reg[1]/QN 
add mapped point u_DCT/acf/ACC2/adder2/APreS2[2]/q u_DCT/acf/ACC2_adder2_APreS2_reg[2]/Q 
add mapped point u_DCT/acf/ACC2/adder2/APreS2[2]/q u_DCT/acf/ACC2_adder2_APreS2_reg[2]/QN 
add mapped point u_DCT/acf/ACC2/adder2/APreS2[3]/q u_DCT/acf/ACC2_adder2_APreS2_reg[3]/Q 
add mapped point u_DCT/acf/ACC2/adder2/APreS2[3]/q u_DCT/acf/ACC2_adder2_APreS2_reg[3]/QN 
add mapped point u_DCT/acf/ACC2/adder2/APreS2[4]/q u_DCT/acf/ACC2_adder2_APreS2_reg[4]/Q 
add mapped point u_DCT/acf/ACC2/adder2/APreS2[4]/q u_DCT/acf/ACC2_adder2_APreS2_reg[4]/QN 
add mapped point u_DCT/acf/ACC2/adder2/APreS2[5]/q u_DCT/acf/ACC2_adder2_APreS2_reg[5]/Q 
add mapped point u_DCT/acf/ACC2/adder2/APreS2[5]/q u_DCT/acf/ACC2_adder2_APreS2_reg[5]/QN 
add mapped point u_DCT/acf/ACC2/adder2/APreS2[6]/q u_DCT/acf/ACC2_adder2_APreS2_reg[6]/Q 
add mapped point u_DCT/acf/ACC2/adder2/APreS2[6]/q u_DCT/acf/ACC2_adder2_APreS2_reg[6]/QN 
add mapped point u_DCT/acf/ACC2/adder2/APreS2[7]/q u_DCT/acf/ACC2_adder2_APreS2_reg[7]/Q 
add mapped point u_DCT/acf/ACC2/adder2/APreS2[7]/q u_DCT/acf/ACC2_adder2_APreS2_reg[7]/QN 
add mapped point u_DCT/acf/ACC2/adder2/APreS2[8]/q u_DCT/acf/ACC2_adder2_APreS2_reg[8]/Q 
add mapped point u_DCT/acf/ACC2/adder2/APreS2[8]/q u_DCT/acf/ACC2_adder2_APreS2_reg[8]/QN 
add mapped point u_DCT/acf/ACC3/Z2[0]/q u_DCT/acf/ACC3_Z2_reg[0]/Q 
add mapped point u_DCT/acf/ACC3/Z2[0]/q u_DCT/acf/ACC3_Z2_reg[0]/QN 
add mapped point u_DCT/acf/ACC3/Z2[1]/q u_DCT/acf/ACC3_Z2_reg[1]/Q 
add mapped point u_DCT/acf/ACC3/Z2[1]/q u_DCT/acf/ACC3_Z2_reg[1]/QN 
add mapped point u_DCT/acf/ACC3/Z2[2]/q u_DCT/acf/ACC3_Z2_reg[2]/Q 
add mapped point u_DCT/acf/ACC3/Z2[2]/q u_DCT/acf/ACC3_Z2_reg[2]/QN 
add mapped point u_DCT/acf/ACC3/Z2[3]/q u_DCT/acf/ACC3_Z2_reg[3]/Q 
add mapped point u_DCT/acf/ACC3/Z2[3]/q u_DCT/acf/ACC3_Z2_reg[3]/QN 
add mapped point u_DCT/acf/ACC3/Z2[4]/q u_DCT/acf/ACC3_Z2_reg[4]/Q 
add mapped point u_DCT/acf/ACC3/Z2[4]/q u_DCT/acf/ACC3_Z2_reg[4]/QN 
add mapped point u_DCT/acf/ACC3/Z2[5]/q u_DCT/acf/ACC3_Z2_reg[5]/Q 
add mapped point u_DCT/acf/ACC3/Z2[5]/q u_DCT/acf/ACC3_Z2_reg[5]/QN 
add mapped point u_DCT/acf/ACC3/Z2[6]/q u_DCT/acf/ACC3_Z2_reg[6]/Q 
add mapped point u_DCT/acf/ACC3/Z2[6]/q u_DCT/acf/ACC3_Z2_reg[6]/QN 
add mapped point u_DCT/acf/ACC3/Z2[7]/q u_DCT/acf/ACC3_Z2_reg[7]/Q 
add mapped point u_DCT/acf/ACC3/Z2[7]/q u_DCT/acf/ACC3_Z2_reg[7]/QN 
add mapped point u_DCT/acf/ACC3/Z2[8]/q u_DCT/acf/ACC3_Z2_reg[8]/Q 
add mapped point u_DCT/acf/ACC3/Z2[8]/q u_DCT/acf/ACC3_Z2_reg[8]/QN 
add mapped point u_DCT/acf/ACC3/Z2[9]/q u_DCT/acf/ACC3_Z2_reg[9]/Q 
add mapped point u_DCT/acf/ACC3/Z2[9]/q u_DCT/acf/ACC3_Z2_reg[9]/QN 
add mapped point u_DCT/acf/ACC3/Z2[10]/q u_DCT/acf/ACC3_Z2_reg[10]/Q 
add mapped point u_DCT/acf/ACC3/Z2[10]/q u_DCT/acf/ACC3_Z2_reg[10]/QN 
add mapped point u_DCT/acf/ACC3/adder2/APreS2[0]/q u_DCT/acf/ACC3_adder2_APreS2_reg[0]/Q 
add mapped point u_DCT/acf/ACC3/adder2/APreS2[0]/q u_DCT/acf/ACC3_adder2_APreS2_reg[0]/QN 
add mapped point u_DCT/acf/ACC3/adder2/APreS2[1]/q u_DCT/acf/ACC3_adder2_APreS2_reg[1]/Q 
add mapped point u_DCT/acf/ACC3/adder2/APreS2[1]/q u_DCT/acf/ACC3_adder2_APreS2_reg[1]/QN 
add mapped point u_DCT/acf/ACC3/adder2/APreS2[2]/q u_DCT/acf/ACC3_adder2_APreS2_reg[2]/Q 
add mapped point u_DCT/acf/ACC3/adder2/APreS2[2]/q u_DCT/acf/ACC3_adder2_APreS2_reg[2]/QN 
add mapped point u_DCT/acf/ACC3/adder2/APreS2[3]/q u_DCT/acf/ACC3_adder2_APreS2_reg[3]/Q 
add mapped point u_DCT/acf/ACC3/adder2/APreS2[3]/q u_DCT/acf/ACC3_adder2_APreS2_reg[3]/QN 
add mapped point u_DCT/acf/ACC3/adder2/APreS2[4]/q u_DCT/acf/ACC3_adder2_APreS2_reg[4]/Q 
add mapped point u_DCT/acf/ACC3/adder2/APreS2[4]/q u_DCT/acf/ACC3_adder2_APreS2_reg[4]/QN 
add mapped point u_DCT/acf/ACC3/adder2/APreS2[5]/q u_DCT/acf/ACC3_adder2_APreS2_reg[5]/Q 
add mapped point u_DCT/acf/ACC3/adder2/APreS2[5]/q u_DCT/acf/ACC3_adder2_APreS2_reg[5]/QN 
add mapped point u_DCT/acf/ACC3/adder2/APreS2[6]/q u_DCT/acf/ACC3_adder2_APreS2_reg[6]/Q 
add mapped point u_DCT/acf/ACC3/adder2/APreS2[6]/q u_DCT/acf/ACC3_adder2_APreS2_reg[6]/QN 
add mapped point u_DCT/acf/ACC3/adder2/APreS2[7]/q u_DCT/acf/ACC3_adder2_APreS2_reg[7]/Q 
add mapped point u_DCT/acf/ACC3/adder2/APreS2[7]/q u_DCT/acf/ACC3_adder2_APreS2_reg[7]/QN 
add mapped point u_DCT/acf/ACC3/adder2/APreS2[8]/q u_DCT/acf/ACC3_adder2_APreS2_reg[8]/Q 
add mapped point u_DCT/acf/ACC3/adder2/APreS2[8]/q u_DCT/acf/ACC3_adder2_APreS2_reg[8]/QN 
add mapped point u_DCT/acf/Count[0]/q u_DCT/acf/Count_reg[0]/Q 
add mapped point u_DCT/acf/Count[0]/q u_DCT/acf/Count_reg[0]/QN 
add mapped point u_DCT/acf/Count[1]/q u_DCT/acf/Count_reg[1]/Q 
add mapped point u_DCT/acf/Count[1]/q u_DCT/acf/Count_reg[1]/QN 
add mapped point  u_DCT/acf/mult_a_R_reg[2][18]/Q 
add mapped point  u_DCT/acf/mult_a_R_reg[2][18]/QN 
add mapped point  u_DCT/acf/mult_a_R_reg[2][16]/Q 
add mapped point  u_DCT/acf/mult_a_R_reg[2][16]/QN 
add mapped point  u_DCT/acf/mult_a_R_reg[2][20]/Q 
add mapped point  u_DCT/acf/mult_a_R_reg[2][20]/QN 
add mapped point  u_DCT/acf/mult_a_R_reg[2][22]/Q 
add mapped point  u_DCT/acf/mult_a_R_reg[2][22]/QN 
add mapped point  u_DCT/acf/mult_a_R_reg[2][14]/Q 
add mapped point  u_DCT/acf/mult_a_R_reg[2][14]/QN 
add mapped point  u_DCT/acf/mult_a_R_reg[2][24]/Q 
add mapped point  u_DCT/acf/mult_a_R_reg[2][24]/QN 
add mapped point  u_DCT/acf/mult_a_R_reg[2][23]/Q 
add mapped point  u_DCT/acf/mult_a_R_reg[2][23]/QN 
add mapped point  u_DCT/acf/mult_a_R_reg[2][21]/Q 
add mapped point  u_DCT/acf/mult_a_R_reg[2][21]/QN 
add mapped point  u_DCT/acf/mult_a_R_reg[2][19]/Q 
add mapped point  u_DCT/acf/mult_a_R_reg[2][19]/QN 
add mapped point  u_DCT/acf/mult_a_R_reg[2][17]/Q 
add mapped point  u_DCT/acf/mult_a_R_reg[2][17]/QN 
add mapped point  u_DCT/acf/mult_a_R_reg[2][15]/Q 
add mapped point  u_DCT/acf/mult_a_R_reg[2][15]/QN 
add mapped point  u_DCT/acf/mult_a_R_reg[2][13]/Q 
add mapped point  u_DCT/acf/mult_a_R_reg[2][13]/QN 
add mapped point  u_DCT/acf/mult_a_R_reg[2][12]/Q 
add mapped point  u_DCT/acf/mult_a_R_reg[2][12]/QN 
add mapped point  u_DCT/acf/mult_a_R_reg[2][11]/Q 
add mapped point  u_DCT/acf/mult_a_R_reg[2][11]/QN 
add mapped point  u_DCT/acf/mult_a_R_reg[2][10]/Q 
add mapped point  u_DCT/acf/mult_a_R_reg[2][10]/QN 
add mapped point  u_DCT/acf/mult_a_R_reg[2][9]/Q 
add mapped point  u_DCT/acf/mult_a_R_reg[2][9]/QN 
add mapped point  u_DCT/acf/mult_a_R_reg[2][8]/Q 
add mapped point  u_DCT/acf/mult_a_R_reg[2][8]/QN 
add mapped point  u_DCT/acf/mult_a_R_reg[2][7]/Q 
add mapped point  u_DCT/acf/mult_a_R_reg[2][7]/QN 
add mapped point  u_DCT/acf/mult_a_R_reg[2][6]/Q 
add mapped point  u_DCT/acf/mult_a_R_reg[2][6]/QN 
add mapped point  u_DCT/acf/mult_a_R_reg[2][5]/Q 
add mapped point  u_DCT/acf/mult_a_R_reg[2][5]/QN 
add mapped point u_DCT/acf/mult_a_retime_s1_12_reg/Q u_DCT/acf/mult_a_retime_s1_12_reg/Q 
add mapped point u_DCT/acf/mult_a_retime_s1_12_reg/QN u_DCT/acf/mult_a_retime_s1_12_reg/QN 
add mapped point u_DCT/acf/mult_a_retime_s1_20_reg/Q u_DCT/acf/mult_a_retime_s1_20_reg/Q 
add mapped point u_DCT/acf/mult_a_retime_s1_20_reg/QN u_DCT/acf/mult_a_retime_s1_20_reg/QN 
add mapped point u_DCT/acf/mult_a_retime_s1_8_reg/Q u_DCT/acf/mult_a_retime_s1_8_reg/Q 
add mapped point u_DCT/acf/mult_a_retime_s1_8_reg/QN u_DCT/acf/mult_a_retime_s1_8_reg/QN 
add mapped point u_DCT/acf/mult_a_retime_s1_1_reg/Q u_DCT/acf/mult_a_retime_s1_1_reg/Q 
add mapped point u_DCT/acf/mult_a_retime_s1_1_reg/QN u_DCT/acf/mult_a_retime_s1_1_reg/QN 
add mapped point u_DCT/acf/mult_a_retime_s1_24_reg/Q u_DCT/acf/mult_a_retime_s1_24_reg/Q 
add mapped point u_DCT/acf/mult_a_retime_s1_24_reg/QN u_DCT/acf/mult_a_retime_s1_24_reg/QN 
add mapped point u_DCT/acf/mult_a_retime_s1_9_reg/Q u_DCT/acf/mult_a_retime_s1_9_reg/Q 
add mapped point u_DCT/acf/mult_a_retime_s1_9_reg/QN u_DCT/acf/mult_a_retime_s1_9_reg/QN 
add mapped point u_DCT/acf/mult_a_retime_s1_19_reg/Q u_DCT/acf/mult_a_retime_s1_19_reg/Q 
add mapped point u_DCT/acf/mult_a_retime_s1_19_reg/QN u_DCT/acf/mult_a_retime_s1_19_reg/QN 
add mapped point u_DCT/acf/mult_a_retime_s1_22_reg/Q u_DCT/acf/mult_a_retime_s1_22_reg/Q 
add mapped point u_DCT/acf/mult_a_retime_s1_22_reg/QN u_DCT/acf/mult_a_retime_s1_22_reg/QN 
add mapped point u_DCT/acf/mult_a_retime_s1_2_reg/Q u_DCT/acf/mult_a_retime_s1_2_reg/Q 
add mapped point u_DCT/acf/mult_a_retime_s1_2_reg/QN u_DCT/acf/mult_a_retime_s1_2_reg/QN 
add mapped point u_DCT/acf/mult_a_retime_s1_17_reg/Q u_DCT/acf/mult_a_retime_s1_17_reg/Q 
add mapped point u_DCT/acf/mult_a_retime_s1_17_reg/QN u_DCT/acf/mult_a_retime_s1_17_reg/QN 
add mapped point u_DCT/acf/mult_a_retime_s1_10_reg/Q u_DCT/acf/mult_a_retime_s1_10_reg/Q 
add mapped point u_DCT/acf/mult_a_retime_s1_10_reg/QN u_DCT/acf/mult_a_retime_s1_10_reg/QN 
add mapped point u_DCT/acf/mult_a_retime_s1_26_reg/Q u_DCT/acf/mult_a_retime_s1_26_reg/Q 
add mapped point u_DCT/acf/mult_a_retime_s1_26_reg/QN u_DCT/acf/mult_a_retime_s1_26_reg/QN 
add mapped point u_DCT/acf/mult_a_retime_s1_11_reg/Q u_DCT/acf/mult_a_retime_s1_11_reg/Q 
add mapped point u_DCT/acf/mult_a_retime_s1_11_reg/QN u_DCT/acf/mult_a_retime_s1_11_reg/QN 
add mapped point u_DCT/acf/mult_a_retime_s1_23_reg/Q u_DCT/acf/mult_a_retime_s1_23_reg/Q 
add mapped point u_DCT/acf/mult_a_retime_s1_23_reg/QN u_DCT/acf/mult_a_retime_s1_23_reg/QN 
add mapped point u_DCT/acf/mult_a_retime_s1_21_reg/Q u_DCT/acf/mult_a_retime_s1_21_reg/Q 
add mapped point u_DCT/acf/mult_a_retime_s1_21_reg/QN u_DCT/acf/mult_a_retime_s1_21_reg/QN 
add mapped point u_DCT/acf/mult_a_retime_s1_4_reg/Q u_DCT/acf/mult_a_retime_s1_4_reg/Q 
add mapped point u_DCT/acf/mult_a_retime_s1_4_reg/QN u_DCT/acf/mult_a_retime_s1_4_reg/QN 
add mapped point u_DCT/acf/mult_a_retime_s1_5_reg/Q u_DCT/acf/mult_a_retime_s1_5_reg/Q 
add mapped point u_DCT/acf/mult_a_retime_s1_5_reg/QN u_DCT/acf/mult_a_retime_s1_5_reg/QN 
add mapped point u_DCT/acf/mult_a_retime_s1_3_reg/Q u_DCT/acf/mult_a_retime_s1_3_reg/Q 
add mapped point u_DCT/acf/mult_a_retime_s1_3_reg/QN u_DCT/acf/mult_a_retime_s1_3_reg/QN 
add mapped point u_DCT/acf/mult_a_retime_s1_13_reg/Q u_DCT/acf/mult_a_retime_s1_13_reg/Q 
add mapped point u_DCT/acf/mult_a_retime_s1_13_reg/QN u_DCT/acf/mult_a_retime_s1_13_reg/QN 
add mapped point u_DCT/acf/mult_a_retime_s1_6_reg/Q u_DCT/acf/mult_a_retime_s1_6_reg/Q 
add mapped point u_DCT/acf/mult_a_retime_s1_6_reg/QN u_DCT/acf/mult_a_retime_s1_6_reg/QN 
add mapped point  u_DCT/acf/mult_c_R_reg[2][25]/Q 
add mapped point  u_DCT/acf/mult_c_R_reg[2][25]/QN 
add mapped point  u_DCT/acf/mult_c_R_reg[2][24]/Q 
add mapped point  u_DCT/acf/mult_c_R_reg[2][24]/QN 
add mapped point  u_DCT/acf/mult_c_R_reg[2][23]/Q 
add mapped point  u_DCT/acf/mult_c_R_reg[2][23]/QN 
add mapped point  u_DCT/acf/mult_c_R_reg[2][22]/Q 
add mapped point  u_DCT/acf/mult_c_R_reg[2][22]/QN 
add mapped point  u_DCT/acf/mult_c_R_reg[2][21]/Q 
add mapped point  u_DCT/acf/mult_c_R_reg[2][21]/QN 
add mapped point  u_DCT/acf/mult_c_R_reg[2][20]/Q 
add mapped point  u_DCT/acf/mult_c_R_reg[2][20]/QN 
add mapped point  u_DCT/acf/mult_c_R_reg[2][19]/Q 
add mapped point  u_DCT/acf/mult_c_R_reg[2][19]/QN 
add mapped point  u_DCT/acf/mult_c_R_reg[2][18]/Q 
add mapped point  u_DCT/acf/mult_c_R_reg[2][18]/QN 
add mapped point  u_DCT/acf/mult_c_R_reg[2][17]/Q 
add mapped point  u_DCT/acf/mult_c_R_reg[2][17]/QN 
add mapped point  u_DCT/acf/mult_c_R_reg[2][16]/Q 
add mapped point  u_DCT/acf/mult_c_R_reg[2][16]/QN 
add mapped point  u_DCT/acf/mult_c_R_reg[2][15]/Q 
add mapped point  u_DCT/acf/mult_c_R_reg[2][15]/QN 
add mapped point  u_DCT/acf/mult_c_R_reg[2][14]/Q 
add mapped point  u_DCT/acf/mult_c_R_reg[2][14]/QN 
add mapped point  u_DCT/acf/mult_c_R_reg[2][13]/Q 
add mapped point  u_DCT/acf/mult_c_R_reg[2][13]/QN 
add mapped point  u_DCT/acf/mult_c_R_reg[2][12]/Q 
add mapped point  u_DCT/acf/mult_c_R_reg[2][12]/QN 
add mapped point  u_DCT/acf/mult_c_R_reg[2][11]/Q 
add mapped point  u_DCT/acf/mult_c_R_reg[2][11]/QN 
add mapped point  u_DCT/acf/mult_c_R_reg[2][10]/Q 
add mapped point  u_DCT/acf/mult_c_R_reg[2][10]/QN 
add mapped point  u_DCT/acf/mult_c_R_reg[2][9]/Q 
add mapped point  u_DCT/acf/mult_c_R_reg[2][9]/QN 
add mapped point  u_DCT/acf/mult_c_R_reg[2][8]/Q 
add mapped point  u_DCT/acf/mult_c_R_reg[2][8]/QN 
add mapped point  u_DCT/acf/mult_c_R_reg[2][7]/Q 
add mapped point  u_DCT/acf/mult_c_R_reg[2][7]/QN 
add mapped point  u_DCT/acf/mult_c_R_reg[2][6]/Q 
add mapped point  u_DCT/acf/mult_c_R_reg[2][6]/QN 
add mapped point u_DCT/acf/mult_c_retime_s1_3_reg/Q u_DCT/acf/mult_c_retime_s1_3_reg/Q 
add mapped point u_DCT/acf/mult_c_retime_s1_3_reg/QN u_DCT/acf/mult_c_retime_s1_3_reg/QN 
add mapped point u_DCT/acf/mult_c_retime_s1_25_reg/Q u_DCT/acf/mult_c_retime_s1_25_reg/Q 
add mapped point u_DCT/acf/mult_c_retime_s1_25_reg/QN u_DCT/acf/mult_c_retime_s1_25_reg/QN 
add mapped point u_DCT/acf/mult_c_retime_s1_16_reg/Q u_DCT/acf/mult_c_retime_s1_16_reg/Q 
add mapped point u_DCT/acf/mult_c_retime_s1_16_reg/QN u_DCT/acf/mult_c_retime_s1_16_reg/QN 
add mapped point u_DCT/acf/mult_c_retime_s1_11_reg/Q u_DCT/acf/mult_c_retime_s1_11_reg/Q 
add mapped point u_DCT/acf/mult_c_retime_s1_11_reg/QN u_DCT/acf/mult_c_retime_s1_11_reg/QN 
add mapped point u_DCT/acf/mult_c_retime_s1_1_reg/Q u_DCT/acf/mult_c_retime_s1_1_reg/Q 
add mapped point u_DCT/acf/mult_c_retime_s1_1_reg/QN u_DCT/acf/mult_c_retime_s1_1_reg/QN 
add mapped point u_DCT/acf/mult_c_retime_s1_2_reg/Q u_DCT/acf/mult_c_retime_s1_2_reg/Q 
add mapped point u_DCT/acf/mult_c_retime_s1_2_reg/QN u_DCT/acf/mult_c_retime_s1_2_reg/QN 
add mapped point u_DCT/acf/mult_c_retime_s1_21_reg/Q u_DCT/acf/mult_c_retime_s1_21_reg/Q 
add mapped point u_DCT/acf/mult_c_retime_s1_21_reg/QN u_DCT/acf/mult_c_retime_s1_21_reg/QN 
add mapped point u_DCT/acf/mult_c_retime_s1_7_reg/Q u_DCT/acf/mult_c_retime_s1_7_reg/Q 
add mapped point u_DCT/acf/mult_c_retime_s1_7_reg/QN u_DCT/acf/mult_c_retime_s1_7_reg/QN 
add mapped point u_DCT/acf/mult_c_retime_s1_19_reg/Q u_DCT/acf/mult_c_retime_s1_19_reg/Q 
add mapped point u_DCT/acf/mult_c_retime_s1_19_reg/QN u_DCT/acf/mult_c_retime_s1_19_reg/QN 
add mapped point u_DCT/acf/mult_c_retime_s1_23_reg/Q u_DCT/acf/mult_c_retime_s1_23_reg/Q 
add mapped point u_DCT/acf/mult_c_retime_s1_23_reg/QN u_DCT/acf/mult_c_retime_s1_23_reg/QN 
add mapped point u_DCT/acf/mult_c_retime_s1_9_reg/Q u_DCT/acf/mult_c_retime_s1_9_reg/Q 
add mapped point u_DCT/acf/mult_c_retime_s1_9_reg/QN u_DCT/acf/mult_c_retime_s1_9_reg/QN 
add mapped point u_DCT/acf/mult_c_retime_s1_10_reg/Q u_DCT/acf/mult_c_retime_s1_10_reg/Q 
add mapped point u_DCT/acf/mult_c_retime_s1_10_reg/QN u_DCT/acf/mult_c_retime_s1_10_reg/QN 
add mapped point u_DCT/acf/mult_c_retime_s1_18_reg/Q u_DCT/acf/mult_c_retime_s1_18_reg/Q 
add mapped point u_DCT/acf/mult_c_retime_s1_18_reg/QN u_DCT/acf/mult_c_retime_s1_18_reg/QN 
add mapped point u_DCT/acf/mult_c_retime_s1_17_reg/Q u_DCT/acf/mult_c_retime_s1_17_reg/Q 
add mapped point u_DCT/acf/mult_c_retime_s1_17_reg/QN u_DCT/acf/mult_c_retime_s1_17_reg/QN 
add mapped point u_DCT/acf/mult_c_retime_s1_5_reg/Q u_DCT/acf/mult_c_retime_s1_5_reg/Q 
add mapped point u_DCT/acf/mult_c_retime_s1_5_reg/QN u_DCT/acf/mult_c_retime_s1_5_reg/QN 
add mapped point u_DCT/acf/mult_c_retime_s1_24_reg/Q u_DCT/acf/mult_c_retime_s1_24_reg/Q 
add mapped point u_DCT/acf/mult_c_retime_s1_24_reg/QN u_DCT/acf/mult_c_retime_s1_24_reg/QN 
add mapped point u_DCT/acf/mult_c_retime_s1_6_reg/Q u_DCT/acf/mult_c_retime_s1_6_reg/Q 
add mapped point u_DCT/acf/mult_c_retime_s1_6_reg/QN u_DCT/acf/mult_c_retime_s1_6_reg/QN 
add mapped point u_DCT/acf/mult_c_retime_s1_20_reg/Q u_DCT/acf/mult_c_retime_s1_20_reg/Q 
add mapped point u_DCT/acf/mult_c_retime_s1_20_reg/QN u_DCT/acf/mult_c_retime_s1_20_reg/QN 
add mapped point u_DCT/acf/mult_c_retime_s1_13_reg/Q u_DCT/acf/mult_c_retime_s1_13_reg/Q 
add mapped point u_DCT/acf/mult_c_retime_s1_13_reg/QN u_DCT/acf/mult_c_retime_s1_13_reg/QN 
add mapped point u_DCT/acf/mult_c_retime_s1_14_reg/Q u_DCT/acf/mult_c_retime_s1_14_reg/Q 
add mapped point u_DCT/acf/mult_c_retime_s1_14_reg/QN u_DCT/acf/mult_c_retime_s1_14_reg/QN 
add mapped point  u_DCT/acf/mult_f_R_reg[2][27]/Q 
add mapped point  u_DCT/acf/mult_f_R_reg[2][27]/QN 
add mapped point  u_DCT/acf/mult_f_R_reg[2][26]/Q 
add mapped point  u_DCT/acf/mult_f_R_reg[2][26]/QN 
add mapped point  u_DCT/acf/mult_f_R_reg[2][25]/Q 
add mapped point  u_DCT/acf/mult_f_R_reg[2][25]/QN 
add mapped point  u_DCT/acf/mult_f_R_reg[2][24]/Q 
add mapped point  u_DCT/acf/mult_f_R_reg[2][24]/QN 
add mapped point  u_DCT/acf/mult_f_R_reg[2][23]/Q 
add mapped point  u_DCT/acf/mult_f_R_reg[2][23]/QN 
add mapped point  u_DCT/acf/mult_f_R_reg[2][22]/Q 
add mapped point  u_DCT/acf/mult_f_R_reg[2][22]/QN 
add mapped point  u_DCT/acf/mult_f_R_reg[2][21]/Q 
add mapped point  u_DCT/acf/mult_f_R_reg[2][21]/QN 
add mapped point  u_DCT/acf/mult_f_R_reg[2][20]/Q 
add mapped point  u_DCT/acf/mult_f_R_reg[2][20]/QN 
add mapped point  u_DCT/acf/mult_f_R_reg[2][19]/Q 
add mapped point  u_DCT/acf/mult_f_R_reg[2][19]/QN 
add mapped point  u_DCT/acf/mult_f_R_reg[2][18]/Q 
add mapped point  u_DCT/acf/mult_f_R_reg[2][18]/QN 
add mapped point  u_DCT/acf/mult_f_R_reg[2][17]/Q 
add mapped point  u_DCT/acf/mult_f_R_reg[2][17]/QN 
add mapped point  u_DCT/acf/mult_f_R_reg[2][15]/Q 
add mapped point  u_DCT/acf/mult_f_R_reg[2][15]/QN 
add mapped point  u_DCT/acf/mult_f_R_reg[2][14]/Q 
add mapped point  u_DCT/acf/mult_f_R_reg[2][14]/QN 
add mapped point  u_DCT/acf/mult_f_R_reg[2][13]/Q 
add mapped point  u_DCT/acf/mult_f_R_reg[2][13]/QN 
add mapped point  u_DCT/acf/mult_f_R_reg[2][12]/Q 
add mapped point  u_DCT/acf/mult_f_R_reg[2][12]/QN 
add mapped point  u_DCT/acf/mult_f_R_reg[2][11]/Q 
add mapped point  u_DCT/acf/mult_f_R_reg[2][11]/QN 
add mapped point  u_DCT/acf/mult_f_R_reg[2][16]/Q 
add mapped point  u_DCT/acf/mult_f_R_reg[2][16]/QN 
add mapped point u_DCT/acf/mult_f_retime_s1_14_reg/Q u_DCT/acf/mult_f_retime_s1_14_reg/Q 
add mapped point u_DCT/acf/mult_f_retime_s1_14_reg/QN u_DCT/acf/mult_f_retime_s1_14_reg/QN 
add mapped point u_DCT/acf/mult_f_retime_s1_33_reg/Q u_DCT/acf/mult_f_retime_s1_33_reg/Q 
add mapped point u_DCT/acf/mult_f_retime_s1_33_reg/QN u_DCT/acf/mult_f_retime_s1_33_reg/QN 
add mapped point u_DCT/acf/mult_f_retime_s1_16_reg/Q u_DCT/acf/mult_f_retime_s1_16_reg/Q 
add mapped point u_DCT/acf/mult_f_retime_s1_16_reg/QN u_DCT/acf/mult_f_retime_s1_16_reg/QN 
add mapped point u_DCT/acf/mult_f_retime_s1_17_reg/Q u_DCT/acf/mult_f_retime_s1_17_reg/Q 
add mapped point u_DCT/acf/mult_f_retime_s1_17_reg/QN u_DCT/acf/mult_f_retime_s1_17_reg/QN 
add mapped point u_DCT/acf/mult_f_retime_s1_8_reg/Q u_DCT/acf/mult_f_retime_s1_8_reg/Q 
add mapped point u_DCT/acf/mult_f_retime_s1_8_reg/QN u_DCT/acf/mult_f_retime_s1_8_reg/QN 
add mapped point u_DCT/acf/mult_f_retime_s1_4_reg/Q u_DCT/acf/mult_f_retime_s1_4_reg/Q 
add mapped point u_DCT/acf/mult_f_retime_s1_4_reg/QN u_DCT/acf/mult_f_retime_s1_4_reg/QN 
add mapped point u_DCT/acf/mult_f_retime_s1_10_reg/Q u_DCT/acf/mult_f_retime_s1_10_reg/Q 
add mapped point u_DCT/acf/mult_f_retime_s1_10_reg/QN u_DCT/acf/mult_f_retime_s1_10_reg/QN 
add mapped point u_DCT/acf/mult_f_retime_s1_2_reg/Q u_DCT/acf/mult_f_retime_s1_2_reg/Q 
add mapped point u_DCT/acf/mult_f_retime_s1_2_reg/QN u_DCT/acf/mult_f_retime_s1_2_reg/QN 
add mapped point u_DCT/acf/mult_f_retime_s1_25_reg/Q u_DCT/acf/mult_f_retime_s1_25_reg/Q 
add mapped point u_DCT/acf/mult_f_retime_s1_25_reg/QN u_DCT/acf/mult_f_retime_s1_25_reg/QN 
add mapped point u_DCT/acf/mult_f_retime_s1_5_reg/Q u_DCT/acf/mult_f_retime_s1_5_reg/Q 
add mapped point u_DCT/acf/mult_f_retime_s1_5_reg/QN u_DCT/acf/mult_f_retime_s1_5_reg/QN 
add mapped point u_DCT/acf/mult_f_retime_s1_12_reg/Q u_DCT/acf/mult_f_retime_s1_12_reg/Q 
add mapped point u_DCT/acf/mult_f_retime_s1_12_reg/QN u_DCT/acf/mult_f_retime_s1_12_reg/QN 
add mapped point u_DCT/bdeg/mult_b_mixed_mult_1_12/retime_s1_2_reg/Q u_DCT/bdeg/mult_b_mixed_mult_1_12/retime_s1_2_reg/Q 
add mapped point u_DCT/bdeg/mult_b_mixed_mult_1_12/retime_s1_2_reg/QN u_DCT/bdeg/mult_b_mixed_mult_1_12/retime_s1_2_reg/QN 
add mapped point u_DCT/bdeg/mult_b_mixed_mult_1_12/retime_s1_5_reg/Q u_DCT/bdeg/mult_b_mixed_mult_1_12/retime_s1_5_reg/Q 
add mapped point u_DCT/bdeg/mult_b_mixed_mult_1_12/retime_s1_5_reg/QN u_DCT/bdeg/mult_b_mixed_mult_1_12/retime_s1_5_reg/QN 
add mapped point u_DCT/bdeg/mult_b_mixed_mult_1_12/retime_s1_10_reg/Q u_DCT/bdeg/mult_b_mixed_mult_1_12/retime_s1_10_reg/Q 
add mapped point u_DCT/bdeg/mult_b_mixed_mult_1_12/retime_s1_10_reg/QN u_DCT/bdeg/mult_b_mixed_mult_1_12/retime_s1_10_reg/QN 
add mapped point u_DCT/bdeg/mult_b_mixed_mult_1_12/retime_s1_11_reg/Q u_DCT/bdeg/mult_b_mixed_mult_1_12/retime_s1_11_reg/Q 
add mapped point u_DCT/bdeg/mult_b_mixed_mult_1_12/retime_s1_11_reg/QN u_DCT/bdeg/mult_b_mixed_mult_1_12/retime_s1_11_reg/QN 
add mapped point u_DCT/bdeg/mult_b_mixed_mult_1_12/retime_s1_13_reg/Q u_DCT/bdeg/mult_b_mixed_mult_1_12/retime_s1_13_reg/Q 
add mapped point u_DCT/bdeg/mult_b_mixed_mult_1_12/retime_s1_13_reg/QN u_DCT/bdeg/mult_b_mixed_mult_1_12/retime_s1_13_reg/QN 
add mapped point u_DCT/bdeg/mult_b_mixed_mult_1_12/retime_s1_14_reg/Q u_DCT/bdeg/mult_b_mixed_mult_1_12/retime_s1_14_reg/Q 
add mapped point u_DCT/bdeg/mult_b_mixed_mult_1_12/retime_s1_14_reg/QN u_DCT/bdeg/mult_b_mixed_mult_1_12/retime_s1_14_reg/QN 
add mapped point u_DCT/bdeg/mult_b_mixed_mult_1_12/retime_s1_15_reg/Q u_DCT/bdeg/mult_b_mixed_mult_1_12/retime_s1_15_reg/Q 
add mapped point u_DCT/bdeg/mult_b_mixed_mult_1_12/retime_s1_15_reg/QN u_DCT/bdeg/mult_b_mixed_mult_1_12/retime_s1_15_reg/QN 
add mapped point u_DCT/bdeg/mult_b_mixed_mult_1_12/retime_s1_16_reg/Q u_DCT/bdeg/mult_b_mixed_mult_1_12/retime_s1_16_reg/Q 
add mapped point u_DCT/bdeg/mult_b_mixed_mult_1_12/retime_s1_16_reg/QN u_DCT/bdeg/mult_b_mixed_mult_1_12/retime_s1_16_reg/QN 
add mapped point u_DCT/bdeg/mult_b_mixed_mult_1_12/retime_s1_18_reg/Q u_DCT/bdeg/mult_b_mixed_mult_1_12/retime_s1_18_reg/Q 
add mapped point u_DCT/bdeg/mult_b_mixed_mult_1_12/retime_s1_18_reg/QN u_DCT/bdeg/mult_b_mixed_mult_1_12/retime_s1_18_reg/QN 
add mapped point u_DCT/bdeg/mult_b_mixed_mult_1_12/retime_s1_20_reg/Q u_DCT/bdeg/mult_b_mixed_mult_1_12/retime_s1_20_reg/Q 
add mapped point u_DCT/bdeg/mult_b_mixed_mult_1_12/retime_s1_20_reg/QN u_DCT/bdeg/mult_b_mixed_mult_1_12/retime_s1_20_reg/QN 
add mapped point u_DCT/bdeg/mult_b_mixed_mult_1_12/retime_s1_22_reg/Q u_DCT/bdeg/mult_b_mixed_mult_1_12/retime_s1_22_reg/Q 
add mapped point u_DCT/bdeg/mult_b_mixed_mult_1_12/retime_s1_22_reg/QN u_DCT/bdeg/mult_b_mixed_mult_1_12/retime_s1_22_reg/QN 
add mapped point u_DCT/bdeg/mult_b_mixed_mult_1_12/retime_s1_25_reg/Q u_DCT/bdeg/mult_b_mixed_mult_1_12/retime_s1_25_reg/Q 
add mapped point u_DCT/bdeg/mult_b_mixed_mult_1_12/retime_s1_25_reg/QN u_DCT/bdeg/mult_b_mixed_mult_1_12/retime_s1_25_reg/QN 
add mapped point u_DCT/bdeg/mult_b_mixed_mult_1_12/retime_s1_27_reg/Q u_DCT/bdeg/mult_b_mixed_mult_1_12/retime_s1_27_reg/Q 
add mapped point u_DCT/bdeg/mult_b_mixed_mult_1_12/retime_s1_27_reg/QN u_DCT/bdeg/mult_b_mixed_mult_1_12/retime_s1_27_reg/QN 
add mapped point u_DCT/bdeg/mult_b_mixed_mult_1_12/retime_s1_28_reg/Q u_DCT/bdeg/mult_b_mixed_mult_1_12/retime_s1_28_reg/Q 
add mapped point u_DCT/bdeg/mult_b_mixed_mult_1_12/retime_s1_28_reg/QN u_DCT/bdeg/mult_b_mixed_mult_1_12/retime_s1_28_reg/QN 
add mapped point u_DCT/bdeg/mult_b_mixed_mult_1_12/retime_s1_29_reg/Q u_DCT/bdeg/mult_b_mixed_mult_1_12/retime_s1_29_reg/Q 
add mapped point u_DCT/bdeg/mult_b_mixed_mult_1_12/retime_s1_29_reg/QN u_DCT/bdeg/mult_b_mixed_mult_1_12/retime_s1_29_reg/QN 
add mapped point u_DCT/bdeg/mult_b_mixed_mult_1_12/retime_s1_30_reg/Q u_DCT/bdeg/mult_b_mixed_mult_1_12/retime_s1_30_reg/Q 
add mapped point u_DCT/bdeg/mult_b_mixed_mult_1_12/retime_s1_30_reg/QN u_DCT/bdeg/mult_b_mixed_mult_1_12/retime_s1_30_reg/QN 
add mapped point u_DCT/bdeg/mult_b_mixed_mult_1_12/retime_s2_1_reg/Q u_DCT/bdeg/mult_b_mixed_mult_1_12/retime_s2_1_reg/Q 
add mapped point u_DCT/bdeg/mult_b_mixed_mult_1_12/retime_s2_1_reg/QN u_DCT/bdeg/mult_b_mixed_mult_1_12/retime_s2_1_reg/QN 
add mapped point u_DCT/bdeg/mult_b_mixed_mult_1_12/retime_s2_2_reg/Q u_DCT/bdeg/mult_b_mixed_mult_1_12/retime_s2_2_reg/Q 
add mapped point u_DCT/bdeg/mult_b_mixed_mult_1_12/retime_s2_2_reg/QN u_DCT/bdeg/mult_b_mixed_mult_1_12/retime_s2_2_reg/QN 
add mapped point u_DCT/bdeg/mult_b_mixed_mult_1_12/retime_s2_3_reg/Q u_DCT/bdeg/mult_b_mixed_mult_1_12/retime_s2_3_reg/Q 
add mapped point u_DCT/bdeg/mult_b_mixed_mult_1_12/retime_s2_3_reg/QN u_DCT/bdeg/mult_b_mixed_mult_1_12/retime_s2_3_reg/QN 
add mapped point u_DCT/bdeg/mult_b_mixed_mult_1_12/retime_s2_4_reg/Q u_DCT/bdeg/mult_b_mixed_mult_1_12/retime_s2_4_reg/Q 
add mapped point u_DCT/bdeg/mult_b_mixed_mult_1_12/retime_s2_4_reg/QN u_DCT/bdeg/mult_b_mixed_mult_1_12/retime_s2_4_reg/QN 
add mapped point u_DCT/bdeg/mult_d_mixed_mult_1_12/retime_s1_1_reg/Q u_DCT/bdeg/mult_d_mixed_mult_1_12/retime_s1_1_reg/Q 
add mapped point u_DCT/bdeg/mult_d_mixed_mult_1_12/retime_s1_1_reg/QN u_DCT/bdeg/mult_d_mixed_mult_1_12/retime_s1_1_reg/QN 
add mapped point u_DCT/bdeg/mult_d_mixed_mult_1_12/retime_s1_5_reg/Q u_DCT/bdeg/mult_d_mixed_mult_1_12/retime_s1_5_reg/Q 
add mapped point u_DCT/bdeg/mult_d_mixed_mult_1_12/retime_s1_5_reg/QN u_DCT/bdeg/mult_d_mixed_mult_1_12/retime_s1_5_reg/QN 
add mapped point u_DCT/bdeg/mult_d_mixed_mult_1_12/retime_s1_9_reg/Q u_DCT/bdeg/mult_d_mixed_mult_1_12/retime_s1_9_reg/Q 
add mapped point u_DCT/bdeg/mult_d_mixed_mult_1_12/retime_s1_9_reg/QN u_DCT/bdeg/mult_d_mixed_mult_1_12/retime_s1_9_reg/QN 
add mapped point u_DCT/bdeg/mult_d_mixed_mult_1_12/retime_s1_10_reg/Q u_DCT/bdeg/mult_d_mixed_mult_1_12/retime_s1_10_reg/Q 
add mapped point u_DCT/bdeg/mult_d_mixed_mult_1_12/retime_s1_10_reg/QN u_DCT/bdeg/mult_d_mixed_mult_1_12/retime_s1_10_reg/QN 
add mapped point u_DCT/bdeg/mult_d_mixed_mult_1_12/retime_s1_16_reg/Q u_DCT/bdeg/mult_d_mixed_mult_1_12/retime_s1_16_reg/Q 
add mapped point u_DCT/bdeg/mult_d_mixed_mult_1_12/retime_s1_16_reg/QN u_DCT/bdeg/mult_d_mixed_mult_1_12/retime_s1_16_reg/QN 
add mapped point u_DCT/bdeg/mult_d_mixed_mult_1_12/retime_s1_20_reg/Q u_DCT/bdeg/mult_d_mixed_mult_1_12/retime_s1_20_reg/Q 
add mapped point u_DCT/bdeg/mult_d_mixed_mult_1_12/retime_s1_20_reg/QN u_DCT/bdeg/mult_d_mixed_mult_1_12/retime_s1_20_reg/QN 
add mapped point u_DCT/bdeg/mult_d_mixed_mult_1_12/retime_s1_22_reg/Q u_DCT/bdeg/mult_d_mixed_mult_1_12/retime_s1_22_reg/Q 
add mapped point u_DCT/bdeg/mult_d_mixed_mult_1_12/retime_s1_22_reg/QN u_DCT/bdeg/mult_d_mixed_mult_1_12/retime_s1_22_reg/QN 
add mapped point u_DCT/bdeg/mult_d_mixed_mult_1_12/retime_s1_24_reg/Q u_DCT/bdeg/mult_d_mixed_mult_1_12/retime_s1_24_reg/Q 
add mapped point u_DCT/bdeg/mult_d_mixed_mult_1_12/retime_s1_24_reg/QN u_DCT/bdeg/mult_d_mixed_mult_1_12/retime_s1_24_reg/QN 
add mapped point u_DCT/bdeg/mult_d_mixed_mult_1_12/retime_s1_27_reg/Q u_DCT/bdeg/mult_d_mixed_mult_1_12/retime_s1_27_reg/Q 
add mapped point u_DCT/bdeg/mult_d_mixed_mult_1_12/retime_s1_27_reg/QN u_DCT/bdeg/mult_d_mixed_mult_1_12/retime_s1_27_reg/QN 
add mapped point u_DCT/bdeg/mult_d_mixed_mult_1_12/retime_s1_30_reg/Q u_DCT/bdeg/mult_d_mixed_mult_1_12/retime_s1_30_reg/Q 
add mapped point u_DCT/bdeg/mult_d_mixed_mult_1_12/retime_s1_30_reg/QN u_DCT/bdeg/mult_d_mixed_mult_1_12/retime_s1_30_reg/QN 
add mapped point u_DCT/bdeg/mult_d_mixed_mult_1_12/retime_s2_1_reg/Q u_DCT/bdeg/mult_d_mixed_mult_1_12/retime_s2_1_reg/Q 
add mapped point u_DCT/bdeg/mult_d_mixed_mult_1_12/retime_s2_1_reg/QN u_DCT/bdeg/mult_d_mixed_mult_1_12/retime_s2_1_reg/QN 
add mapped point u_DCT/bdeg/mult_d_mixed_mult_1_12/retime_s2_2_reg/Q u_DCT/bdeg/mult_d_mixed_mult_1_12/retime_s2_2_reg/Q 
add mapped point u_DCT/bdeg/mult_d_mixed_mult_1_12/retime_s2_2_reg/QN u_DCT/bdeg/mult_d_mixed_mult_1_12/retime_s2_2_reg/QN 
add mapped point u_DCT/bdeg/mult_d_mixed_mult_1_12/retime_s2_3_reg/Q u_DCT/bdeg/mult_d_mixed_mult_1_12/retime_s2_3_reg/Q 
add mapped point u_DCT/bdeg/mult_d_mixed_mult_1_12/retime_s2_3_reg/QN u_DCT/bdeg/mult_d_mixed_mult_1_12/retime_s2_3_reg/QN 
add mapped point u_DCT/bdeg/mult_d_mixed_mult_1_12/retime_s2_4_reg/Q u_DCT/bdeg/mult_d_mixed_mult_1_12/retime_s2_4_reg/Q 
add mapped point u_DCT/bdeg/mult_d_mixed_mult_1_12/retime_s2_4_reg/QN u_DCT/bdeg/mult_d_mixed_mult_1_12/retime_s2_4_reg/QN 
add mapped point u_DCT/bdeg/mult_d_mixed_mult_1_12/retime_s2_5_reg/Q u_DCT/bdeg/mult_d_mixed_mult_1_12/retime_s2_5_reg/Q 
add mapped point u_DCT/bdeg/mult_d_mixed_mult_1_12/retime_s2_5_reg/QN u_DCT/bdeg/mult_d_mixed_mult_1_12/retime_s2_5_reg/QN 
add mapped point u_DCT/bdeg/mult_d_mixed_mult_1_12/retime_s2_6_reg/Q u_DCT/bdeg/mult_d_mixed_mult_1_12/retime_s2_6_reg/Q 
add mapped point u_DCT/bdeg/mult_d_mixed_mult_1_12/retime_s2_6_reg/QN u_DCT/bdeg/mult_d_mixed_mult_1_12/retime_s2_6_reg/QN 
add mapped point u_DCT/bdeg/mult_e_mixed_mult_1_12/retime_s1_3_reg/Q u_DCT/bdeg/mult_e_mixed_mult_1_12/retime_s1_3_reg/Q 
add mapped point u_DCT/bdeg/mult_e_mixed_mult_1_12/retime_s1_3_reg/QN u_DCT/bdeg/mult_e_mixed_mult_1_12/retime_s1_3_reg/QN 
add mapped point u_DCT/bdeg/mult_e_mixed_mult_1_12/retime_s1_4_reg/Q u_DCT/bdeg/mult_e_mixed_mult_1_12/retime_s1_4_reg/Q 
add mapped point u_DCT/bdeg/mult_e_mixed_mult_1_12/retime_s1_4_reg/QN u_DCT/bdeg/mult_e_mixed_mult_1_12/retime_s1_4_reg/QN 
add mapped point u_DCT/bdeg/mult_e_mixed_mult_1_12/retime_s1_5_reg/Q u_DCT/bdeg/mult_e_mixed_mult_1_12/retime_s1_5_reg/Q 
add mapped point u_DCT/bdeg/mult_e_mixed_mult_1_12/retime_s1_5_reg/QN u_DCT/bdeg/mult_e_mixed_mult_1_12/retime_s1_5_reg/QN 
add mapped point u_DCT/bdeg/mult_e_mixed_mult_1_12/retime_s1_6_reg/Q u_DCT/bdeg/mult_e_mixed_mult_1_12/retime_s1_6_reg/Q 
add mapped point u_DCT/bdeg/mult_e_mixed_mult_1_12/retime_s1_6_reg/QN u_DCT/bdeg/mult_e_mixed_mult_1_12/retime_s1_6_reg/QN 
add mapped point u_DCT/bdeg/mult_e_mixed_mult_1_12/retime_s1_24_reg/Q u_DCT/bdeg/mult_e_mixed_mult_1_12/retime_s1_24_reg/Q 
add mapped point u_DCT/bdeg/mult_e_mixed_mult_1_12/retime_s1_24_reg/QN u_DCT/bdeg/mult_e_mixed_mult_1_12/retime_s1_24_reg/QN 
add mapped point u_DCT/bdeg/mult_e_mixed_mult_1_12/retime_s1_25_reg/Q u_DCT/bdeg/mult_e_mixed_mult_1_12/retime_s1_25_reg/Q 
add mapped point u_DCT/bdeg/mult_e_mixed_mult_1_12/retime_s1_25_reg/QN u_DCT/bdeg/mult_e_mixed_mult_1_12/retime_s1_25_reg/QN 
add mapped point u_DCT/bdeg/mult_g_mixed_mult_1_12/retime_s1_2_reg/Q u_DCT/bdeg/mult_g_mixed_mult_1_12/retime_s1_2_reg/Q 
add mapped point u_DCT/bdeg/mult_g_mixed_mult_1_12/retime_s1_2_reg/QN u_DCT/bdeg/mult_g_mixed_mult_1_12/retime_s1_2_reg/QN 
add mapped point u_DCT/bdeg/mult_g_mixed_mult_1_12/retime_s1_5_reg/Q u_DCT/bdeg/mult_g_mixed_mult_1_12/retime_s1_5_reg/Q 
add mapped point u_DCT/bdeg/mult_g_mixed_mult_1_12/retime_s1_5_reg/QN u_DCT/bdeg/mult_g_mixed_mult_1_12/retime_s1_5_reg/QN 
add mapped point u_DCT/bdeg/mult_g_mixed_mult_1_12/retime_s1_6_reg/Q u_DCT/bdeg/mult_g_mixed_mult_1_12/retime_s1_6_reg/Q 
add mapped point u_DCT/bdeg/mult_g_mixed_mult_1_12/retime_s1_6_reg/QN u_DCT/bdeg/mult_g_mixed_mult_1_12/retime_s1_6_reg/QN 
add mapped point u_DCT/bdeg/mult_g_mixed_mult_1_12/retime_s1_8_reg/Q u_DCT/bdeg/mult_g_mixed_mult_1_12/retime_s1_8_reg/Q 
add mapped point u_DCT/bdeg/mult_g_mixed_mult_1_12/retime_s1_8_reg/QN u_DCT/bdeg/mult_g_mixed_mult_1_12/retime_s1_8_reg/QN 
add mapped point u_DCT/bdeg/mult_g_mixed_mult_1_12/retime_s1_13_reg/Q u_DCT/bdeg/mult_g_mixed_mult_1_12/retime_s1_13_reg/Q 
add mapped point u_DCT/bdeg/mult_g_mixed_mult_1_12/retime_s1_13_reg/QN u_DCT/bdeg/mult_g_mixed_mult_1_12/retime_s1_13_reg/QN 
add mapped point u_DCT/bdeg/mult_g_mixed_mult_1_12/retime_s1_16_reg/Q u_DCT/bdeg/mult_g_mixed_mult_1_12/retime_s1_16_reg/Q 
add mapped point u_DCT/bdeg/mult_g_mixed_mult_1_12/retime_s1_16_reg/QN u_DCT/bdeg/mult_g_mixed_mult_1_12/retime_s1_16_reg/QN 
add mapped point u_DCT/bdeg/mult_g_mixed_mult_1_12/retime_s1_18_reg/Q u_DCT/bdeg/mult_g_mixed_mult_1_12/retime_s1_18_reg/Q 
add mapped point u_DCT/bdeg/mult_g_mixed_mult_1_12/retime_s1_18_reg/QN u_DCT/bdeg/mult_g_mixed_mult_1_12/retime_s1_18_reg/QN 
add mapped point u_DCT/bdeg/mult_g_mixed_mult_1_12/retime_s1_19_reg/Q u_DCT/bdeg/mult_g_mixed_mult_1_12/retime_s1_19_reg/Q 
add mapped point u_DCT/bdeg/mult_g_mixed_mult_1_12/retime_s1_19_reg/QN u_DCT/bdeg/mult_g_mixed_mult_1_12/retime_s1_19_reg/QN 
add mapped point u_DCT/bdeg/mult_g_mixed_mult_1_12/retime_s1_21_reg/Q u_DCT/bdeg/mult_g_mixed_mult_1_12/retime_s1_21_reg/Q 
add mapped point u_DCT/bdeg/mult_g_mixed_mult_1_12/retime_s1_21_reg/QN u_DCT/bdeg/mult_g_mixed_mult_1_12/retime_s1_21_reg/QN 
add mapped point u_DCT/bdeg/mult_g_mixed_mult_1_12/retime_s1_22_reg/Q u_DCT/bdeg/mult_g_mixed_mult_1_12/retime_s1_22_reg/Q 
add mapped point u_DCT/bdeg/mult_g_mixed_mult_1_12/retime_s1_22_reg/QN u_DCT/bdeg/mult_g_mixed_mult_1_12/retime_s1_22_reg/QN 
add mapped point u_DCT/bdeg/mult_g_mixed_mult_1_12/retime_s1_25_reg/Q u_DCT/bdeg/mult_g_mixed_mult_1_12/retime_s1_25_reg/Q 
add mapped point u_DCT/bdeg/mult_g_mixed_mult_1_12/retime_s1_25_reg/QN u_DCT/bdeg/mult_g_mixed_mult_1_12/retime_s1_25_reg/QN 
add mapped point u_DCT/bdeg/mult_g_mixed_mult_1_12/retime_s1_26_reg/Q u_DCT/bdeg/mult_g_mixed_mult_1_12/retime_s1_26_reg/Q 
add mapped point u_DCT/bdeg/mult_g_mixed_mult_1_12/retime_s1_26_reg/QN u_DCT/bdeg/mult_g_mixed_mult_1_12/retime_s1_26_reg/QN 
add mapped point u_DCT/bdeg/mult_g_mixed_mult_1_12/retime_s1_28_reg/Q u_DCT/bdeg/mult_g_mixed_mult_1_12/retime_s1_28_reg/Q 
add mapped point u_DCT/bdeg/mult_g_mixed_mult_1_12/retime_s1_28_reg/QN u_DCT/bdeg/mult_g_mixed_mult_1_12/retime_s1_28_reg/QN 
add mapped point u_DCT/bdeg/mult_g_mixed_mult_1_12/retime_s1_29_reg/Q u_DCT/bdeg/mult_g_mixed_mult_1_12/retime_s1_29_reg/Q 
add mapped point u_DCT/bdeg/mult_g_mixed_mult_1_12/retime_s1_29_reg/QN u_DCT/bdeg/mult_g_mixed_mult_1_12/retime_s1_29_reg/QN 
add mapped point u_DCT/bdeg/mult_g_mixed_mult_1_12/retime_s1_30_reg/Q u_DCT/bdeg/mult_g_mixed_mult_1_12/retime_s1_30_reg/Q 
add mapped point u_DCT/bdeg/mult_g_mixed_mult_1_12/retime_s1_30_reg/QN u_DCT/bdeg/mult_g_mixed_mult_1_12/retime_s1_30_reg/QN 
add mapped point u_DCT/bdeg/mult_g_mixed_mult_1_12/retime_s1_31_reg/Q u_DCT/bdeg/mult_g_mixed_mult_1_12/retime_s1_31_reg/Q 
add mapped point u_DCT/bdeg/mult_g_mixed_mult_1_12/retime_s1_31_reg/QN u_DCT/bdeg/mult_g_mixed_mult_1_12/retime_s1_31_reg/QN 
add mapped point u_DCT/bdeg/mult_g_mixed_mult_1_12/retime_s2_1_reg/Q u_DCT/bdeg/mult_g_mixed_mult_1_12/retime_s2_1_reg/Q 
add mapped point u_DCT/bdeg/mult_g_mixed_mult_1_12/retime_s2_1_reg/QN u_DCT/bdeg/mult_g_mixed_mult_1_12/retime_s2_1_reg/QN 
add mapped point u_DCT/bdeg/mult_g_mixed_mult_1_12/retime_s2_3_reg/Q u_DCT/bdeg/mult_g_mixed_mult_1_12/retime_s2_3_reg/Q 
add mapped point u_DCT/bdeg/mult_g_mixed_mult_1_12/retime_s2_3_reg/QN u_DCT/bdeg/mult_g_mixed_mult_1_12/retime_s2_3_reg/QN 
add mapped point u_DCT/bdeg/mult_g_mixed_mult_1_12/retime_s2_4_reg/Q u_DCT/bdeg/mult_g_mixed_mult_1_12/retime_s2_4_reg/Q 
add mapped point u_DCT/bdeg/mult_g_mixed_mult_1_12/retime_s2_4_reg/QN u_DCT/bdeg/mult_g_mixed_mult_1_12/retime_s2_4_reg/QN 
add mapped point u_DCT/bdeg/ACC0/Z1[0]/q u_DCT/bdeg/ACC0_Z1_reg[0]/Q 
add mapped point u_DCT/bdeg/ACC0/Z1[0]/q u_DCT/bdeg/ACC0_Z1_reg[0]/QN 
add mapped point u_DCT/bdeg/ACC0/Z1[1]/q u_DCT/bdeg/ACC0_Z1_reg[1]/Q 
add mapped point u_DCT/bdeg/ACC0/Z1[1]/q u_DCT/bdeg/ACC0_Z1_reg[1]/QN 
add mapped point u_DCT/bdeg/ACC0/Z1[2]/q u_DCT/bdeg/ACC0_Z1_reg[2]/Q 
add mapped point u_DCT/bdeg/ACC0/Z1[2]/q u_DCT/bdeg/ACC0_Z1_reg[2]/QN 
add mapped point u_DCT/bdeg/ACC0/Z1[3]/q u_DCT/bdeg/ACC0_Z1_reg[3]/Q 
add mapped point u_DCT/bdeg/ACC0/Z1[3]/q u_DCT/bdeg/ACC0_Z1_reg[3]/QN 
add mapped point u_DCT/bdeg/ACC0/Z1[4]/q u_DCT/bdeg/ACC0_Z1_reg[4]/Q 
add mapped point u_DCT/bdeg/ACC0/Z1[4]/q u_DCT/bdeg/ACC0_Z1_reg[4]/QN 
add mapped point u_DCT/bdeg/ACC0/Z1[5]/q u_DCT/bdeg/ACC0_Z1_reg[5]/Q 
add mapped point u_DCT/bdeg/ACC0/Z1[5]/q u_DCT/bdeg/ACC0_Z1_reg[5]/QN 
add mapped point u_DCT/bdeg/ACC0/Z1[6]/q u_DCT/bdeg/ACC0_Z1_reg[6]/Q 
add mapped point u_DCT/bdeg/ACC0/Z1[6]/q u_DCT/bdeg/ACC0_Z1_reg[6]/QN 
add mapped point u_DCT/bdeg/ACC0/Z1[7]/q u_DCT/bdeg/ACC0_Z1_reg[7]/Q 
add mapped point u_DCT/bdeg/ACC0/Z1[7]/q u_DCT/bdeg/ACC0_Z1_reg[7]/QN 
add mapped point u_DCT/bdeg/ACC0/Z1[8]/q u_DCT/bdeg/ACC0_Z1_reg[8]/Q 
add mapped point u_DCT/bdeg/ACC0/Z1[8]/q u_DCT/bdeg/ACC0_Z1_reg[8]/QN 
add mapped point u_DCT/bdeg/ACC0/Z1[9]/q u_DCT/bdeg/ACC0_Z1_reg[9]/Q 
add mapped point u_DCT/bdeg/ACC0/Z1[9]/q u_DCT/bdeg/ACC0_Z1_reg[9]/QN 
add mapped point u_DCT/bdeg/ACC0/Z1[10]/q u_DCT/bdeg/ACC0_Z1_reg[10]/Q 
add mapped point u_DCT/bdeg/ACC0/Z1[10]/q u_DCT/bdeg/ACC0_Z1_reg[10]/QN 
add mapped point u_DCT/bdeg/ACC0/Z1[11]/q u_DCT/bdeg/ACC0_Z1_reg[11]/Q 
add mapped point u_DCT/bdeg/ACC0/Z1[11]/q u_DCT/bdeg/ACC0_Z1_reg[11]/QN 
add mapped point u_DCT/bdeg/ACC0/Z1[12]/q u_DCT/bdeg/ACC0_Z1_reg[12]/Q 
add mapped point u_DCT/bdeg/ACC0/Z1[12]/q u_DCT/bdeg/ACC0_Z1_reg[12]/QN 
add mapped point u_DCT/bdeg/ACC0/Z1[13]/q u_DCT/bdeg/ACC0_Z1_reg[13]/Q 
add mapped point u_DCT/bdeg/ACC0/Z1[13]/q u_DCT/bdeg/ACC0_Z1_reg[13]/QN 
add mapped point u_DCT/bdeg/ACC0/Z1[14]/q u_DCT/bdeg/ACC0_Z1_reg[14]/Q 
add mapped point u_DCT/bdeg/ACC0/Z1[14]/q u_DCT/bdeg/ACC0_Z1_reg[14]/QN 
add mapped point u_DCT/bdeg/ACC0/Z1[15]/q u_DCT/bdeg/ACC0_Z1_reg[15]/Q 
add mapped point u_DCT/bdeg/ACC0/Z1[15]/q u_DCT/bdeg/ACC0_Z1_reg[15]/QN 
add mapped point u_DCT/bdeg/ACC0/Z1[16]/q u_DCT/bdeg/ACC0_Z1_reg[16]/Q 
add mapped point u_DCT/bdeg/ACC0/Z1[16]/q u_DCT/bdeg/ACC0_Z1_reg[16]/QN 
add mapped point u_DCT/bdeg/ACC0/Z1[17]/q u_DCT/bdeg/ACC0_Z1_reg[17]/Q 
add mapped point u_DCT/bdeg/ACC0/Z1[17]/q u_DCT/bdeg/ACC0_Z1_reg[17]/QN 
add mapped point u_DCT/bdeg/ACC0/Z1[18]/q u_DCT/bdeg/ACC0_Z1_reg[18]/Q 
add mapped point u_DCT/bdeg/ACC0/Z1[18]/q u_DCT/bdeg/ACC0_Z1_reg[18]/QN 
add mapped point u_DCT/bdeg/ACC0/Z1[19]/q u_DCT/bdeg/ACC0_Z1_reg[19]/Q 
add mapped point u_DCT/bdeg/ACC0/Z1[19]/q u_DCT/bdeg/ACC0_Z1_reg[19]/QN 
add mapped point u_DCT/bdeg/ACC0/Z2[11]/q u_DCT/bdeg/ACC0_Z2_reg[11]/Q 
add mapped point u_DCT/bdeg/ACC0/Z2[11]/q u_DCT/bdeg/ACC0_Z2_reg[11]/QN 
add mapped point u_DCT/bdeg/ACC0/Z2[12]/q u_DCT/bdeg/ACC0_Z2_reg[12]/Q 
add mapped point u_DCT/bdeg/ACC0/Z2[12]/q u_DCT/bdeg/ACC0_Z2_reg[12]/QN 
add mapped point u_DCT/bdeg/ACC0/Z2[13]/q u_DCT/bdeg/ACC0_Z2_reg[13]/Q 
add mapped point u_DCT/bdeg/ACC0/Z2[13]/q u_DCT/bdeg/ACC0_Z2_reg[13]/QN 
add mapped point u_DCT/bdeg/ACC0/Z2[14]/q u_DCT/bdeg/ACC0_Z2_reg[14]/Q 
add mapped point u_DCT/bdeg/ACC0/Z2[14]/q u_DCT/bdeg/ACC0_Z2_reg[14]/QN 
add mapped point u_DCT/bdeg/ACC0/Z2[15]/q u_DCT/bdeg/ACC0_Z2_reg[15]/Q 
add mapped point u_DCT/bdeg/ACC0/Z2[15]/q u_DCT/bdeg/ACC0_Z2_reg[15]/QN 
add mapped point u_DCT/bdeg/ACC0/Z2[16]/q u_DCT/bdeg/ACC0_Z2_reg[16]/Q 
add mapped point u_DCT/bdeg/ACC0/Z2[16]/q u_DCT/bdeg/ACC0_Z2_reg[16]/QN 
add mapped point u_DCT/bdeg/ACC0/Z2[17]/q u_DCT/bdeg/ACC0_Z2_reg[17]/Q 
add mapped point u_DCT/bdeg/ACC0/Z2[17]/q u_DCT/bdeg/ACC0_Z2_reg[17]/QN 
add mapped point u_DCT/bdeg/ACC0/Z2[18]/q u_DCT/bdeg/ACC0_Z2_reg[18]/Q 
add mapped point u_DCT/bdeg/ACC0/Z2[18]/q u_DCT/bdeg/ACC0_Z2_reg[18]/QN 
add mapped point u_DCT/bdeg/ACC0/Z2[19]/q u_DCT/bdeg/ACC0_Z2_reg[19]/Q 
add mapped point u_DCT/bdeg/ACC0/Z2[19]/q u_DCT/bdeg/ACC0_Z2_reg[19]/QN 
add mapped point u_DCT/bdeg/ACC0/accout[0]/q u_DCT/bdeg/ACC0_accout_reg[0]/Q 
add mapped point u_DCT/bdeg/ACC0/accout[0]/q u_DCT/bdeg/ACC0_accout_reg[0]/QN 
add mapped point u_DCT/bdeg/ACC0/accout[1]/q u_DCT/bdeg/ACC0_accout_reg[1]/Q 
add mapped point u_DCT/bdeg/ACC0/accout[1]/q u_DCT/bdeg/ACC0_accout_reg[1]/QN 
add mapped point u_DCT/bdeg/ACC0/accout[2]/q u_DCT/bdeg/ACC0_accout_reg[2]/Q 
add mapped point u_DCT/bdeg/ACC0/accout[2]/q u_DCT/bdeg/ACC0_accout_reg[2]/QN 
add mapped point u_DCT/bdeg/ACC0/accout[3]/q u_DCT/bdeg/ACC0_accout_reg[3]/Q 
add mapped point u_DCT/bdeg/ACC0/accout[3]/q u_DCT/bdeg/ACC0_accout_reg[3]/QN 
add mapped point u_DCT/bdeg/ACC0/accout[4]/q u_DCT/bdeg/ACC0_accout_reg[4]/Q 
add mapped point u_DCT/bdeg/ACC0/accout[4]/q u_DCT/bdeg/ACC0_accout_reg[4]/QN 
add mapped point u_DCT/bdeg/ACC0/accout[5]/q u_DCT/bdeg/ACC0_accout_reg[5]/Q 
add mapped point u_DCT/bdeg/ACC0/accout[5]/q u_DCT/bdeg/ACC0_accout_reg[5]/QN 
add mapped point u_DCT/bdeg/ACC0/accout[6]/q u_DCT/bdeg/ACC0_accout_reg[6]/Q 
add mapped point u_DCT/bdeg/ACC0/accout[6]/q u_DCT/bdeg/ACC0_accout_reg[6]/QN 
add mapped point u_DCT/bdeg/ACC0/accout[7]/q u_DCT/bdeg/ACC0_accout_reg[7]/Q 
add mapped point u_DCT/bdeg/ACC0/accout[7]/q u_DCT/bdeg/ACC0_accout_reg[7]/QN 
add mapped point u_DCT/bdeg/ACC0/accout[8]/q u_DCT/bdeg/ACC0_accout_reg[8]/Q 
add mapped point u_DCT/bdeg/ACC0/accout[8]/q u_DCT/bdeg/ACC0_accout_reg[8]/QN 
add mapped point u_DCT/bdeg/ACC0/accout[9]/q u_DCT/bdeg/ACC0_accout_reg[9]/Q 
add mapped point u_DCT/bdeg/ACC0/accout[9]/q u_DCT/bdeg/ACC0_accout_reg[9]/QN 
add mapped point u_DCT/bdeg/ACC0/accout[10]/q u_DCT/bdeg/ACC0_accout_reg[10]/Q 
add mapped point u_DCT/bdeg/ACC0/accout[10]/q u_DCT/bdeg/ACC0_accout_reg[10]/QN 
add mapped point u_DCT/bdeg/ACC0/accout[11]/q u_DCT/bdeg/ACC0_accout_reg[11]/Q 
add mapped point u_DCT/bdeg/ACC0/accout[11]/q u_DCT/bdeg/ACC0_accout_reg[11]/QN 
add mapped point u_DCT/bdeg/ACC0/accout[12]/q u_DCT/bdeg/ACC0_accout_reg[12]/Q 
add mapped point u_DCT/bdeg/ACC0/accout[12]/q u_DCT/bdeg/ACC0_accout_reg[12]/QN 
add mapped point u_DCT/bdeg/ACC0/accout[13]/q u_DCT/bdeg/ACC0_accout_reg[13]/Q 
add mapped point u_DCT/bdeg/ACC0/accout[13]/q u_DCT/bdeg/ACC0_accout_reg[13]/QN 
add mapped point u_DCT/bdeg/ACC0/accout[14]/q u_DCT/bdeg/ACC0_accout_reg[14]/Q 
add mapped point u_DCT/bdeg/ACC0/accout[14]/q u_DCT/bdeg/ACC0_accout_reg[14]/QN 
add mapped point u_DCT/bdeg/ACC0/accout[15]/q u_DCT/bdeg/ACC0_accout_reg[15]/Q 
add mapped point u_DCT/bdeg/ACC0/accout[15]/q u_DCT/bdeg/ACC0_accout_reg[15]/QN 
add mapped point u_DCT/bdeg/ACC0/accout[16]/q u_DCT/bdeg/ACC0_accout_reg[16]/Q 
add mapped point u_DCT/bdeg/ACC0/accout[16]/q u_DCT/bdeg/ACC0_accout_reg[16]/QN 
add mapped point u_DCT/bdeg/ACC0/accout[17]/q u_DCT/bdeg/ACC0_accout_reg[17]/Q 
add mapped point u_DCT/bdeg/ACC0/accout[17]/q u_DCT/bdeg/ACC0_accout_reg[17]/QN 
add mapped point u_DCT/bdeg/ACC0/adder1/APreS2[0]/q u_DCT/bdeg/ACC0_adder1_APreS2_reg[0]/Q 
add mapped point u_DCT/bdeg/ACC0/adder1/APreS2[0]/q u_DCT/bdeg/ACC0_adder1_APreS2_reg[0]/QN 
add mapped point u_DCT/bdeg/ACC0/adder1/APreS2[1]/q u_DCT/bdeg/ACC0_adder1_APreS2_reg[1]/Q 
add mapped point u_DCT/bdeg/ACC0/adder1/APreS2[1]/q u_DCT/bdeg/ACC0_adder1_APreS2_reg[1]/QN 
add mapped point u_DCT/bdeg/ACC0/adder1/APreS2[2]/q u_DCT/bdeg/ACC0_adder1_APreS2_reg[2]/Q 
add mapped point u_DCT/bdeg/ACC0/adder1/APreS2[2]/q u_DCT/bdeg/ACC0_adder1_APreS2_reg[2]/QN 
add mapped point u_DCT/bdeg/ACC0/adder1/APreS2[3]/q u_DCT/bdeg/ACC0_adder1_APreS2_reg[3]/Q 
add mapped point u_DCT/bdeg/ACC0/adder1/APreS2[3]/q u_DCT/bdeg/ACC0_adder1_APreS2_reg[3]/QN 
add mapped point u_DCT/bdeg/ACC0/adder1/APreS2[4]/q u_DCT/bdeg/ACC0_adder1_APreS2_reg[4]/Q 
add mapped point u_DCT/bdeg/ACC0/adder1/APreS2[4]/q u_DCT/bdeg/ACC0_adder1_APreS2_reg[4]/QN 
add mapped point u_DCT/bdeg/ACC0/adder1/APreS2[5]/q u_DCT/bdeg/ACC0_adder1_APreS2_reg[5]/Q 
add mapped point u_DCT/bdeg/ACC0/adder1/APreS2[5]/q u_DCT/bdeg/ACC0_adder1_APreS2_reg[5]/QN 
add mapped point u_DCT/bdeg/ACC0/adder1/APreS2[6]/q u_DCT/bdeg/ACC0_adder1_APreS2_reg[6]/Q 
add mapped point u_DCT/bdeg/ACC0/adder1/APreS2[6]/q u_DCT/bdeg/ACC0_adder1_APreS2_reg[6]/QN 
add mapped point u_DCT/bdeg/ACC0/adder1/APreS2[7]/q u_DCT/bdeg/ACC0_adder1_APreS2_reg[7]/Q 
add mapped point u_DCT/bdeg/ACC0/adder1/APreS2[7]/q u_DCT/bdeg/ACC0_adder1_APreS2_reg[7]/QN 
add mapped point u_DCT/bdeg/ACC0/adder1/APreS2[8]/q u_DCT/bdeg/ACC0_adder1_APreS2_reg[8]/Q 
add mapped point u_DCT/bdeg/ACC0/adder1/APreS2[8]/q u_DCT/bdeg/ACC0_adder1_APreS2_reg[8]/QN 
add mapped point u_DCT/bdeg/ACC0/adder1/BPreS2[0]/q u_DCT/bdeg/ACC0_adder1_BPreS2_reg[0]/Q 
add mapped point u_DCT/bdeg/ACC0/adder1/BPreS2[0]/q u_DCT/bdeg/ACC0_adder1_BPreS2_reg[0]/QN 
add mapped point u_DCT/bdeg/ACC0/adder1/BPreS2[1]/q u_DCT/bdeg/ACC0_adder1_BPreS2_reg[1]/Q 
add mapped point u_DCT/bdeg/ACC0/adder1/BPreS2[1]/q u_DCT/bdeg/ACC0_adder1_BPreS2_reg[1]/QN 
add mapped point u_DCT/bdeg/ACC0/adder1/BPreS2[2]/q u_DCT/bdeg/ACC0_adder1_BPreS2_reg[2]/Q 
add mapped point u_DCT/bdeg/ACC0/adder1/BPreS2[2]/q u_DCT/bdeg/ACC0_adder1_BPreS2_reg[2]/QN 
add mapped point u_DCT/bdeg/ACC0/adder1/BPreS2[3]/q u_DCT/bdeg/ACC0_adder1_BPreS2_reg[3]/Q 
add mapped point u_DCT/bdeg/ACC0/adder1/BPreS2[3]/q u_DCT/bdeg/ACC0_adder1_BPreS2_reg[3]/QN 
add mapped point u_DCT/bdeg/ACC0/adder1/BPreS2[4]/q u_DCT/bdeg/ACC0_adder1_BPreS2_reg[4]/Q 
add mapped point u_DCT/bdeg/ACC0/adder1/BPreS2[4]/q u_DCT/bdeg/ACC0_adder1_BPreS2_reg[4]/QN 
add mapped point u_DCT/bdeg/ACC0/adder1/BPreS2[5]/q u_DCT/bdeg/ACC0_adder1_BPreS2_reg[5]/Q 
add mapped point u_DCT/bdeg/ACC0/adder1/BPreS2[5]/q u_DCT/bdeg/ACC0_adder1_BPreS2_reg[5]/QN 
add mapped point u_DCT/bdeg/ACC0/adder1/BPreS2[6]/q u_DCT/bdeg/ACC0_adder1_BPreS2_reg[6]/Q 
add mapped point u_DCT/bdeg/ACC0/adder1/BPreS2[6]/q u_DCT/bdeg/ACC0_adder1_BPreS2_reg[6]/QN 
add mapped point u_DCT/bdeg/ACC0/adder1/BPreS2[7]/q u_DCT/bdeg/ACC0_adder1_BPreS2_reg[7]/Q 
add mapped point u_DCT/bdeg/ACC0/adder1/BPreS2[7]/q u_DCT/bdeg/ACC0_adder1_BPreS2_reg[7]/QN 
add mapped point u_DCT/bdeg/ACC0/adder1/BPreS2[8]/q u_DCT/bdeg/ACC0_adder1_BPreS2_reg[8]/Q 
add mapped point u_DCT/bdeg/ACC0/adder1/BPreS2[8]/q u_DCT/bdeg/ACC0_adder1_BPreS2_reg[8]/QN 
add mapped point u_DCT/bdeg/ACC0/adder1/C1/q u_DCT/bdeg/ACC0_adder1_C1_reg/Q 
add mapped point u_DCT/bdeg/ACC0/adder1/C1/q u_DCT/bdeg/ACC0_adder1_C1_reg/QN 
add mapped point u_DCT/bdeg/ACC0/adder1/PostS1[0]/q u_DCT/bdeg/ACC0_adder1_PostS1_reg[0]/Q 
add mapped point u_DCT/bdeg/ACC0/adder1/PostS1[0]/q u_DCT/bdeg/ACC0_adder1_PostS1_reg[0]/QN 
add mapped point u_DCT/bdeg/ACC0/adder1/PostS1[1]/q u_DCT/bdeg/ACC0_adder1_PostS1_reg[1]/Q 
add mapped point u_DCT/bdeg/ACC0/adder1/PostS1[1]/q u_DCT/bdeg/ACC0_adder1_PostS1_reg[1]/QN 
add mapped point u_DCT/bdeg/ACC0/adder1/PostS1[2]/q u_DCT/bdeg/ACC0_adder1_PostS1_reg[2]/Q 
add mapped point u_DCT/bdeg/ACC0/adder1/PostS1[2]/q u_DCT/bdeg/ACC0_adder1_PostS1_reg[2]/QN 
add mapped point u_DCT/bdeg/ACC0/adder1/PostS1[3]/q u_DCT/bdeg/ACC0_adder1_PostS1_reg[3]/Q 
add mapped point u_DCT/bdeg/ACC0/adder1/PostS1[3]/q u_DCT/bdeg/ACC0_adder1_PostS1_reg[3]/QN 
add mapped point u_DCT/bdeg/ACC0/adder1/PostS1[4]/q u_DCT/bdeg/ACC0_adder1_PostS1_reg[4]/Q 
add mapped point u_DCT/bdeg/ACC0/adder1/PostS1[4]/q u_DCT/bdeg/ACC0_adder1_PostS1_reg[4]/QN 
add mapped point u_DCT/bdeg/ACC0/adder1/PostS1[5]/q u_DCT/bdeg/ACC0_adder1_PostS1_reg[5]/Q 
add mapped point u_DCT/bdeg/ACC0/adder1/PostS1[5]/q u_DCT/bdeg/ACC0_adder1_PostS1_reg[5]/QN 
add mapped point u_DCT/bdeg/ACC0/adder1/PostS1[6]/q u_DCT/bdeg/ACC0_adder1_PostS1_reg[6]/Q 
add mapped point u_DCT/bdeg/ACC0/adder1/PostS1[6]/q u_DCT/bdeg/ACC0_adder1_PostS1_reg[6]/QN 
add mapped point u_DCT/bdeg/ACC0/adder1/PostS1[7]/q u_DCT/bdeg/ACC0_adder1_PostS1_reg[7]/Q 
add mapped point u_DCT/bdeg/ACC0/adder1/PostS1[7]/q u_DCT/bdeg/ACC0_adder1_PostS1_reg[7]/QN 
add mapped point u_DCT/bdeg/ACC0/adder1/PostS1[8]/q u_DCT/bdeg/ACC0_adder1_PostS1_reg[8]/Q 
add mapped point u_DCT/bdeg/ACC0/adder1/PostS1[8]/q u_DCT/bdeg/ACC0_adder1_PostS1_reg[8]/QN 
add mapped point u_DCT/bdeg/ACC0/adder1/PostS1[9]/q u_DCT/bdeg/ACC0_adder1_PostS1_reg[9]/Q 
add mapped point u_DCT/bdeg/ACC0/adder1/PostS1[9]/q u_DCT/bdeg/ACC0_adder1_PostS1_reg[9]/QN 
add mapped point u_DCT/bdeg/ACC0/adder1/PostS1[10]/q u_DCT/bdeg/ACC0_adder1_PostS1_reg[10]/Q 
add mapped point u_DCT/bdeg/ACC0/adder1/PostS1[10]/q u_DCT/bdeg/ACC0_adder1_PostS1_reg[10]/QN 
add mapped point u_DCT/bdeg/ACC0/adder2/BPreS2[0]/q u_DCT/bdeg/ACC0_adder2_BPreS2_reg[0]/Q 
add mapped point u_DCT/bdeg/ACC0/adder2/BPreS2[0]/q u_DCT/bdeg/ACC0_adder2_BPreS2_reg[0]/QN 
add mapped point u_DCT/bdeg/ACC0/adder2/BPreS2[1]/q u_DCT/bdeg/ACC0_adder2_BPreS2_reg[1]/Q 
add mapped point u_DCT/bdeg/ACC0/adder2/BPreS2[1]/q u_DCT/bdeg/ACC0_adder2_BPreS2_reg[1]/QN 
add mapped point u_DCT/bdeg/ACC0/adder2/BPreS2[2]/q u_DCT/bdeg/ACC0_adder2_BPreS2_reg[2]/Q 
add mapped point u_DCT/bdeg/ACC0/adder2/BPreS2[2]/q u_DCT/bdeg/ACC0_adder2_BPreS2_reg[2]/QN 
add mapped point u_DCT/bdeg/ACC0/adder2/BPreS2[3]/q u_DCT/bdeg/ACC0_adder2_BPreS2_reg[3]/Q 
add mapped point u_DCT/bdeg/ACC0/adder2/BPreS2[3]/q u_DCT/bdeg/ACC0_adder2_BPreS2_reg[3]/QN 
add mapped point u_DCT/bdeg/ACC0/adder2/BPreS2[4]/q u_DCT/bdeg/ACC0_adder2_BPreS2_reg[4]/Q 
add mapped point u_DCT/bdeg/ACC0/adder2/BPreS2[4]/q u_DCT/bdeg/ACC0_adder2_BPreS2_reg[4]/QN 
add mapped point u_DCT/bdeg/ACC0/adder2/BPreS2[5]/q u_DCT/bdeg/ACC0_adder2_BPreS2_reg[5]/Q 
add mapped point u_DCT/bdeg/ACC0/adder2/BPreS2[5]/q u_DCT/bdeg/ACC0_adder2_BPreS2_reg[5]/QN 
add mapped point u_DCT/bdeg/ACC0/adder2/BPreS2[6]/q u_DCT/bdeg/ACC0_adder2_BPreS2_reg[6]/Q 
add mapped point u_DCT/bdeg/ACC0/adder2/BPreS2[6]/q u_DCT/bdeg/ACC0_adder2_BPreS2_reg[6]/QN 
add mapped point u_DCT/bdeg/ACC0/adder2/BPreS2[7]/q u_DCT/bdeg/ACC0_adder2_BPreS2_reg[7]/Q 
add mapped point u_DCT/bdeg/ACC0/adder2/BPreS2[7]/q u_DCT/bdeg/ACC0_adder2_BPreS2_reg[7]/QN 
add mapped point u_DCT/bdeg/ACC0/adder2/BPreS2[8]/q u_DCT/bdeg/ACC0_adder2_BPreS2_reg[8]/Q 
add mapped point u_DCT/bdeg/ACC0/adder2/BPreS2[8]/q u_DCT/bdeg/ACC0_adder2_BPreS2_reg[8]/QN 
add mapped point u_DCT/bdeg/ACC0/adder2/C1/q u_DCT/bdeg/ACC0_adder2_C1_reg/Q 
add mapped point u_DCT/bdeg/ACC0/adder2/C1/q u_DCT/bdeg/ACC0_adder2_C1_reg/QN 
add mapped point u_DCT/bdeg/ACC0/adder2/PostS1[0]/q u_DCT/bdeg/ACC0_adder2_PostS1_reg[0]/Q 
add mapped point u_DCT/bdeg/ACC0/adder2/PostS1[0]/q u_DCT/bdeg/ACC0_adder2_PostS1_reg[0]/QN 
add mapped point u_DCT/bdeg/ACC0/adder2/PostS1[1]/q u_DCT/bdeg/ACC0_adder2_PostS1_reg[1]/Q 
add mapped point u_DCT/bdeg/ACC0/adder2/PostS1[1]/q u_DCT/bdeg/ACC0_adder2_PostS1_reg[1]/QN 
add mapped point u_DCT/bdeg/ACC0/adder2/PostS1[2]/q u_DCT/bdeg/ACC0_adder2_PostS1_reg[2]/Q 
add mapped point u_DCT/bdeg/ACC0/adder2/PostS1[2]/q u_DCT/bdeg/ACC0_adder2_PostS1_reg[2]/QN 
add mapped point u_DCT/bdeg/ACC0/adder2/PostS1[3]/q u_DCT/bdeg/ACC0_adder2_PostS1_reg[3]/Q 
add mapped point u_DCT/bdeg/ACC0/adder2/PostS1[3]/q u_DCT/bdeg/ACC0_adder2_PostS1_reg[3]/QN 
add mapped point u_DCT/bdeg/ACC0/adder2/PostS1[4]/q u_DCT/bdeg/ACC0_adder2_PostS1_reg[4]/Q 
add mapped point u_DCT/bdeg/ACC0/adder2/PostS1[4]/q u_DCT/bdeg/ACC0_adder2_PostS1_reg[4]/QN 
add mapped point u_DCT/bdeg/ACC0/adder2/PostS1[5]/q u_DCT/bdeg/ACC0_adder2_PostS1_reg[5]/Q 
add mapped point u_DCT/bdeg/ACC0/adder2/PostS1[5]/q u_DCT/bdeg/ACC0_adder2_PostS1_reg[5]/QN 
add mapped point u_DCT/bdeg/ACC0/adder2/PostS1[6]/q u_DCT/bdeg/ACC0_adder2_PostS1_reg[6]/Q 
add mapped point u_DCT/bdeg/ACC0/adder2/PostS1[6]/q u_DCT/bdeg/ACC0_adder2_PostS1_reg[6]/QN 
add mapped point u_DCT/bdeg/ACC0/adder2/PostS1[7]/q u_DCT/bdeg/ACC0_adder2_PostS1_reg[7]/Q 
add mapped point u_DCT/bdeg/ACC0/adder2/PostS1[7]/q u_DCT/bdeg/ACC0_adder2_PostS1_reg[7]/QN 
add mapped point u_DCT/bdeg/ACC0/adder2/PostS1[8]/q u_DCT/bdeg/ACC0_adder2_PostS1_reg[8]/Q 
add mapped point u_DCT/bdeg/ACC0/adder2/PostS1[8]/q u_DCT/bdeg/ACC0_adder2_PostS1_reg[8]/QN 
add mapped point u_DCT/bdeg/ACC0/adder2/PostS1[9]/q u_DCT/bdeg/ACC0_adder2_PostS1_reg[9]/Q 
add mapped point u_DCT/bdeg/ACC0/adder2/PostS1[9]/q u_DCT/bdeg/ACC0_adder2_PostS1_reg[9]/QN 
add mapped point u_DCT/bdeg/ACC0/adder2/PostS1[10]/q u_DCT/bdeg/ACC0_adder2_PostS1_reg[10]/Q 
add mapped point u_DCT/bdeg/ACC0/adder2/PostS1[10]/q u_DCT/bdeg/ACC0_adder2_PostS1_reg[10]/QN 
add mapped point u_DCT/bdeg/ACC1/Z1[0]/q u_DCT/bdeg/ACC1_Z1_reg[0]/Q 
add mapped point u_DCT/bdeg/ACC1/Z1[0]/q u_DCT/bdeg/ACC1_Z1_reg[0]/QN 
add mapped point u_DCT/bdeg/ACC1/Z1[1]/q u_DCT/bdeg/ACC1_Z1_reg[1]/Q 
add mapped point u_DCT/bdeg/ACC1/Z1[1]/q u_DCT/bdeg/ACC1_Z1_reg[1]/QN 
add mapped point u_DCT/bdeg/ACC1/Z1[2]/q u_DCT/bdeg/ACC1_Z1_reg[2]/Q 
add mapped point u_DCT/bdeg/ACC1/Z1[2]/q u_DCT/bdeg/ACC1_Z1_reg[2]/QN 
add mapped point u_DCT/bdeg/ACC1/Z1[3]/q u_DCT/bdeg/ACC1_Z1_reg[3]/Q 
add mapped point u_DCT/bdeg/ACC1/Z1[3]/q u_DCT/bdeg/ACC1_Z1_reg[3]/QN 
add mapped point u_DCT/bdeg/ACC1/Z1[4]/q u_DCT/bdeg/ACC1_Z1_reg[4]/Q 
add mapped point u_DCT/bdeg/ACC1/Z1[4]/q u_DCT/bdeg/ACC1_Z1_reg[4]/QN 
add mapped point u_DCT/bdeg/ACC1/Z1[5]/q u_DCT/bdeg/ACC1_Z1_reg[5]/Q 
add mapped point u_DCT/bdeg/ACC1/Z1[5]/q u_DCT/bdeg/ACC1_Z1_reg[5]/QN 
add mapped point u_DCT/bdeg/ACC1/Z1[6]/q u_DCT/bdeg/ACC1_Z1_reg[6]/Q 
add mapped point u_DCT/bdeg/ACC1/Z1[6]/q u_DCT/bdeg/ACC1_Z1_reg[6]/QN 
add mapped point u_DCT/bdeg/ACC1/Z1[7]/q u_DCT/bdeg/ACC1_Z1_reg[7]/Q 
add mapped point u_DCT/bdeg/ACC1/Z1[7]/q u_DCT/bdeg/ACC1_Z1_reg[7]/QN 
add mapped point u_DCT/bdeg/ACC1/Z1[8]/q u_DCT/bdeg/ACC1_Z1_reg[8]/Q 
add mapped point u_DCT/bdeg/ACC1/Z1[8]/q u_DCT/bdeg/ACC1_Z1_reg[8]/QN 
add mapped point u_DCT/bdeg/ACC1/Z1[9]/q u_DCT/bdeg/ACC1_Z1_reg[9]/Q 
add mapped point u_DCT/bdeg/ACC1/Z1[9]/q u_DCT/bdeg/ACC1_Z1_reg[9]/QN 
add mapped point u_DCT/bdeg/ACC1/Z1[10]/q u_DCT/bdeg/ACC1_Z1_reg[10]/Q 
add mapped point u_DCT/bdeg/ACC1/Z1[10]/q u_DCT/bdeg/ACC1_Z1_reg[10]/QN 
add mapped point u_DCT/bdeg/ACC1/Z1[11]/q u_DCT/bdeg/ACC1_Z1_reg[11]/Q 
add mapped point u_DCT/bdeg/ACC1/Z1[11]/q u_DCT/bdeg/ACC1_Z1_reg[11]/QN 
add mapped point u_DCT/bdeg/ACC1/Z1[12]/q u_DCT/bdeg/ACC1_Z1_reg[12]/Q 
add mapped point u_DCT/bdeg/ACC1/Z1[12]/q u_DCT/bdeg/ACC1_Z1_reg[12]/QN 
add mapped point u_DCT/bdeg/ACC1/Z1[13]/q u_DCT/bdeg/ACC1_Z1_reg[13]/Q 
add mapped point u_DCT/bdeg/ACC1/Z1[13]/q u_DCT/bdeg/ACC1_Z1_reg[13]/QN 
add mapped point u_DCT/bdeg/ACC1/Z1[14]/q u_DCT/bdeg/ACC1_Z1_reg[14]/Q 
add mapped point u_DCT/bdeg/ACC1/Z1[14]/q u_DCT/bdeg/ACC1_Z1_reg[14]/QN 
add mapped point u_DCT/bdeg/ACC1/Z1[15]/q u_DCT/bdeg/ACC1_Z1_reg[15]/Q 
add mapped point u_DCT/bdeg/ACC1/Z1[15]/q u_DCT/bdeg/ACC1_Z1_reg[15]/QN 
add mapped point u_DCT/bdeg/ACC1/Z1[16]/q u_DCT/bdeg/ACC1_Z1_reg[16]/Q 
add mapped point u_DCT/bdeg/ACC1/Z1[16]/q u_DCT/bdeg/ACC1_Z1_reg[16]/QN 
add mapped point u_DCT/bdeg/ACC1/Z1[17]/q u_DCT/bdeg/ACC1_Z1_reg[17]/Q 
add mapped point u_DCT/bdeg/ACC1/Z1[17]/q u_DCT/bdeg/ACC1_Z1_reg[17]/QN 
add mapped point u_DCT/bdeg/ACC1/Z1[18]/q u_DCT/bdeg/ACC1_Z1_reg[18]/Q 
add mapped point u_DCT/bdeg/ACC1/Z1[18]/q u_DCT/bdeg/ACC1_Z1_reg[18]/QN 
add mapped point u_DCT/bdeg/ACC1/Z1[19]/q u_DCT/bdeg/ACC1_Z1_reg[19]/Q 
add mapped point u_DCT/bdeg/ACC1/Z1[19]/q u_DCT/bdeg/ACC1_Z1_reg[19]/QN 
add mapped point u_DCT/bdeg/ACC1/Z2[11]/q u_DCT/bdeg/ACC1_Z2_reg[11]/Q 
add mapped point u_DCT/bdeg/ACC1/Z2[11]/q u_DCT/bdeg/ACC1_Z2_reg[11]/QN 
add mapped point u_DCT/bdeg/ACC1/Z2[12]/q u_DCT/bdeg/ACC1_Z2_reg[12]/Q 
add mapped point u_DCT/bdeg/ACC1/Z2[12]/q u_DCT/bdeg/ACC1_Z2_reg[12]/QN 
add mapped point u_DCT/bdeg/ACC1/Z2[13]/q u_DCT/bdeg/ACC1_Z2_reg[13]/Q 
add mapped point u_DCT/bdeg/ACC1/Z2[13]/q u_DCT/bdeg/ACC1_Z2_reg[13]/QN 
add mapped point u_DCT/bdeg/ACC1/Z2[14]/q u_DCT/bdeg/ACC1_Z2_reg[14]/Q 
add mapped point u_DCT/bdeg/ACC1/Z2[14]/q u_DCT/bdeg/ACC1_Z2_reg[14]/QN 
add mapped point u_DCT/bdeg/ACC1/Z2[15]/q u_DCT/bdeg/ACC1_Z2_reg[15]/Q 
add mapped point u_DCT/bdeg/ACC1/Z2[15]/q u_DCT/bdeg/ACC1_Z2_reg[15]/QN 
add mapped point u_DCT/bdeg/ACC1/Z2[16]/q u_DCT/bdeg/ACC1_Z2_reg[16]/Q 
add mapped point u_DCT/bdeg/ACC1/Z2[16]/q u_DCT/bdeg/ACC1_Z2_reg[16]/QN 
add mapped point u_DCT/bdeg/ACC1/Z2[17]/q u_DCT/bdeg/ACC1_Z2_reg[17]/Q 
add mapped point u_DCT/bdeg/ACC1/Z2[17]/q u_DCT/bdeg/ACC1_Z2_reg[17]/QN 
add mapped point u_DCT/bdeg/ACC1/Z2[18]/q u_DCT/bdeg/ACC1_Z2_reg[18]/Q 
add mapped point u_DCT/bdeg/ACC1/Z2[18]/q u_DCT/bdeg/ACC1_Z2_reg[18]/QN 
add mapped point u_DCT/bdeg/ACC1/Z2[19]/q u_DCT/bdeg/ACC1_Z2_reg[19]/Q 
add mapped point u_DCT/bdeg/ACC1/Z2[19]/q u_DCT/bdeg/ACC1_Z2_reg[19]/QN 
add mapped point u_DCT/bdeg/ACC1/accout[0]/q u_DCT/bdeg/ACC1_accout_reg[0]/Q 
add mapped point u_DCT/bdeg/ACC1/accout[0]/q u_DCT/bdeg/ACC1_accout_reg[0]/QN 
add mapped point u_DCT/bdeg/ACC1/accout[1]/q u_DCT/bdeg/ACC1_accout_reg[1]/Q 
add mapped point u_DCT/bdeg/ACC1/accout[1]/q u_DCT/bdeg/ACC1_accout_reg[1]/QN 
add mapped point u_DCT/bdeg/ACC1/accout[2]/q u_DCT/bdeg/ACC1_accout_reg[2]/Q 
add mapped point u_DCT/bdeg/ACC1/accout[2]/q u_DCT/bdeg/ACC1_accout_reg[2]/QN 
add mapped point u_DCT/bdeg/ACC1/accout[3]/q u_DCT/bdeg/ACC1_accout_reg[3]/Q 
add mapped point u_DCT/bdeg/ACC1/accout[3]/q u_DCT/bdeg/ACC1_accout_reg[3]/QN 
add mapped point u_DCT/bdeg/ACC1/accout[4]/q u_DCT/bdeg/ACC1_accout_reg[4]/Q 
add mapped point u_DCT/bdeg/ACC1/accout[4]/q u_DCT/bdeg/ACC1_accout_reg[4]/QN 
add mapped point u_DCT/bdeg/ACC1/accout[5]/q u_DCT/bdeg/ACC1_accout_reg[5]/Q 
add mapped point u_DCT/bdeg/ACC1/accout[5]/q u_DCT/bdeg/ACC1_accout_reg[5]/QN 
add mapped point u_DCT/bdeg/ACC1/accout[6]/q u_DCT/bdeg/ACC1_accout_reg[6]/Q 
add mapped point u_DCT/bdeg/ACC1/accout[6]/q u_DCT/bdeg/ACC1_accout_reg[6]/QN 
add mapped point u_DCT/bdeg/ACC1/accout[7]/q u_DCT/bdeg/ACC1_accout_reg[7]/Q 
add mapped point u_DCT/bdeg/ACC1/accout[7]/q u_DCT/bdeg/ACC1_accout_reg[7]/QN 
add mapped point u_DCT/bdeg/ACC1/accout[8]/q u_DCT/bdeg/ACC1_accout_reg[8]/Q 
add mapped point u_DCT/bdeg/ACC1/accout[8]/q u_DCT/bdeg/ACC1_accout_reg[8]/QN 
add mapped point u_DCT/bdeg/ACC1/accout[9]/q u_DCT/bdeg/ACC1_accout_reg[9]/Q 
add mapped point u_DCT/bdeg/ACC1/accout[9]/q u_DCT/bdeg/ACC1_accout_reg[9]/QN 
add mapped point u_DCT/bdeg/ACC1/accout[10]/q u_DCT/bdeg/ACC1_accout_reg[10]/Q 
add mapped point u_DCT/bdeg/ACC1/accout[10]/q u_DCT/bdeg/ACC1_accout_reg[10]/QN 
add mapped point u_DCT/bdeg/ACC1/accout[11]/q u_DCT/bdeg/ACC1_accout_reg[11]/Q 
add mapped point u_DCT/bdeg/ACC1/accout[11]/q u_DCT/bdeg/ACC1_accout_reg[11]/QN 
add mapped point u_DCT/bdeg/ACC1/accout[12]/q u_DCT/bdeg/ACC1_accout_reg[12]/Q 
add mapped point u_DCT/bdeg/ACC1/accout[12]/q u_DCT/bdeg/ACC1_accout_reg[12]/QN 
add mapped point u_DCT/bdeg/ACC1/accout[13]/q u_DCT/bdeg/ACC1_accout_reg[13]/Q 
add mapped point u_DCT/bdeg/ACC1/accout[13]/q u_DCT/bdeg/ACC1_accout_reg[13]/QN 
add mapped point u_DCT/bdeg/ACC1/accout[14]/q u_DCT/bdeg/ACC1_accout_reg[14]/Q 
add mapped point u_DCT/bdeg/ACC1/accout[14]/q u_DCT/bdeg/ACC1_accout_reg[14]/QN 
add mapped point u_DCT/bdeg/ACC1/accout[15]/q u_DCT/bdeg/ACC1_accout_reg[15]/Q 
add mapped point u_DCT/bdeg/ACC1/accout[15]/q u_DCT/bdeg/ACC1_accout_reg[15]/QN 
add mapped point u_DCT/bdeg/ACC1/accout[16]/q u_DCT/bdeg/ACC1_accout_reg[16]/Q 
add mapped point u_DCT/bdeg/ACC1/accout[16]/q u_DCT/bdeg/ACC1_accout_reg[16]/QN 
add mapped point u_DCT/bdeg/ACC1/accout[17]/q u_DCT/bdeg/ACC1_accout_reg[17]/Q 
add mapped point u_DCT/bdeg/ACC1/accout[17]/q u_DCT/bdeg/ACC1_accout_reg[17]/QN 
add mapped point u_DCT/bdeg/ACC1/adder1/APreS2[0]/q u_DCT/bdeg/ACC1_adder1_APreS2_reg[0]/Q 
add mapped point u_DCT/bdeg/ACC1/adder1/APreS2[0]/q u_DCT/bdeg/ACC1_adder1_APreS2_reg[0]/QN 
add mapped point u_DCT/bdeg/ACC1/adder1/APreS2[1]/q u_DCT/bdeg/ACC1_adder1_APreS2_reg[1]/Q 
add mapped point u_DCT/bdeg/ACC1/adder1/APreS2[1]/q u_DCT/bdeg/ACC1_adder1_APreS2_reg[1]/QN 
add mapped point u_DCT/bdeg/ACC1/adder1/APreS2[2]/q u_DCT/bdeg/ACC1_adder1_APreS2_reg[2]/Q 
add mapped point u_DCT/bdeg/ACC1/adder1/APreS2[2]/q u_DCT/bdeg/ACC1_adder1_APreS2_reg[2]/QN 
add mapped point u_DCT/bdeg/ACC1/adder1/APreS2[3]/q u_DCT/bdeg/ACC1_adder1_APreS2_reg[3]/Q 
add mapped point u_DCT/bdeg/ACC1/adder1/APreS2[3]/q u_DCT/bdeg/ACC1_adder1_APreS2_reg[3]/QN 
add mapped point u_DCT/bdeg/ACC1/adder1/APreS2[4]/q u_DCT/bdeg/ACC1_adder1_APreS2_reg[4]/Q 
add mapped point u_DCT/bdeg/ACC1/adder1/APreS2[4]/q u_DCT/bdeg/ACC1_adder1_APreS2_reg[4]/QN 
add mapped point u_DCT/bdeg/ACC1/adder1/APreS2[5]/q u_DCT/bdeg/ACC1_adder1_APreS2_reg[5]/Q 
add mapped point u_DCT/bdeg/ACC1/adder1/APreS2[5]/q u_DCT/bdeg/ACC1_adder1_APreS2_reg[5]/QN 
add mapped point u_DCT/bdeg/ACC1/adder1/APreS2[6]/q u_DCT/bdeg/ACC1_adder1_APreS2_reg[6]/Q 
add mapped point u_DCT/bdeg/ACC1/adder1/APreS2[6]/q u_DCT/bdeg/ACC1_adder1_APreS2_reg[6]/QN 
add mapped point u_DCT/bdeg/ACC1/adder1/APreS2[7]/q u_DCT/bdeg/ACC1_adder1_APreS2_reg[7]/Q 
add mapped point u_DCT/bdeg/ACC1/adder1/APreS2[7]/q u_DCT/bdeg/ACC1_adder1_APreS2_reg[7]/QN 
add mapped point u_DCT/bdeg/ACC1/adder1/APreS2[8]/q u_DCT/bdeg/ACC1_adder1_APreS2_reg[8]/Q 
add mapped point u_DCT/bdeg/ACC1/adder1/APreS2[8]/q u_DCT/bdeg/ACC1_adder1_APreS2_reg[8]/QN 
add mapped point u_DCT/bdeg/ACC1/adder1/BPreS2[0]/q u_DCT/bdeg/ACC1_adder1_BPreS2_reg[0]/Q 
add mapped point u_DCT/bdeg/ACC1/adder1/BPreS2[0]/q u_DCT/bdeg/ACC1_adder1_BPreS2_reg[0]/QN 
add mapped point u_DCT/bdeg/ACC1/adder1/BPreS2[1]/q u_DCT/bdeg/ACC1_adder1_BPreS2_reg[1]/Q 
add mapped point u_DCT/bdeg/ACC1/adder1/BPreS2[1]/q u_DCT/bdeg/ACC1_adder1_BPreS2_reg[1]/QN 
add mapped point u_DCT/bdeg/ACC1/adder1/BPreS2[2]/q u_DCT/bdeg/ACC1_adder1_BPreS2_reg[2]/Q 
add mapped point u_DCT/bdeg/ACC1/adder1/BPreS2[2]/q u_DCT/bdeg/ACC1_adder1_BPreS2_reg[2]/QN 
add mapped point u_DCT/bdeg/ACC1/adder1/BPreS2[3]/q u_DCT/bdeg/ACC1_adder1_BPreS2_reg[3]/Q 
add mapped point u_DCT/bdeg/ACC1/adder1/BPreS2[3]/q u_DCT/bdeg/ACC1_adder1_BPreS2_reg[3]/QN 
add mapped point u_DCT/bdeg/ACC1/adder1/BPreS2[4]/q u_DCT/bdeg/ACC1_adder1_BPreS2_reg[4]/Q 
add mapped point u_DCT/bdeg/ACC1/adder1/BPreS2[4]/q u_DCT/bdeg/ACC1_adder1_BPreS2_reg[4]/QN 
add mapped point u_DCT/bdeg/ACC1/adder1/BPreS2[5]/q u_DCT/bdeg/ACC1_adder1_BPreS2_reg[5]/Q 
add mapped point u_DCT/bdeg/ACC1/adder1/BPreS2[5]/q u_DCT/bdeg/ACC1_adder1_BPreS2_reg[5]/QN 
add mapped point u_DCT/bdeg/ACC1/adder1/BPreS2[6]/q u_DCT/bdeg/ACC1_adder1_BPreS2_reg[6]/Q 
add mapped point u_DCT/bdeg/ACC1/adder1/BPreS2[6]/q u_DCT/bdeg/ACC1_adder1_BPreS2_reg[6]/QN 
add mapped point u_DCT/bdeg/ACC1/adder1/BPreS2[7]/q u_DCT/bdeg/ACC1_adder1_BPreS2_reg[7]/Q 
add mapped point u_DCT/bdeg/ACC1/adder1/BPreS2[7]/q u_DCT/bdeg/ACC1_adder1_BPreS2_reg[7]/QN 
add mapped point u_DCT/bdeg/ACC1/adder1/BPreS2[8]/q u_DCT/bdeg/ACC1_adder1_BPreS2_reg[8]/Q 
add mapped point u_DCT/bdeg/ACC1/adder1/BPreS2[8]/q u_DCT/bdeg/ACC1_adder1_BPreS2_reg[8]/QN 
add mapped point u_DCT/bdeg/ACC1/adder1/C1/q u_DCT/bdeg/ACC1_adder1_C1_reg/Q 
add mapped point u_DCT/bdeg/ACC1/adder1/C1/q u_DCT/bdeg/ACC1_adder1_C1_reg/QN 
add mapped point u_DCT/bdeg/ACC1/adder1/PostS1[0]/q u_DCT/bdeg/ACC1_adder1_PostS1_reg[0]/Q 
add mapped point u_DCT/bdeg/ACC1/adder1/PostS1[0]/q u_DCT/bdeg/ACC1_adder1_PostS1_reg[0]/QN 
add mapped point u_DCT/bdeg/ACC1/adder1/PostS1[1]/q u_DCT/bdeg/ACC1_adder1_PostS1_reg[1]/Q 
add mapped point u_DCT/bdeg/ACC1/adder1/PostS1[1]/q u_DCT/bdeg/ACC1_adder1_PostS1_reg[1]/QN 
add mapped point u_DCT/bdeg/ACC1/adder1/PostS1[2]/q u_DCT/bdeg/ACC1_adder1_PostS1_reg[2]/Q 
add mapped point u_DCT/bdeg/ACC1/adder1/PostS1[2]/q u_DCT/bdeg/ACC1_adder1_PostS1_reg[2]/QN 
add mapped point u_DCT/bdeg/ACC1/adder1/PostS1[3]/q u_DCT/bdeg/ACC1_adder1_PostS1_reg[3]/Q 
add mapped point u_DCT/bdeg/ACC1/adder1/PostS1[3]/q u_DCT/bdeg/ACC1_adder1_PostS1_reg[3]/QN 
add mapped point u_DCT/bdeg/ACC1/adder1/PostS1[4]/q u_DCT/bdeg/ACC1_adder1_PostS1_reg[4]/Q 
add mapped point u_DCT/bdeg/ACC1/adder1/PostS1[4]/q u_DCT/bdeg/ACC1_adder1_PostS1_reg[4]/QN 
add mapped point u_DCT/bdeg/ACC1/adder1/PostS1[5]/q u_DCT/bdeg/ACC1_adder1_PostS1_reg[5]/Q 
add mapped point u_DCT/bdeg/ACC1/adder1/PostS1[5]/q u_DCT/bdeg/ACC1_adder1_PostS1_reg[5]/QN 
add mapped point u_DCT/bdeg/ACC1/adder1/PostS1[6]/q u_DCT/bdeg/ACC1_adder1_PostS1_reg[6]/Q 
add mapped point u_DCT/bdeg/ACC1/adder1/PostS1[6]/q u_DCT/bdeg/ACC1_adder1_PostS1_reg[6]/QN 
add mapped point u_DCT/bdeg/ACC1/adder1/PostS1[7]/q u_DCT/bdeg/ACC1_adder1_PostS1_reg[7]/Q 
add mapped point u_DCT/bdeg/ACC1/adder1/PostS1[7]/q u_DCT/bdeg/ACC1_adder1_PostS1_reg[7]/QN 
add mapped point u_DCT/bdeg/ACC1/adder1/PostS1[8]/q u_DCT/bdeg/ACC1_adder1_PostS1_reg[8]/Q 
add mapped point u_DCT/bdeg/ACC1/adder1/PostS1[8]/q u_DCT/bdeg/ACC1_adder1_PostS1_reg[8]/QN 
add mapped point u_DCT/bdeg/ACC1/adder1/PostS1[9]/q u_DCT/bdeg/ACC1_adder1_PostS1_reg[9]/Q 
add mapped point u_DCT/bdeg/ACC1/adder1/PostS1[9]/q u_DCT/bdeg/ACC1_adder1_PostS1_reg[9]/QN 
add mapped point u_DCT/bdeg/ACC1/adder1/PostS1[10]/q u_DCT/bdeg/ACC1_adder1_PostS1_reg[10]/Q 
add mapped point u_DCT/bdeg/ACC1/adder1/PostS1[10]/q u_DCT/bdeg/ACC1_adder1_PostS1_reg[10]/QN 
add mapped point u_DCT/bdeg/ACC1/adder2/BPreS2[0]/q u_DCT/bdeg/ACC1_adder2_BPreS2_reg[0]/Q 
add mapped point u_DCT/bdeg/ACC1/adder2/BPreS2[0]/q u_DCT/bdeg/ACC1_adder2_BPreS2_reg[0]/QN 
add mapped point u_DCT/bdeg/ACC1/adder2/BPreS2[1]/q u_DCT/bdeg/ACC1_adder2_BPreS2_reg[1]/Q 
add mapped point u_DCT/bdeg/ACC1/adder2/BPreS2[1]/q u_DCT/bdeg/ACC1_adder2_BPreS2_reg[1]/QN 
add mapped point u_DCT/bdeg/ACC1/adder2/BPreS2[2]/q u_DCT/bdeg/ACC1_adder2_BPreS2_reg[2]/Q 
add mapped point u_DCT/bdeg/ACC1/adder2/BPreS2[2]/q u_DCT/bdeg/ACC1_adder2_BPreS2_reg[2]/QN 
add mapped point u_DCT/bdeg/ACC1/adder2/BPreS2[3]/q u_DCT/bdeg/ACC1_adder2_BPreS2_reg[3]/Q 
add mapped point u_DCT/bdeg/ACC1/adder2/BPreS2[3]/q u_DCT/bdeg/ACC1_adder2_BPreS2_reg[3]/QN 
add mapped point u_DCT/bdeg/ACC1/adder2/BPreS2[4]/q u_DCT/bdeg/ACC1_adder2_BPreS2_reg[4]/Q 
add mapped point u_DCT/bdeg/ACC1/adder2/BPreS2[4]/q u_DCT/bdeg/ACC1_adder2_BPreS2_reg[4]/QN 
add mapped point u_DCT/bdeg/ACC1/adder2/BPreS2[5]/q u_DCT/bdeg/ACC1_adder2_BPreS2_reg[5]/Q 
add mapped point u_DCT/bdeg/ACC1/adder2/BPreS2[5]/q u_DCT/bdeg/ACC1_adder2_BPreS2_reg[5]/QN 
add mapped point u_DCT/bdeg/ACC1/adder2/BPreS2[6]/q u_DCT/bdeg/ACC1_adder2_BPreS2_reg[6]/Q 
add mapped point u_DCT/bdeg/ACC1/adder2/BPreS2[6]/q u_DCT/bdeg/ACC1_adder2_BPreS2_reg[6]/QN 
add mapped point u_DCT/bdeg/ACC1/adder2/BPreS2[7]/q u_DCT/bdeg/ACC1_adder2_BPreS2_reg[7]/Q 
add mapped point u_DCT/bdeg/ACC1/adder2/BPreS2[7]/q u_DCT/bdeg/ACC1_adder2_BPreS2_reg[7]/QN 
add mapped point u_DCT/bdeg/ACC1/adder2/BPreS2[8]/q u_DCT/bdeg/ACC1_adder2_BPreS2_reg[8]/Q 
add mapped point u_DCT/bdeg/ACC1/adder2/BPreS2[8]/q u_DCT/bdeg/ACC1_adder2_BPreS2_reg[8]/QN 
add mapped point u_DCT/bdeg/ACC1/adder2/C1/q u_DCT/bdeg/ACC1_adder2_C1_reg/Q 
add mapped point u_DCT/bdeg/ACC1/adder2/C1/q u_DCT/bdeg/ACC1_adder2_C1_reg/QN 
add mapped point u_DCT/bdeg/ACC1/adder2/PostS1[0]/q u_DCT/bdeg/ACC1_adder2_PostS1_reg[0]/Q 
add mapped point u_DCT/bdeg/ACC1/adder2/PostS1[0]/q u_DCT/bdeg/ACC1_adder2_PostS1_reg[0]/QN 
add mapped point u_DCT/bdeg/ACC1/adder2/PostS1[1]/q u_DCT/bdeg/ACC1_adder2_PostS1_reg[1]/Q 
add mapped point u_DCT/bdeg/ACC1/adder2/PostS1[1]/q u_DCT/bdeg/ACC1_adder2_PostS1_reg[1]/QN 
add mapped point u_DCT/bdeg/ACC1/adder2/PostS1[2]/q u_DCT/bdeg/ACC1_adder2_PostS1_reg[2]/Q 
add mapped point u_DCT/bdeg/ACC1/adder2/PostS1[2]/q u_DCT/bdeg/ACC1_adder2_PostS1_reg[2]/QN 
add mapped point u_DCT/bdeg/ACC1/adder2/PostS1[3]/q u_DCT/bdeg/ACC1_adder2_PostS1_reg[3]/Q 
add mapped point u_DCT/bdeg/ACC1/adder2/PostS1[3]/q u_DCT/bdeg/ACC1_adder2_PostS1_reg[3]/QN 
add mapped point u_DCT/bdeg/ACC1/adder2/PostS1[4]/q u_DCT/bdeg/ACC1_adder2_PostS1_reg[4]/Q 
add mapped point u_DCT/bdeg/ACC1/adder2/PostS1[4]/q u_DCT/bdeg/ACC1_adder2_PostS1_reg[4]/QN 
add mapped point u_DCT/bdeg/ACC1/adder2/PostS1[5]/q u_DCT/bdeg/ACC1_adder2_PostS1_reg[5]/Q 
add mapped point u_DCT/bdeg/ACC1/adder2/PostS1[5]/q u_DCT/bdeg/ACC1_adder2_PostS1_reg[5]/QN 
add mapped point u_DCT/bdeg/ACC1/adder2/PostS1[6]/q u_DCT/bdeg/ACC1_adder2_PostS1_reg[6]/Q 
add mapped point u_DCT/bdeg/ACC1/adder2/PostS1[6]/q u_DCT/bdeg/ACC1_adder2_PostS1_reg[6]/QN 
add mapped point u_DCT/bdeg/ACC1/adder2/PostS1[7]/q u_DCT/bdeg/ACC1_adder2_PostS1_reg[7]/Q 
add mapped point u_DCT/bdeg/ACC1/adder2/PostS1[7]/q u_DCT/bdeg/ACC1_adder2_PostS1_reg[7]/QN 
add mapped point u_DCT/bdeg/ACC1/adder2/PostS1[8]/q u_DCT/bdeg/ACC1_adder2_PostS1_reg[8]/Q 
add mapped point u_DCT/bdeg/ACC1/adder2/PostS1[8]/q u_DCT/bdeg/ACC1_adder2_PostS1_reg[8]/QN 
add mapped point u_DCT/bdeg/ACC1/adder2/PostS1[9]/q u_DCT/bdeg/ACC1_adder2_PostS1_reg[9]/Q 
add mapped point u_DCT/bdeg/ACC1/adder2/PostS1[9]/q u_DCT/bdeg/ACC1_adder2_PostS1_reg[9]/QN 
add mapped point u_DCT/bdeg/ACC1/adder2/PostS1[10]/q u_DCT/bdeg/ACC1_adder2_PostS1_reg[10]/Q 
add mapped point u_DCT/bdeg/ACC1/adder2/PostS1[10]/q u_DCT/bdeg/ACC1_adder2_PostS1_reg[10]/QN 
add mapped point u_DCT/bdeg/ACC2/Z1[0]/q u_DCT/bdeg/ACC2_Z1_reg[0]/Q 
add mapped point u_DCT/bdeg/ACC2/Z1[0]/q u_DCT/bdeg/ACC2_Z1_reg[0]/QN 
add mapped point u_DCT/bdeg/ACC2/Z1[1]/q u_DCT/bdeg/ACC2_Z1_reg[1]/Q 
add mapped point u_DCT/bdeg/ACC2/Z1[1]/q u_DCT/bdeg/ACC2_Z1_reg[1]/QN 
add mapped point u_DCT/bdeg/ACC2/Z1[2]/q u_DCT/bdeg/ACC2_Z1_reg[2]/Q 
add mapped point u_DCT/bdeg/ACC2/Z1[2]/q u_DCT/bdeg/ACC2_Z1_reg[2]/QN 
add mapped point u_DCT/bdeg/ACC2/Z1[3]/q u_DCT/bdeg/ACC2_Z1_reg[3]/Q 
add mapped point u_DCT/bdeg/ACC2/Z1[3]/q u_DCT/bdeg/ACC2_Z1_reg[3]/QN 
add mapped point u_DCT/bdeg/ACC2/Z1[4]/q u_DCT/bdeg/ACC2_Z1_reg[4]/Q 
add mapped point u_DCT/bdeg/ACC2/Z1[4]/q u_DCT/bdeg/ACC2_Z1_reg[4]/QN 
add mapped point u_DCT/bdeg/ACC2/Z1[5]/q u_DCT/bdeg/ACC2_Z1_reg[5]/Q 
add mapped point u_DCT/bdeg/ACC2/Z1[5]/q u_DCT/bdeg/ACC2_Z1_reg[5]/QN 
add mapped point u_DCT/bdeg/ACC2/Z1[6]/q u_DCT/bdeg/ACC2_Z1_reg[6]/Q 
add mapped point u_DCT/bdeg/ACC2/Z1[6]/q u_DCT/bdeg/ACC2_Z1_reg[6]/QN 
add mapped point u_DCT/bdeg/ACC2/Z1[7]/q u_DCT/bdeg/ACC2_Z1_reg[7]/Q 
add mapped point u_DCT/bdeg/ACC2/Z1[7]/q u_DCT/bdeg/ACC2_Z1_reg[7]/QN 
add mapped point u_DCT/bdeg/ACC2/Z1[8]/q u_DCT/bdeg/ACC2_Z1_reg[8]/Q 
add mapped point u_DCT/bdeg/ACC2/Z1[8]/q u_DCT/bdeg/ACC2_Z1_reg[8]/QN 
add mapped point u_DCT/bdeg/ACC2/Z1[9]/q u_DCT/bdeg/ACC2_Z1_reg[9]/Q 
add mapped point u_DCT/bdeg/ACC2/Z1[9]/q u_DCT/bdeg/ACC2_Z1_reg[9]/QN 
add mapped point u_DCT/bdeg/ACC2/Z1[10]/q u_DCT/bdeg/ACC2_Z1_reg[10]/Q 
add mapped point u_DCT/bdeg/ACC2/Z1[10]/q u_DCT/bdeg/ACC2_Z1_reg[10]/QN 
add mapped point u_DCT/bdeg/ACC2/Z1[11]/q u_DCT/bdeg/ACC2_Z1_reg[11]/Q 
add mapped point u_DCT/bdeg/ACC2/Z1[11]/q u_DCT/bdeg/ACC2_Z1_reg[11]/QN 
add mapped point u_DCT/bdeg/ACC2/Z1[12]/q u_DCT/bdeg/ACC2_Z1_reg[12]/Q 
add mapped point u_DCT/bdeg/ACC2/Z1[12]/q u_DCT/bdeg/ACC2_Z1_reg[12]/QN 
add mapped point u_DCT/bdeg/ACC2/Z1[13]/q u_DCT/bdeg/ACC2_Z1_reg[13]/Q 
add mapped point u_DCT/bdeg/ACC2/Z1[13]/q u_DCT/bdeg/ACC2_Z1_reg[13]/QN 
add mapped point u_DCT/bdeg/ACC2/Z1[14]/q u_DCT/bdeg/ACC2_Z1_reg[14]/Q 
add mapped point u_DCT/bdeg/ACC2/Z1[14]/q u_DCT/bdeg/ACC2_Z1_reg[14]/QN 
add mapped point u_DCT/bdeg/ACC2/Z1[15]/q u_DCT/bdeg/ACC2_Z1_reg[15]/Q 
add mapped point u_DCT/bdeg/ACC2/Z1[15]/q u_DCT/bdeg/ACC2_Z1_reg[15]/QN 
add mapped point u_DCT/bdeg/ACC2/Z1[16]/q u_DCT/bdeg/ACC2_Z1_reg[16]/Q 
add mapped point u_DCT/bdeg/ACC2/Z1[16]/q u_DCT/bdeg/ACC2_Z1_reg[16]/QN 
add mapped point u_DCT/bdeg/ACC2/Z1[17]/q u_DCT/bdeg/ACC2_Z1_reg[17]/Q 
add mapped point u_DCT/bdeg/ACC2/Z1[17]/q u_DCT/bdeg/ACC2_Z1_reg[17]/QN 
add mapped point u_DCT/bdeg/ACC2/Z1[18]/q u_DCT/bdeg/ACC2_Z1_reg[18]/Q 
add mapped point u_DCT/bdeg/ACC2/Z1[18]/q u_DCT/bdeg/ACC2_Z1_reg[18]/QN 
add mapped point u_DCT/bdeg/ACC2/Z1[19]/q u_DCT/bdeg/ACC2_Z1_reg[19]/Q 
add mapped point u_DCT/bdeg/ACC2/Z1[19]/q u_DCT/bdeg/ACC2_Z1_reg[19]/QN 
add mapped point u_DCT/bdeg/ACC2/Z2[11]/q u_DCT/bdeg/ACC2_Z2_reg[11]/Q 
add mapped point u_DCT/bdeg/ACC2/Z2[11]/q u_DCT/bdeg/ACC2_Z2_reg[11]/QN 
add mapped point u_DCT/bdeg/ACC2/Z2[12]/q u_DCT/bdeg/ACC2_Z2_reg[12]/Q 
add mapped point u_DCT/bdeg/ACC2/Z2[12]/q u_DCT/bdeg/ACC2_Z2_reg[12]/QN 
add mapped point u_DCT/bdeg/ACC2/Z2[13]/q u_DCT/bdeg/ACC2_Z2_reg[13]/Q 
add mapped point u_DCT/bdeg/ACC2/Z2[13]/q u_DCT/bdeg/ACC2_Z2_reg[13]/QN 
add mapped point u_DCT/bdeg/ACC2/Z2[14]/q u_DCT/bdeg/ACC2_Z2_reg[14]/Q 
add mapped point u_DCT/bdeg/ACC2/Z2[14]/q u_DCT/bdeg/ACC2_Z2_reg[14]/QN 
add mapped point u_DCT/bdeg/ACC2/Z2[15]/q u_DCT/bdeg/ACC2_Z2_reg[15]/Q 
add mapped point u_DCT/bdeg/ACC2/Z2[15]/q u_DCT/bdeg/ACC2_Z2_reg[15]/QN 
add mapped point u_DCT/bdeg/ACC2/Z2[16]/q u_DCT/bdeg/ACC2_Z2_reg[16]/Q 
add mapped point u_DCT/bdeg/ACC2/Z2[16]/q u_DCT/bdeg/ACC2_Z2_reg[16]/QN 
add mapped point u_DCT/bdeg/ACC2/Z2[17]/q u_DCT/bdeg/ACC2_Z2_reg[17]/Q 
add mapped point u_DCT/bdeg/ACC2/Z2[17]/q u_DCT/bdeg/ACC2_Z2_reg[17]/QN 
add mapped point u_DCT/bdeg/ACC2/Z2[18]/q u_DCT/bdeg/ACC2_Z2_reg[18]/Q 
add mapped point u_DCT/bdeg/ACC2/Z2[18]/q u_DCT/bdeg/ACC2_Z2_reg[18]/QN 
add mapped point u_DCT/bdeg/ACC2/Z2[19]/q u_DCT/bdeg/ACC2_Z2_reg[19]/Q 
add mapped point u_DCT/bdeg/ACC2/Z2[19]/q u_DCT/bdeg/ACC2_Z2_reg[19]/QN 
add mapped point u_DCT/bdeg/ACC2/accout[0]/q u_DCT/bdeg/ACC2_accout_reg[0]/Q 
add mapped point u_DCT/bdeg/ACC2/accout[0]/q u_DCT/bdeg/ACC2_accout_reg[0]/QN 
add mapped point u_DCT/bdeg/ACC2/accout[1]/q u_DCT/bdeg/ACC2_accout_reg[1]/Q 
add mapped point u_DCT/bdeg/ACC2/accout[1]/q u_DCT/bdeg/ACC2_accout_reg[1]/QN 
add mapped point u_DCT/bdeg/ACC2/accout[2]/q u_DCT/bdeg/ACC2_accout_reg[2]/Q 
add mapped point u_DCT/bdeg/ACC2/accout[2]/q u_DCT/bdeg/ACC2_accout_reg[2]/QN 
add mapped point u_DCT/bdeg/ACC2/accout[3]/q u_DCT/bdeg/ACC2_accout_reg[3]/Q 
add mapped point u_DCT/bdeg/ACC2/accout[3]/q u_DCT/bdeg/ACC2_accout_reg[3]/QN 
add mapped point u_DCT/bdeg/ACC2/accout[4]/q u_DCT/bdeg/ACC2_accout_reg[4]/Q 
add mapped point u_DCT/bdeg/ACC2/accout[4]/q u_DCT/bdeg/ACC2_accout_reg[4]/QN 
add mapped point u_DCT/bdeg/ACC2/accout[5]/q u_DCT/bdeg/ACC2_accout_reg[5]/Q 
add mapped point u_DCT/bdeg/ACC2/accout[5]/q u_DCT/bdeg/ACC2_accout_reg[5]/QN 
add mapped point u_DCT/bdeg/ACC2/accout[6]/q u_DCT/bdeg/ACC2_accout_reg[6]/Q 
add mapped point u_DCT/bdeg/ACC2/accout[6]/q u_DCT/bdeg/ACC2_accout_reg[6]/QN 
add mapped point u_DCT/bdeg/ACC2/accout[7]/q u_DCT/bdeg/ACC2_accout_reg[7]/Q 
add mapped point u_DCT/bdeg/ACC2/accout[7]/q u_DCT/bdeg/ACC2_accout_reg[7]/QN 
add mapped point u_DCT/bdeg/ACC2/accout[8]/q u_DCT/bdeg/ACC2_accout_reg[8]/Q 
add mapped point u_DCT/bdeg/ACC2/accout[8]/q u_DCT/bdeg/ACC2_accout_reg[8]/QN 
add mapped point u_DCT/bdeg/ACC2/accout[9]/q u_DCT/bdeg/ACC2_accout_reg[9]/Q 
add mapped point u_DCT/bdeg/ACC2/accout[9]/q u_DCT/bdeg/ACC2_accout_reg[9]/QN 
add mapped point u_DCT/bdeg/ACC2/accout[10]/q u_DCT/bdeg/ACC2_accout_reg[10]/Q 
add mapped point u_DCT/bdeg/ACC2/accout[10]/q u_DCT/bdeg/ACC2_accout_reg[10]/QN 
add mapped point u_DCT/bdeg/ACC2/accout[11]/q u_DCT/bdeg/ACC2_accout_reg[11]/Q 
add mapped point u_DCT/bdeg/ACC2/accout[11]/q u_DCT/bdeg/ACC2_accout_reg[11]/QN 
add mapped point u_DCT/bdeg/ACC2/accout[12]/q u_DCT/bdeg/ACC2_accout_reg[12]/Q 
add mapped point u_DCT/bdeg/ACC2/accout[12]/q u_DCT/bdeg/ACC2_accout_reg[12]/QN 
add mapped point u_DCT/bdeg/ACC2/accout[13]/q u_DCT/bdeg/ACC2_accout_reg[13]/Q 
add mapped point u_DCT/bdeg/ACC2/accout[13]/q u_DCT/bdeg/ACC2_accout_reg[13]/QN 
add mapped point u_DCT/bdeg/ACC2/accout[14]/q u_DCT/bdeg/ACC2_accout_reg[14]/Q 
add mapped point u_DCT/bdeg/ACC2/accout[14]/q u_DCT/bdeg/ACC2_accout_reg[14]/QN 
add mapped point u_DCT/bdeg/ACC2/accout[15]/q u_DCT/bdeg/ACC2_accout_reg[15]/Q 
add mapped point u_DCT/bdeg/ACC2/accout[15]/q u_DCT/bdeg/ACC2_accout_reg[15]/QN 
add mapped point u_DCT/bdeg/ACC2/accout[16]/q u_DCT/bdeg/ACC2_accout_reg[16]/Q 
add mapped point u_DCT/bdeg/ACC2/accout[16]/q u_DCT/bdeg/ACC2_accout_reg[16]/QN 
add mapped point u_DCT/bdeg/ACC2/accout[17]/q u_DCT/bdeg/ACC2_accout_reg[17]/Q 
add mapped point u_DCT/bdeg/ACC2/accout[17]/q u_DCT/bdeg/ACC2_accout_reg[17]/QN 
add mapped point u_DCT/bdeg/ACC2/adder1/APreS2[0]/q u_DCT/bdeg/ACC2_adder1_APreS2_reg[0]/Q 
add mapped point u_DCT/bdeg/ACC2/adder1/APreS2[0]/q u_DCT/bdeg/ACC2_adder1_APreS2_reg[0]/QN 
add mapped point u_DCT/bdeg/ACC2/adder1/APreS2[1]/q u_DCT/bdeg/ACC2_adder1_APreS2_reg[1]/Q 
add mapped point u_DCT/bdeg/ACC2/adder1/APreS2[1]/q u_DCT/bdeg/ACC2_adder1_APreS2_reg[1]/QN 
add mapped point u_DCT/bdeg/ACC2/adder1/APreS2[2]/q u_DCT/bdeg/ACC2_adder1_APreS2_reg[2]/Q 
add mapped point u_DCT/bdeg/ACC2/adder1/APreS2[2]/q u_DCT/bdeg/ACC2_adder1_APreS2_reg[2]/QN 
add mapped point u_DCT/bdeg/ACC2/adder1/APreS2[3]/q u_DCT/bdeg/ACC2_adder1_APreS2_reg[3]/Q 
add mapped point u_DCT/bdeg/ACC2/adder1/APreS2[3]/q u_DCT/bdeg/ACC2_adder1_APreS2_reg[3]/QN 
add mapped point u_DCT/bdeg/ACC2/adder1/APreS2[4]/q u_DCT/bdeg/ACC2_adder1_APreS2_reg[4]/Q 
add mapped point u_DCT/bdeg/ACC2/adder1/APreS2[4]/q u_DCT/bdeg/ACC2_adder1_APreS2_reg[4]/QN 
add mapped point u_DCT/bdeg/ACC2/adder1/APreS2[5]/q u_DCT/bdeg/ACC2_adder1_APreS2_reg[5]/Q 
add mapped point u_DCT/bdeg/ACC2/adder1/APreS2[5]/q u_DCT/bdeg/ACC2_adder1_APreS2_reg[5]/QN 
add mapped point u_DCT/bdeg/ACC2/adder1/APreS2[6]/q u_DCT/bdeg/ACC2_adder1_APreS2_reg[6]/Q 
add mapped point u_DCT/bdeg/ACC2/adder1/APreS2[6]/q u_DCT/bdeg/ACC2_adder1_APreS2_reg[6]/QN 
add mapped point u_DCT/bdeg/ACC2/adder1/APreS2[7]/q u_DCT/bdeg/ACC2_adder1_APreS2_reg[7]/Q 
add mapped point u_DCT/bdeg/ACC2/adder1/APreS2[7]/q u_DCT/bdeg/ACC2_adder1_APreS2_reg[7]/QN 
add mapped point u_DCT/bdeg/ACC2/adder1/APreS2[8]/q u_DCT/bdeg/ACC2_adder1_APreS2_reg[8]/Q 
add mapped point u_DCT/bdeg/ACC2/adder1/APreS2[8]/q u_DCT/bdeg/ACC2_adder1_APreS2_reg[8]/QN 
add mapped point u_DCT/bdeg/ACC2/adder1/BPreS2[0]/q u_DCT/bdeg/ACC2_adder1_BPreS2_reg[0]/Q 
add mapped point u_DCT/bdeg/ACC2/adder1/BPreS2[0]/q u_DCT/bdeg/ACC2_adder1_BPreS2_reg[0]/QN 
add mapped point u_DCT/bdeg/ACC2/adder1/BPreS2[1]/q u_DCT/bdeg/ACC2_adder1_BPreS2_reg[1]/Q 
add mapped point u_DCT/bdeg/ACC2/adder1/BPreS2[1]/q u_DCT/bdeg/ACC2_adder1_BPreS2_reg[1]/QN 
add mapped point u_DCT/bdeg/ACC2/adder1/BPreS2[2]/q u_DCT/bdeg/ACC2_adder1_BPreS2_reg[2]/Q 
add mapped point u_DCT/bdeg/ACC2/adder1/BPreS2[2]/q u_DCT/bdeg/ACC2_adder1_BPreS2_reg[2]/QN 
add mapped point u_DCT/bdeg/ACC2/adder1/BPreS2[3]/q u_DCT/bdeg/ACC2_adder1_BPreS2_reg[3]/Q 
add mapped point u_DCT/bdeg/ACC2/adder1/BPreS2[3]/q u_DCT/bdeg/ACC2_adder1_BPreS2_reg[3]/QN 
add mapped point u_DCT/bdeg/ACC2/adder1/BPreS2[4]/q u_DCT/bdeg/ACC2_adder1_BPreS2_reg[4]/Q 
add mapped point u_DCT/bdeg/ACC2/adder1/BPreS2[4]/q u_DCT/bdeg/ACC2_adder1_BPreS2_reg[4]/QN 
add mapped point u_DCT/bdeg/ACC2/adder1/BPreS2[5]/q u_DCT/bdeg/ACC2_adder1_BPreS2_reg[5]/Q 
add mapped point u_DCT/bdeg/ACC2/adder1/BPreS2[5]/q u_DCT/bdeg/ACC2_adder1_BPreS2_reg[5]/QN 
add mapped point u_DCT/bdeg/ACC2/adder1/BPreS2[6]/q u_DCT/bdeg/ACC2_adder1_BPreS2_reg[6]/Q 
add mapped point u_DCT/bdeg/ACC2/adder1/BPreS2[6]/q u_DCT/bdeg/ACC2_adder1_BPreS2_reg[6]/QN 
add mapped point u_DCT/bdeg/ACC2/adder1/BPreS2[7]/q u_DCT/bdeg/ACC2_adder1_BPreS2_reg[7]/Q 
add mapped point u_DCT/bdeg/ACC2/adder1/BPreS2[7]/q u_DCT/bdeg/ACC2_adder1_BPreS2_reg[7]/QN 
add mapped point u_DCT/bdeg/ACC2/adder1/BPreS2[8]/q u_DCT/bdeg/ACC2_adder1_BPreS2_reg[8]/Q 
add mapped point u_DCT/bdeg/ACC2/adder1/BPreS2[8]/q u_DCT/bdeg/ACC2_adder1_BPreS2_reg[8]/QN 
add mapped point u_DCT/bdeg/ACC2/adder1/C1/q u_DCT/bdeg/ACC2_adder1_C1_reg/Q 
add mapped point u_DCT/bdeg/ACC2/adder1/C1/q u_DCT/bdeg/ACC2_adder1_C1_reg/QN 
add mapped point u_DCT/bdeg/ACC2/adder1/PostS1[0]/q u_DCT/bdeg/ACC2_adder1_PostS1_reg[0]/Q 
add mapped point u_DCT/bdeg/ACC2/adder1/PostS1[0]/q u_DCT/bdeg/ACC2_adder1_PostS1_reg[0]/QN 
add mapped point u_DCT/bdeg/ACC2/adder1/PostS1[1]/q u_DCT/bdeg/ACC2_adder1_PostS1_reg[1]/Q 
add mapped point u_DCT/bdeg/ACC2/adder1/PostS1[1]/q u_DCT/bdeg/ACC2_adder1_PostS1_reg[1]/QN 
add mapped point u_DCT/bdeg/ACC2/adder1/PostS1[2]/q u_DCT/bdeg/ACC2_adder1_PostS1_reg[2]/Q 
add mapped point u_DCT/bdeg/ACC2/adder1/PostS1[2]/q u_DCT/bdeg/ACC2_adder1_PostS1_reg[2]/QN 
add mapped point u_DCT/bdeg/ACC2/adder1/PostS1[3]/q u_DCT/bdeg/ACC2_adder1_PostS1_reg[3]/Q 
add mapped point u_DCT/bdeg/ACC2/adder1/PostS1[3]/q u_DCT/bdeg/ACC2_adder1_PostS1_reg[3]/QN 
add mapped point u_DCT/bdeg/ACC2/adder1/PostS1[4]/q u_DCT/bdeg/ACC2_adder1_PostS1_reg[4]/Q 
add mapped point u_DCT/bdeg/ACC2/adder1/PostS1[4]/q u_DCT/bdeg/ACC2_adder1_PostS1_reg[4]/QN 
add mapped point u_DCT/bdeg/ACC2/adder1/PostS1[5]/q u_DCT/bdeg/ACC2_adder1_PostS1_reg[5]/Q 
add mapped point u_DCT/bdeg/ACC2/adder1/PostS1[5]/q u_DCT/bdeg/ACC2_adder1_PostS1_reg[5]/QN 
add mapped point u_DCT/bdeg/ACC2/adder1/PostS1[6]/q u_DCT/bdeg/ACC2_adder1_PostS1_reg[6]/Q 
add mapped point u_DCT/bdeg/ACC2/adder1/PostS1[6]/q u_DCT/bdeg/ACC2_adder1_PostS1_reg[6]/QN 
add mapped point u_DCT/bdeg/ACC2/adder1/PostS1[7]/q u_DCT/bdeg/ACC2_adder1_PostS1_reg[7]/Q 
add mapped point u_DCT/bdeg/ACC2/adder1/PostS1[7]/q u_DCT/bdeg/ACC2_adder1_PostS1_reg[7]/QN 
add mapped point u_DCT/bdeg/ACC2/adder1/PostS1[8]/q u_DCT/bdeg/ACC2_adder1_PostS1_reg[8]/Q 
add mapped point u_DCT/bdeg/ACC2/adder1/PostS1[8]/q u_DCT/bdeg/ACC2_adder1_PostS1_reg[8]/QN 
add mapped point u_DCT/bdeg/ACC2/adder1/PostS1[9]/q u_DCT/bdeg/ACC2_adder1_PostS1_reg[9]/Q 
add mapped point u_DCT/bdeg/ACC2/adder1/PostS1[9]/q u_DCT/bdeg/ACC2_adder1_PostS1_reg[9]/QN 
add mapped point u_DCT/bdeg/ACC2/adder1/PostS1[10]/q u_DCT/bdeg/ACC2_adder1_PostS1_reg[10]/Q 
add mapped point u_DCT/bdeg/ACC2/adder1/PostS1[10]/q u_DCT/bdeg/ACC2_adder1_PostS1_reg[10]/QN 
add mapped point u_DCT/bdeg/ACC2/adder2/BPreS2[0]/q u_DCT/bdeg/ACC2_adder2_BPreS2_reg[0]/Q 
add mapped point u_DCT/bdeg/ACC2/adder2/BPreS2[0]/q u_DCT/bdeg/ACC2_adder2_BPreS2_reg[0]/QN 
add mapped point u_DCT/bdeg/ACC2/adder2/BPreS2[1]/q u_DCT/bdeg/ACC2_adder2_BPreS2_reg[1]/Q 
add mapped point u_DCT/bdeg/ACC2/adder2/BPreS2[1]/q u_DCT/bdeg/ACC2_adder2_BPreS2_reg[1]/QN 
add mapped point u_DCT/bdeg/ACC2/adder2/BPreS2[2]/q u_DCT/bdeg/ACC2_adder2_BPreS2_reg[2]/Q 
add mapped point u_DCT/bdeg/ACC2/adder2/BPreS2[2]/q u_DCT/bdeg/ACC2_adder2_BPreS2_reg[2]/QN 
add mapped point u_DCT/bdeg/ACC2/adder2/BPreS2[3]/q u_DCT/bdeg/ACC2_adder2_BPreS2_reg[3]/Q 
add mapped point u_DCT/bdeg/ACC2/adder2/BPreS2[3]/q u_DCT/bdeg/ACC2_adder2_BPreS2_reg[3]/QN 
add mapped point u_DCT/bdeg/ACC2/adder2/BPreS2[4]/q u_DCT/bdeg/ACC2_adder2_BPreS2_reg[4]/Q 
add mapped point u_DCT/bdeg/ACC2/adder2/BPreS2[4]/q u_DCT/bdeg/ACC2_adder2_BPreS2_reg[4]/QN 
add mapped point u_DCT/bdeg/ACC2/adder2/BPreS2[5]/q u_DCT/bdeg/ACC2_adder2_BPreS2_reg[5]/Q 
add mapped point u_DCT/bdeg/ACC2/adder2/BPreS2[5]/q u_DCT/bdeg/ACC2_adder2_BPreS2_reg[5]/QN 
add mapped point u_DCT/bdeg/ACC2/adder2/BPreS2[6]/q u_DCT/bdeg/ACC2_adder2_BPreS2_reg[6]/Q 
add mapped point u_DCT/bdeg/ACC2/adder2/BPreS2[6]/q u_DCT/bdeg/ACC2_adder2_BPreS2_reg[6]/QN 
add mapped point u_DCT/bdeg/ACC2/adder2/BPreS2[7]/q u_DCT/bdeg/ACC2_adder2_BPreS2_reg[7]/Q 
add mapped point u_DCT/bdeg/ACC2/adder2/BPreS2[7]/q u_DCT/bdeg/ACC2_adder2_BPreS2_reg[7]/QN 
add mapped point u_DCT/bdeg/ACC2/adder2/BPreS2[8]/q u_DCT/bdeg/ACC2_adder2_BPreS2_reg[8]/Q 
add mapped point u_DCT/bdeg/ACC2/adder2/BPreS2[8]/q u_DCT/bdeg/ACC2_adder2_BPreS2_reg[8]/QN 
add mapped point u_DCT/bdeg/ACC2/adder2/C1/q u_DCT/bdeg/ACC2_adder2_C1_reg/Q 
add mapped point u_DCT/bdeg/ACC2/adder2/C1/q u_DCT/bdeg/ACC2_adder2_C1_reg/QN 
add mapped point u_DCT/bdeg/ACC2/adder2/PostS1[0]/q u_DCT/bdeg/ACC2_adder2_PostS1_reg[0]/Q 
add mapped point u_DCT/bdeg/ACC2/adder2/PostS1[0]/q u_DCT/bdeg/ACC2_adder2_PostS1_reg[0]/QN 
add mapped point u_DCT/bdeg/ACC2/adder2/PostS1[1]/q u_DCT/bdeg/ACC2_adder2_PostS1_reg[1]/Q 
add mapped point u_DCT/bdeg/ACC2/adder2/PostS1[1]/q u_DCT/bdeg/ACC2_adder2_PostS1_reg[1]/QN 
add mapped point u_DCT/bdeg/ACC2/adder2/PostS1[2]/q u_DCT/bdeg/ACC2_adder2_PostS1_reg[2]/Q 
add mapped point u_DCT/bdeg/ACC2/adder2/PostS1[2]/q u_DCT/bdeg/ACC2_adder2_PostS1_reg[2]/QN 
add mapped point u_DCT/bdeg/ACC2/adder2/PostS1[3]/q u_DCT/bdeg/ACC2_adder2_PostS1_reg[3]/Q 
add mapped point u_DCT/bdeg/ACC2/adder2/PostS1[3]/q u_DCT/bdeg/ACC2_adder2_PostS1_reg[3]/QN 
add mapped point u_DCT/bdeg/ACC2/adder2/PostS1[4]/q u_DCT/bdeg/ACC2_adder2_PostS1_reg[4]/Q 
add mapped point u_DCT/bdeg/ACC2/adder2/PostS1[4]/q u_DCT/bdeg/ACC2_adder2_PostS1_reg[4]/QN 
add mapped point u_DCT/bdeg/ACC2/adder2/PostS1[5]/q u_DCT/bdeg/ACC2_adder2_PostS1_reg[5]/Q 
add mapped point u_DCT/bdeg/ACC2/adder2/PostS1[5]/q u_DCT/bdeg/ACC2_adder2_PostS1_reg[5]/QN 
add mapped point u_DCT/bdeg/ACC2/adder2/PostS1[6]/q u_DCT/bdeg/ACC2_adder2_PostS1_reg[6]/Q 
add mapped point u_DCT/bdeg/ACC2/adder2/PostS1[6]/q u_DCT/bdeg/ACC2_adder2_PostS1_reg[6]/QN 
add mapped point u_DCT/bdeg/ACC2/adder2/PostS1[7]/q u_DCT/bdeg/ACC2_adder2_PostS1_reg[7]/Q 
add mapped point u_DCT/bdeg/ACC2/adder2/PostS1[7]/q u_DCT/bdeg/ACC2_adder2_PostS1_reg[7]/QN 
add mapped point u_DCT/bdeg/ACC2/adder2/PostS1[8]/q u_DCT/bdeg/ACC2_adder2_PostS1_reg[8]/Q 
add mapped point u_DCT/bdeg/ACC2/adder2/PostS1[8]/q u_DCT/bdeg/ACC2_adder2_PostS1_reg[8]/QN 
add mapped point u_DCT/bdeg/ACC2/adder2/PostS1[9]/q u_DCT/bdeg/ACC2_adder2_PostS1_reg[9]/Q 
add mapped point u_DCT/bdeg/ACC2/adder2/PostS1[9]/q u_DCT/bdeg/ACC2_adder2_PostS1_reg[9]/QN 
add mapped point u_DCT/bdeg/ACC2/adder2/PostS1[10]/q u_DCT/bdeg/ACC2_adder2_PostS1_reg[10]/Q 
add mapped point u_DCT/bdeg/ACC2/adder2/PostS1[10]/q u_DCT/bdeg/ACC2_adder2_PostS1_reg[10]/QN 
add mapped point u_DCT/bdeg/ACC3/Z1[0]/q u_DCT/bdeg/ACC3_Z1_reg[0]/Q 
add mapped point u_DCT/bdeg/ACC3/Z1[0]/q u_DCT/bdeg/ACC3_Z1_reg[0]/QN 
add mapped point u_DCT/bdeg/ACC3/Z1[1]/q u_DCT/bdeg/ACC3_Z1_reg[1]/Q 
add mapped point u_DCT/bdeg/ACC3/Z1[1]/q u_DCT/bdeg/ACC3_Z1_reg[1]/QN 
add mapped point u_DCT/bdeg/ACC3/Z1[2]/q u_DCT/bdeg/ACC3_Z1_reg[2]/Q 
add mapped point u_DCT/bdeg/ACC3/Z1[2]/q u_DCT/bdeg/ACC3_Z1_reg[2]/QN 
add mapped point u_DCT/bdeg/ACC3/Z1[3]/q u_DCT/bdeg/ACC3_Z1_reg[3]/Q 
add mapped point u_DCT/bdeg/ACC3/Z1[3]/q u_DCT/bdeg/ACC3_Z1_reg[3]/QN 
add mapped point u_DCT/bdeg/ACC3/Z1[4]/q u_DCT/bdeg/ACC3_Z1_reg[4]/Q 
add mapped point u_DCT/bdeg/ACC3/Z1[4]/q u_DCT/bdeg/ACC3_Z1_reg[4]/QN 
add mapped point u_DCT/bdeg/ACC3/Z1[5]/q u_DCT/bdeg/ACC3_Z1_reg[5]/Q 
add mapped point u_DCT/bdeg/ACC3/Z1[5]/q u_DCT/bdeg/ACC3_Z1_reg[5]/QN 
add mapped point u_DCT/bdeg/ACC3/Z1[6]/q u_DCT/bdeg/ACC3_Z1_reg[6]/Q 
add mapped point u_DCT/bdeg/ACC3/Z1[6]/q u_DCT/bdeg/ACC3_Z1_reg[6]/QN 
add mapped point u_DCT/bdeg/ACC3/Z1[7]/q u_DCT/bdeg/ACC3_Z1_reg[7]/Q 
add mapped point u_DCT/bdeg/ACC3/Z1[7]/q u_DCT/bdeg/ACC3_Z1_reg[7]/QN 
add mapped point u_DCT/bdeg/ACC3/Z1[8]/q u_DCT/bdeg/ACC3_Z1_reg[8]/Q 
add mapped point u_DCT/bdeg/ACC3/Z1[8]/q u_DCT/bdeg/ACC3_Z1_reg[8]/QN 
add mapped point u_DCT/bdeg/ACC3/Z1[9]/q u_DCT/bdeg/ACC3_Z1_reg[9]/Q 
add mapped point u_DCT/bdeg/ACC3/Z1[9]/q u_DCT/bdeg/ACC3_Z1_reg[9]/QN 
add mapped point u_DCT/bdeg/ACC3/Z1[10]/q u_DCT/bdeg/ACC3_Z1_reg[10]/Q 
add mapped point u_DCT/bdeg/ACC3/Z1[10]/q u_DCT/bdeg/ACC3_Z1_reg[10]/QN 
add mapped point u_DCT/bdeg/ACC3/Z1[11]/q u_DCT/bdeg/ACC3_Z1_reg[11]/Q 
add mapped point u_DCT/bdeg/ACC3/Z1[11]/q u_DCT/bdeg/ACC3_Z1_reg[11]/QN 
add mapped point u_DCT/bdeg/ACC3/Z1[12]/q u_DCT/bdeg/ACC3_Z1_reg[12]/Q 
add mapped point u_DCT/bdeg/ACC3/Z1[12]/q u_DCT/bdeg/ACC3_Z1_reg[12]/QN 
add mapped point u_DCT/bdeg/ACC3/Z1[13]/q u_DCT/bdeg/ACC3_Z1_reg[13]/Q 
add mapped point u_DCT/bdeg/ACC3/Z1[13]/q u_DCT/bdeg/ACC3_Z1_reg[13]/QN 
add mapped point u_DCT/bdeg/ACC3/Z1[14]/q u_DCT/bdeg/ACC3_Z1_reg[14]/Q 
add mapped point u_DCT/bdeg/ACC3/Z1[14]/q u_DCT/bdeg/ACC3_Z1_reg[14]/QN 
add mapped point u_DCT/bdeg/ACC3/Z1[15]/q u_DCT/bdeg/ACC3_Z1_reg[15]/Q 
add mapped point u_DCT/bdeg/ACC3/Z1[15]/q u_DCT/bdeg/ACC3_Z1_reg[15]/QN 
add mapped point u_DCT/bdeg/ACC3/Z1[16]/q u_DCT/bdeg/ACC3_Z1_reg[16]/Q 
add mapped point u_DCT/bdeg/ACC3/Z1[16]/q u_DCT/bdeg/ACC3_Z1_reg[16]/QN 
add mapped point u_DCT/bdeg/ACC3/Z1[17]/q u_DCT/bdeg/ACC3_Z1_reg[17]/Q 
add mapped point u_DCT/bdeg/ACC3/Z1[17]/q u_DCT/bdeg/ACC3_Z1_reg[17]/QN 
add mapped point u_DCT/bdeg/ACC3/Z1[18]/q u_DCT/bdeg/ACC3_Z1_reg[18]/Q 
add mapped point u_DCT/bdeg/ACC3/Z1[18]/q u_DCT/bdeg/ACC3_Z1_reg[18]/QN 
add mapped point u_DCT/bdeg/ACC3/Z1[19]/q u_DCT/bdeg/ACC3_Z1_reg[19]/Q 
add mapped point u_DCT/bdeg/ACC3/Z1[19]/q u_DCT/bdeg/ACC3_Z1_reg[19]/QN 
add mapped point u_DCT/bdeg/ACC3/Z2[11]/q u_DCT/bdeg/ACC3_Z2_reg[11]/Q 
add mapped point u_DCT/bdeg/ACC3/Z2[11]/q u_DCT/bdeg/ACC3_Z2_reg[11]/QN 
add mapped point u_DCT/bdeg/ACC3/Z2[12]/q u_DCT/bdeg/ACC3_Z2_reg[12]/Q 
add mapped point u_DCT/bdeg/ACC3/Z2[12]/q u_DCT/bdeg/ACC3_Z2_reg[12]/QN 
add mapped point u_DCT/bdeg/ACC3/Z2[13]/q u_DCT/bdeg/ACC3_Z2_reg[13]/Q 
add mapped point u_DCT/bdeg/ACC3/Z2[13]/q u_DCT/bdeg/ACC3_Z2_reg[13]/QN 
add mapped point u_DCT/bdeg/ACC3/Z2[14]/q u_DCT/bdeg/ACC3_Z2_reg[14]/Q 
add mapped point u_DCT/bdeg/ACC3/Z2[14]/q u_DCT/bdeg/ACC3_Z2_reg[14]/QN 
add mapped point u_DCT/bdeg/ACC3/Z2[15]/q u_DCT/bdeg/ACC3_Z2_reg[15]/Q 
add mapped point u_DCT/bdeg/ACC3/Z2[15]/q u_DCT/bdeg/ACC3_Z2_reg[15]/QN 
add mapped point u_DCT/bdeg/ACC3/Z2[16]/q u_DCT/bdeg/ACC3_Z2_reg[16]/Q 
add mapped point u_DCT/bdeg/ACC3/Z2[16]/q u_DCT/bdeg/ACC3_Z2_reg[16]/QN 
add mapped point u_DCT/bdeg/ACC3/Z2[17]/q u_DCT/bdeg/ACC3_Z2_reg[17]/Q 
add mapped point u_DCT/bdeg/ACC3/Z2[17]/q u_DCT/bdeg/ACC3_Z2_reg[17]/QN 
add mapped point u_DCT/bdeg/ACC3/Z2[18]/q u_DCT/bdeg/ACC3_Z2_reg[18]/Q 
add mapped point u_DCT/bdeg/ACC3/Z2[18]/q u_DCT/bdeg/ACC3_Z2_reg[18]/QN 
add mapped point u_DCT/bdeg/ACC3/Z2[19]/q u_DCT/bdeg/ACC3_Z2_reg[19]/Q 
add mapped point u_DCT/bdeg/ACC3/Z2[19]/q u_DCT/bdeg/ACC3_Z2_reg[19]/QN 
add mapped point u_DCT/bdeg/ACC3/accout[0]/q u_DCT/bdeg/ACC3_accout_reg[0]/Q 
add mapped point u_DCT/bdeg/ACC3/accout[0]/q u_DCT/bdeg/ACC3_accout_reg[0]/QN 
add mapped point u_DCT/bdeg/ACC3/accout[1]/q u_DCT/bdeg/ACC3_accout_reg[1]/Q 
add mapped point u_DCT/bdeg/ACC3/accout[1]/q u_DCT/bdeg/ACC3_accout_reg[1]/QN 
add mapped point u_DCT/bdeg/ACC3/accout[2]/q u_DCT/bdeg/ACC3_accout_reg[2]/Q 
add mapped point u_DCT/bdeg/ACC3/accout[2]/q u_DCT/bdeg/ACC3_accout_reg[2]/QN 
add mapped point u_DCT/bdeg/ACC3/accout[3]/q u_DCT/bdeg/ACC3_accout_reg[3]/Q 
add mapped point u_DCT/bdeg/ACC3/accout[3]/q u_DCT/bdeg/ACC3_accout_reg[3]/QN 
add mapped point u_DCT/bdeg/ACC3/accout[4]/q u_DCT/bdeg/ACC3_accout_reg[4]/Q 
add mapped point u_DCT/bdeg/ACC3/accout[4]/q u_DCT/bdeg/ACC3_accout_reg[4]/QN 
add mapped point u_DCT/bdeg/ACC3/accout[5]/q u_DCT/bdeg/ACC3_accout_reg[5]/Q 
add mapped point u_DCT/bdeg/ACC3/accout[5]/q u_DCT/bdeg/ACC3_accout_reg[5]/QN 
add mapped point u_DCT/bdeg/ACC3/accout[6]/q u_DCT/bdeg/ACC3_accout_reg[6]/Q 
add mapped point u_DCT/bdeg/ACC3/accout[6]/q u_DCT/bdeg/ACC3_accout_reg[6]/QN 
add mapped point u_DCT/bdeg/ACC3/accout[7]/q u_DCT/bdeg/ACC3_accout_reg[7]/Q 
add mapped point u_DCT/bdeg/ACC3/accout[7]/q u_DCT/bdeg/ACC3_accout_reg[7]/QN 
add mapped point u_DCT/bdeg/ACC3/accout[8]/q u_DCT/bdeg/ACC3_accout_reg[8]/Q 
add mapped point u_DCT/bdeg/ACC3/accout[8]/q u_DCT/bdeg/ACC3_accout_reg[8]/QN 
add mapped point u_DCT/bdeg/ACC3/accout[9]/q u_DCT/bdeg/ACC3_accout_reg[9]/Q 
add mapped point u_DCT/bdeg/ACC3/accout[9]/q u_DCT/bdeg/ACC3_accout_reg[9]/QN 
add mapped point u_DCT/bdeg/ACC3/accout[10]/q u_DCT/bdeg/ACC3_accout_reg[10]/Q 
add mapped point u_DCT/bdeg/ACC3/accout[10]/q u_DCT/bdeg/ACC3_accout_reg[10]/QN 
add mapped point u_DCT/bdeg/ACC3/accout[11]/q u_DCT/bdeg/ACC3_accout_reg[11]/Q 
add mapped point u_DCT/bdeg/ACC3/accout[11]/q u_DCT/bdeg/ACC3_accout_reg[11]/QN 
add mapped point u_DCT/bdeg/ACC3/accout[12]/q u_DCT/bdeg/ACC3_accout_reg[12]/Q 
add mapped point u_DCT/bdeg/ACC3/accout[12]/q u_DCT/bdeg/ACC3_accout_reg[12]/QN 
add mapped point u_DCT/bdeg/ACC3/accout[13]/q u_DCT/bdeg/ACC3_accout_reg[13]/Q 
add mapped point u_DCT/bdeg/ACC3/accout[13]/q u_DCT/bdeg/ACC3_accout_reg[13]/QN 
add mapped point u_DCT/bdeg/ACC3/accout[14]/q u_DCT/bdeg/ACC3_accout_reg[14]/Q 
add mapped point u_DCT/bdeg/ACC3/accout[14]/q u_DCT/bdeg/ACC3_accout_reg[14]/QN 
add mapped point u_DCT/bdeg/ACC3/accout[15]/q u_DCT/bdeg/ACC3_accout_reg[15]/Q 
add mapped point u_DCT/bdeg/ACC3/accout[15]/q u_DCT/bdeg/ACC3_accout_reg[15]/QN 
add mapped point u_DCT/bdeg/ACC3/accout[16]/q u_DCT/bdeg/ACC3_accout_reg[16]/Q 
add mapped point u_DCT/bdeg/ACC3/accout[16]/q u_DCT/bdeg/ACC3_accout_reg[16]/QN 
add mapped point u_DCT/bdeg/ACC3/accout[17]/q u_DCT/bdeg/ACC3_accout_reg[17]/Q 
add mapped point u_DCT/bdeg/ACC3/accout[17]/q u_DCT/bdeg/ACC3_accout_reg[17]/QN 
add mapped point u_DCT/bdeg/ACC3/adder1/APreS2[0]/q u_DCT/bdeg/ACC3_adder1_APreS2_reg[0]/Q 
add mapped point u_DCT/bdeg/ACC3/adder1/APreS2[0]/q u_DCT/bdeg/ACC3_adder1_APreS2_reg[0]/QN 
add mapped point u_DCT/bdeg/ACC3/adder1/APreS2[1]/q u_DCT/bdeg/ACC3_adder1_APreS2_reg[1]/Q 
add mapped point u_DCT/bdeg/ACC3/adder1/APreS2[1]/q u_DCT/bdeg/ACC3_adder1_APreS2_reg[1]/QN 
add mapped point u_DCT/bdeg/ACC3/adder1/APreS2[2]/q u_DCT/bdeg/ACC3_adder1_APreS2_reg[2]/Q 
add mapped point u_DCT/bdeg/ACC3/adder1/APreS2[2]/q u_DCT/bdeg/ACC3_adder1_APreS2_reg[2]/QN 
add mapped point u_DCT/bdeg/ACC3/adder1/APreS2[3]/q u_DCT/bdeg/ACC3_adder1_APreS2_reg[3]/Q 
add mapped point u_DCT/bdeg/ACC3/adder1/APreS2[3]/q u_DCT/bdeg/ACC3_adder1_APreS2_reg[3]/QN 
add mapped point u_DCT/bdeg/ACC3/adder1/APreS2[4]/q u_DCT/bdeg/ACC3_adder1_APreS2_reg[4]/Q 
add mapped point u_DCT/bdeg/ACC3/adder1/APreS2[4]/q u_DCT/bdeg/ACC3_adder1_APreS2_reg[4]/QN 
add mapped point u_DCT/bdeg/ACC3/adder1/APreS2[5]/q u_DCT/bdeg/ACC3_adder1_APreS2_reg[5]/Q 
add mapped point u_DCT/bdeg/ACC3/adder1/APreS2[5]/q u_DCT/bdeg/ACC3_adder1_APreS2_reg[5]/QN 
add mapped point u_DCT/bdeg/ACC3/adder1/APreS2[6]/q u_DCT/bdeg/ACC3_adder1_APreS2_reg[6]/Q 
add mapped point u_DCT/bdeg/ACC3/adder1/APreS2[6]/q u_DCT/bdeg/ACC3_adder1_APreS2_reg[6]/QN 
add mapped point u_DCT/bdeg/ACC3/adder1/APreS2[7]/q u_DCT/bdeg/ACC3_adder1_APreS2_reg[7]/Q 
add mapped point u_DCT/bdeg/ACC3/adder1/APreS2[7]/q u_DCT/bdeg/ACC3_adder1_APreS2_reg[7]/QN 
add mapped point u_DCT/bdeg/ACC3/adder1/APreS2[8]/q u_DCT/bdeg/ACC3_adder1_APreS2_reg[8]/Q 
add mapped point u_DCT/bdeg/ACC3/adder1/APreS2[8]/q u_DCT/bdeg/ACC3_adder1_APreS2_reg[8]/QN 
add mapped point u_DCT/bdeg/ACC3/adder1/BPreS2[0]/q u_DCT/bdeg/ACC3_adder1_BPreS2_reg[0]/Q 
add mapped point u_DCT/bdeg/ACC3/adder1/BPreS2[0]/q u_DCT/bdeg/ACC3_adder1_BPreS2_reg[0]/QN 
add mapped point u_DCT/bdeg/ACC3/adder1/BPreS2[1]/q u_DCT/bdeg/ACC3_adder1_BPreS2_reg[1]/Q 
add mapped point u_DCT/bdeg/ACC3/adder1/BPreS2[1]/q u_DCT/bdeg/ACC3_adder1_BPreS2_reg[1]/QN 
add mapped point u_DCT/bdeg/ACC3/adder1/BPreS2[2]/q u_DCT/bdeg/ACC3_adder1_BPreS2_reg[2]/Q 
add mapped point u_DCT/bdeg/ACC3/adder1/BPreS2[2]/q u_DCT/bdeg/ACC3_adder1_BPreS2_reg[2]/QN 
add mapped point u_DCT/bdeg/ACC3/adder1/BPreS2[3]/q u_DCT/bdeg/ACC3_adder1_BPreS2_reg[3]/Q 
add mapped point u_DCT/bdeg/ACC3/adder1/BPreS2[3]/q u_DCT/bdeg/ACC3_adder1_BPreS2_reg[3]/QN 
add mapped point u_DCT/bdeg/ACC3/adder1/BPreS2[4]/q u_DCT/bdeg/ACC3_adder1_BPreS2_reg[4]/Q 
add mapped point u_DCT/bdeg/ACC3/adder1/BPreS2[4]/q u_DCT/bdeg/ACC3_adder1_BPreS2_reg[4]/QN 
add mapped point u_DCT/bdeg/ACC3/adder1/BPreS2[5]/q u_DCT/bdeg/ACC3_adder1_BPreS2_reg[5]/Q 
add mapped point u_DCT/bdeg/ACC3/adder1/BPreS2[5]/q u_DCT/bdeg/ACC3_adder1_BPreS2_reg[5]/QN 
add mapped point u_DCT/bdeg/ACC3/adder1/BPreS2[6]/q u_DCT/bdeg/ACC3_adder1_BPreS2_reg[6]/Q 
add mapped point u_DCT/bdeg/ACC3/adder1/BPreS2[6]/q u_DCT/bdeg/ACC3_adder1_BPreS2_reg[6]/QN 
add mapped point u_DCT/bdeg/ACC3/adder1/BPreS2[7]/q u_DCT/bdeg/ACC3_adder1_BPreS2_reg[7]/Q 
add mapped point u_DCT/bdeg/ACC3/adder1/BPreS2[7]/q u_DCT/bdeg/ACC3_adder1_BPreS2_reg[7]/QN 
add mapped point u_DCT/bdeg/ACC3/adder1/BPreS2[8]/q u_DCT/bdeg/ACC3_adder1_BPreS2_reg[8]/Q 
add mapped point u_DCT/bdeg/ACC3/adder1/BPreS2[8]/q u_DCT/bdeg/ACC3_adder1_BPreS2_reg[8]/QN 
add mapped point u_DCT/bdeg/ACC3/adder1/C1/q u_DCT/bdeg/ACC3_adder1_C1_reg/Q 
add mapped point u_DCT/bdeg/ACC3/adder1/C1/q u_DCT/bdeg/ACC3_adder1_C1_reg/QN 
add mapped point u_DCT/bdeg/ACC3/adder1/PostS1[0]/q u_DCT/bdeg/ACC3_adder1_PostS1_reg[0]/Q 
add mapped point u_DCT/bdeg/ACC3/adder1/PostS1[0]/q u_DCT/bdeg/ACC3_adder1_PostS1_reg[0]/QN 
add mapped point u_DCT/bdeg/ACC3/adder1/PostS1[1]/q u_DCT/bdeg/ACC3_adder1_PostS1_reg[1]/Q 
add mapped point u_DCT/bdeg/ACC3/adder1/PostS1[1]/q u_DCT/bdeg/ACC3_adder1_PostS1_reg[1]/QN 
add mapped point u_DCT/bdeg/ACC3/adder1/PostS1[2]/q u_DCT/bdeg/ACC3_adder1_PostS1_reg[2]/Q 
add mapped point u_DCT/bdeg/ACC3/adder1/PostS1[2]/q u_DCT/bdeg/ACC3_adder1_PostS1_reg[2]/QN 
add mapped point u_DCT/bdeg/ACC3/adder1/PostS1[3]/q u_DCT/bdeg/ACC3_adder1_PostS1_reg[3]/Q 
add mapped point u_DCT/bdeg/ACC3/adder1/PostS1[3]/q u_DCT/bdeg/ACC3_adder1_PostS1_reg[3]/QN 
add mapped point u_DCT/bdeg/ACC3/adder1/PostS1[4]/q u_DCT/bdeg/ACC3_adder1_PostS1_reg[4]/Q 
add mapped point u_DCT/bdeg/ACC3/adder1/PostS1[4]/q u_DCT/bdeg/ACC3_adder1_PostS1_reg[4]/QN 
add mapped point u_DCT/bdeg/ACC3/adder1/PostS1[5]/q u_DCT/bdeg/ACC3_adder1_PostS1_reg[5]/Q 
add mapped point u_DCT/bdeg/ACC3/adder1/PostS1[5]/q u_DCT/bdeg/ACC3_adder1_PostS1_reg[5]/QN 
add mapped point u_DCT/bdeg/ACC3/adder1/PostS1[6]/q u_DCT/bdeg/ACC3_adder1_PostS1_reg[6]/Q 
add mapped point u_DCT/bdeg/ACC3/adder1/PostS1[6]/q u_DCT/bdeg/ACC3_adder1_PostS1_reg[6]/QN 
add mapped point u_DCT/bdeg/ACC3/adder1/PostS1[7]/q u_DCT/bdeg/ACC3_adder1_PostS1_reg[7]/Q 
add mapped point u_DCT/bdeg/ACC3/adder1/PostS1[7]/q u_DCT/bdeg/ACC3_adder1_PostS1_reg[7]/QN 
add mapped point u_DCT/bdeg/ACC3/adder1/PostS1[8]/q u_DCT/bdeg/ACC3_adder1_PostS1_reg[8]/Q 
add mapped point u_DCT/bdeg/ACC3/adder1/PostS1[8]/q u_DCT/bdeg/ACC3_adder1_PostS1_reg[8]/QN 
add mapped point u_DCT/bdeg/ACC3/adder1/PostS1[9]/q u_DCT/bdeg/ACC3_adder1_PostS1_reg[9]/Q 
add mapped point u_DCT/bdeg/ACC3/adder1/PostS1[9]/q u_DCT/bdeg/ACC3_adder1_PostS1_reg[9]/QN 
add mapped point u_DCT/bdeg/ACC3/adder1/PostS1[10]/q u_DCT/bdeg/ACC3_adder1_PostS1_reg[10]/Q 
add mapped point u_DCT/bdeg/ACC3/adder1/PostS1[10]/q u_DCT/bdeg/ACC3_adder1_PostS1_reg[10]/QN 
add mapped point u_DCT/bdeg/ACC3/adder2/BPreS2[0]/q u_DCT/bdeg/ACC3_adder2_BPreS2_reg[0]/Q 
add mapped point u_DCT/bdeg/ACC3/adder2/BPreS2[0]/q u_DCT/bdeg/ACC3_adder2_BPreS2_reg[0]/QN 
add mapped point u_DCT/bdeg/ACC3/adder2/BPreS2[1]/q u_DCT/bdeg/ACC3_adder2_BPreS2_reg[1]/Q 
add mapped point u_DCT/bdeg/ACC3/adder2/BPreS2[1]/q u_DCT/bdeg/ACC3_adder2_BPreS2_reg[1]/QN 
add mapped point u_DCT/bdeg/ACC3/adder2/BPreS2[2]/q u_DCT/bdeg/ACC3_adder2_BPreS2_reg[2]/Q 
add mapped point u_DCT/bdeg/ACC3/adder2/BPreS2[2]/q u_DCT/bdeg/ACC3_adder2_BPreS2_reg[2]/QN 
add mapped point u_DCT/bdeg/ACC3/adder2/BPreS2[3]/q u_DCT/bdeg/ACC3_adder2_BPreS2_reg[3]/Q 
add mapped point u_DCT/bdeg/ACC3/adder2/BPreS2[3]/q u_DCT/bdeg/ACC3_adder2_BPreS2_reg[3]/QN 
add mapped point u_DCT/bdeg/ACC3/adder2/BPreS2[4]/q u_DCT/bdeg/ACC3_adder2_BPreS2_reg[4]/Q 
add mapped point u_DCT/bdeg/ACC3/adder2/BPreS2[4]/q u_DCT/bdeg/ACC3_adder2_BPreS2_reg[4]/QN 
add mapped point u_DCT/bdeg/ACC3/adder2/BPreS2[5]/q u_DCT/bdeg/ACC3_adder2_BPreS2_reg[5]/Q 
add mapped point u_DCT/bdeg/ACC3/adder2/BPreS2[5]/q u_DCT/bdeg/ACC3_adder2_BPreS2_reg[5]/QN 
add mapped point u_DCT/bdeg/ACC3/adder2/BPreS2[6]/q u_DCT/bdeg/ACC3_adder2_BPreS2_reg[6]/Q 
add mapped point u_DCT/bdeg/ACC3/adder2/BPreS2[6]/q u_DCT/bdeg/ACC3_adder2_BPreS2_reg[6]/QN 
add mapped point u_DCT/bdeg/ACC3/adder2/BPreS2[7]/q u_DCT/bdeg/ACC3_adder2_BPreS2_reg[7]/Q 
add mapped point u_DCT/bdeg/ACC3/adder2/BPreS2[7]/q u_DCT/bdeg/ACC3_adder2_BPreS2_reg[7]/QN 
add mapped point u_DCT/bdeg/ACC3/adder2/BPreS2[8]/q u_DCT/bdeg/ACC3_adder2_BPreS2_reg[8]/Q 
add mapped point u_DCT/bdeg/ACC3/adder2/BPreS2[8]/q u_DCT/bdeg/ACC3_adder2_BPreS2_reg[8]/QN 
add mapped point u_DCT/bdeg/ACC3/adder2/C1/q u_DCT/bdeg/ACC3_adder2_C1_reg/Q 
add mapped point u_DCT/bdeg/ACC3/adder2/C1/q u_DCT/bdeg/ACC3_adder2_C1_reg/QN 
add mapped point u_DCT/bdeg/ACC3/adder2/PostS1[0]/q u_DCT/bdeg/ACC3_adder2_PostS1_reg[0]/Q 
add mapped point u_DCT/bdeg/ACC3/adder2/PostS1[0]/q u_DCT/bdeg/ACC3_adder2_PostS1_reg[0]/QN 
add mapped point u_DCT/bdeg/ACC3/adder2/PostS1[1]/q u_DCT/bdeg/ACC3_adder2_PostS1_reg[1]/Q 
add mapped point u_DCT/bdeg/ACC3/adder2/PostS1[1]/q u_DCT/bdeg/ACC3_adder2_PostS1_reg[1]/QN 
add mapped point u_DCT/bdeg/ACC3/adder2/PostS1[2]/q u_DCT/bdeg/ACC3_adder2_PostS1_reg[2]/Q 
add mapped point u_DCT/bdeg/ACC3/adder2/PostS1[2]/q u_DCT/bdeg/ACC3_adder2_PostS1_reg[2]/QN 
add mapped point u_DCT/bdeg/ACC3/adder2/PostS1[3]/q u_DCT/bdeg/ACC3_adder2_PostS1_reg[3]/Q 
add mapped point u_DCT/bdeg/ACC3/adder2/PostS1[3]/q u_DCT/bdeg/ACC3_adder2_PostS1_reg[3]/QN 
add mapped point u_DCT/bdeg/ACC3/adder2/PostS1[4]/q u_DCT/bdeg/ACC3_adder2_PostS1_reg[4]/Q 
add mapped point u_DCT/bdeg/ACC3/adder2/PostS1[4]/q u_DCT/bdeg/ACC3_adder2_PostS1_reg[4]/QN 
add mapped point u_DCT/bdeg/ACC3/adder2/PostS1[5]/q u_DCT/bdeg/ACC3_adder2_PostS1_reg[5]/Q 
add mapped point u_DCT/bdeg/ACC3/adder2/PostS1[5]/q u_DCT/bdeg/ACC3_adder2_PostS1_reg[5]/QN 
add mapped point u_DCT/bdeg/ACC3/adder2/PostS1[6]/q u_DCT/bdeg/ACC3_adder2_PostS1_reg[6]/Q 
add mapped point u_DCT/bdeg/ACC3/adder2/PostS1[6]/q u_DCT/bdeg/ACC3_adder2_PostS1_reg[6]/QN 
add mapped point u_DCT/bdeg/ACC3/adder2/PostS1[7]/q u_DCT/bdeg/ACC3_adder2_PostS1_reg[7]/Q 
add mapped point u_DCT/bdeg/ACC3/adder2/PostS1[7]/q u_DCT/bdeg/ACC3_adder2_PostS1_reg[7]/QN 
add mapped point u_DCT/bdeg/ACC3/adder2/PostS1[8]/q u_DCT/bdeg/ACC3_adder2_PostS1_reg[8]/Q 
add mapped point u_DCT/bdeg/ACC3/adder2/PostS1[8]/q u_DCT/bdeg/ACC3_adder2_PostS1_reg[8]/QN 
add mapped point u_DCT/bdeg/ACC3/adder2/PostS1[9]/q u_DCT/bdeg/ACC3_adder2_PostS1_reg[9]/Q 
add mapped point u_DCT/bdeg/ACC3/adder2/PostS1[9]/q u_DCT/bdeg/ACC3_adder2_PostS1_reg[9]/QN 
add mapped point u_DCT/bdeg/ACC3/adder2/PostS1[10]/q u_DCT/bdeg/ACC3_adder2_PostS1_reg[10]/Q 
add mapped point u_DCT/bdeg/ACC3/adder2/PostS1[10]/q u_DCT/bdeg/ACC3_adder2_PostS1_reg[10]/QN 
add mapped point u_DCT/bdeg/toACC0[0]/q u_DCT/bdeg/toACC0_reg[0]/Q 
add mapped point u_DCT/bdeg/toACC0[0]/q u_DCT/bdeg/toACC0_reg[0]/QN 
add mapped point u_DCT/bdeg/toACC0[1]/q u_DCT/bdeg/toACC0_reg[1]/Q 
add mapped point u_DCT/bdeg/toACC0[1]/q u_DCT/bdeg/toACC0_reg[1]/QN 
add mapped point u_DCT/bdeg/toACC0[2]/q u_DCT/bdeg/toACC0_reg[2]/Q 
add mapped point u_DCT/bdeg/toACC0[2]/q u_DCT/bdeg/toACC0_reg[2]/QN 
add mapped point u_DCT/bdeg/toACC0[3]/q u_DCT/bdeg/toACC0_reg[3]/Q 
add mapped point u_DCT/bdeg/toACC0[3]/q u_DCT/bdeg/toACC0_reg[3]/QN 
add mapped point u_DCT/bdeg/toACC0[4]/q u_DCT/bdeg/toACC0_reg[4]/Q 
add mapped point u_DCT/bdeg/toACC0[4]/q u_DCT/bdeg/toACC0_reg[4]/QN 
add mapped point u_DCT/bdeg/toACC0[5]/q u_DCT/bdeg/toACC0_reg[5]/Q 
add mapped point u_DCT/bdeg/toACC0[5]/q u_DCT/bdeg/toACC0_reg[5]/QN 
add mapped point u_DCT/bdeg/toACC0[6]/q u_DCT/bdeg/toACC0_reg[6]/Q 
add mapped point u_DCT/bdeg/toACC0[6]/q u_DCT/bdeg/toACC0_reg[6]/QN 
add mapped point u_DCT/bdeg/toACC0[7]/q u_DCT/bdeg/toACC0_reg[7]/Q 
add mapped point u_DCT/bdeg/toACC0[7]/q u_DCT/bdeg/toACC0_reg[7]/QN 
add mapped point u_DCT/bdeg/toACC0[8]/q u_DCT/bdeg/toACC0_reg[8]/Q 
add mapped point u_DCT/bdeg/toACC0[8]/q u_DCT/bdeg/toACC0_reg[8]/QN 
add mapped point u_DCT/bdeg/toACC0[9]/q u_DCT/bdeg/toACC0_reg[9]/Q 
add mapped point u_DCT/bdeg/toACC0[9]/q u_DCT/bdeg/toACC0_reg[9]/QN 
add mapped point u_DCT/bdeg/toACC0[10]/q u_DCT/bdeg/toACC0_reg[10]/Q 
add mapped point u_DCT/bdeg/toACC0[10]/q u_DCT/bdeg/toACC0_reg[10]/QN 
add mapped point u_DCT/bdeg/toACC0[11]/q u_DCT/bdeg/toACC0_reg[11]/Q 
add mapped point u_DCT/bdeg/toACC0[11]/q u_DCT/bdeg/toACC0_reg[11]/QN 
add mapped point u_DCT/bdeg/toACC0[12]/q u_DCT/bdeg/toACC0_reg[12]/Q 
add mapped point u_DCT/bdeg/toACC0[12]/q u_DCT/bdeg/toACC0_reg[12]/QN 
add mapped point u_DCT/bdeg/toACC0[13]/q u_DCT/bdeg/toACC0_reg[13]/Q 
add mapped point u_DCT/bdeg/toACC0[13]/q u_DCT/bdeg/toACC0_reg[13]/QN 
add mapped point u_DCT/bdeg/toACC0[14]/q u_DCT/bdeg/toACC0_reg[14]/Q 
add mapped point u_DCT/bdeg/toACC0[14]/q u_DCT/bdeg/toACC0_reg[14]/QN 
add mapped point u_DCT/bdeg/toACC0[15]/q u_DCT/bdeg/toACC0_reg[15]/Q 
add mapped point u_DCT/bdeg/toACC0[15]/q u_DCT/bdeg/toACC0_reg[15]/QN 
add mapped point u_DCT/bdeg/toACC0[16]/q u_DCT/bdeg/toACC0_reg[16]/Q 
add mapped point u_DCT/bdeg/toACC0[16]/q u_DCT/bdeg/toACC0_reg[16]/QN 
add mapped point u_DCT/bdeg/toACC0[17]/q u_DCT/bdeg/toACC0_reg[17]/Q 
add mapped point u_DCT/bdeg/toACC0[17]/q u_DCT/bdeg/toACC0_reg[17]/QN 
add mapped point u_DCT/bdeg/toACC0[18]/q u_DCT/bdeg/toACC0_reg[18]/Q 
add mapped point u_DCT/bdeg/toACC0[18]/q u_DCT/bdeg/toACC0_reg[18]/QN 
add mapped point u_DCT/bdeg/toACC0[19]/q u_DCT/bdeg/toACC0_reg[19]/Q 
add mapped point u_DCT/bdeg/toACC0[19]/q u_DCT/bdeg/toACC0_reg[19]/QN 
add mapped point u_DCT/bdeg/toACC1[0]/q u_DCT/bdeg/toACC1_reg[0]/Q 
add mapped point u_DCT/bdeg/toACC1[0]/q u_DCT/bdeg/toACC1_reg[0]/QN 
add mapped point u_DCT/bdeg/toACC1[1]/q u_DCT/bdeg/toACC1_reg[1]/Q 
add mapped point u_DCT/bdeg/toACC1[1]/q u_DCT/bdeg/toACC1_reg[1]/QN 
add mapped point u_DCT/bdeg/toACC1[2]/q u_DCT/bdeg/toACC1_reg[2]/Q 
add mapped point u_DCT/bdeg/toACC1[2]/q u_DCT/bdeg/toACC1_reg[2]/QN 
add mapped point u_DCT/bdeg/toACC1[3]/q u_DCT/bdeg/toACC1_reg[3]/Q 
add mapped point u_DCT/bdeg/toACC1[3]/q u_DCT/bdeg/toACC1_reg[3]/QN 
add mapped point u_DCT/bdeg/toACC1[4]/q u_DCT/bdeg/toACC1_reg[4]/Q 
add mapped point u_DCT/bdeg/toACC1[4]/q u_DCT/bdeg/toACC1_reg[4]/QN 
add mapped point u_DCT/bdeg/toACC1[5]/q u_DCT/bdeg/toACC1_reg[5]/Q 
add mapped point u_DCT/bdeg/toACC1[5]/q u_DCT/bdeg/toACC1_reg[5]/QN 
add mapped point u_DCT/bdeg/toACC1[6]/q u_DCT/bdeg/toACC1_reg[6]/Q 
add mapped point u_DCT/bdeg/toACC1[6]/q u_DCT/bdeg/toACC1_reg[6]/QN 
add mapped point u_DCT/bdeg/toACC1[7]/q u_DCT/bdeg/toACC1_reg[7]/Q 
add mapped point u_DCT/bdeg/toACC1[7]/q u_DCT/bdeg/toACC1_reg[7]/QN 
add mapped point u_DCT/bdeg/toACC1[8]/q u_DCT/bdeg/toACC1_reg[8]/Q 
add mapped point u_DCT/bdeg/toACC1[8]/q u_DCT/bdeg/toACC1_reg[8]/QN 
add mapped point u_DCT/bdeg/toACC1[9]/q u_DCT/bdeg/toACC1_reg[9]/Q 
add mapped point u_DCT/bdeg/toACC1[9]/q u_DCT/bdeg/toACC1_reg[9]/QN 
add mapped point u_DCT/bdeg/toACC1[10]/q u_DCT/bdeg/toACC1_reg[10]/Q 
add mapped point u_DCT/bdeg/toACC1[10]/q u_DCT/bdeg/toACC1_reg[10]/QN 
add mapped point u_DCT/bdeg/toACC1[11]/q u_DCT/bdeg/toACC1_reg[11]/Q 
add mapped point u_DCT/bdeg/toACC1[11]/q u_DCT/bdeg/toACC1_reg[11]/QN 
add mapped point u_DCT/bdeg/toACC1[12]/q u_DCT/bdeg/toACC1_reg[12]/Q 
add mapped point u_DCT/bdeg/toACC1[12]/q u_DCT/bdeg/toACC1_reg[12]/QN 
add mapped point u_DCT/bdeg/toACC1[13]/q u_DCT/bdeg/toACC1_reg[13]/Q 
add mapped point u_DCT/bdeg/toACC1[13]/q u_DCT/bdeg/toACC1_reg[13]/QN 
add mapped point u_DCT/bdeg/toACC1[14]/q u_DCT/bdeg/toACC1_reg[14]/Q 
add mapped point u_DCT/bdeg/toACC1[14]/q u_DCT/bdeg/toACC1_reg[14]/QN 
add mapped point u_DCT/bdeg/toACC1[15]/q u_DCT/bdeg/toACC1_reg[15]/Q 
add mapped point u_DCT/bdeg/toACC1[15]/q u_DCT/bdeg/toACC1_reg[15]/QN 
add mapped point u_DCT/bdeg/toACC1[16]/q u_DCT/bdeg/toACC1_reg[16]/Q 
add mapped point u_DCT/bdeg/toACC1[16]/q u_DCT/bdeg/toACC1_reg[16]/QN 
add mapped point u_DCT/bdeg/toACC1[17]/q u_DCT/bdeg/toACC1_reg[17]/Q 
add mapped point u_DCT/bdeg/toACC1[17]/q u_DCT/bdeg/toACC1_reg[17]/QN 
add mapped point u_DCT/bdeg/toACC1[18]/q u_DCT/bdeg/toACC1_reg[18]/Q 
add mapped point u_DCT/bdeg/toACC1[18]/q u_DCT/bdeg/toACC1_reg[18]/QN 
add mapped point u_DCT/bdeg/toACC1[19]/q u_DCT/bdeg/toACC1_reg[19]/Q 
add mapped point u_DCT/bdeg/toACC1[19]/q u_DCT/bdeg/toACC1_reg[19]/QN 
add mapped point u_DCT/bdeg/toACC2[0]/q u_DCT/bdeg/toACC2_reg[0]/Q 
add mapped point u_DCT/bdeg/toACC2[0]/q u_DCT/bdeg/toACC2_reg[0]/QN 
add mapped point u_DCT/bdeg/toACC2[1]/q u_DCT/bdeg/toACC2_reg[1]/Q 
add mapped point u_DCT/bdeg/toACC2[1]/q u_DCT/bdeg/toACC2_reg[1]/QN 
add mapped point u_DCT/bdeg/toACC2[2]/q u_DCT/bdeg/toACC2_reg[2]/Q 
add mapped point u_DCT/bdeg/toACC2[2]/q u_DCT/bdeg/toACC2_reg[2]/QN 
add mapped point u_DCT/bdeg/toACC2[3]/q u_DCT/bdeg/toACC2_reg[3]/Q 
add mapped point u_DCT/bdeg/toACC2[3]/q u_DCT/bdeg/toACC2_reg[3]/QN 
add mapped point u_DCT/bdeg/toACC2[4]/q u_DCT/bdeg/toACC2_reg[4]/Q 
add mapped point u_DCT/bdeg/toACC2[4]/q u_DCT/bdeg/toACC2_reg[4]/QN 
add mapped point u_DCT/bdeg/toACC2[5]/q u_DCT/bdeg/toACC2_reg[5]/Q 
add mapped point u_DCT/bdeg/toACC2[5]/q u_DCT/bdeg/toACC2_reg[5]/QN 
add mapped point u_DCT/bdeg/toACC2[6]/q u_DCT/bdeg/toACC2_reg[6]/Q 
add mapped point u_DCT/bdeg/toACC2[6]/q u_DCT/bdeg/toACC2_reg[6]/QN 
add mapped point u_DCT/bdeg/toACC2[7]/q u_DCT/bdeg/toACC2_reg[7]/Q 
add mapped point u_DCT/bdeg/toACC2[7]/q u_DCT/bdeg/toACC2_reg[7]/QN 
add mapped point u_DCT/bdeg/toACC2[8]/q u_DCT/bdeg/toACC2_reg[8]/Q 
add mapped point u_DCT/bdeg/toACC2[8]/q u_DCT/bdeg/toACC2_reg[8]/QN 
add mapped point u_DCT/bdeg/toACC2[9]/q u_DCT/bdeg/toACC2_reg[9]/Q 
add mapped point u_DCT/bdeg/toACC2[9]/q u_DCT/bdeg/toACC2_reg[9]/QN 
add mapped point u_DCT/bdeg/toACC2[10]/q u_DCT/bdeg/toACC2_reg[10]/Q 
add mapped point u_DCT/bdeg/toACC2[10]/q u_DCT/bdeg/toACC2_reg[10]/QN 
add mapped point u_DCT/bdeg/toACC2[11]/q u_DCT/bdeg/toACC2_reg[11]/Q 
add mapped point u_DCT/bdeg/toACC2[11]/q u_DCT/bdeg/toACC2_reg[11]/QN 
add mapped point u_DCT/bdeg/toACC2[12]/q u_DCT/bdeg/toACC2_reg[12]/Q 
add mapped point u_DCT/bdeg/toACC2[12]/q u_DCT/bdeg/toACC2_reg[12]/QN 
add mapped point u_DCT/bdeg/toACC2[13]/q u_DCT/bdeg/toACC2_reg[13]/Q 
add mapped point u_DCT/bdeg/toACC2[13]/q u_DCT/bdeg/toACC2_reg[13]/QN 
add mapped point u_DCT/bdeg/toACC2[14]/q u_DCT/bdeg/toACC2_reg[14]/Q 
add mapped point u_DCT/bdeg/toACC2[14]/q u_DCT/bdeg/toACC2_reg[14]/QN 
add mapped point u_DCT/bdeg/toACC2[15]/q u_DCT/bdeg/toACC2_reg[15]/Q 
add mapped point u_DCT/bdeg/toACC2[15]/q u_DCT/bdeg/toACC2_reg[15]/QN 
add mapped point u_DCT/bdeg/toACC2[16]/q u_DCT/bdeg/toACC2_reg[16]/Q 
add mapped point u_DCT/bdeg/toACC2[16]/q u_DCT/bdeg/toACC2_reg[16]/QN 
add mapped point u_DCT/bdeg/toACC2[17]/q u_DCT/bdeg/toACC2_reg[17]/Q 
add mapped point u_DCT/bdeg/toACC2[17]/q u_DCT/bdeg/toACC2_reg[17]/QN 
add mapped point u_DCT/bdeg/toACC2[18]/q u_DCT/bdeg/toACC2_reg[18]/Q 
add mapped point u_DCT/bdeg/toACC2[18]/q u_DCT/bdeg/toACC2_reg[18]/QN 
add mapped point u_DCT/bdeg/toACC2[19]/q u_DCT/bdeg/toACC2_reg[19]/Q 
add mapped point u_DCT/bdeg/toACC2[19]/q u_DCT/bdeg/toACC2_reg[19]/QN 
add mapped point u_DCT/bdeg/toACC3[0]/q u_DCT/bdeg/toACC3_reg[0]/Q 
add mapped point u_DCT/bdeg/toACC3[0]/q u_DCT/bdeg/toACC3_reg[0]/QN 
add mapped point u_DCT/bdeg/toACC3[1]/q u_DCT/bdeg/toACC3_reg[1]/Q 
add mapped point u_DCT/bdeg/toACC3[1]/q u_DCT/bdeg/toACC3_reg[1]/QN 
add mapped point u_DCT/bdeg/toACC3[2]/q u_DCT/bdeg/toACC3_reg[2]/Q 
add mapped point u_DCT/bdeg/toACC3[2]/q u_DCT/bdeg/toACC3_reg[2]/QN 
add mapped point u_DCT/bdeg/toACC3[3]/q u_DCT/bdeg/toACC3_reg[3]/Q 
add mapped point u_DCT/bdeg/toACC3[3]/q u_DCT/bdeg/toACC3_reg[3]/QN 
add mapped point u_DCT/bdeg/toACC3[4]/q u_DCT/bdeg/toACC3_reg[4]/Q 
add mapped point u_DCT/bdeg/toACC3[4]/q u_DCT/bdeg/toACC3_reg[4]/QN 
add mapped point u_DCT/bdeg/toACC3[5]/q u_DCT/bdeg/toACC3_reg[5]/Q 
add mapped point u_DCT/bdeg/toACC3[5]/q u_DCT/bdeg/toACC3_reg[5]/QN 
add mapped point u_DCT/bdeg/toACC3[6]/q u_DCT/bdeg/toACC3_reg[6]/Q 
add mapped point u_DCT/bdeg/toACC3[6]/q u_DCT/bdeg/toACC3_reg[6]/QN 
add mapped point u_DCT/bdeg/toACC3[7]/q u_DCT/bdeg/toACC3_reg[7]/Q 
add mapped point u_DCT/bdeg/toACC3[7]/q u_DCT/bdeg/toACC3_reg[7]/QN 
add mapped point u_DCT/bdeg/toACC3[8]/q u_DCT/bdeg/toACC3_reg[8]/Q 
add mapped point u_DCT/bdeg/toACC3[8]/q u_DCT/bdeg/toACC3_reg[8]/QN 
add mapped point u_DCT/bdeg/toACC3[9]/q u_DCT/bdeg/toACC3_reg[9]/Q 
add mapped point u_DCT/bdeg/toACC3[9]/q u_DCT/bdeg/toACC3_reg[9]/QN 
add mapped point u_DCT/bdeg/toACC3[10]/q u_DCT/bdeg/toACC3_reg[10]/Q 
add mapped point u_DCT/bdeg/toACC3[10]/q u_DCT/bdeg/toACC3_reg[10]/QN 
add mapped point u_DCT/bdeg/toACC3[11]/q u_DCT/bdeg/toACC3_reg[11]/Q 
add mapped point u_DCT/bdeg/toACC3[11]/q u_DCT/bdeg/toACC3_reg[11]/QN 
add mapped point u_DCT/bdeg/toACC3[12]/q u_DCT/bdeg/toACC3_reg[12]/Q 
add mapped point u_DCT/bdeg/toACC3[12]/q u_DCT/bdeg/toACC3_reg[12]/QN 
add mapped point u_DCT/bdeg/toACC3[13]/q u_DCT/bdeg/toACC3_reg[13]/Q 
add mapped point u_DCT/bdeg/toACC3[13]/q u_DCT/bdeg/toACC3_reg[13]/QN 
add mapped point u_DCT/bdeg/toACC3[14]/q u_DCT/bdeg/toACC3_reg[14]/Q 
add mapped point u_DCT/bdeg/toACC3[14]/q u_DCT/bdeg/toACC3_reg[14]/QN 
add mapped point u_DCT/bdeg/toACC3[15]/q u_DCT/bdeg/toACC3_reg[15]/Q 
add mapped point u_DCT/bdeg/toACC3[15]/q u_DCT/bdeg/toACC3_reg[15]/QN 
add mapped point u_DCT/bdeg/toACC3[16]/q u_DCT/bdeg/toACC3_reg[16]/Q 
add mapped point u_DCT/bdeg/toACC3[16]/q u_DCT/bdeg/toACC3_reg[16]/QN 
add mapped point u_DCT/bdeg/toACC3[17]/q u_DCT/bdeg/toACC3_reg[17]/Q 
add mapped point u_DCT/bdeg/toACC3[17]/q u_DCT/bdeg/toACC3_reg[17]/QN 
add mapped point u_DCT/bdeg/toACC3[18]/q u_DCT/bdeg/toACC3_reg[18]/Q 
add mapped point u_DCT/bdeg/toACC3[18]/q u_DCT/bdeg/toACC3_reg[18]/QN 
add mapped point u_DCT/bdeg/toACC3[19]/q u_DCT/bdeg/toACC3_reg[19]/Q 
add mapped point u_DCT/bdeg/toACC3[19]/q u_DCT/bdeg/toACC3_reg[19]/QN 
add mapped point u_DCT/bdeg/ACC0/Z2[0]/q u_DCT/bdeg/ACC0_Z2_reg[0]/Q 
add mapped point u_DCT/bdeg/ACC0/Z2[0]/q u_DCT/bdeg/ACC0_Z2_reg[0]/QN 
add mapped point u_DCT/bdeg/ACC0/Z2[1]/q u_DCT/bdeg/ACC0_Z2_reg[1]/Q 
add mapped point u_DCT/bdeg/ACC0/Z2[1]/q u_DCT/bdeg/ACC0_Z2_reg[1]/QN 
add mapped point u_DCT/bdeg/ACC0/Z2[2]/q u_DCT/bdeg/ACC0_Z2_reg[2]/Q 
add mapped point u_DCT/bdeg/ACC0/Z2[2]/q u_DCT/bdeg/ACC0_Z2_reg[2]/QN 
add mapped point u_DCT/bdeg/ACC0/Z2[3]/q u_DCT/bdeg/ACC0_Z2_reg[3]/Q 
add mapped point u_DCT/bdeg/ACC0/Z2[3]/q u_DCT/bdeg/ACC0_Z2_reg[3]/QN 
add mapped point u_DCT/bdeg/ACC0/Z2[4]/q u_DCT/bdeg/ACC0_Z2_reg[4]/Q 
add mapped point u_DCT/bdeg/ACC0/Z2[4]/q u_DCT/bdeg/ACC0_Z2_reg[4]/QN 
add mapped point u_DCT/bdeg/ACC0/Z2[5]/q u_DCT/bdeg/ACC0_Z2_reg[5]/Q 
add mapped point u_DCT/bdeg/ACC0/Z2[5]/q u_DCT/bdeg/ACC0_Z2_reg[5]/QN 
add mapped point u_DCT/bdeg/ACC0/Z2[6]/q u_DCT/bdeg/ACC0_Z2_reg[6]/Q 
add mapped point u_DCT/bdeg/ACC0/Z2[6]/q u_DCT/bdeg/ACC0_Z2_reg[6]/QN 
add mapped point u_DCT/bdeg/ACC0/Z2[7]/q u_DCT/bdeg/ACC0_Z2_reg[7]/Q 
add mapped point u_DCT/bdeg/ACC0/Z2[7]/q u_DCT/bdeg/ACC0_Z2_reg[7]/QN 
add mapped point u_DCT/bdeg/ACC0/Z2[8]/q u_DCT/bdeg/ACC0_Z2_reg[8]/Q 
add mapped point u_DCT/bdeg/ACC0/Z2[8]/q u_DCT/bdeg/ACC0_Z2_reg[8]/QN 
add mapped point u_DCT/bdeg/ACC0/Z2[9]/q u_DCT/bdeg/ACC0_Z2_reg[9]/Q 
add mapped point u_DCT/bdeg/ACC0/Z2[9]/q u_DCT/bdeg/ACC0_Z2_reg[9]/QN 
add mapped point u_DCT/bdeg/ACC0/Z2[10]/q u_DCT/bdeg/ACC0_Z2_reg[10]/Q 
add mapped point u_DCT/bdeg/ACC0/Z2[10]/q u_DCT/bdeg/ACC0_Z2_reg[10]/QN 
add mapped point u_DCT/bdeg/ACC0/adder2/APreS2[0]/q u_DCT/bdeg/ACC0_adder2_APreS2_reg[0]/Q 
add mapped point u_DCT/bdeg/ACC0/adder2/APreS2[0]/q u_DCT/bdeg/ACC0_adder2_APreS2_reg[0]/QN 
add mapped point u_DCT/bdeg/ACC0/adder2/APreS2[1]/q u_DCT/bdeg/ACC0_adder2_APreS2_reg[1]/Q 
add mapped point u_DCT/bdeg/ACC0/adder2/APreS2[1]/q u_DCT/bdeg/ACC0_adder2_APreS2_reg[1]/QN 
add mapped point u_DCT/bdeg/ACC0/adder2/APreS2[2]/q u_DCT/bdeg/ACC0_adder2_APreS2_reg[2]/Q 
add mapped point u_DCT/bdeg/ACC0/adder2/APreS2[2]/q u_DCT/bdeg/ACC0_adder2_APreS2_reg[2]/QN 
add mapped point u_DCT/bdeg/ACC0/adder2/APreS2[3]/q u_DCT/bdeg/ACC0_adder2_APreS2_reg[3]/Q 
add mapped point u_DCT/bdeg/ACC0/adder2/APreS2[3]/q u_DCT/bdeg/ACC0_adder2_APreS2_reg[3]/QN 
add mapped point u_DCT/bdeg/ACC0/adder2/APreS2[4]/q u_DCT/bdeg/ACC0_adder2_APreS2_reg[4]/Q 
add mapped point u_DCT/bdeg/ACC0/adder2/APreS2[4]/q u_DCT/bdeg/ACC0_adder2_APreS2_reg[4]/QN 
add mapped point u_DCT/bdeg/ACC0/adder2/APreS2[5]/q u_DCT/bdeg/ACC0_adder2_APreS2_reg[5]/Q 
add mapped point u_DCT/bdeg/ACC0/adder2/APreS2[5]/q u_DCT/bdeg/ACC0_adder2_APreS2_reg[5]/QN 
add mapped point u_DCT/bdeg/ACC0/adder2/APreS2[6]/q u_DCT/bdeg/ACC0_adder2_APreS2_reg[6]/Q 
add mapped point u_DCT/bdeg/ACC0/adder2/APreS2[6]/q u_DCT/bdeg/ACC0_adder2_APreS2_reg[6]/QN 
add mapped point u_DCT/bdeg/ACC0/adder2/APreS2[7]/q u_DCT/bdeg/ACC0_adder2_APreS2_reg[7]/Q 
add mapped point u_DCT/bdeg/ACC0/adder2/APreS2[7]/q u_DCT/bdeg/ACC0_adder2_APreS2_reg[7]/QN 
add mapped point u_DCT/bdeg/ACC0/adder2/APreS2[8]/q u_DCT/bdeg/ACC0_adder2_APreS2_reg[8]/Q 
add mapped point u_DCT/bdeg/ACC0/adder2/APreS2[8]/q u_DCT/bdeg/ACC0_adder2_APreS2_reg[8]/QN 
add mapped point u_DCT/bdeg/ACC1/Z2[0]/q u_DCT/bdeg/ACC1_Z2_reg[0]/Q 
add mapped point u_DCT/bdeg/ACC1/Z2[0]/q u_DCT/bdeg/ACC1_Z2_reg[0]/QN 
add mapped point u_DCT/bdeg/ACC1/Z2[1]/q u_DCT/bdeg/ACC1_Z2_reg[1]/Q 
add mapped point u_DCT/bdeg/ACC1/Z2[1]/q u_DCT/bdeg/ACC1_Z2_reg[1]/QN 
add mapped point u_DCT/bdeg/ACC1/Z2[2]/q u_DCT/bdeg/ACC1_Z2_reg[2]/Q 
add mapped point u_DCT/bdeg/ACC1/Z2[2]/q u_DCT/bdeg/ACC1_Z2_reg[2]/QN 
add mapped point u_DCT/bdeg/ACC1/Z2[3]/q u_DCT/bdeg/ACC1_Z2_reg[3]/Q 
add mapped point u_DCT/bdeg/ACC1/Z2[3]/q u_DCT/bdeg/ACC1_Z2_reg[3]/QN 
add mapped point u_DCT/bdeg/ACC1/Z2[4]/q u_DCT/bdeg/ACC1_Z2_reg[4]/Q 
add mapped point u_DCT/bdeg/ACC1/Z2[4]/q u_DCT/bdeg/ACC1_Z2_reg[4]/QN 
add mapped point u_DCT/bdeg/ACC1/Z2[5]/q u_DCT/bdeg/ACC1_Z2_reg[5]/Q 
add mapped point u_DCT/bdeg/ACC1/Z2[5]/q u_DCT/bdeg/ACC1_Z2_reg[5]/QN 
add mapped point u_DCT/bdeg/ACC1/Z2[6]/q u_DCT/bdeg/ACC1_Z2_reg[6]/Q 
add mapped point u_DCT/bdeg/ACC1/Z2[6]/q u_DCT/bdeg/ACC1_Z2_reg[6]/QN 
add mapped point u_DCT/bdeg/ACC1/Z2[7]/q u_DCT/bdeg/ACC1_Z2_reg[7]/Q 
add mapped point u_DCT/bdeg/ACC1/Z2[7]/q u_DCT/bdeg/ACC1_Z2_reg[7]/QN 
add mapped point u_DCT/bdeg/ACC1/Z2[8]/q u_DCT/bdeg/ACC1_Z2_reg[8]/Q 
add mapped point u_DCT/bdeg/ACC1/Z2[8]/q u_DCT/bdeg/ACC1_Z2_reg[8]/QN 
add mapped point u_DCT/bdeg/ACC1/Z2[9]/q u_DCT/bdeg/ACC1_Z2_reg[9]/Q 
add mapped point u_DCT/bdeg/ACC1/Z2[9]/q u_DCT/bdeg/ACC1_Z2_reg[9]/QN 
add mapped point u_DCT/bdeg/ACC1/Z2[10]/q u_DCT/bdeg/ACC1_Z2_reg[10]/Q 
add mapped point u_DCT/bdeg/ACC1/Z2[10]/q u_DCT/bdeg/ACC1_Z2_reg[10]/QN 
add mapped point u_DCT/bdeg/ACC1/adder2/APreS2[0]/q u_DCT/bdeg/ACC1_adder2_APreS2_reg[0]/Q 
add mapped point u_DCT/bdeg/ACC1/adder2/APreS2[0]/q u_DCT/bdeg/ACC1_adder2_APreS2_reg[0]/QN 
add mapped point u_DCT/bdeg/ACC1/adder2/APreS2[1]/q u_DCT/bdeg/ACC1_adder2_APreS2_reg[1]/Q 
add mapped point u_DCT/bdeg/ACC1/adder2/APreS2[1]/q u_DCT/bdeg/ACC1_adder2_APreS2_reg[1]/QN 
add mapped point u_DCT/bdeg/ACC1/adder2/APreS2[2]/q u_DCT/bdeg/ACC1_adder2_APreS2_reg[2]/Q 
add mapped point u_DCT/bdeg/ACC1/adder2/APreS2[2]/q u_DCT/bdeg/ACC1_adder2_APreS2_reg[2]/QN 
add mapped point u_DCT/bdeg/ACC1/adder2/APreS2[3]/q u_DCT/bdeg/ACC1_adder2_APreS2_reg[3]/Q 
add mapped point u_DCT/bdeg/ACC1/adder2/APreS2[3]/q u_DCT/bdeg/ACC1_adder2_APreS2_reg[3]/QN 
add mapped point u_DCT/bdeg/ACC1/adder2/APreS2[4]/q u_DCT/bdeg/ACC1_adder2_APreS2_reg[4]/Q 
add mapped point u_DCT/bdeg/ACC1/adder2/APreS2[4]/q u_DCT/bdeg/ACC1_adder2_APreS2_reg[4]/QN 
add mapped point u_DCT/bdeg/ACC1/adder2/APreS2[5]/q u_DCT/bdeg/ACC1_adder2_APreS2_reg[5]/Q 
add mapped point u_DCT/bdeg/ACC1/adder2/APreS2[5]/q u_DCT/bdeg/ACC1_adder2_APreS2_reg[5]/QN 
add mapped point u_DCT/bdeg/ACC1/adder2/APreS2[6]/q u_DCT/bdeg/ACC1_adder2_APreS2_reg[6]/Q 
add mapped point u_DCT/bdeg/ACC1/adder2/APreS2[6]/q u_DCT/bdeg/ACC1_adder2_APreS2_reg[6]/QN 
add mapped point u_DCT/bdeg/ACC1/adder2/APreS2[7]/q u_DCT/bdeg/ACC1_adder2_APreS2_reg[7]/Q 
add mapped point u_DCT/bdeg/ACC1/adder2/APreS2[7]/q u_DCT/bdeg/ACC1_adder2_APreS2_reg[7]/QN 
add mapped point u_DCT/bdeg/ACC1/adder2/APreS2[8]/q u_DCT/bdeg/ACC1_adder2_APreS2_reg[8]/Q 
add mapped point u_DCT/bdeg/ACC1/adder2/APreS2[8]/q u_DCT/bdeg/ACC1_adder2_APreS2_reg[8]/QN 
add mapped point u_DCT/bdeg/ACC2/Z2[0]/q u_DCT/bdeg/ACC2_Z2_reg[0]/Q 
add mapped point u_DCT/bdeg/ACC2/Z2[0]/q u_DCT/bdeg/ACC2_Z2_reg[0]/QN 
add mapped point u_DCT/bdeg/ACC2/Z2[1]/q u_DCT/bdeg/ACC2_Z2_reg[1]/Q 
add mapped point u_DCT/bdeg/ACC2/Z2[1]/q u_DCT/bdeg/ACC2_Z2_reg[1]/QN 
add mapped point u_DCT/bdeg/ACC2/Z2[2]/q u_DCT/bdeg/ACC2_Z2_reg[2]/Q 
add mapped point u_DCT/bdeg/ACC2/Z2[2]/q u_DCT/bdeg/ACC2_Z2_reg[2]/QN 
add mapped point u_DCT/bdeg/ACC2/Z2[3]/q u_DCT/bdeg/ACC2_Z2_reg[3]/Q 
add mapped point u_DCT/bdeg/ACC2/Z2[3]/q u_DCT/bdeg/ACC2_Z2_reg[3]/QN 
add mapped point u_DCT/bdeg/ACC2/Z2[4]/q u_DCT/bdeg/ACC2_Z2_reg[4]/Q 
add mapped point u_DCT/bdeg/ACC2/Z2[4]/q u_DCT/bdeg/ACC2_Z2_reg[4]/QN 
add mapped point u_DCT/bdeg/ACC2/Z2[5]/q u_DCT/bdeg/ACC2_Z2_reg[5]/Q 
add mapped point u_DCT/bdeg/ACC2/Z2[5]/q u_DCT/bdeg/ACC2_Z2_reg[5]/QN 
add mapped point u_DCT/bdeg/ACC2/Z2[6]/q u_DCT/bdeg/ACC2_Z2_reg[6]/Q 
add mapped point u_DCT/bdeg/ACC2/Z2[6]/q u_DCT/bdeg/ACC2_Z2_reg[6]/QN 
add mapped point u_DCT/bdeg/ACC2/Z2[7]/q u_DCT/bdeg/ACC2_Z2_reg[7]/Q 
add mapped point u_DCT/bdeg/ACC2/Z2[7]/q u_DCT/bdeg/ACC2_Z2_reg[7]/QN 
add mapped point u_DCT/bdeg/ACC2/Z2[8]/q u_DCT/bdeg/ACC2_Z2_reg[8]/Q 
add mapped point u_DCT/bdeg/ACC2/Z2[8]/q u_DCT/bdeg/ACC2_Z2_reg[8]/QN 
add mapped point u_DCT/bdeg/ACC2/Z2[9]/q u_DCT/bdeg/ACC2_Z2_reg[9]/Q 
add mapped point u_DCT/bdeg/ACC2/Z2[9]/q u_DCT/bdeg/ACC2_Z2_reg[9]/QN 
add mapped point u_DCT/bdeg/ACC2/Z2[10]/q u_DCT/bdeg/ACC2_Z2_reg[10]/Q 
add mapped point u_DCT/bdeg/ACC2/Z2[10]/q u_DCT/bdeg/ACC2_Z2_reg[10]/QN 
add mapped point u_DCT/bdeg/ACC2/adder2/APreS2[0]/q u_DCT/bdeg/ACC2_adder2_APreS2_reg[0]/Q 
add mapped point u_DCT/bdeg/ACC2/adder2/APreS2[0]/q u_DCT/bdeg/ACC2_adder2_APreS2_reg[0]/QN 
add mapped point u_DCT/bdeg/ACC2/adder2/APreS2[1]/q u_DCT/bdeg/ACC2_adder2_APreS2_reg[1]/Q 
add mapped point u_DCT/bdeg/ACC2/adder2/APreS2[1]/q u_DCT/bdeg/ACC2_adder2_APreS2_reg[1]/QN 
add mapped point u_DCT/bdeg/ACC2/adder2/APreS2[2]/q u_DCT/bdeg/ACC2_adder2_APreS2_reg[2]/Q 
add mapped point u_DCT/bdeg/ACC2/adder2/APreS2[2]/q u_DCT/bdeg/ACC2_adder2_APreS2_reg[2]/QN 
add mapped point u_DCT/bdeg/ACC2/adder2/APreS2[3]/q u_DCT/bdeg/ACC2_adder2_APreS2_reg[3]/Q 
add mapped point u_DCT/bdeg/ACC2/adder2/APreS2[3]/q u_DCT/bdeg/ACC2_adder2_APreS2_reg[3]/QN 
add mapped point u_DCT/bdeg/ACC2/adder2/APreS2[4]/q u_DCT/bdeg/ACC2_adder2_APreS2_reg[4]/Q 
add mapped point u_DCT/bdeg/ACC2/adder2/APreS2[4]/q u_DCT/bdeg/ACC2_adder2_APreS2_reg[4]/QN 
add mapped point u_DCT/bdeg/ACC2/adder2/APreS2[5]/q u_DCT/bdeg/ACC2_adder2_APreS2_reg[5]/Q 
add mapped point u_DCT/bdeg/ACC2/adder2/APreS2[5]/q u_DCT/bdeg/ACC2_adder2_APreS2_reg[5]/QN 
add mapped point u_DCT/bdeg/ACC2/adder2/APreS2[6]/q u_DCT/bdeg/ACC2_adder2_APreS2_reg[6]/Q 
add mapped point u_DCT/bdeg/ACC2/adder2/APreS2[6]/q u_DCT/bdeg/ACC2_adder2_APreS2_reg[6]/QN 
add mapped point u_DCT/bdeg/ACC2/adder2/APreS2[7]/q u_DCT/bdeg/ACC2_adder2_APreS2_reg[7]/Q 
add mapped point u_DCT/bdeg/ACC2/adder2/APreS2[7]/q u_DCT/bdeg/ACC2_adder2_APreS2_reg[7]/QN 
add mapped point u_DCT/bdeg/ACC2/adder2/APreS2[8]/q u_DCT/bdeg/ACC2_adder2_APreS2_reg[8]/Q 
add mapped point u_DCT/bdeg/ACC2/adder2/APreS2[8]/q u_DCT/bdeg/ACC2_adder2_APreS2_reg[8]/QN 
add mapped point u_DCT/bdeg/ACC3/Z2[0]/q u_DCT/bdeg/ACC3_Z2_reg[0]/Q 
add mapped point u_DCT/bdeg/ACC3/Z2[0]/q u_DCT/bdeg/ACC3_Z2_reg[0]/QN 
add mapped point u_DCT/bdeg/ACC3/Z2[1]/q u_DCT/bdeg/ACC3_Z2_reg[1]/Q 
add mapped point u_DCT/bdeg/ACC3/Z2[1]/q u_DCT/bdeg/ACC3_Z2_reg[1]/QN 
add mapped point u_DCT/bdeg/ACC3/Z2[2]/q u_DCT/bdeg/ACC3_Z2_reg[2]/Q 
add mapped point u_DCT/bdeg/ACC3/Z2[2]/q u_DCT/bdeg/ACC3_Z2_reg[2]/QN 
add mapped point u_DCT/bdeg/ACC3/Z2[3]/q u_DCT/bdeg/ACC3_Z2_reg[3]/Q 
add mapped point u_DCT/bdeg/ACC3/Z2[3]/q u_DCT/bdeg/ACC3_Z2_reg[3]/QN 
add mapped point u_DCT/bdeg/ACC3/Z2[4]/q u_DCT/bdeg/ACC3_Z2_reg[4]/Q 
add mapped point u_DCT/bdeg/ACC3/Z2[4]/q u_DCT/bdeg/ACC3_Z2_reg[4]/QN 
add mapped point u_DCT/bdeg/ACC3/Z2[5]/q u_DCT/bdeg/ACC3_Z2_reg[5]/Q 
add mapped point u_DCT/bdeg/ACC3/Z2[5]/q u_DCT/bdeg/ACC3_Z2_reg[5]/QN 
add mapped point u_DCT/bdeg/ACC3/Z2[6]/q u_DCT/bdeg/ACC3_Z2_reg[6]/Q 
add mapped point u_DCT/bdeg/ACC3/Z2[6]/q u_DCT/bdeg/ACC3_Z2_reg[6]/QN 
add mapped point u_DCT/bdeg/ACC3/Z2[7]/q u_DCT/bdeg/ACC3_Z2_reg[7]/Q 
add mapped point u_DCT/bdeg/ACC3/Z2[7]/q u_DCT/bdeg/ACC3_Z2_reg[7]/QN 
add mapped point u_DCT/bdeg/ACC3/Z2[8]/q u_DCT/bdeg/ACC3_Z2_reg[8]/Q 
add mapped point u_DCT/bdeg/ACC3/Z2[8]/q u_DCT/bdeg/ACC3_Z2_reg[8]/QN 
add mapped point u_DCT/bdeg/ACC3/Z2[9]/q u_DCT/bdeg/ACC3_Z2_reg[9]/Q 
add mapped point u_DCT/bdeg/ACC3/Z2[9]/q u_DCT/bdeg/ACC3_Z2_reg[9]/QN 
add mapped point u_DCT/bdeg/ACC3/Z2[10]/q u_DCT/bdeg/ACC3_Z2_reg[10]/Q 
add mapped point u_DCT/bdeg/ACC3/Z2[10]/q u_DCT/bdeg/ACC3_Z2_reg[10]/QN 
add mapped point u_DCT/bdeg/ACC3/adder2/APreS2[0]/q u_DCT/bdeg/ACC3_adder2_APreS2_reg[0]/Q 
add mapped point u_DCT/bdeg/ACC3/adder2/APreS2[0]/q u_DCT/bdeg/ACC3_adder2_APreS2_reg[0]/QN 
add mapped point u_DCT/bdeg/ACC3/adder2/APreS2[1]/q u_DCT/bdeg/ACC3_adder2_APreS2_reg[1]/Q 
add mapped point u_DCT/bdeg/ACC3/adder2/APreS2[1]/q u_DCT/bdeg/ACC3_adder2_APreS2_reg[1]/QN 
add mapped point u_DCT/bdeg/ACC3/adder2/APreS2[2]/q u_DCT/bdeg/ACC3_adder2_APreS2_reg[2]/Q 
add mapped point u_DCT/bdeg/ACC3/adder2/APreS2[2]/q u_DCT/bdeg/ACC3_adder2_APreS2_reg[2]/QN 
add mapped point u_DCT/bdeg/ACC3/adder2/APreS2[3]/q u_DCT/bdeg/ACC3_adder2_APreS2_reg[3]/Q 
add mapped point u_DCT/bdeg/ACC3/adder2/APreS2[3]/q u_DCT/bdeg/ACC3_adder2_APreS2_reg[3]/QN 
add mapped point u_DCT/bdeg/ACC3/adder2/APreS2[4]/q u_DCT/bdeg/ACC3_adder2_APreS2_reg[4]/Q 
add mapped point u_DCT/bdeg/ACC3/adder2/APreS2[4]/q u_DCT/bdeg/ACC3_adder2_APreS2_reg[4]/QN 
add mapped point u_DCT/bdeg/ACC3/adder2/APreS2[5]/q u_DCT/bdeg/ACC3_adder2_APreS2_reg[5]/Q 
add mapped point u_DCT/bdeg/ACC3/adder2/APreS2[5]/q u_DCT/bdeg/ACC3_adder2_APreS2_reg[5]/QN 
add mapped point u_DCT/bdeg/ACC3/adder2/APreS2[6]/q u_DCT/bdeg/ACC3_adder2_APreS2_reg[6]/Q 
add mapped point u_DCT/bdeg/ACC3/adder2/APreS2[6]/q u_DCT/bdeg/ACC3_adder2_APreS2_reg[6]/QN 
add mapped point u_DCT/bdeg/ACC3/adder2/APreS2[7]/q u_DCT/bdeg/ACC3_adder2_APreS2_reg[7]/Q 
add mapped point u_DCT/bdeg/ACC3/adder2/APreS2[7]/q u_DCT/bdeg/ACC3_adder2_APreS2_reg[7]/QN 
add mapped point u_DCT/bdeg/ACC3/adder2/APreS2[8]/q u_DCT/bdeg/ACC3_adder2_APreS2_reg[8]/Q 
add mapped point u_DCT/bdeg/ACC3/adder2/APreS2[8]/q u_DCT/bdeg/ACC3_adder2_APreS2_reg[8]/QN 
add mapped point u_DCT/bdeg/Count[0]/q u_DCT/bdeg/Count_reg[0]/Q 
add mapped point u_DCT/bdeg/Count[0]/q u_DCT/bdeg/Count_reg[0]/QN 
add mapped point u_DCT/bdeg/Count[1]/q u_DCT/bdeg/Count_reg[1]/Q 
add mapped point u_DCT/bdeg/Count[1]/q u_DCT/bdeg/Count_reg[1]/QN 
add mapped point  u_DCT/bdeg/mult_b_R_reg[2][20]/Q 
add mapped point  u_DCT/bdeg/mult_b_R_reg[2][20]/QN 
add mapped point  u_DCT/bdeg/mult_b_R_reg[2][27]/Q 
add mapped point  u_DCT/bdeg/mult_b_R_reg[2][27]/QN 
add mapped point  u_DCT/bdeg/mult_b_R_reg[2][26]/Q 
add mapped point  u_DCT/bdeg/mult_b_R_reg[2][26]/QN 
add mapped point  u_DCT/bdeg/mult_b_R_reg[2][25]/Q 
add mapped point  u_DCT/bdeg/mult_b_R_reg[2][25]/QN 
add mapped point  u_DCT/bdeg/mult_b_R_reg[2][24]/Q 
add mapped point  u_DCT/bdeg/mult_b_R_reg[2][24]/QN 
add mapped point  u_DCT/bdeg/mult_b_R_reg[2][23]/Q 
add mapped point  u_DCT/bdeg/mult_b_R_reg[2][23]/QN 
add mapped point  u_DCT/bdeg/mult_b_R_reg[2][22]/Q 
add mapped point  u_DCT/bdeg/mult_b_R_reg[2][22]/QN 
add mapped point  u_DCT/bdeg/mult_b_R_reg[2][21]/Q 
add mapped point  u_DCT/bdeg/mult_b_R_reg[2][21]/QN 
add mapped point  u_DCT/bdeg/mult_b_R_reg[2][19]/Q 
add mapped point  u_DCT/bdeg/mult_b_R_reg[2][19]/QN 
add mapped point  u_DCT/bdeg/mult_b_R_reg[2][14]/Q 
add mapped point  u_DCT/bdeg/mult_b_R_reg[2][14]/QN 
add mapped point  u_DCT/bdeg/mult_b_R_reg[2][15]/Q 
add mapped point  u_DCT/bdeg/mult_b_R_reg[2][15]/QN 
add mapped point  u_DCT/bdeg/mult_b_R_reg[2][9]/Q 
add mapped point  u_DCT/bdeg/mult_b_R_reg[2][9]/QN 
add mapped point  u_DCT/bdeg/mult_b_R_reg[2][13]/Q 
add mapped point  u_DCT/bdeg/mult_b_R_reg[2][13]/QN 
add mapped point  u_DCT/bdeg/mult_b_R_reg[2][11]/Q 
add mapped point  u_DCT/bdeg/mult_b_R_reg[2][11]/QN 
add mapped point  u_DCT/bdeg/mult_b_R_reg[2][10]/Q 
add mapped point  u_DCT/bdeg/mult_b_R_reg[2][10]/QN 
add mapped point  u_DCT/bdeg/mult_b_R_reg[2][12]/Q 
add mapped point  u_DCT/bdeg/mult_b_R_reg[2][12]/QN 
add mapped point  u_DCT/bdeg/mult_b_R_reg[2][17]/Q 
add mapped point  u_DCT/bdeg/mult_b_R_reg[2][17]/QN 
add mapped point  u_DCT/bdeg/mult_b_R_reg[2][16]/Q 
add mapped point  u_DCT/bdeg/mult_b_R_reg[2][16]/QN 
add mapped point  u_DCT/bdeg/mult_b_R_reg[2][18]/Q 
add mapped point  u_DCT/bdeg/mult_b_R_reg[2][18]/QN 
add mapped point u_DCT/bdeg/mult_b_retime_s1_1_reg/Q u_DCT/bdeg/mult_b_retime_s1_1_reg/Q 
add mapped point u_DCT/bdeg/mult_b_retime_s1_1_reg/QN u_DCT/bdeg/mult_b_retime_s1_1_reg/QN 
add mapped point  u_DCT/bdeg/mult_d_R_reg[2][17]/Q 
add mapped point  u_DCT/bdeg/mult_d_R_reg[2][17]/QN 
add mapped point  u_DCT/bdeg/mult_d_R_reg[2][21]/Q 
add mapped point  u_DCT/bdeg/mult_d_R_reg[2][21]/QN 
add mapped point  u_DCT/bdeg/mult_d_R_reg[2][10]/Q 
add mapped point  u_DCT/bdeg/mult_d_R_reg[2][10]/QN 
add mapped point  u_DCT/bdeg/mult_d_R_reg[2][27]/Q 
add mapped point  u_DCT/bdeg/mult_d_R_reg[2][27]/QN 
add mapped point  u_DCT/bdeg/mult_d_R_reg[2][26]/Q 
add mapped point  u_DCT/bdeg/mult_d_R_reg[2][26]/QN 
add mapped point  u_DCT/bdeg/mult_d_R_reg[2][25]/Q 
add mapped point  u_DCT/bdeg/mult_d_R_reg[2][25]/QN 
add mapped point  u_DCT/bdeg/mult_d_R_reg[2][24]/Q 
add mapped point  u_DCT/bdeg/mult_d_R_reg[2][24]/QN 
add mapped point  u_DCT/bdeg/mult_d_R_reg[2][23]/Q 
add mapped point  u_DCT/bdeg/mult_d_R_reg[2][23]/QN 
add mapped point  u_DCT/bdeg/mult_d_R_reg[2][22]/Q 
add mapped point  u_DCT/bdeg/mult_d_R_reg[2][22]/QN 
add mapped point  u_DCT/bdeg/mult_d_R_reg[2][20]/Q 
add mapped point  u_DCT/bdeg/mult_d_R_reg[2][20]/QN 
add mapped point  u_DCT/bdeg/mult_d_R_reg[2][19]/Q 
add mapped point  u_DCT/bdeg/mult_d_R_reg[2][19]/QN 
add mapped point  u_DCT/bdeg/mult_d_R_reg[2][18]/Q 
add mapped point  u_DCT/bdeg/mult_d_R_reg[2][18]/QN 
add mapped point  u_DCT/bdeg/mult_d_R_reg[2][16]/Q 
add mapped point  u_DCT/bdeg/mult_d_R_reg[2][16]/QN 
add mapped point  u_DCT/bdeg/mult_d_R_reg[2][14]/Q 
add mapped point  u_DCT/bdeg/mult_d_R_reg[2][14]/QN 
add mapped point  u_DCT/bdeg/mult_d_R_reg[2][15]/Q 
add mapped point  u_DCT/bdeg/mult_d_R_reg[2][15]/QN 
add mapped point  u_DCT/bdeg/mult_d_R_reg[2][13]/Q 
add mapped point  u_DCT/bdeg/mult_d_R_reg[2][13]/QN 
add mapped point  u_DCT/bdeg/mult_d_R_reg[2][12]/Q 
add mapped point  u_DCT/bdeg/mult_d_R_reg[2][12]/QN 
add mapped point  u_DCT/bdeg/mult_d_R_reg[2][11]/Q 
add mapped point  u_DCT/bdeg/mult_d_R_reg[2][11]/QN 
add mapped point u_DCT/bdeg/mult_d_retime_s1_2_reg/Q u_DCT/bdeg/mult_d_retime_s1_2_reg/Q 
add mapped point u_DCT/bdeg/mult_d_retime_s1_2_reg/QN u_DCT/bdeg/mult_d_retime_s1_2_reg/QN 
add mapped point u_DCT/bdeg/mult_d_retime_s1_29_reg/Q u_DCT/bdeg/mult_d_retime_s1_29_reg/Q 
add mapped point u_DCT/bdeg/mult_d_retime_s1_29_reg/QN u_DCT/bdeg/mult_d_retime_s1_29_reg/QN 
add mapped point u_DCT/bdeg/mult_d_retime_s1_8_reg/Q u_DCT/bdeg/mult_d_retime_s1_8_reg/Q 
add mapped point u_DCT/bdeg/mult_d_retime_s1_8_reg/QN u_DCT/bdeg/mult_d_retime_s1_8_reg/QN 
add mapped point u_DCT/bdeg/mult_d_retime_s1_19_reg/Q u_DCT/bdeg/mult_d_retime_s1_19_reg/Q 
add mapped point u_DCT/bdeg/mult_d_retime_s1_19_reg/QN u_DCT/bdeg/mult_d_retime_s1_19_reg/QN 
add mapped point u_DCT/bdeg/mult_d_retime_s1_28_reg/Q u_DCT/bdeg/mult_d_retime_s1_28_reg/Q 
add mapped point u_DCT/bdeg/mult_d_retime_s1_28_reg/QN u_DCT/bdeg/mult_d_retime_s1_28_reg/QN 
add mapped point u_DCT/bdeg/mult_d_retime_s1_21_reg/Q u_DCT/bdeg/mult_d_retime_s1_21_reg/Q 
add mapped point u_DCT/bdeg/mult_d_retime_s1_21_reg/QN u_DCT/bdeg/mult_d_retime_s1_21_reg/QN 
add mapped point u_DCT/bdeg/mult_d_retime_s1_11_reg/Q u_DCT/bdeg/mult_d_retime_s1_11_reg/Q 
add mapped point u_DCT/bdeg/mult_d_retime_s1_11_reg/QN u_DCT/bdeg/mult_d_retime_s1_11_reg/QN 
add mapped point  u_DCT/bdeg/mult_e_R_reg[2][26]/Q 
add mapped point  u_DCT/bdeg/mult_e_R_reg[2][26]/QN 
add mapped point  u_DCT/bdeg/mult_e_R_reg[2][25]/Q 
add mapped point  u_DCT/bdeg/mult_e_R_reg[2][25]/QN 
add mapped point  u_DCT/bdeg/mult_e_R_reg[2][23]/Q 
add mapped point  u_DCT/bdeg/mult_e_R_reg[2][23]/QN 
add mapped point  u_DCT/bdeg/mult_e_R_reg[2][22]/Q 
add mapped point  u_DCT/bdeg/mult_e_R_reg[2][22]/QN 
add mapped point  u_DCT/bdeg/mult_e_R_reg[2][21]/Q 
add mapped point  u_DCT/bdeg/mult_e_R_reg[2][21]/QN 
add mapped point  u_DCT/bdeg/mult_e_R_reg[2][19]/Q 
add mapped point  u_DCT/bdeg/mult_e_R_reg[2][19]/QN 
add mapped point  u_DCT/bdeg/mult_e_R_reg[2][17]/Q 
add mapped point  u_DCT/bdeg/mult_e_R_reg[2][17]/QN 
add mapped point  u_DCT/bdeg/mult_e_R_reg[2][15]/Q 
add mapped point  u_DCT/bdeg/mult_e_R_reg[2][15]/QN 
add mapped point  u_DCT/bdeg/mult_e_R_reg[2][14]/Q 
add mapped point  u_DCT/bdeg/mult_e_R_reg[2][14]/QN 
add mapped point  u_DCT/bdeg/mult_e_R_reg[2][13]/Q 
add mapped point  u_DCT/bdeg/mult_e_R_reg[2][13]/QN 
add mapped point  u_DCT/bdeg/mult_e_R_reg[2][11]/Q 
add mapped point  u_DCT/bdeg/mult_e_R_reg[2][11]/QN 
add mapped point  u_DCT/bdeg/mult_e_R_reg[2][10]/Q 
add mapped point  u_DCT/bdeg/mult_e_R_reg[2][10]/QN 
add mapped point  u_DCT/bdeg/mult_e_R_reg[2][12]/Q 
add mapped point  u_DCT/bdeg/mult_e_R_reg[2][12]/QN 
add mapped point  u_DCT/bdeg/mult_e_R_reg[2][20]/Q 
add mapped point  u_DCT/bdeg/mult_e_R_reg[2][20]/QN 
add mapped point  u_DCT/bdeg/mult_e_R_reg[2][16]/Q 
add mapped point  u_DCT/bdeg/mult_e_R_reg[2][16]/QN 
add mapped point  u_DCT/bdeg/mult_e_R_reg[2][18]/Q 
add mapped point  u_DCT/bdeg/mult_e_R_reg[2][18]/QN 
add mapped point  u_DCT/bdeg/mult_e_R_reg[2][24]/Q 
add mapped point  u_DCT/bdeg/mult_e_R_reg[2][24]/QN 
add mapped point  u_DCT/bdeg/mult_e_R_reg[2][27]/Q 
add mapped point  u_DCT/bdeg/mult_e_R_reg[2][27]/QN 
add mapped point u_DCT/bdeg/mult_e_retime_s1_29_reg/Q u_DCT/bdeg/mult_e_retime_s1_29_reg/Q 
add mapped point u_DCT/bdeg/mult_e_retime_s1_29_reg/QN u_DCT/bdeg/mult_e_retime_s1_29_reg/QN 
add mapped point u_DCT/bdeg/mult_e_retime_s1_32_reg/Q u_DCT/bdeg/mult_e_retime_s1_32_reg/Q 
add mapped point u_DCT/bdeg/mult_e_retime_s1_32_reg/QN u_DCT/bdeg/mult_e_retime_s1_32_reg/QN 
add mapped point u_DCT/bdeg/mult_e_retime_s1_12_reg/Q u_DCT/bdeg/mult_e_retime_s1_12_reg/Q 
add mapped point u_DCT/bdeg/mult_e_retime_s1_12_reg/QN u_DCT/bdeg/mult_e_retime_s1_12_reg/QN 
add mapped point u_DCT/bdeg/mult_e_retime_s1_27_reg/Q u_DCT/bdeg/mult_e_retime_s1_27_reg/Q 
add mapped point u_DCT/bdeg/mult_e_retime_s1_27_reg/QN u_DCT/bdeg/mult_e_retime_s1_27_reg/QN 
add mapped point u_DCT/bdeg/mult_e_retime_s1_20_reg/Q u_DCT/bdeg/mult_e_retime_s1_20_reg/Q 
add mapped point u_DCT/bdeg/mult_e_retime_s1_20_reg/QN u_DCT/bdeg/mult_e_retime_s1_20_reg/QN 
add mapped point u_DCT/bdeg/mult_e_retime_s1_21_reg/Q u_DCT/bdeg/mult_e_retime_s1_21_reg/Q 
add mapped point u_DCT/bdeg/mult_e_retime_s1_21_reg/QN u_DCT/bdeg/mult_e_retime_s1_21_reg/QN 
add mapped point u_DCT/bdeg/mult_e_retime_s1_30_reg/Q u_DCT/bdeg/mult_e_retime_s1_30_reg/Q 
add mapped point u_DCT/bdeg/mult_e_retime_s1_30_reg/QN u_DCT/bdeg/mult_e_retime_s1_30_reg/QN 
add mapped point u_DCT/bdeg/mult_e_retime_s1_31_reg/Q u_DCT/bdeg/mult_e_retime_s1_31_reg/Q 
add mapped point u_DCT/bdeg/mult_e_retime_s1_31_reg/QN u_DCT/bdeg/mult_e_retime_s1_31_reg/QN 
add mapped point u_DCT/bdeg/mult_e_retime_s1_11_reg/Q u_DCT/bdeg/mult_e_retime_s1_11_reg/Q 
add mapped point u_DCT/bdeg/mult_e_retime_s1_11_reg/QN u_DCT/bdeg/mult_e_retime_s1_11_reg/QN 
add mapped point u_DCT/bdeg/mult_e_retime_s1_14_reg/Q u_DCT/bdeg/mult_e_retime_s1_14_reg/Q 
add mapped point u_DCT/bdeg/mult_e_retime_s1_14_reg/QN u_DCT/bdeg/mult_e_retime_s1_14_reg/QN 
add mapped point u_DCT/bdeg/mult_e_retime_s1_15_reg/Q u_DCT/bdeg/mult_e_retime_s1_15_reg/Q 
add mapped point u_DCT/bdeg/mult_e_retime_s1_15_reg/QN u_DCT/bdeg/mult_e_retime_s1_15_reg/QN 
add mapped point u_DCT/bdeg/mult_e_retime_s1_35_reg/Q u_DCT/bdeg/mult_e_retime_s1_35_reg/Q 
add mapped point u_DCT/bdeg/mult_e_retime_s1_35_reg/QN u_DCT/bdeg/mult_e_retime_s1_35_reg/QN 
add mapped point u_DCT/bdeg/mult_e_retime_s1_13_reg/Q u_DCT/bdeg/mult_e_retime_s1_13_reg/Q 
add mapped point u_DCT/bdeg/mult_e_retime_s1_13_reg/QN u_DCT/bdeg/mult_e_retime_s1_13_reg/QN 
add mapped point u_DCT/bdeg/mult_e_retime_s1_18_reg/Q u_DCT/bdeg/mult_e_retime_s1_18_reg/Q 
add mapped point u_DCT/bdeg/mult_e_retime_s1_18_reg/QN u_DCT/bdeg/mult_e_retime_s1_18_reg/QN 
add mapped point u_DCT/bdeg/mult_e_retime_s1_19_reg/Q u_DCT/bdeg/mult_e_retime_s1_19_reg/Q 
add mapped point u_DCT/bdeg/mult_e_retime_s1_19_reg/QN u_DCT/bdeg/mult_e_retime_s1_19_reg/QN 
add mapped point u_DCT/bdeg/mult_e_retime_s1_2_reg/Q u_DCT/bdeg/mult_e_retime_s1_2_reg/Q 
add mapped point u_DCT/bdeg/mult_e_retime_s1_2_reg/QN u_DCT/bdeg/mult_e_retime_s1_2_reg/QN 
add mapped point u_DCT/bdeg/mult_e_retime_s1_7_reg/Q u_DCT/bdeg/mult_e_retime_s1_7_reg/Q 
add mapped point u_DCT/bdeg/mult_e_retime_s1_7_reg/QN u_DCT/bdeg/mult_e_retime_s1_7_reg/QN 
add mapped point  u_DCT/bdeg/mult_e_R_reg[2][29]/Q 
add mapped point  u_DCT/bdeg/mult_e_R_reg[2][29]/QN 
add mapped point  u_DCT/bdeg/mult_e_R_reg[2][28]/Q 
add mapped point  u_DCT/bdeg/mult_e_R_reg[2][28]/QN 
add mapped point  u_DCT/bdeg/mult_g_R_reg[2][11]/Q 
add mapped point  u_DCT/bdeg/mult_g_R_reg[2][11]/QN 
add mapped point  u_DCT/bdeg/mult_g_R_reg[2][9]/Q 
add mapped point  u_DCT/bdeg/mult_g_R_reg[2][9]/QN 
add mapped point  u_DCT/bdeg/mult_g_R_reg[2][13]/Q 
add mapped point  u_DCT/bdeg/mult_g_R_reg[2][13]/QN 
add mapped point  u_DCT/bdeg/mult_g_R_reg[2][17]/Q 
add mapped point  u_DCT/bdeg/mult_g_R_reg[2][17]/QN 
add mapped point  u_DCT/bdeg/mult_g_R_reg[2][21]/Q 
add mapped point  u_DCT/bdeg/mult_g_R_reg[2][21]/QN 
add mapped point  u_DCT/bdeg/mult_g_R_reg[2][15]/Q 
add mapped point  u_DCT/bdeg/mult_g_R_reg[2][15]/QN 
add mapped point  u_DCT/bdeg/mult_g_R_reg[2][24]/Q 
add mapped point  u_DCT/bdeg/mult_g_R_reg[2][24]/QN 
add mapped point  u_DCT/bdeg/mult_g_R_reg[2][23]/Q 
add mapped point  u_DCT/bdeg/mult_g_R_reg[2][23]/QN 
add mapped point  u_DCT/bdeg/mult_g_R_reg[2][22]/Q 
add mapped point  u_DCT/bdeg/mult_g_R_reg[2][22]/QN 
add mapped point  u_DCT/bdeg/mult_g_R_reg[2][20]/Q 
add mapped point  u_DCT/bdeg/mult_g_R_reg[2][20]/QN 
add mapped point  u_DCT/bdeg/mult_g_R_reg[2][19]/Q 
add mapped point  u_DCT/bdeg/mult_g_R_reg[2][19]/QN 
add mapped point  u_DCT/bdeg/mult_g_R_reg[2][18]/Q 
add mapped point  u_DCT/bdeg/mult_g_R_reg[2][18]/QN 
add mapped point  u_DCT/bdeg/mult_g_R_reg[2][16]/Q 
add mapped point  u_DCT/bdeg/mult_g_R_reg[2][16]/QN 
add mapped point  u_DCT/bdeg/mult_g_R_reg[2][14]/Q 
add mapped point  u_DCT/bdeg/mult_g_R_reg[2][14]/QN 
add mapped point  u_DCT/bdeg/mult_g_R_reg[2][12]/Q 
add mapped point  u_DCT/bdeg/mult_g_R_reg[2][12]/QN 
add mapped point  u_DCT/bdeg/mult_g_R_reg[2][10]/Q 
add mapped point  u_DCT/bdeg/mult_g_R_reg[2][10]/QN 
add mapped point  u_DCT/bdeg/mult_g_R_reg[2][27]/Q 
add mapped point  u_DCT/bdeg/mult_g_R_reg[2][27]/QN 
add mapped point  u_DCT/bdeg/mult_g_R_reg[2][26]/Q 
add mapped point  u_DCT/bdeg/mult_g_R_reg[2][26]/QN 
add mapped point  u_DCT/bdeg/mult_g_R_reg[2][25]/Q 
add mapped point  u_DCT/bdeg/mult_g_R_reg[2][25]/QN 
add mapped point u_DCT/bdeg/mult_g_retime_s1_1_reg/Q u_DCT/bdeg/mult_g_retime_s1_1_reg/Q 
add mapped point u_DCT/bdeg/mult_g_retime_s1_1_reg/QN u_DCT/bdeg/mult_g_retime_s1_1_reg/QN 
add mapped point u_DCT/tposemem/Bisted_RF_2P_ADV64x16/BistCtrl_i0/S44/Finish/q u_DCT/tposemem_Bisted_RF_2P_ADV64x16_BistCtrl_i0_S44_Finish_reg/Q 
add mapped point u_DCT/tposemem/Bisted_RF_2P_ADV64x16/BistCtrl_i0/S44/Finish/q u_DCT/tposemem_Bisted_RF_2P_ADV64x16_BistCtrl_i0_S44_Finish_reg/QN 
add mapped point u_DCT/tposemem/Wadr[0]/q u_DCT/tposemem_Wadr_reg[0]/Q 
add mapped point u_DCT/tposemem/Wadr[0]/q u_DCT/tposemem_Wadr_reg[0]/QN 
add mapped point u_DCT/tposemem/Wadr[1]/q u_DCT/tposemem_Wadr_reg[1]/Q 
add mapped point u_DCT/tposemem/Wadr[1]/q u_DCT/tposemem_Wadr_reg[1]/QN 
add mapped point u_DCT/tposemem/Wadr[2]/q u_DCT/tposemem_Wadr_reg[2]/Q 
add mapped point u_DCT/tposemem/Wadr[2]/q u_DCT/tposemem_Wadr_reg[2]/QN 
add mapped point u_DCT/tposemem/Wadr[3]/q u_DCT/tposemem_Wadr_reg[3]/Q 
add mapped point u_DCT/tposemem/Wadr[3]/q u_DCT/tposemem_Wadr_reg[3]/QN 
add mapped point u_DCT/tposemem/Wadr[4]/q u_DCT/tposemem_Wadr_reg[4]/Q 
add mapped point u_DCT/tposemem/Wadr[4]/q u_DCT/tposemem_Wadr_reg[4]/QN 
add mapped point u_DCT/tposemem/Wadr[5]/q u_DCT/tposemem_Wadr_reg[5]/Q 
add mapped point u_DCT/tposemem/Wadr[5]/q u_DCT/tposemem_Wadr_reg[5]/QN 
add mapped point u_DCT/tposemem/Bisted_RF_2P_ADV64x16/BistCtrl_i0/S43/S5[0]/q u_DCT/tposemem_Bisted_RF_2P_ADV64x16_BistCtrl_i0_S43_S5_reg[0]/Q 
add mapped point u_DCT/tposemem/Bisted_RF_2P_ADV64x16/BistCtrl_i0/S43/S5[0]/q u_DCT/tposemem_Bisted_RF_2P_ADV64x16_BistCtrl_i0_S43_S5_reg[0]/QN 
add mapped point u_DCT/tposemem/Bisted_RF_2P_ADV64x16/BistCtrl_i0/S43/S5[1]/q u_DCT/tposemem_Bisted_RF_2P_ADV64x16_BistCtrl_i0_S43_S5_reg[1]/Q 
add mapped point u_DCT/tposemem/Bisted_RF_2P_ADV64x16/BistCtrl_i0/S43/S5[1]/q u_DCT/tposemem_Bisted_RF_2P_ADV64x16_BistCtrl_i0_S43_S5_reg[1]/QN 
add mapped point u_DCT/tposemem/Bisted_RF_2P_ADV64x16/BistCtrl_i0/S43/S5[2]/q u_DCT/tposemem_Bisted_RF_2P_ADV64x16_BistCtrl_i0_S43_S5_reg[2]/Q 
add mapped point u_DCT/tposemem/Bisted_RF_2P_ADV64x16/BistCtrl_i0/S43/S5[2]/q u_DCT/tposemem_Bisted_RF_2P_ADV64x16_BistCtrl_i0_S43_S5_reg[2]/QN 
add mapped point u_DCT/tposemem/Bisted_RF_2P_ADV64x16/BistCtrl_i0/S43/S5[3]/q u_DCT/tposemem_Bisted_RF_2P_ADV64x16_BistCtrl_i0_S43_S5_reg[3]/Q 
add mapped point u_DCT/tposemem/Bisted_RF_2P_ADV64x16/BistCtrl_i0/S43/S5[3]/q u_DCT/tposemem_Bisted_RF_2P_ADV64x16_BistCtrl_i0_S43_S5_reg[3]/QN 
add mapped point u_DCT/tposemem/Bisted_RF_2P_ADV64x16/BistCtrl_i0/S43/S5[4]/q u_DCT/tposemem_Bisted_RF_2P_ADV64x16_BistCtrl_i0_S43_S5_reg[4]/Q 
add mapped point u_DCT/tposemem/Bisted_RF_2P_ADV64x16/BistCtrl_i0/S43/S5[4]/q u_DCT/tposemem_Bisted_RF_2P_ADV64x16_BistCtrl_i0_S43_S5_reg[4]/QN 
add mapped point u_DCT/tposemem/Bisted_RF_2P_ADV64x16/BistCtrl_i0/S43/S5[5]/q u_DCT/tposemem_Bisted_RF_2P_ADV64x16_BistCtrl_i0_S43_S5_reg[5]/Q 
add mapped point u_DCT/tposemem/Bisted_RF_2P_ADV64x16/BistCtrl_i0/S43/S5[5]/q u_DCT/tposemem_Bisted_RF_2P_ADV64x16_BistCtrl_i0_S43_S5_reg[5]/QN 
add mapped point u_DCT/tposemem/Bisted_RF_2P_ADV64x16/BistCtrl_i0/S44/S20[0]/q u_DCT/tposemem_Bisted_RF_2P_ADV64x16_BistCtrl_i0_S44_S20_reg[0]/Q 
add mapped point u_DCT/tposemem/Bisted_RF_2P_ADV64x16/BistCtrl_i0/S44/S20[0]/q u_DCT/tposemem_Bisted_RF_2P_ADV64x16_BistCtrl_i0_S44_S20_reg[0]/QN 
add mapped point u_DCT/tposemem/Bisted_RF_2P_ADV64x16/BistCtrl_i0/S44/S20[1]/q u_DCT/tposemem_Bisted_RF_2P_ADV64x16_BistCtrl_i0_S44_S20_reg[1]/Q 
add mapped point u_DCT/tposemem/Bisted_RF_2P_ADV64x16/BistCtrl_i0/S44/S20[1]/q u_DCT/tposemem_Bisted_RF_2P_ADV64x16_BistCtrl_i0_S44_S20_reg[1]/QN 
add mapped point u_DCT/tposemem/Bisted_RF_2P_ADV64x16/BistCtrl_i0/S44/State[0]/q u_DCT/tposemem_Bisted_RF_2P_ADV64x16_BistCtrl_i0_S44_State_reg[0]/Q 
add mapped point u_DCT/tposemem/Bisted_RF_2P_ADV64x16/BistCtrl_i0/S44/State[0]/q u_DCT/tposemem_Bisted_RF_2P_ADV64x16_BistCtrl_i0_S44_State_reg[0]/QN 
add mapped point u_DCT/tposemem/Bisted_RF_2P_ADV64x16/BistCtrl_i0/S44/State[1]/q u_DCT/tposemem_Bisted_RF_2P_ADV64x16_BistCtrl_i0_S44_State_reg[1]/Q 
add mapped point u_DCT/tposemem/Bisted_RF_2P_ADV64x16/BistCtrl_i0/S44/State[1]/q u_DCT/tposemem_Bisted_RF_2P_ADV64x16_BistCtrl_i0_S44_State_reg[1]/QN 
add mapped point u_DCT/tposemem/Bisted_RF_2P_ADV64x16/BistCtrl_i0/S44/State[2]/q u_DCT/tposemem_Bisted_RF_2P_ADV64x16_BistCtrl_i0_S44_State_reg[2]/Q 
add mapped point u_DCT/tposemem/Bisted_RF_2P_ADV64x16/BistCtrl_i0/S44/State[2]/q u_DCT/tposemem_Bisted_RF_2P_ADV64x16_BistCtrl_i0_S44_State_reg[2]/QN 
add mapped point u_DCT/tposemem/Bisted_RF_2P_ADV64x16/BistCtrl_i0/S44/State[3]/q u_DCT/tposemem_Bisted_RF_2P_ADV64x16_BistCtrl_i0_S44_State_reg[3]/Q 
add mapped point u_DCT/tposemem/Bisted_RF_2P_ADV64x16/BistCtrl_i0/S44/State[3]/q u_DCT/tposemem_Bisted_RF_2P_ADV64x16_BistCtrl_i0_S44_State_reg[3]/QN 
add mapped point u_DCT/tposemem/Bisted_RF_2P_ADV64x16/BistCtrl_i0/ST_MAL_i0/S17/q u_DCT/tposemem_Bisted_RF_2P_ADV64x16_BistCtrl_i0_ST_MAL_i0_S17_reg/Q 
add mapped point u_DCT/tposemem/Bisted_RF_2P_ADV64x16/BistCtrl_i0/ST_MAL_i0/S17/q u_DCT/tposemem_Bisted_RF_2P_ADV64x16_BistCtrl_i0_ST_MAL_i0_S17_reg/QN 
add mapped point u_DCT/tposemem/Count[0]/q u_DCT/tposemem_Count_reg[0]/Q 
add mapped point u_DCT/tposemem/Count[0]/q u_DCT/tposemem_Count_reg[0]/QN 
add mapped point u_DCT/tposemem/Count[1]/q u_DCT/tposemem_Count_reg[1]/Q 
add mapped point u_DCT/tposemem/Count[1]/q u_DCT/tposemem_Count_reg[1]/QN 
add mapped point u_DCT/tposemem/Count[2]/q u_DCT/tposemem_Count_reg[2]/Q 
add mapped point u_DCT/tposemem/Count[2]/q u_DCT/tposemem_Count_reg[2]/QN 
add mapped point u_DCT/tposemem/Count[3]/q u_DCT/tposemem_Count_reg[3]/Q 
add mapped point u_DCT/tposemem/Count[3]/q u_DCT/tposemem_Count_reg[3]/QN 
add mapped point u_DCT/tposemem/Count[4]/q u_DCT/tposemem_Count_reg[4]/Q 
add mapped point u_DCT/tposemem/Count[4]/q u_DCT/tposemem_Count_reg[4]/QN 
add mapped point u_DCT/tposemem/Count[5]/q u_DCT/tposemem_Count_reg[5]/Q 
add mapped point u_DCT/tposemem/Count[5]/q u_DCT/tposemem_Count_reg[5]/QN 
add mapped point u_DCT/tposemem/Transport_d/q u_DCT/tposemem_Transport_d_reg/Q 
add mapped point u_DCT/tposemem/Transport_d/q u_DCT/tposemem_Transport_d_reg/QN 
add mapped point u_DCT/tposemem/Transport/q u_DCT/tposemem_Transport_reg/Q 
add mapped point u_DCT/tposemem/Transport/q u_DCT/tposemem_Transport_reg/QN 
add mapped point u_DCT/Z[0]/q u_DCT/Z_reg[0]/Q 
add mapped point u_DCT/Z[0]/q u_DCT/Z_reg[0]/QN 
add mapped point u_DCT/Z[1]/q u_DCT/Z_reg[1]/Q 
add mapped point u_DCT/Z[1]/q u_DCT/Z_reg[1]/QN 
add mapped point u_DCT/Z[2]/q u_DCT/Z_reg[2]/Q 
add mapped point u_DCT/Z[2]/q u_DCT/Z_reg[2]/QN 
add mapped point u_DCT/Z[3]/q u_DCT/Z_reg[3]/Q 
add mapped point u_DCT/Z[3]/q u_DCT/Z_reg[3]/QN 
add mapped point u_DCT/Z[4]/q u_DCT/Z_reg[4]/Q 
add mapped point u_DCT/Z[4]/q u_DCT/Z_reg[4]/QN 
add mapped point u_DCT/Z[5]/q u_DCT/Z_reg[5]/Q 
add mapped point u_DCT/Z[5]/q u_DCT/Z_reg[5]/QN 
add mapped point u_DCT/Z[6]/q u_DCT/Z_reg[6]/Q 
add mapped point u_DCT/Z[6]/q u_DCT/Z_reg[6]/QN 
add mapped point u_DCT/Z[7]/q u_DCT/Z_reg[7]/Q 
add mapped point u_DCT/Z[7]/q u_DCT/Z_reg[7]/QN 
add mapped point u_DCT/Z[8]/q u_DCT/Z_reg[8]/Q 
add mapped point u_DCT/Z[8]/q u_DCT/Z_reg[8]/QN 
add mapped point u_DCT/Z[9]/q u_DCT/Z_reg[9]/Q 
add mapped point u_DCT/Z[9]/q u_DCT/Z_reg[9]/QN 
add mapped point u_DCT/Z[10]/q u_DCT/Z_reg[10]/Q 
add mapped point u_DCT/Z[10]/q u_DCT/Z_reg[10]/QN 
add mapped point u_DCT/Z[11]/q u_DCT/Z_reg[11]/Q 
add mapped point u_DCT/Z[11]/q u_DCT/Z_reg[11]/QN 
add mapped point u_DCT/buf_RESET_/q u_DCT/buf_RESET__reg/Q 
add mapped point u_DCT/buf_RESET_/q u_DCT/buf_RESET__reg/QN 
add mapped point u_DCT/buf_X[0]/q u_DCT/buf_X_reg[0]/Q 
add mapped point u_DCT/buf_X[0]/q u_DCT/buf_X_reg[0]/QN 
add mapped point u_DCT/buf_X[1]/q u_DCT/buf_X_reg[1]/Q 
add mapped point u_DCT/buf_X[1]/q u_DCT/buf_X_reg[1]/QN 
add mapped point u_DCT/buf_X[2]/q u_DCT/buf_X_reg[2]/Q 
add mapped point u_DCT/buf_X[2]/q u_DCT/buf_X_reg[2]/QN 
add mapped point u_DCT/buf_X[3]/q u_DCT/buf_X_reg[3]/Q 
add mapped point u_DCT/buf_X[3]/q u_DCT/buf_X_reg[3]/QN 
add mapped point u_DCT/buf_X[4]/q u_DCT/buf_X_reg[4]/Q 
add mapped point u_DCT/buf_X[4]/q u_DCT/buf_X_reg[4]/QN 
add mapped point u_DCT/buf_X[5]/q u_DCT/buf_X_reg[5]/Q 
add mapped point u_DCT/buf_X[5]/q u_DCT/buf_X_reg[5]/QN 
add mapped point u_DCT/buf_X[6]/q u_DCT/buf_X_reg[6]/Q 
add mapped point u_DCT/buf_X[6]/q u_DCT/buf_X_reg[6]/QN 
add mapped point u_DCT/buf_X[7]/q u_DCT/buf_X_reg[7]/Q 
add mapped point u_DCT/buf_X[7]/q u_DCT/buf_X_reg[7]/QN 
add mapped point u_DCT/buf_X[8]/q u_DCT/buf_X_reg[8]/Q 
add mapped point u_DCT/buf_X[8]/q u_DCT/buf_X_reg[8]/QN 
add mapped point u_DCT/buf_X[9]/q u_DCT/buf_X_reg[9]/Q 
add mapped point u_DCT/buf_X[9]/q u_DCT/buf_X_reg[9]/QN 
add mapped point u_DCT/buf_X[10]/q u_DCT/buf_X_reg[10]/Q 
add mapped point u_DCT/buf_X[10]/q u_DCT/buf_X_reg[10]/QN 
add mapped point u_DCT/buf_X[11]/q u_DCT/buf_X_reg[11]/Q 
add mapped point u_DCT/buf_X[11]/q u_DCT/buf_X_reg[11]/QN 
add mapped point u_DCT/tposemem/Bisted_RF_2P_ADV64x16/BistCtrl_i0/ST_MAL_i0/S16/q u_DCT/tposemem_Bisted_RF_2P_ADV64x16_BistCtrl_i0_ST_MAL_i0_S16_reg/Q 
add mapped point u_DCT/tposemem/Bisted_RF_2P_ADV64x16/BistCtrl_i0/ST_MAL_i0/S16/q u_DCT/tposemem_Bisted_RF_2P_ADV64x16_BistCtrl_i0_ST_MAL_i0_S16_reg/QN 
add mapped point u_IDCT/DRU/LIFO[0][0]/q u_IDCT/DRU/LIFO_reg[0][0]/Q 
add mapped point u_IDCT/DRU/LIFO[0][0]/q u_IDCT/DRU/LIFO_reg[0][0]/QN 
add mapped point u_IDCT/DRU/LIFO[0][1]/q u_IDCT/DRU/LIFO_reg[0][1]/Q 
add mapped point u_IDCT/DRU/LIFO[0][1]/q u_IDCT/DRU/LIFO_reg[0][1]/QN 
add mapped point u_IDCT/DRU/LIFO[0][2]/q u_IDCT/DRU/LIFO_reg[0][2]/Q 
add mapped point u_IDCT/DRU/LIFO[0][2]/q u_IDCT/DRU/LIFO_reg[0][2]/QN 
add mapped point u_IDCT/DRU/LIFO[0][3]/q u_IDCT/DRU/LIFO_reg[0][3]/Q 
add mapped point u_IDCT/DRU/LIFO[0][3]/q u_IDCT/DRU/LIFO_reg[0][3]/QN 
add mapped point u_IDCT/DRU/LIFO[0][4]/q u_IDCT/DRU/LIFO_reg[0][4]/Q 
add mapped point u_IDCT/DRU/LIFO[0][4]/q u_IDCT/DRU/LIFO_reg[0][4]/QN 
add mapped point u_IDCT/DRU/LIFO[0][5]/q u_IDCT/DRU/LIFO_reg[0][5]/Q 
add mapped point u_IDCT/DRU/LIFO[0][5]/q u_IDCT/DRU/LIFO_reg[0][5]/QN 
add mapped point u_IDCT/DRU/LIFO[0][6]/q u_IDCT/DRU/LIFO_reg[0][6]/Q 
add mapped point u_IDCT/DRU/LIFO[0][6]/q u_IDCT/DRU/LIFO_reg[0][6]/QN 
add mapped point u_IDCT/DRU/LIFO[0][7]/q u_IDCT/DRU/LIFO_reg[0][7]/Q 
add mapped point u_IDCT/DRU/LIFO[0][7]/q u_IDCT/DRU/LIFO_reg[0][7]/QN 
add mapped point u_IDCT/DRU/LIFO[0][8]/q u_IDCT/DRU/LIFO_reg[0][8]/Q 
add mapped point u_IDCT/DRU/LIFO[0][8]/q u_IDCT/DRU/LIFO_reg[0][8]/QN 
add mapped point u_IDCT/DRU/LIFO[0][9]/q u_IDCT/DRU/LIFO_reg[0][9]/Q 
add mapped point u_IDCT/DRU/LIFO[0][9]/q u_IDCT/DRU/LIFO_reg[0][9]/QN 
add mapped point u_IDCT/DRU/LIFO[0][10]/q u_IDCT/DRU/LIFO_reg[0][10]/Q 
add mapped point u_IDCT/DRU/LIFO[0][10]/q u_IDCT/DRU/LIFO_reg[0][10]/QN 
add mapped point u_IDCT/DRU/LIFO[0][11]/q u_IDCT/DRU/LIFO_reg[0][11]/Q 
add mapped point u_IDCT/DRU/LIFO[0][11]/q u_IDCT/DRU/LIFO_reg[0][11]/QN 
add mapped point u_IDCT/DRU/LIFO[0][12]/q u_IDCT/DRU/LIFO_reg[0][12]/Q 
add mapped point u_IDCT/DRU/LIFO[0][12]/q u_IDCT/DRU/LIFO_reg[0][12]/QN 
add mapped point u_IDCT/DRU/LIFO[0][13]/q u_IDCT/DRU/LIFO_reg[0][13]/Q 
add mapped point u_IDCT/DRU/LIFO[0][13]/q u_IDCT/DRU/LIFO_reg[0][13]/QN 
add mapped point u_IDCT/DRU/LIFO[0][14]/q u_IDCT/DRU/LIFO_reg[0][14]/Q 
add mapped point u_IDCT/DRU/LIFO[0][14]/q u_IDCT/DRU/LIFO_reg[0][14]/QN 
add mapped point u_IDCT/DRU/LIFO[0][15]/q u_IDCT/DRU/LIFO_reg[0][15]/Q 
add mapped point u_IDCT/DRU/LIFO[0][15]/q u_IDCT/DRU/LIFO_reg[0][15]/QN 
add mapped point u_IDCT/DRU/LIFO[1][0]/q u_IDCT/DRU/LIFO_reg[1][0]/Q 
add mapped point u_IDCT/DRU/LIFO[1][0]/q u_IDCT/DRU/LIFO_reg[1][0]/QN 
add mapped point u_IDCT/DRU/LIFO[1][1]/q u_IDCT/DRU/LIFO_reg[1][1]/Q 
add mapped point u_IDCT/DRU/LIFO[1][1]/q u_IDCT/DRU/LIFO_reg[1][1]/QN 
add mapped point u_IDCT/DRU/LIFO[1][2]/q u_IDCT/DRU/LIFO_reg[1][2]/Q 
add mapped point u_IDCT/DRU/LIFO[1][2]/q u_IDCT/DRU/LIFO_reg[1][2]/QN 
add mapped point u_IDCT/DRU/LIFO[1][3]/q u_IDCT/DRU/LIFO_reg[1][3]/Q 
add mapped point u_IDCT/DRU/LIFO[1][3]/q u_IDCT/DRU/LIFO_reg[1][3]/QN 
add mapped point u_IDCT/DRU/LIFO[1][4]/q u_IDCT/DRU/LIFO_reg[1][4]/Q 
add mapped point u_IDCT/DRU/LIFO[1][4]/q u_IDCT/DRU/LIFO_reg[1][4]/QN 
add mapped point u_IDCT/DRU/LIFO[1][5]/q u_IDCT/DRU/LIFO_reg[1][5]/Q 
add mapped point u_IDCT/DRU/LIFO[1][5]/q u_IDCT/DRU/LIFO_reg[1][5]/QN 
add mapped point u_IDCT/DRU/LIFO[1][6]/q u_IDCT/DRU/LIFO_reg[1][6]/Q 
add mapped point u_IDCT/DRU/LIFO[1][6]/q u_IDCT/DRU/LIFO_reg[1][6]/QN 
add mapped point u_IDCT/DRU/LIFO[1][7]/q u_IDCT/DRU/LIFO_reg[1][7]/Q 
add mapped point u_IDCT/DRU/LIFO[1][7]/q u_IDCT/DRU/LIFO_reg[1][7]/QN 
add mapped point u_IDCT/DRU/LIFO[1][8]/q u_IDCT/DRU/LIFO_reg[1][8]/Q 
add mapped point u_IDCT/DRU/LIFO[1][8]/q u_IDCT/DRU/LIFO_reg[1][8]/QN 
add mapped point u_IDCT/DRU/LIFO[1][9]/q u_IDCT/DRU/LIFO_reg[1][9]/Q 
add mapped point u_IDCT/DRU/LIFO[1][9]/q u_IDCT/DRU/LIFO_reg[1][9]/QN 
add mapped point u_IDCT/DRU/LIFO[1][10]/q u_IDCT/DRU/LIFO_reg[1][10]/Q 
add mapped point u_IDCT/DRU/LIFO[1][10]/q u_IDCT/DRU/LIFO_reg[1][10]/QN 
add mapped point u_IDCT/DRU/LIFO[1][11]/q u_IDCT/DRU/LIFO_reg[1][11]/Q 
add mapped point u_IDCT/DRU/LIFO[1][11]/q u_IDCT/DRU/LIFO_reg[1][11]/QN 
add mapped point u_IDCT/DRU/LIFO[1][12]/q u_IDCT/DRU/LIFO_reg[1][12]/Q 
add mapped point u_IDCT/DRU/LIFO[1][12]/q u_IDCT/DRU/LIFO_reg[1][12]/QN 
add mapped point u_IDCT/DRU/LIFO[1][13]/q u_IDCT/DRU/LIFO_reg[1][13]/Q 
add mapped point u_IDCT/DRU/LIFO[1][13]/q u_IDCT/DRU/LIFO_reg[1][13]/QN 
add mapped point u_IDCT/DRU/LIFO[1][14]/q u_IDCT/DRU/LIFO_reg[1][14]/Q 
add mapped point u_IDCT/DRU/LIFO[1][14]/q u_IDCT/DRU/LIFO_reg[1][14]/QN 
add mapped point u_IDCT/DRU/LIFO[1][15]/q u_IDCT/DRU/LIFO_reg[1][15]/Q 
add mapped point u_IDCT/DRU/LIFO[1][15]/q u_IDCT/DRU/LIFO_reg[1][15]/QN 
add mapped point u_IDCT/DRU/LIFO[2][0]/q u_IDCT/DRU/LIFO_reg[2][0]/Q 
add mapped point u_IDCT/DRU/LIFO[2][0]/q u_IDCT/DRU/LIFO_reg[2][0]/QN 
add mapped point u_IDCT/DRU/LIFO[2][1]/q u_IDCT/DRU/LIFO_reg[2][1]/Q 
add mapped point u_IDCT/DRU/LIFO[2][1]/q u_IDCT/DRU/LIFO_reg[2][1]/QN 
add mapped point u_IDCT/DRU/LIFO[2][2]/q u_IDCT/DRU/LIFO_reg[2][2]/Q 
add mapped point u_IDCT/DRU/LIFO[2][2]/q u_IDCT/DRU/LIFO_reg[2][2]/QN 
add mapped point u_IDCT/DRU/LIFO[2][3]/q u_IDCT/DRU/LIFO_reg[2][3]/Q 
add mapped point u_IDCT/DRU/LIFO[2][3]/q u_IDCT/DRU/LIFO_reg[2][3]/QN 
add mapped point u_IDCT/DRU/LIFO[2][4]/q u_IDCT/DRU/LIFO_reg[2][4]/Q 
add mapped point u_IDCT/DRU/LIFO[2][4]/q u_IDCT/DRU/LIFO_reg[2][4]/QN 
add mapped point u_IDCT/DRU/LIFO[2][5]/q u_IDCT/DRU/LIFO_reg[2][5]/Q 
add mapped point u_IDCT/DRU/LIFO[2][5]/q u_IDCT/DRU/LIFO_reg[2][5]/QN 
add mapped point u_IDCT/DRU/LIFO[2][6]/q u_IDCT/DRU/LIFO_reg[2][6]/Q 
add mapped point u_IDCT/DRU/LIFO[2][6]/q u_IDCT/DRU/LIFO_reg[2][6]/QN 
add mapped point u_IDCT/DRU/LIFO[2][7]/q u_IDCT/DRU/LIFO_reg[2][7]/Q 
add mapped point u_IDCT/DRU/LIFO[2][7]/q u_IDCT/DRU/LIFO_reg[2][7]/QN 
add mapped point u_IDCT/DRU/LIFO[2][8]/q u_IDCT/DRU/LIFO_reg[2][8]/Q 
add mapped point u_IDCT/DRU/LIFO[2][8]/q u_IDCT/DRU/LIFO_reg[2][8]/QN 
add mapped point u_IDCT/DRU/LIFO[2][9]/q u_IDCT/DRU/LIFO_reg[2][9]/Q 
add mapped point u_IDCT/DRU/LIFO[2][9]/q u_IDCT/DRU/LIFO_reg[2][9]/QN 
add mapped point u_IDCT/DRU/LIFO[2][10]/q u_IDCT/DRU/LIFO_reg[2][10]/Q 
add mapped point u_IDCT/DRU/LIFO[2][10]/q u_IDCT/DRU/LIFO_reg[2][10]/QN 
add mapped point u_IDCT/DRU/LIFO[2][11]/q u_IDCT/DRU/LIFO_reg[2][11]/Q 
add mapped point u_IDCT/DRU/LIFO[2][11]/q u_IDCT/DRU/LIFO_reg[2][11]/QN 
add mapped point u_IDCT/DRU/LIFO[2][12]/q u_IDCT/DRU/LIFO_reg[2][12]/Q 
add mapped point u_IDCT/DRU/LIFO[2][12]/q u_IDCT/DRU/LIFO_reg[2][12]/QN 
add mapped point u_IDCT/DRU/LIFO[2][13]/q u_IDCT/DRU/LIFO_reg[2][13]/Q 
add mapped point u_IDCT/DRU/LIFO[2][13]/q u_IDCT/DRU/LIFO_reg[2][13]/QN 
add mapped point u_IDCT/DRU/LIFO[2][14]/q u_IDCT/DRU/LIFO_reg[2][14]/Q 
add mapped point u_IDCT/DRU/LIFO[2][14]/q u_IDCT/DRU/LIFO_reg[2][14]/QN 
add mapped point u_IDCT/DRU/LIFO[2][15]/q u_IDCT/DRU/LIFO_reg[2][15]/Q 
add mapped point u_IDCT/DRU/LIFO[2][15]/q u_IDCT/DRU/LIFO_reg[2][15]/QN 
add mapped point u_IDCT/DRU/LIFO[3][0]/q u_IDCT/DRU/LIFO_reg[3][0]/Q 
add mapped point u_IDCT/DRU/LIFO[3][0]/q u_IDCT/DRU/LIFO_reg[3][0]/QN 
add mapped point u_IDCT/DRU/LIFO[3][1]/q u_IDCT/DRU/LIFO_reg[3][1]/Q 
add mapped point u_IDCT/DRU/LIFO[3][1]/q u_IDCT/DRU/LIFO_reg[3][1]/QN 
add mapped point u_IDCT/DRU/LIFO[3][2]/q u_IDCT/DRU/LIFO_reg[3][2]/Q 
add mapped point u_IDCT/DRU/LIFO[3][2]/q u_IDCT/DRU/LIFO_reg[3][2]/QN 
add mapped point u_IDCT/DRU/LIFO[3][3]/q u_IDCT/DRU/LIFO_reg[3][3]/Q 
add mapped point u_IDCT/DRU/LIFO[3][3]/q u_IDCT/DRU/LIFO_reg[3][3]/QN 
add mapped point u_IDCT/DRU/LIFO[3][4]/q u_IDCT/DRU/LIFO_reg[3][4]/Q 
add mapped point u_IDCT/DRU/LIFO[3][4]/q u_IDCT/DRU/LIFO_reg[3][4]/QN 
add mapped point u_IDCT/DRU/LIFO[3][5]/q u_IDCT/DRU/LIFO_reg[3][5]/Q 
add mapped point u_IDCT/DRU/LIFO[3][5]/q u_IDCT/DRU/LIFO_reg[3][5]/QN 
add mapped point u_IDCT/DRU/LIFO[3][6]/q u_IDCT/DRU/LIFO_reg[3][6]/Q 
add mapped point u_IDCT/DRU/LIFO[3][6]/q u_IDCT/DRU/LIFO_reg[3][6]/QN 
add mapped point u_IDCT/DRU/LIFO[3][7]/q u_IDCT/DRU/LIFO_reg[3][7]/Q 
add mapped point u_IDCT/DRU/LIFO[3][7]/q u_IDCT/DRU/LIFO_reg[3][7]/QN 
add mapped point u_IDCT/DRU/LIFO[3][8]/q u_IDCT/DRU/LIFO_reg[3][8]/Q 
add mapped point u_IDCT/DRU/LIFO[3][8]/q u_IDCT/DRU/LIFO_reg[3][8]/QN 
add mapped point u_IDCT/DRU/LIFO[3][9]/q u_IDCT/DRU/LIFO_reg[3][9]/Q 
add mapped point u_IDCT/DRU/LIFO[3][9]/q u_IDCT/DRU/LIFO_reg[3][9]/QN 
add mapped point u_IDCT/DRU/LIFO[3][10]/q u_IDCT/DRU/LIFO_reg[3][10]/Q 
add mapped point u_IDCT/DRU/LIFO[3][10]/q u_IDCT/DRU/LIFO_reg[3][10]/QN 
add mapped point u_IDCT/DRU/LIFO[3][11]/q u_IDCT/DRU/LIFO_reg[3][11]/Q 
add mapped point u_IDCT/DRU/LIFO[3][11]/q u_IDCT/DRU/LIFO_reg[3][11]/QN 
add mapped point u_IDCT/DRU/LIFO[3][12]/q u_IDCT/DRU/LIFO_reg[3][12]/Q 
add mapped point u_IDCT/DRU/LIFO[3][12]/q u_IDCT/DRU/LIFO_reg[3][12]/QN 
add mapped point u_IDCT/DRU/LIFO[3][13]/q u_IDCT/DRU/LIFO_reg[3][13]/Q 
add mapped point u_IDCT/DRU/LIFO[3][13]/q u_IDCT/DRU/LIFO_reg[3][13]/QN 
add mapped point u_IDCT/DRU/LIFO[3][14]/q u_IDCT/DRU/LIFO_reg[3][14]/Q 
add mapped point u_IDCT/DRU/LIFO[3][14]/q u_IDCT/DRU/LIFO_reg[3][14]/QN 
add mapped point u_IDCT/DRU/LIFO[3][15]/q u_IDCT/DRU/LIFO_reg[3][15]/Q 
add mapped point u_IDCT/DRU/LIFO[3][15]/q u_IDCT/DRU/LIFO_reg[3][15]/QN 
add mapped point u_IDCT/DRU/Count[2]/q u_IDCT/DRU/Count_reg[2]/Q 
add mapped point u_IDCT/DRU/Count[2]/q u_IDCT/DRU/Count_reg[2]/QN 
add mapped point u_IDCT/DRU/Count[1]/q u_IDCT/DRU/Count_reg[1]/Q 
add mapped point u_IDCT/DRU/Count[1]/q u_IDCT/DRU/Count_reg[1]/QN 
add mapped point u_IDCT/DRU/Count[0]/q u_IDCT/DRU/Count_reg[0]/Q 
add mapped point u_IDCT/DRU/Count[0]/q u_IDCT/DRU/Count_reg[0]/QN 
add mapped point u_IDCT/DRU/ToACF[0]/q u_IDCT/DRU/ToACF_reg[0]/Q 
add mapped point u_IDCT/DRU/ToACF[0]/q u_IDCT/DRU/ToACF_reg[0]/QN 
add mapped point u_IDCT/DRU/ToACF[1]/q u_IDCT/DRU/ToACF_reg[1]/Q 
add mapped point u_IDCT/DRU/ToACF[1]/q u_IDCT/DRU/ToACF_reg[1]/QN 
add mapped point u_IDCT/DRU/ToACF[2]/q u_IDCT/DRU/ToACF_reg[2]/Q 
add mapped point u_IDCT/DRU/ToACF[2]/q u_IDCT/DRU/ToACF_reg[2]/QN 
add mapped point u_IDCT/DRU/ToACF[3]/q u_IDCT/DRU/ToACF_reg[3]/Q 
add mapped point u_IDCT/DRU/ToACF[3]/q u_IDCT/DRU/ToACF_reg[3]/QN 
add mapped point u_IDCT/DRU/ToACF[4]/q u_IDCT/DRU/ToACF_reg[4]/Q 
add mapped point u_IDCT/DRU/ToACF[4]/q u_IDCT/DRU/ToACF_reg[4]/QN 
add mapped point u_IDCT/DRU/ToACF[5]/q u_IDCT/DRU/ToACF_reg[5]/Q 
add mapped point u_IDCT/DRU/ToACF[5]/q u_IDCT/DRU/ToACF_reg[5]/QN 
add mapped point u_IDCT/DRU/ToACF[6]/q u_IDCT/DRU/ToACF_reg[6]/Q 
add mapped point u_IDCT/DRU/ToACF[6]/q u_IDCT/DRU/ToACF_reg[6]/QN 
add mapped point u_IDCT/DRU/ToACF[7]/q u_IDCT/DRU/ToACF_reg[7]/Q 
add mapped point u_IDCT/DRU/ToACF[7]/q u_IDCT/DRU/ToACF_reg[7]/QN 
add mapped point u_IDCT/DRU/ToACF[8]/q u_IDCT/DRU/ToACF_reg[8]/Q 
add mapped point u_IDCT/DRU/ToACF[8]/q u_IDCT/DRU/ToACF_reg[8]/QN 
add mapped point u_IDCT/DRU/ToACF[9]/q u_IDCT/DRU/ToACF_reg[9]/Q 
add mapped point u_IDCT/DRU/ToACF[9]/q u_IDCT/DRU/ToACF_reg[9]/QN 
add mapped point u_IDCT/DRU/ToACF[10]/q u_IDCT/DRU/ToACF_reg[10]/Q 
add mapped point u_IDCT/DRU/ToACF[10]/q u_IDCT/DRU/ToACF_reg[10]/QN 
add mapped point u_IDCT/DRU/ToACF[11]/q u_IDCT/DRU/ToACF_reg[11]/Q 
add mapped point u_IDCT/DRU/ToACF[11]/q u_IDCT/DRU/ToACF_reg[11]/QN 
add mapped point u_IDCT/DRU/ToACF[12]/q u_IDCT/DRU/ToACF_reg[12]/Q 
add mapped point u_IDCT/DRU/ToACF[12]/q u_IDCT/DRU/ToACF_reg[12]/QN 
add mapped point u_IDCT/DRU/ToACF[13]/q u_IDCT/DRU/ToACF_reg[13]/Q 
add mapped point u_IDCT/DRU/ToACF[13]/q u_IDCT/DRU/ToACF_reg[13]/QN 
add mapped point u_IDCT/DRU/ToACF[14]/q u_IDCT/DRU/ToACF_reg[14]/Q 
add mapped point u_IDCT/DRU/ToACF[14]/q u_IDCT/DRU/ToACF_reg[14]/QN 
add mapped point u_IDCT/DRU/ToACF[15]/q u_IDCT/DRU/ToACF_reg[15]/Q 
add mapped point u_IDCT/DRU/ToACF[15]/q u_IDCT/DRU/ToACF_reg[15]/QN 
add mapped point u_IDCT/DRU/ToACF[16]/q u_IDCT/DRU/ToACF_reg[16]/Q 
add mapped point u_IDCT/DRU/ToACF[16]/q u_IDCT/DRU/ToACF_reg[16]/QN 
add mapped point u_IDCT/DRU/ToBDEG[0]/q u_IDCT/DRU/ToBDEG_reg[0]/Q 
add mapped point u_IDCT/DRU/ToBDEG[0]/q u_IDCT/DRU/ToBDEG_reg[0]/QN 
add mapped point u_IDCT/DRU/ToBDEG[1]/q u_IDCT/DRU/ToBDEG_reg[1]/Q 
add mapped point u_IDCT/DRU/ToBDEG[1]/q u_IDCT/DRU/ToBDEG_reg[1]/QN 
add mapped point u_IDCT/DRU/ToBDEG[2]/q u_IDCT/DRU/ToBDEG_reg[2]/Q 
add mapped point u_IDCT/DRU/ToBDEG[2]/q u_IDCT/DRU/ToBDEG_reg[2]/QN 
add mapped point u_IDCT/DRU/ToBDEG[3]/q u_IDCT/DRU/ToBDEG_reg[3]/Q 
add mapped point u_IDCT/DRU/ToBDEG[3]/q u_IDCT/DRU/ToBDEG_reg[3]/QN 
add mapped point u_IDCT/DRU/ToBDEG[4]/q u_IDCT/DRU/ToBDEG_reg[4]/Q 
add mapped point u_IDCT/DRU/ToBDEG[4]/q u_IDCT/DRU/ToBDEG_reg[4]/QN 
add mapped point u_IDCT/DRU/ToBDEG[5]/q u_IDCT/DRU/ToBDEG_reg[5]/Q 
add mapped point u_IDCT/DRU/ToBDEG[5]/q u_IDCT/DRU/ToBDEG_reg[5]/QN 
add mapped point u_IDCT/DRU/ToBDEG[6]/q u_IDCT/DRU/ToBDEG_reg[6]/Q 
add mapped point u_IDCT/DRU/ToBDEG[6]/q u_IDCT/DRU/ToBDEG_reg[6]/QN 
add mapped point u_IDCT/DRU/ToBDEG[7]/q u_IDCT/DRU/ToBDEG_reg[7]/Q 
add mapped point u_IDCT/DRU/ToBDEG[7]/q u_IDCT/DRU/ToBDEG_reg[7]/QN 
add mapped point u_IDCT/DRU/ToBDEG[8]/q u_IDCT/DRU/ToBDEG_reg[8]/Q 
add mapped point u_IDCT/DRU/ToBDEG[8]/q u_IDCT/DRU/ToBDEG_reg[8]/QN 
add mapped point u_IDCT/DRU/ToBDEG[9]/q u_IDCT/DRU/ToBDEG_reg[9]/Q 
add mapped point u_IDCT/DRU/ToBDEG[9]/q u_IDCT/DRU/ToBDEG_reg[9]/QN 
add mapped point u_IDCT/DRU/ToBDEG[10]/q u_IDCT/DRU/ToBDEG_reg[10]/Q 
add mapped point u_IDCT/DRU/ToBDEG[10]/q u_IDCT/DRU/ToBDEG_reg[10]/QN 
add mapped point u_IDCT/DRU/ToBDEG[11]/q u_IDCT/DRU/ToBDEG_reg[11]/Q 
add mapped point u_IDCT/DRU/ToBDEG[11]/q u_IDCT/DRU/ToBDEG_reg[11]/QN 
add mapped point u_IDCT/DRU/ToBDEG[12]/q u_IDCT/DRU/ToBDEG_reg[12]/Q 
add mapped point u_IDCT/DRU/ToBDEG[12]/q u_IDCT/DRU/ToBDEG_reg[12]/QN 
add mapped point u_IDCT/DRU/ToBDEG[13]/q u_IDCT/DRU/ToBDEG_reg[13]/Q 
add mapped point u_IDCT/DRU/ToBDEG[13]/q u_IDCT/DRU/ToBDEG_reg[13]/QN 
add mapped point u_IDCT/DRU/ToBDEG[14]/q u_IDCT/DRU/ToBDEG_reg[14]/Q 
add mapped point u_IDCT/DRU/ToBDEG[14]/q u_IDCT/DRU/ToBDEG_reg[14]/QN 
add mapped point u_IDCT/DRU/ToBDEG[15]/q u_IDCT/DRU/ToBDEG_reg[15]/Q 
add mapped point u_IDCT/DRU/ToBDEG[15]/q u_IDCT/DRU/ToBDEG_reg[15]/QN 
add mapped point u_IDCT/DRU/ToBDEG[16]/q u_IDCT/DRU/ToBDEG_reg[16]/Q 
add mapped point u_IDCT/DRU/ToBDEG[16]/q u_IDCT/DRU/ToBDEG_reg[16]/QN 
add mapped point u_IDCT/IDRU8/LIFO[0][0]/q u_IDCT/IDRU8/LIFO_reg[0][0]/Q 
add mapped point u_IDCT/IDRU8/LIFO[0][0]/q u_IDCT/IDRU8/LIFO_reg[0][0]/QN 
add mapped point u_IDCT/IDRU8/LIFO[0][1]/q u_IDCT/IDRU8/LIFO_reg[0][1]/Q 
add mapped point u_IDCT/IDRU8/LIFO[0][1]/q u_IDCT/IDRU8/LIFO_reg[0][1]/QN 
add mapped point u_IDCT/IDRU8/LIFO[0][2]/q u_IDCT/IDRU8/LIFO_reg[0][2]/Q 
add mapped point u_IDCT/IDRU8/LIFO[0][2]/q u_IDCT/IDRU8/LIFO_reg[0][2]/QN 
add mapped point u_IDCT/IDRU8/LIFO[0][3]/q u_IDCT/IDRU8/LIFO_reg[0][3]/Q 
add mapped point u_IDCT/IDRU8/LIFO[0][3]/q u_IDCT/IDRU8/LIFO_reg[0][3]/QN 
add mapped point u_IDCT/IDRU8/LIFO[0][4]/q u_IDCT/IDRU8/LIFO_reg[0][4]/Q 
add mapped point u_IDCT/IDRU8/LIFO[0][4]/q u_IDCT/IDRU8/LIFO_reg[0][4]/QN 
add mapped point u_IDCT/IDRU8/LIFO[0][5]/q u_IDCT/IDRU8/LIFO_reg[0][5]/Q 
add mapped point u_IDCT/IDRU8/LIFO[0][5]/q u_IDCT/IDRU8/LIFO_reg[0][5]/QN 
add mapped point u_IDCT/IDRU8/LIFO[0][6]/q u_IDCT/IDRU8/LIFO_reg[0][6]/Q 
add mapped point u_IDCT/IDRU8/LIFO[0][6]/q u_IDCT/IDRU8/LIFO_reg[0][6]/QN 
add mapped point u_IDCT/IDRU8/LIFO[0][7]/q u_IDCT/IDRU8/LIFO_reg[0][7]/Q 
add mapped point u_IDCT/IDRU8/LIFO[0][7]/q u_IDCT/IDRU8/LIFO_reg[0][7]/QN 
add mapped point u_IDCT/IDRU8/LIFO[0][8]/q u_IDCT/IDRU8/LIFO_reg[0][8]/Q 
add mapped point u_IDCT/IDRU8/LIFO[0][8]/q u_IDCT/IDRU8/LIFO_reg[0][8]/QN 
add mapped point u_IDCT/IDRU8/LIFO[0][9]/q u_IDCT/IDRU8/LIFO_reg[0][9]/Q 
add mapped point u_IDCT/IDRU8/LIFO[0][9]/q u_IDCT/IDRU8/LIFO_reg[0][9]/QN 
add mapped point u_IDCT/IDRU8/LIFO[0][10]/q u_IDCT/IDRU8/LIFO_reg[0][10]/Q 
add mapped point u_IDCT/IDRU8/LIFO[0][10]/q u_IDCT/IDRU8/LIFO_reg[0][10]/QN 
add mapped point u_IDCT/IDRU8/LIFO[0][11]/q u_IDCT/IDRU8/LIFO_reg[0][11]/Q 
add mapped point u_IDCT/IDRU8/LIFO[0][11]/q u_IDCT/IDRU8/LIFO_reg[0][11]/QN 
add mapped point u_IDCT/IDRU8/LIFO[0][12]/q u_IDCT/IDRU8/LIFO_reg[0][12]/Q 
add mapped point u_IDCT/IDRU8/LIFO[0][12]/q u_IDCT/IDRU8/LIFO_reg[0][12]/QN 
add mapped point u_IDCT/IDRU8/LIFO[0][13]/q u_IDCT/IDRU8/LIFO_reg[0][13]/Q 
add mapped point u_IDCT/IDRU8/LIFO[0][13]/q u_IDCT/IDRU8/LIFO_reg[0][13]/QN 
add mapped point u_IDCT/IDRU8/LIFO[0][14]/q u_IDCT/IDRU8/LIFO_reg[0][14]/Q 
add mapped point u_IDCT/IDRU8/LIFO[0][14]/q u_IDCT/IDRU8/LIFO_reg[0][14]/QN 
add mapped point u_IDCT/IDRU8/LIFO[0][15]/q u_IDCT/IDRU8/LIFO_reg[0][15]/Q 
add mapped point u_IDCT/IDRU8/LIFO[0][15]/q u_IDCT/IDRU8/LIFO_reg[0][15]/QN 
add mapped point u_IDCT/IDRU8/LIFO[1][0]/q u_IDCT/IDRU8/LIFO_reg[1][0]/Q 
add mapped point u_IDCT/IDRU8/LIFO[1][0]/q u_IDCT/IDRU8/LIFO_reg[1][0]/QN 
add mapped point u_IDCT/IDRU8/LIFO[1][1]/q u_IDCT/IDRU8/LIFO_reg[1][1]/Q 
add mapped point u_IDCT/IDRU8/LIFO[1][1]/q u_IDCT/IDRU8/LIFO_reg[1][1]/QN 
add mapped point u_IDCT/IDRU8/LIFO[1][2]/q u_IDCT/IDRU8/LIFO_reg[1][2]/Q 
add mapped point u_IDCT/IDRU8/LIFO[1][2]/q u_IDCT/IDRU8/LIFO_reg[1][2]/QN 
add mapped point u_IDCT/IDRU8/LIFO[1][3]/q u_IDCT/IDRU8/LIFO_reg[1][3]/Q 
add mapped point u_IDCT/IDRU8/LIFO[1][3]/q u_IDCT/IDRU8/LIFO_reg[1][3]/QN 
add mapped point u_IDCT/IDRU8/LIFO[1][4]/q u_IDCT/IDRU8/LIFO_reg[1][4]/Q 
add mapped point u_IDCT/IDRU8/LIFO[1][4]/q u_IDCT/IDRU8/LIFO_reg[1][4]/QN 
add mapped point u_IDCT/IDRU8/LIFO[1][5]/q u_IDCT/IDRU8/LIFO_reg[1][5]/Q 
add mapped point u_IDCT/IDRU8/LIFO[1][5]/q u_IDCT/IDRU8/LIFO_reg[1][5]/QN 
add mapped point u_IDCT/IDRU8/LIFO[1][6]/q u_IDCT/IDRU8/LIFO_reg[1][6]/Q 
add mapped point u_IDCT/IDRU8/LIFO[1][6]/q u_IDCT/IDRU8/LIFO_reg[1][6]/QN 
add mapped point u_IDCT/IDRU8/LIFO[1][7]/q u_IDCT/IDRU8/LIFO_reg[1][7]/Q 
add mapped point u_IDCT/IDRU8/LIFO[1][7]/q u_IDCT/IDRU8/LIFO_reg[1][7]/QN 
add mapped point u_IDCT/IDRU8/LIFO[1][8]/q u_IDCT/IDRU8/LIFO_reg[1][8]/Q 
add mapped point u_IDCT/IDRU8/LIFO[1][8]/q u_IDCT/IDRU8/LIFO_reg[1][8]/QN 
add mapped point u_IDCT/IDRU8/LIFO[1][9]/q u_IDCT/IDRU8/LIFO_reg[1][9]/Q 
add mapped point u_IDCT/IDRU8/LIFO[1][9]/q u_IDCT/IDRU8/LIFO_reg[1][9]/QN 
add mapped point u_IDCT/IDRU8/LIFO[1][10]/q u_IDCT/IDRU8/LIFO_reg[1][10]/Q 
add mapped point u_IDCT/IDRU8/LIFO[1][10]/q u_IDCT/IDRU8/LIFO_reg[1][10]/QN 
add mapped point u_IDCT/IDRU8/LIFO[1][11]/q u_IDCT/IDRU8/LIFO_reg[1][11]/Q 
add mapped point u_IDCT/IDRU8/LIFO[1][11]/q u_IDCT/IDRU8/LIFO_reg[1][11]/QN 
add mapped point u_IDCT/IDRU8/LIFO[1][12]/q u_IDCT/IDRU8/LIFO_reg[1][12]/Q 
add mapped point u_IDCT/IDRU8/LIFO[1][12]/q u_IDCT/IDRU8/LIFO_reg[1][12]/QN 
add mapped point u_IDCT/IDRU8/LIFO[1][13]/q u_IDCT/IDRU8/LIFO_reg[1][13]/Q 
add mapped point u_IDCT/IDRU8/LIFO[1][13]/q u_IDCT/IDRU8/LIFO_reg[1][13]/QN 
add mapped point u_IDCT/IDRU8/LIFO[1][14]/q u_IDCT/IDRU8/LIFO_reg[1][14]/Q 
add mapped point u_IDCT/IDRU8/LIFO[1][14]/q u_IDCT/IDRU8/LIFO_reg[1][14]/QN 
add mapped point u_IDCT/IDRU8/LIFO[1][15]/q u_IDCT/IDRU8/LIFO_reg[1][15]/Q 
add mapped point u_IDCT/IDRU8/LIFO[1][15]/q u_IDCT/IDRU8/LIFO_reg[1][15]/QN 
add mapped point u_IDCT/IDRU8/LIFO[2][0]/q u_IDCT/IDRU8/LIFO_reg[2][0]/Q 
add mapped point u_IDCT/IDRU8/LIFO[2][0]/q u_IDCT/IDRU8/LIFO_reg[2][0]/QN 
add mapped point u_IDCT/IDRU8/LIFO[2][1]/q u_IDCT/IDRU8/LIFO_reg[2][1]/Q 
add mapped point u_IDCT/IDRU8/LIFO[2][1]/q u_IDCT/IDRU8/LIFO_reg[2][1]/QN 
add mapped point u_IDCT/IDRU8/LIFO[2][2]/q u_IDCT/IDRU8/LIFO_reg[2][2]/Q 
add mapped point u_IDCT/IDRU8/LIFO[2][2]/q u_IDCT/IDRU8/LIFO_reg[2][2]/QN 
add mapped point u_IDCT/IDRU8/LIFO[2][3]/q u_IDCT/IDRU8/LIFO_reg[2][3]/Q 
add mapped point u_IDCT/IDRU8/LIFO[2][3]/q u_IDCT/IDRU8/LIFO_reg[2][3]/QN 
add mapped point u_IDCT/IDRU8/LIFO[2][4]/q u_IDCT/IDRU8/LIFO_reg[2][4]/Q 
add mapped point u_IDCT/IDRU8/LIFO[2][4]/q u_IDCT/IDRU8/LIFO_reg[2][4]/QN 
add mapped point u_IDCT/IDRU8/LIFO[2][5]/q u_IDCT/IDRU8/LIFO_reg[2][5]/Q 
add mapped point u_IDCT/IDRU8/LIFO[2][5]/q u_IDCT/IDRU8/LIFO_reg[2][5]/QN 
add mapped point u_IDCT/IDRU8/LIFO[2][6]/q u_IDCT/IDRU8/LIFO_reg[2][6]/Q 
add mapped point u_IDCT/IDRU8/LIFO[2][6]/q u_IDCT/IDRU8/LIFO_reg[2][6]/QN 
add mapped point u_IDCT/IDRU8/LIFO[2][7]/q u_IDCT/IDRU8/LIFO_reg[2][7]/Q 
add mapped point u_IDCT/IDRU8/LIFO[2][7]/q u_IDCT/IDRU8/LIFO_reg[2][7]/QN 
add mapped point u_IDCT/IDRU8/LIFO[2][8]/q u_IDCT/IDRU8/LIFO_reg[2][8]/Q 
add mapped point u_IDCT/IDRU8/LIFO[2][8]/q u_IDCT/IDRU8/LIFO_reg[2][8]/QN 
add mapped point u_IDCT/IDRU8/LIFO[2][9]/q u_IDCT/IDRU8/LIFO_reg[2][9]/Q 
add mapped point u_IDCT/IDRU8/LIFO[2][9]/q u_IDCT/IDRU8/LIFO_reg[2][9]/QN 
add mapped point u_IDCT/IDRU8/LIFO[2][10]/q u_IDCT/IDRU8/LIFO_reg[2][10]/Q 
add mapped point u_IDCT/IDRU8/LIFO[2][10]/q u_IDCT/IDRU8/LIFO_reg[2][10]/QN 
add mapped point u_IDCT/IDRU8/LIFO[2][11]/q u_IDCT/IDRU8/LIFO_reg[2][11]/Q 
add mapped point u_IDCT/IDRU8/LIFO[2][11]/q u_IDCT/IDRU8/LIFO_reg[2][11]/QN 
add mapped point u_IDCT/IDRU8/LIFO[2][12]/q u_IDCT/IDRU8/LIFO_reg[2][12]/Q 
add mapped point u_IDCT/IDRU8/LIFO[2][12]/q u_IDCT/IDRU8/LIFO_reg[2][12]/QN 
add mapped point u_IDCT/IDRU8/LIFO[2][13]/q u_IDCT/IDRU8/LIFO_reg[2][13]/Q 
add mapped point u_IDCT/IDRU8/LIFO[2][13]/q u_IDCT/IDRU8/LIFO_reg[2][13]/QN 
add mapped point u_IDCT/IDRU8/LIFO[2][14]/q u_IDCT/IDRU8/LIFO_reg[2][14]/Q 
add mapped point u_IDCT/IDRU8/LIFO[2][14]/q u_IDCT/IDRU8/LIFO_reg[2][14]/QN 
add mapped point u_IDCT/IDRU8/LIFO[2][15]/q u_IDCT/IDRU8/LIFO_reg[2][15]/Q 
add mapped point u_IDCT/IDRU8/LIFO[2][15]/q u_IDCT/IDRU8/LIFO_reg[2][15]/QN 
add mapped point u_IDCT/IDRU8/LIFO[3][0]/q u_IDCT/IDRU8/LIFO_reg[3][0]/Q 
add mapped point u_IDCT/IDRU8/LIFO[3][0]/q u_IDCT/IDRU8/LIFO_reg[3][0]/QN 
add mapped point u_IDCT/IDRU8/LIFO[3][1]/q u_IDCT/IDRU8/LIFO_reg[3][1]/Q 
add mapped point u_IDCT/IDRU8/LIFO[3][1]/q u_IDCT/IDRU8/LIFO_reg[3][1]/QN 
add mapped point u_IDCT/IDRU8/LIFO[3][2]/q u_IDCT/IDRU8/LIFO_reg[3][2]/Q 
add mapped point u_IDCT/IDRU8/LIFO[3][2]/q u_IDCT/IDRU8/LIFO_reg[3][2]/QN 
add mapped point u_IDCT/IDRU8/LIFO[3][3]/q u_IDCT/IDRU8/LIFO_reg[3][3]/Q 
add mapped point u_IDCT/IDRU8/LIFO[3][3]/q u_IDCT/IDRU8/LIFO_reg[3][3]/QN 
add mapped point u_IDCT/IDRU8/LIFO[3][4]/q u_IDCT/IDRU8/LIFO_reg[3][4]/Q 
add mapped point u_IDCT/IDRU8/LIFO[3][4]/q u_IDCT/IDRU8/LIFO_reg[3][4]/QN 
add mapped point u_IDCT/IDRU8/LIFO[3][5]/q u_IDCT/IDRU8/LIFO_reg[3][5]/Q 
add mapped point u_IDCT/IDRU8/LIFO[3][5]/q u_IDCT/IDRU8/LIFO_reg[3][5]/QN 
add mapped point u_IDCT/IDRU8/LIFO[3][6]/q u_IDCT/IDRU8/LIFO_reg[3][6]/Q 
add mapped point u_IDCT/IDRU8/LIFO[3][6]/q u_IDCT/IDRU8/LIFO_reg[3][6]/QN 
add mapped point u_IDCT/IDRU8/LIFO[3][7]/q u_IDCT/IDRU8/LIFO_reg[3][7]/Q 
add mapped point u_IDCT/IDRU8/LIFO[3][7]/q u_IDCT/IDRU8/LIFO_reg[3][7]/QN 
add mapped point u_IDCT/IDRU8/LIFO[3][8]/q u_IDCT/IDRU8/LIFO_reg[3][8]/Q 
add mapped point u_IDCT/IDRU8/LIFO[3][8]/q u_IDCT/IDRU8/LIFO_reg[3][8]/QN 
add mapped point u_IDCT/IDRU8/LIFO[3][9]/q u_IDCT/IDRU8/LIFO_reg[3][9]/Q 
add mapped point u_IDCT/IDRU8/LIFO[3][9]/q u_IDCT/IDRU8/LIFO_reg[3][9]/QN 
add mapped point u_IDCT/IDRU8/LIFO[3][10]/q u_IDCT/IDRU8/LIFO_reg[3][10]/Q 
add mapped point u_IDCT/IDRU8/LIFO[3][10]/q u_IDCT/IDRU8/LIFO_reg[3][10]/QN 
add mapped point u_IDCT/IDRU8/LIFO[3][11]/q u_IDCT/IDRU8/LIFO_reg[3][11]/Q 
add mapped point u_IDCT/IDRU8/LIFO[3][11]/q u_IDCT/IDRU8/LIFO_reg[3][11]/QN 
add mapped point u_IDCT/IDRU8/LIFO[3][12]/q u_IDCT/IDRU8/LIFO_reg[3][12]/Q 
add mapped point u_IDCT/IDRU8/LIFO[3][12]/q u_IDCT/IDRU8/LIFO_reg[3][12]/QN 
add mapped point u_IDCT/IDRU8/LIFO[3][13]/q u_IDCT/IDRU8/LIFO_reg[3][13]/Q 
add mapped point u_IDCT/IDRU8/LIFO[3][13]/q u_IDCT/IDRU8/LIFO_reg[3][13]/QN 
add mapped point u_IDCT/IDRU8/LIFO[3][14]/q u_IDCT/IDRU8/LIFO_reg[3][14]/Q 
add mapped point u_IDCT/IDRU8/LIFO[3][14]/q u_IDCT/IDRU8/LIFO_reg[3][14]/QN 
add mapped point u_IDCT/IDRU8/LIFO[3][15]/q u_IDCT/IDRU8/LIFO_reg[3][15]/Q 
add mapped point u_IDCT/IDRU8/LIFO[3][15]/q u_IDCT/IDRU8/LIFO_reg[3][15]/QN 
add mapped point u_IDCT/IDRU8/Z[0]/q u_IDCT/IDRU8/Z_reg[0]/Q 
add mapped point u_IDCT/IDRU8/Z[0]/q u_IDCT/IDRU8/Z_reg[0]/QN 
add mapped point u_IDCT/IDRU8/Z[1]/q u_IDCT/IDRU8/Z_reg[1]/Q 
add mapped point u_IDCT/IDRU8/Z[1]/q u_IDCT/IDRU8/Z_reg[1]/QN 
add mapped point u_IDCT/IDRU8/Z[2]/q u_IDCT/IDRU8/Z_reg[2]/Q 
add mapped point u_IDCT/IDRU8/Z[2]/q u_IDCT/IDRU8/Z_reg[2]/QN 
add mapped point u_IDCT/IDRU8/Z[3]/q u_IDCT/IDRU8/Z_reg[3]/Q 
add mapped point u_IDCT/IDRU8/Z[3]/q u_IDCT/IDRU8/Z_reg[3]/QN 
add mapped point u_IDCT/IDRU8/Z[4]/q u_IDCT/IDRU8/Z_reg[4]/Q 
add mapped point u_IDCT/IDRU8/Z[4]/q u_IDCT/IDRU8/Z_reg[4]/QN 
add mapped point u_IDCT/IDRU8/Z[5]/q u_IDCT/IDRU8/Z_reg[5]/Q 
add mapped point u_IDCT/IDRU8/Z[5]/q u_IDCT/IDRU8/Z_reg[5]/QN 
add mapped point u_IDCT/IDRU8/Z[6]/q u_IDCT/IDRU8/Z_reg[6]/Q 
add mapped point u_IDCT/IDRU8/Z[6]/q u_IDCT/IDRU8/Z_reg[6]/QN 
add mapped point u_IDCT/IDRU8/Z[7]/q u_IDCT/IDRU8/Z_reg[7]/Q 
add mapped point u_IDCT/IDRU8/Z[7]/q u_IDCT/IDRU8/Z_reg[7]/QN 
add mapped point u_IDCT/IDRU8/Z[8]/q u_IDCT/IDRU8/Z_reg[8]/Q 
add mapped point u_IDCT/IDRU8/Z[8]/q u_IDCT/IDRU8/Z_reg[8]/QN 
add mapped point u_IDCT/IDRU8/Z[9]/q u_IDCT/IDRU8/Z_reg[9]/Q 
add mapped point u_IDCT/IDRU8/Z[9]/q u_IDCT/IDRU8/Z_reg[9]/QN 
add mapped point u_IDCT/IDRU8/Z[10]/q u_IDCT/IDRU8/Z_reg[10]/Q 
add mapped point u_IDCT/IDRU8/Z[10]/q u_IDCT/IDRU8/Z_reg[10]/QN 
add mapped point u_IDCT/IDRU8/Z[11]/q u_IDCT/IDRU8/Z_reg[11]/Q 
add mapped point u_IDCT/IDRU8/Z[11]/q u_IDCT/IDRU8/Z_reg[11]/QN 
add mapped point u_IDCT/IDRU8/Count[2]/q u_IDCT/IDRU8/Count_reg[2]/Q 
add mapped point u_IDCT/IDRU8/Count[2]/q u_IDCT/IDRU8/Count_reg[2]/QN 
add mapped point u_IDCT/IDRU8/Count[1]/q u_IDCT/IDRU8/Count_reg[1]/Q 
add mapped point u_IDCT/IDRU8/Count[1]/q u_IDCT/IDRU8/Count_reg[1]/QN 
add mapped point u_IDCT/IDRU8/Count[0]/q u_IDCT/IDRU8/Count_reg[0]/Q 
add mapped point u_IDCT/IDRU8/Count[0]/q u_IDCT/IDRU8/Count_reg[0]/QN 
add mapped point u_IDCT/acf/mult_f_mixed_mult_1_12/retime_s1_1_reg/Q u_IDCT/acf/mult_f_mixed_mult_1_12/retime_s1_1_reg/Q 
add mapped point u_IDCT/acf/mult_f_mixed_mult_1_12/retime_s1_1_reg/QN u_IDCT/acf/mult_f_mixed_mult_1_12/retime_s1_1_reg/QN 
add mapped point u_IDCT/acf/mult_f_mixed_mult_1_12/retime_s1_3_reg/Q u_IDCT/acf/mult_f_mixed_mult_1_12/retime_s1_3_reg/Q 
add mapped point u_IDCT/acf/mult_f_mixed_mult_1_12/retime_s1_3_reg/QN u_IDCT/acf/mult_f_mixed_mult_1_12/retime_s1_3_reg/QN 
add mapped point u_IDCT/acf/mult_f_mixed_mult_1_12/retime_s1_9_reg/Q u_IDCT/acf/mult_f_mixed_mult_1_12/retime_s1_9_reg/Q 
add mapped point u_IDCT/acf/mult_f_mixed_mult_1_12/retime_s1_9_reg/QN u_IDCT/acf/mult_f_mixed_mult_1_12/retime_s1_9_reg/QN 
add mapped point u_IDCT/acf/mult_f_mixed_mult_1_12/retime_s1_18_reg/Q u_IDCT/acf/mult_f_mixed_mult_1_12/retime_s1_18_reg/Q 
add mapped point u_IDCT/acf/mult_f_mixed_mult_1_12/retime_s1_18_reg/QN u_IDCT/acf/mult_f_mixed_mult_1_12/retime_s1_18_reg/QN 
add mapped point u_IDCT/acf/mult_f_mixed_mult_1_12/retime_s1_23_reg/Q u_IDCT/acf/mult_f_mixed_mult_1_12/retime_s1_23_reg/Q 
add mapped point u_IDCT/acf/mult_f_mixed_mult_1_12/retime_s1_23_reg/QN u_IDCT/acf/mult_f_mixed_mult_1_12/retime_s1_23_reg/QN 
add mapped point u_IDCT/acf/mult_f_mixed_mult_1_12/retime_s1_24_reg/Q u_IDCT/acf/mult_f_mixed_mult_1_12/retime_s1_24_reg/Q 
add mapped point u_IDCT/acf/mult_f_mixed_mult_1_12/retime_s1_24_reg/QN u_IDCT/acf/mult_f_mixed_mult_1_12/retime_s1_24_reg/QN 
add mapped point u_IDCT/acf/mult_f_mixed_mult_1_12/retime_s2_2_reg/Q u_IDCT/acf/mult_f_mixed_mult_1_12/retime_s2_2_reg/Q 
add mapped point u_IDCT/acf/mult_f_mixed_mult_1_12/retime_s2_2_reg/QN u_IDCT/acf/mult_f_mixed_mult_1_12/retime_s2_2_reg/QN 
add mapped point u_IDCT/acf/mult_f_mixed_mult_1_12/retime_s2_3_reg/Q u_IDCT/acf/mult_f_mixed_mult_1_12/retime_s2_3_reg/Q 
add mapped point u_IDCT/acf/mult_f_mixed_mult_1_12/retime_s2_3_reg/QN u_IDCT/acf/mult_f_mixed_mult_1_12/retime_s2_3_reg/QN 
add mapped point u_IDCT/acf/mult_f_mixed_mult_1_12/retime_s2_4_reg/Q u_IDCT/acf/mult_f_mixed_mult_1_12/retime_s2_4_reg/Q 
add mapped point u_IDCT/acf/mult_f_mixed_mult_1_12/retime_s2_4_reg/QN u_IDCT/acf/mult_f_mixed_mult_1_12/retime_s2_4_reg/QN 
add mapped point u_IDCT/acf/mult_f_mixed_mult_1_12/retime_s2_5_reg/Q u_IDCT/acf/mult_f_mixed_mult_1_12/retime_s2_5_reg/Q 
add mapped point u_IDCT/acf/mult_f_mixed_mult_1_12/retime_s2_5_reg/QN u_IDCT/acf/mult_f_mixed_mult_1_12/retime_s2_5_reg/QN 
add mapped point u_IDCT/acf/mult_f_mixed_mult_1_12/retime_s2_6_reg/Q u_IDCT/acf/mult_f_mixed_mult_1_12/retime_s2_6_reg/Q 
add mapped point u_IDCT/acf/mult_f_mixed_mult_1_12/retime_s2_6_reg/QN u_IDCT/acf/mult_f_mixed_mult_1_12/retime_s2_6_reg/QN 
add mapped point u_IDCT/acf/mult_f_mixed_mult_1_12/retime_s2_7_reg/Q u_IDCT/acf/mult_f_mixed_mult_1_12/retime_s2_7_reg/Q 
add mapped point u_IDCT/acf/mult_f_mixed_mult_1_12/retime_s2_7_reg/QN u_IDCT/acf/mult_f_mixed_mult_1_12/retime_s2_7_reg/QN 
add mapped point u_IDCT/acf/mult_f_mixed_mult_1_12/retime_s2_8_reg/Q u_IDCT/acf/mult_f_mixed_mult_1_12/retime_s2_8_reg/Q 
add mapped point u_IDCT/acf/mult_f_mixed_mult_1_12/retime_s2_8_reg/QN u_IDCT/acf/mult_f_mixed_mult_1_12/retime_s2_8_reg/QN 
add mapped point u_IDCT/acf/ACC0/Z1[0]/q u_IDCT/acf/ACC0_Z1_reg[0]/Q 
add mapped point u_IDCT/acf/ACC0/Z1[0]/q u_IDCT/acf/ACC0_Z1_reg[0]/QN 
add mapped point u_IDCT/acf/ACC0/Z1[1]/q u_IDCT/acf/ACC0_Z1_reg[1]/Q 
add mapped point u_IDCT/acf/ACC0/Z1[1]/q u_IDCT/acf/ACC0_Z1_reg[1]/QN 
add mapped point u_IDCT/acf/ACC0/Z1[2]/q u_IDCT/acf/ACC0_Z1_reg[2]/Q 
add mapped point u_IDCT/acf/ACC0/Z1[2]/q u_IDCT/acf/ACC0_Z1_reg[2]/QN 
add mapped point u_IDCT/acf/ACC0/Z1[3]/q u_IDCT/acf/ACC0_Z1_reg[3]/Q 
add mapped point u_IDCT/acf/ACC0/Z1[3]/q u_IDCT/acf/ACC0_Z1_reg[3]/QN 
add mapped point u_IDCT/acf/ACC0/Z1[4]/q u_IDCT/acf/ACC0_Z1_reg[4]/Q 
add mapped point u_IDCT/acf/ACC0/Z1[4]/q u_IDCT/acf/ACC0_Z1_reg[4]/QN 
add mapped point u_IDCT/acf/ACC0/Z1[5]/q u_IDCT/acf/ACC0_Z1_reg[5]/Q 
add mapped point u_IDCT/acf/ACC0/Z1[5]/q u_IDCT/acf/ACC0_Z1_reg[5]/QN 
add mapped point u_IDCT/acf/ACC0/Z1[6]/q u_IDCT/acf/ACC0_Z1_reg[6]/Q 
add mapped point u_IDCT/acf/ACC0/Z1[6]/q u_IDCT/acf/ACC0_Z1_reg[6]/QN 
add mapped point u_IDCT/acf/ACC0/Z1[7]/q u_IDCT/acf/ACC0_Z1_reg[7]/Q 
add mapped point u_IDCT/acf/ACC0/Z1[7]/q u_IDCT/acf/ACC0_Z1_reg[7]/QN 
add mapped point u_IDCT/acf/ACC0/Z1[8]/q u_IDCT/acf/ACC0_Z1_reg[8]/Q 
add mapped point u_IDCT/acf/ACC0/Z1[8]/q u_IDCT/acf/ACC0_Z1_reg[8]/QN 
add mapped point u_IDCT/acf/ACC0/Z1[9]/q u_IDCT/acf/ACC0_Z1_reg[9]/Q 
add mapped point u_IDCT/acf/ACC0/Z1[9]/q u_IDCT/acf/ACC0_Z1_reg[9]/QN 
add mapped point u_IDCT/acf/ACC0/Z1[10]/q u_IDCT/acf/ACC0_Z1_reg[10]/Q 
add mapped point u_IDCT/acf/ACC0/Z1[10]/q u_IDCT/acf/ACC0_Z1_reg[10]/QN 
add mapped point u_IDCT/acf/ACC0/Z1[11]/q u_IDCT/acf/ACC0_Z1_reg[11]/Q 
add mapped point u_IDCT/acf/ACC0/Z1[11]/q u_IDCT/acf/ACC0_Z1_reg[11]/QN 
add mapped point u_IDCT/acf/ACC0/Z1[12]/q u_IDCT/acf/ACC0_Z1_reg[12]/Q 
add mapped point u_IDCT/acf/ACC0/Z1[12]/q u_IDCT/acf/ACC0_Z1_reg[12]/QN 
add mapped point u_IDCT/acf/ACC0/Z1[13]/q u_IDCT/acf/ACC0_Z1_reg[13]/Q 
add mapped point u_IDCT/acf/ACC0/Z1[13]/q u_IDCT/acf/ACC0_Z1_reg[13]/QN 
add mapped point u_IDCT/acf/ACC0/Z1[14]/q u_IDCT/acf/ACC0_Z1_reg[14]/Q 
add mapped point u_IDCT/acf/ACC0/Z1[14]/q u_IDCT/acf/ACC0_Z1_reg[14]/QN 
add mapped point u_IDCT/acf/ACC0/Z1[15]/q u_IDCT/acf/ACC0_Z1_reg[15]/Q 
add mapped point u_IDCT/acf/ACC0/Z1[15]/q u_IDCT/acf/ACC0_Z1_reg[15]/QN 
add mapped point u_IDCT/acf/ACC0/Z1[16]/q u_IDCT/acf/ACC0_Z1_reg[16]/Q 
add mapped point u_IDCT/acf/ACC0/Z1[16]/q u_IDCT/acf/ACC0_Z1_reg[16]/QN 
add mapped point u_IDCT/acf/ACC0/Z1[17]/q u_IDCT/acf/ACC0_Z1_reg[17]/Q 
add mapped point u_IDCT/acf/ACC0/Z1[17]/q u_IDCT/acf/ACC0_Z1_reg[17]/QN 
add mapped point u_IDCT/acf/ACC0/Z1[18]/q u_IDCT/acf/ACC0_Z1_reg[18]/Q 
add mapped point u_IDCT/acf/ACC0/Z1[18]/q u_IDCT/acf/ACC0_Z1_reg[18]/QN 
add mapped point u_IDCT/acf/ACC0/Z1[19]/q u_IDCT/acf/ACC0_Z1_reg[19]/Q 
add mapped point u_IDCT/acf/ACC0/Z1[19]/q u_IDCT/acf/ACC0_Z1_reg[19]/QN 
add mapped point u_IDCT/acf/ACC0/Z2[11]/q u_IDCT/acf/ACC0_Z2_reg[11]/Q 
add mapped point u_IDCT/acf/ACC0/Z2[11]/q u_IDCT/acf/ACC0_Z2_reg[11]/QN 
add mapped point u_IDCT/acf/ACC0/Z2[12]/q u_IDCT/acf/ACC0_Z2_reg[12]/Q 
add mapped point u_IDCT/acf/ACC0/Z2[12]/q u_IDCT/acf/ACC0_Z2_reg[12]/QN 
add mapped point u_IDCT/acf/ACC0/Z2[13]/q u_IDCT/acf/ACC0_Z2_reg[13]/Q 
add mapped point u_IDCT/acf/ACC0/Z2[13]/q u_IDCT/acf/ACC0_Z2_reg[13]/QN 
add mapped point u_IDCT/acf/ACC0/Z2[14]/q u_IDCT/acf/ACC0_Z2_reg[14]/Q 
add mapped point u_IDCT/acf/ACC0/Z2[14]/q u_IDCT/acf/ACC0_Z2_reg[14]/QN 
add mapped point u_IDCT/acf/ACC0/Z2[15]/q u_IDCT/acf/ACC0_Z2_reg[15]/Q 
add mapped point u_IDCT/acf/ACC0/Z2[15]/q u_IDCT/acf/ACC0_Z2_reg[15]/QN 
add mapped point u_IDCT/acf/ACC0/Z2[16]/q u_IDCT/acf/ACC0_Z2_reg[16]/Q 
add mapped point u_IDCT/acf/ACC0/Z2[16]/q u_IDCT/acf/ACC0_Z2_reg[16]/QN 
add mapped point u_IDCT/acf/ACC0/Z2[17]/q u_IDCT/acf/ACC0_Z2_reg[17]/Q 
add mapped point u_IDCT/acf/ACC0/Z2[17]/q u_IDCT/acf/ACC0_Z2_reg[17]/QN 
add mapped point u_IDCT/acf/ACC0/Z2[18]/q u_IDCT/acf/ACC0_Z2_reg[18]/Q 
add mapped point u_IDCT/acf/ACC0/Z2[18]/q u_IDCT/acf/ACC0_Z2_reg[18]/QN 
add mapped point u_IDCT/acf/ACC0/Z2[19]/q u_IDCT/acf/ACC0_Z2_reg[19]/Q 
add mapped point u_IDCT/acf/ACC0/Z2[19]/q u_IDCT/acf/ACC0_Z2_reg[19]/QN 
add mapped point u_IDCT/acf/ACC0/accout[0]/q u_IDCT/acf/ACC0_accout_reg[0]/Q 
add mapped point u_IDCT/acf/ACC0/accout[0]/q u_IDCT/acf/ACC0_accout_reg[0]/QN 
add mapped point u_IDCT/acf/ACC0/accout[1]/q u_IDCT/acf/ACC0_accout_reg[1]/Q 
add mapped point u_IDCT/acf/ACC0/accout[1]/q u_IDCT/acf/ACC0_accout_reg[1]/QN 
add mapped point u_IDCT/acf/ACC0/accout[2]/q u_IDCT/acf/ACC0_accout_reg[2]/Q 
add mapped point u_IDCT/acf/ACC0/accout[2]/q u_IDCT/acf/ACC0_accout_reg[2]/QN 
add mapped point u_IDCT/acf/ACC0/accout[3]/q u_IDCT/acf/ACC0_accout_reg[3]/Q 
add mapped point u_IDCT/acf/ACC0/accout[3]/q u_IDCT/acf/ACC0_accout_reg[3]/QN 
add mapped point u_IDCT/acf/ACC0/accout[4]/q u_IDCT/acf/ACC0_accout_reg[4]/Q 
add mapped point u_IDCT/acf/ACC0/accout[4]/q u_IDCT/acf/ACC0_accout_reg[4]/QN 
add mapped point u_IDCT/acf/ACC0/accout[5]/q u_IDCT/acf/ACC0_accout_reg[5]/Q 
add mapped point u_IDCT/acf/ACC0/accout[5]/q u_IDCT/acf/ACC0_accout_reg[5]/QN 
add mapped point u_IDCT/acf/ACC0/accout[6]/q u_IDCT/acf/ACC0_accout_reg[6]/Q 
add mapped point u_IDCT/acf/ACC0/accout[6]/q u_IDCT/acf/ACC0_accout_reg[6]/QN 
add mapped point u_IDCT/acf/ACC0/accout[7]/q u_IDCT/acf/ACC0_accout_reg[7]/Q 
add mapped point u_IDCT/acf/ACC0/accout[7]/q u_IDCT/acf/ACC0_accout_reg[7]/QN 
add mapped point u_IDCT/acf/ACC0/accout[8]/q u_IDCT/acf/ACC0_accout_reg[8]/Q 
add mapped point u_IDCT/acf/ACC0/accout[8]/q u_IDCT/acf/ACC0_accout_reg[8]/QN 
add mapped point u_IDCT/acf/ACC0/accout[9]/q u_IDCT/acf/ACC0_accout_reg[9]/Q 
add mapped point u_IDCT/acf/ACC0/accout[9]/q u_IDCT/acf/ACC0_accout_reg[9]/QN 
add mapped point u_IDCT/acf/ACC0/accout[10]/q u_IDCT/acf/ACC0_accout_reg[10]/Q 
add mapped point u_IDCT/acf/ACC0/accout[10]/q u_IDCT/acf/ACC0_accout_reg[10]/QN 
add mapped point u_IDCT/acf/ACC0/accout[11]/q u_IDCT/acf/ACC0_accout_reg[11]/Q 
add mapped point u_IDCT/acf/ACC0/accout[11]/q u_IDCT/acf/ACC0_accout_reg[11]/QN 
add mapped point u_IDCT/acf/ACC0/accout[12]/q u_IDCT/acf/ACC0_accout_reg[12]/Q 
add mapped point u_IDCT/acf/ACC0/accout[12]/q u_IDCT/acf/ACC0_accout_reg[12]/QN 
add mapped point u_IDCT/acf/ACC0/accout[13]/q u_IDCT/acf/ACC0_accout_reg[13]/Q 
add mapped point u_IDCT/acf/ACC0/accout[13]/q u_IDCT/acf/ACC0_accout_reg[13]/QN 
add mapped point u_IDCT/acf/ACC0/accout[14]/q u_IDCT/acf/ACC0_accout_reg[14]/Q 
add mapped point u_IDCT/acf/ACC0/accout[14]/q u_IDCT/acf/ACC0_accout_reg[14]/QN 
add mapped point u_IDCT/acf/ACC0/accout[15]/q u_IDCT/acf/ACC0_accout_reg[15]/Q 
add mapped point u_IDCT/acf/ACC0/accout[15]/q u_IDCT/acf/ACC0_accout_reg[15]/QN 
add mapped point u_IDCT/acf/ACC0/accout[16]/q u_IDCT/acf/ACC0_accout_reg[16]/Q 
add mapped point u_IDCT/acf/ACC0/accout[16]/q u_IDCT/acf/ACC0_accout_reg[16]/QN 
add mapped point u_IDCT/acf/ACC0/accout[17]/q u_IDCT/acf/ACC0_accout_reg[17]/Q 
add mapped point u_IDCT/acf/ACC0/accout[17]/q u_IDCT/acf/ACC0_accout_reg[17]/QN 
add mapped point u_IDCT/acf/ACC0/adder1/APreS2[0]/q u_IDCT/acf/ACC0_adder1_APreS2_reg[0]/Q 
add mapped point u_IDCT/acf/ACC0/adder1/APreS2[0]/q u_IDCT/acf/ACC0_adder1_APreS2_reg[0]/QN 
add mapped point u_IDCT/acf/ACC0/adder1/APreS2[1]/q u_IDCT/acf/ACC0_adder1_APreS2_reg[1]/Q 
add mapped point u_IDCT/acf/ACC0/adder1/APreS2[1]/q u_IDCT/acf/ACC0_adder1_APreS2_reg[1]/QN 
add mapped point u_IDCT/acf/ACC0/adder1/APreS2[2]/q u_IDCT/acf/ACC0_adder1_APreS2_reg[2]/Q 
add mapped point u_IDCT/acf/ACC0/adder1/APreS2[2]/q u_IDCT/acf/ACC0_adder1_APreS2_reg[2]/QN 
add mapped point u_IDCT/acf/ACC0/adder1/APreS2[3]/q u_IDCT/acf/ACC0_adder1_APreS2_reg[3]/Q 
add mapped point u_IDCT/acf/ACC0/adder1/APreS2[3]/q u_IDCT/acf/ACC0_adder1_APreS2_reg[3]/QN 
add mapped point u_IDCT/acf/ACC0/adder1/APreS2[4]/q u_IDCT/acf/ACC0_adder1_APreS2_reg[4]/Q 
add mapped point u_IDCT/acf/ACC0/adder1/APreS2[4]/q u_IDCT/acf/ACC0_adder1_APreS2_reg[4]/QN 
add mapped point u_IDCT/acf/ACC0/adder1/APreS2[5]/q u_IDCT/acf/ACC0_adder1_APreS2_reg[5]/Q 
add mapped point u_IDCT/acf/ACC0/adder1/APreS2[5]/q u_IDCT/acf/ACC0_adder1_APreS2_reg[5]/QN 
add mapped point u_IDCT/acf/ACC0/adder1/APreS2[6]/q u_IDCT/acf/ACC0_adder1_APreS2_reg[6]/Q 
add mapped point u_IDCT/acf/ACC0/adder1/APreS2[6]/q u_IDCT/acf/ACC0_adder1_APreS2_reg[6]/QN 
add mapped point u_IDCT/acf/ACC0/adder1/APreS2[7]/q u_IDCT/acf/ACC0_adder1_APreS2_reg[7]/Q 
add mapped point u_IDCT/acf/ACC0/adder1/APreS2[7]/q u_IDCT/acf/ACC0_adder1_APreS2_reg[7]/QN 
add mapped point u_IDCT/acf/ACC0/adder1/APreS2[8]/q u_IDCT/acf/ACC0_adder1_APreS2_reg[8]/Q 
add mapped point u_IDCT/acf/ACC0/adder1/APreS2[8]/q u_IDCT/acf/ACC0_adder1_APreS2_reg[8]/QN 
add mapped point u_IDCT/acf/ACC0/adder1/BPreS2[0]/q u_IDCT/acf/ACC0_adder1_BPreS2_reg[0]/Q 
add mapped point u_IDCT/acf/ACC0/adder1/BPreS2[0]/q u_IDCT/acf/ACC0_adder1_BPreS2_reg[0]/QN 
add mapped point u_IDCT/acf/ACC0/adder1/BPreS2[1]/q u_IDCT/acf/ACC0_adder1_BPreS2_reg[1]/Q 
add mapped point u_IDCT/acf/ACC0/adder1/BPreS2[1]/q u_IDCT/acf/ACC0_adder1_BPreS2_reg[1]/QN 
add mapped point u_IDCT/acf/ACC0/adder1/BPreS2[2]/q u_IDCT/acf/ACC0_adder1_BPreS2_reg[2]/Q 
add mapped point u_IDCT/acf/ACC0/adder1/BPreS2[2]/q u_IDCT/acf/ACC0_adder1_BPreS2_reg[2]/QN 
add mapped point u_IDCT/acf/ACC0/adder1/BPreS2[3]/q u_IDCT/acf/ACC0_adder1_BPreS2_reg[3]/Q 
add mapped point u_IDCT/acf/ACC0/adder1/BPreS2[3]/q u_IDCT/acf/ACC0_adder1_BPreS2_reg[3]/QN 
add mapped point u_IDCT/acf/ACC0/adder1/BPreS2[4]/q u_IDCT/acf/ACC0_adder1_BPreS2_reg[4]/Q 
add mapped point u_IDCT/acf/ACC0/adder1/BPreS2[4]/q u_IDCT/acf/ACC0_adder1_BPreS2_reg[4]/QN 
add mapped point u_IDCT/acf/ACC0/adder1/BPreS2[5]/q u_IDCT/acf/ACC0_adder1_BPreS2_reg[5]/Q 
add mapped point u_IDCT/acf/ACC0/adder1/BPreS2[5]/q u_IDCT/acf/ACC0_adder1_BPreS2_reg[5]/QN 
add mapped point u_IDCT/acf/ACC0/adder1/BPreS2[6]/q u_IDCT/acf/ACC0_adder1_BPreS2_reg[6]/Q 
add mapped point u_IDCT/acf/ACC0/adder1/BPreS2[6]/q u_IDCT/acf/ACC0_adder1_BPreS2_reg[6]/QN 
add mapped point u_IDCT/acf/ACC0/adder1/BPreS2[7]/q u_IDCT/acf/ACC0_adder1_BPreS2_reg[7]/Q 
add mapped point u_IDCT/acf/ACC0/adder1/BPreS2[7]/q u_IDCT/acf/ACC0_adder1_BPreS2_reg[7]/QN 
add mapped point u_IDCT/acf/ACC0/adder1/BPreS2[8]/q u_IDCT/acf/ACC0_adder1_BPreS2_reg[8]/Q 
add mapped point u_IDCT/acf/ACC0/adder1/BPreS2[8]/q u_IDCT/acf/ACC0_adder1_BPreS2_reg[8]/QN 
add mapped point u_IDCT/acf/ACC0/adder1/C1/q u_IDCT/acf/ACC0_adder1_C1_reg/Q 
add mapped point u_IDCT/acf/ACC0/adder1/C1/q u_IDCT/acf/ACC0_adder1_C1_reg/QN 
add mapped point u_IDCT/acf/ACC0/adder1/PostS1[0]/q u_IDCT/acf/ACC0_adder1_PostS1_reg[0]/Q 
add mapped point u_IDCT/acf/ACC0/adder1/PostS1[0]/q u_IDCT/acf/ACC0_adder1_PostS1_reg[0]/QN 
add mapped point u_IDCT/acf/ACC0/adder1/PostS1[1]/q u_IDCT/acf/ACC0_adder1_PostS1_reg[1]/Q 
add mapped point u_IDCT/acf/ACC0/adder1/PostS1[1]/q u_IDCT/acf/ACC0_adder1_PostS1_reg[1]/QN 
add mapped point u_IDCT/acf/ACC0/adder1/PostS1[2]/q u_IDCT/acf/ACC0_adder1_PostS1_reg[2]/Q 
add mapped point u_IDCT/acf/ACC0/adder1/PostS1[2]/q u_IDCT/acf/ACC0_adder1_PostS1_reg[2]/QN 
add mapped point u_IDCT/acf/ACC0/adder1/PostS1[3]/q u_IDCT/acf/ACC0_adder1_PostS1_reg[3]/Q 
add mapped point u_IDCT/acf/ACC0/adder1/PostS1[3]/q u_IDCT/acf/ACC0_adder1_PostS1_reg[3]/QN 
add mapped point u_IDCT/acf/ACC0/adder1/PostS1[4]/q u_IDCT/acf/ACC0_adder1_PostS1_reg[4]/Q 
add mapped point u_IDCT/acf/ACC0/adder1/PostS1[4]/q u_IDCT/acf/ACC0_adder1_PostS1_reg[4]/QN 
add mapped point u_IDCT/acf/ACC0/adder1/PostS1[5]/q u_IDCT/acf/ACC0_adder1_PostS1_reg[5]/Q 
add mapped point u_IDCT/acf/ACC0/adder1/PostS1[5]/q u_IDCT/acf/ACC0_adder1_PostS1_reg[5]/QN 
add mapped point u_IDCT/acf/ACC0/adder1/PostS1[6]/q u_IDCT/acf/ACC0_adder1_PostS1_reg[6]/Q 
add mapped point u_IDCT/acf/ACC0/adder1/PostS1[6]/q u_IDCT/acf/ACC0_adder1_PostS1_reg[6]/QN 
add mapped point u_IDCT/acf/ACC0/adder1/PostS1[7]/q u_IDCT/acf/ACC0_adder1_PostS1_reg[7]/Q 
add mapped point u_IDCT/acf/ACC0/adder1/PostS1[7]/q u_IDCT/acf/ACC0_adder1_PostS1_reg[7]/QN 
add mapped point u_IDCT/acf/ACC0/adder1/PostS1[8]/q u_IDCT/acf/ACC0_adder1_PostS1_reg[8]/Q 
add mapped point u_IDCT/acf/ACC0/adder1/PostS1[8]/q u_IDCT/acf/ACC0_adder1_PostS1_reg[8]/QN 
add mapped point u_IDCT/acf/ACC0/adder1/PostS1[9]/q u_IDCT/acf/ACC0_adder1_PostS1_reg[9]/Q 
add mapped point u_IDCT/acf/ACC0/adder1/PostS1[9]/q u_IDCT/acf/ACC0_adder1_PostS1_reg[9]/QN 
add mapped point u_IDCT/acf/ACC0/adder1/PostS1[10]/q u_IDCT/acf/ACC0_adder1_PostS1_reg[10]/Q 
add mapped point u_IDCT/acf/ACC0/adder1/PostS1[10]/q u_IDCT/acf/ACC0_adder1_PostS1_reg[10]/QN 
add mapped point u_IDCT/acf/ACC0/adder2/BPreS2[0]/q u_IDCT/acf/ACC0_adder2_BPreS2_reg[0]/Q 
add mapped point u_IDCT/acf/ACC0/adder2/BPreS2[0]/q u_IDCT/acf/ACC0_adder2_BPreS2_reg[0]/QN 
add mapped point u_IDCT/acf/ACC0/adder2/BPreS2[1]/q u_IDCT/acf/ACC0_adder2_BPreS2_reg[1]/Q 
add mapped point u_IDCT/acf/ACC0/adder2/BPreS2[1]/q u_IDCT/acf/ACC0_adder2_BPreS2_reg[1]/QN 
add mapped point u_IDCT/acf/ACC0/adder2/BPreS2[2]/q u_IDCT/acf/ACC0_adder2_BPreS2_reg[2]/Q 
add mapped point u_IDCT/acf/ACC0/adder2/BPreS2[2]/q u_IDCT/acf/ACC0_adder2_BPreS2_reg[2]/QN 
add mapped point u_IDCT/acf/ACC0/adder2/BPreS2[3]/q u_IDCT/acf/ACC0_adder2_BPreS2_reg[3]/Q 
add mapped point u_IDCT/acf/ACC0/adder2/BPreS2[3]/q u_IDCT/acf/ACC0_adder2_BPreS2_reg[3]/QN 
add mapped point u_IDCT/acf/ACC0/adder2/BPreS2[4]/q u_IDCT/acf/ACC0_adder2_BPreS2_reg[4]/Q 
add mapped point u_IDCT/acf/ACC0/adder2/BPreS2[4]/q u_IDCT/acf/ACC0_adder2_BPreS2_reg[4]/QN 
add mapped point u_IDCT/acf/ACC0/adder2/BPreS2[5]/q u_IDCT/acf/ACC0_adder2_BPreS2_reg[5]/Q 
add mapped point u_IDCT/acf/ACC0/adder2/BPreS2[5]/q u_IDCT/acf/ACC0_adder2_BPreS2_reg[5]/QN 
add mapped point u_IDCT/acf/ACC0/adder2/BPreS2[6]/q u_IDCT/acf/ACC0_adder2_BPreS2_reg[6]/Q 
add mapped point u_IDCT/acf/ACC0/adder2/BPreS2[6]/q u_IDCT/acf/ACC0_adder2_BPreS2_reg[6]/QN 
add mapped point u_IDCT/acf/ACC0/adder2/BPreS2[7]/q u_IDCT/acf/ACC0_adder2_BPreS2_reg[7]/Q 
add mapped point u_IDCT/acf/ACC0/adder2/BPreS2[7]/q u_IDCT/acf/ACC0_adder2_BPreS2_reg[7]/QN 
add mapped point u_IDCT/acf/ACC0/adder2/BPreS2[8]/q u_IDCT/acf/ACC0_adder2_BPreS2_reg[8]/Q 
add mapped point u_IDCT/acf/ACC0/adder2/BPreS2[8]/q u_IDCT/acf/ACC0_adder2_BPreS2_reg[8]/QN 
add mapped point u_IDCT/acf/ACC0/adder2/C1/q u_IDCT/acf/ACC0_adder2_C1_reg/Q 
add mapped point u_IDCT/acf/ACC0/adder2/C1/q u_IDCT/acf/ACC0_adder2_C1_reg/QN 
add mapped point u_IDCT/acf/ACC0/adder2/PostS1[0]/q u_IDCT/acf/ACC0_adder2_PostS1_reg[0]/Q 
add mapped point u_IDCT/acf/ACC0/adder2/PostS1[0]/q u_IDCT/acf/ACC0_adder2_PostS1_reg[0]/QN 
add mapped point u_IDCT/acf/ACC0/adder2/PostS1[1]/q u_IDCT/acf/ACC0_adder2_PostS1_reg[1]/Q 
add mapped point u_IDCT/acf/ACC0/adder2/PostS1[1]/q u_IDCT/acf/ACC0_adder2_PostS1_reg[1]/QN 
add mapped point u_IDCT/acf/ACC0/adder2/PostS1[2]/q u_IDCT/acf/ACC0_adder2_PostS1_reg[2]/Q 
add mapped point u_IDCT/acf/ACC0/adder2/PostS1[2]/q u_IDCT/acf/ACC0_adder2_PostS1_reg[2]/QN 
add mapped point u_IDCT/acf/ACC0/adder2/PostS1[3]/q u_IDCT/acf/ACC0_adder2_PostS1_reg[3]/Q 
add mapped point u_IDCT/acf/ACC0/adder2/PostS1[3]/q u_IDCT/acf/ACC0_adder2_PostS1_reg[3]/QN 
add mapped point u_IDCT/acf/ACC0/adder2/PostS1[4]/q u_IDCT/acf/ACC0_adder2_PostS1_reg[4]/Q 
add mapped point u_IDCT/acf/ACC0/adder2/PostS1[4]/q u_IDCT/acf/ACC0_adder2_PostS1_reg[4]/QN 
add mapped point u_IDCT/acf/ACC0/adder2/PostS1[5]/q u_IDCT/acf/ACC0_adder2_PostS1_reg[5]/Q 
add mapped point u_IDCT/acf/ACC0/adder2/PostS1[5]/q u_IDCT/acf/ACC0_adder2_PostS1_reg[5]/QN 
add mapped point u_IDCT/acf/ACC0/adder2/PostS1[6]/q u_IDCT/acf/ACC0_adder2_PostS1_reg[6]/Q 
add mapped point u_IDCT/acf/ACC0/adder2/PostS1[6]/q u_IDCT/acf/ACC0_adder2_PostS1_reg[6]/QN 
add mapped point u_IDCT/acf/ACC0/adder2/PostS1[7]/q u_IDCT/acf/ACC0_adder2_PostS1_reg[7]/Q 
add mapped point u_IDCT/acf/ACC0/adder2/PostS1[7]/q u_IDCT/acf/ACC0_adder2_PostS1_reg[7]/QN 
add mapped point u_IDCT/acf/ACC0/adder2/PostS1[8]/q u_IDCT/acf/ACC0_adder2_PostS1_reg[8]/Q 
add mapped point u_IDCT/acf/ACC0/adder2/PostS1[8]/q u_IDCT/acf/ACC0_adder2_PostS1_reg[8]/QN 
add mapped point u_IDCT/acf/ACC0/adder2/PostS1[9]/q u_IDCT/acf/ACC0_adder2_PostS1_reg[9]/Q 
add mapped point u_IDCT/acf/ACC0/adder2/PostS1[9]/q u_IDCT/acf/ACC0_adder2_PostS1_reg[9]/QN 
add mapped point u_IDCT/acf/ACC0/adder2/PostS1[10]/q u_IDCT/acf/ACC0_adder2_PostS1_reg[10]/Q 
add mapped point u_IDCT/acf/ACC0/adder2/PostS1[10]/q u_IDCT/acf/ACC0_adder2_PostS1_reg[10]/QN 
add mapped point u_IDCT/acf/ACC1/Z1[0]/q u_IDCT/acf/ACC1_Z1_reg[0]/Q 
add mapped point u_IDCT/acf/ACC1/Z1[0]/q u_IDCT/acf/ACC1_Z1_reg[0]/QN 
add mapped point u_IDCT/acf/ACC1/Z1[1]/q u_IDCT/acf/ACC1_Z1_reg[1]/Q 
add mapped point u_IDCT/acf/ACC1/Z1[1]/q u_IDCT/acf/ACC1_Z1_reg[1]/QN 
add mapped point u_IDCT/acf/ACC1/Z1[2]/q u_IDCT/acf/ACC1_Z1_reg[2]/Q 
add mapped point u_IDCT/acf/ACC1/Z1[2]/q u_IDCT/acf/ACC1_Z1_reg[2]/QN 
add mapped point u_IDCT/acf/ACC1/Z1[3]/q u_IDCT/acf/ACC1_Z1_reg[3]/Q 
add mapped point u_IDCT/acf/ACC1/Z1[3]/q u_IDCT/acf/ACC1_Z1_reg[3]/QN 
add mapped point u_IDCT/acf/ACC1/Z1[4]/q u_IDCT/acf/ACC1_Z1_reg[4]/Q 
add mapped point u_IDCT/acf/ACC1/Z1[4]/q u_IDCT/acf/ACC1_Z1_reg[4]/QN 
add mapped point u_IDCT/acf/ACC1/Z1[5]/q u_IDCT/acf/ACC1_Z1_reg[5]/Q 
add mapped point u_IDCT/acf/ACC1/Z1[5]/q u_IDCT/acf/ACC1_Z1_reg[5]/QN 
add mapped point u_IDCT/acf/ACC1/Z1[6]/q u_IDCT/acf/ACC1_Z1_reg[6]/Q 
add mapped point u_IDCT/acf/ACC1/Z1[6]/q u_IDCT/acf/ACC1_Z1_reg[6]/QN 
add mapped point u_IDCT/acf/ACC1/Z1[7]/q u_IDCT/acf/ACC1_Z1_reg[7]/Q 
add mapped point u_IDCT/acf/ACC1/Z1[7]/q u_IDCT/acf/ACC1_Z1_reg[7]/QN 
add mapped point u_IDCT/acf/ACC1/Z1[8]/q u_IDCT/acf/ACC1_Z1_reg[8]/Q 
add mapped point u_IDCT/acf/ACC1/Z1[8]/q u_IDCT/acf/ACC1_Z1_reg[8]/QN 
add mapped point u_IDCT/acf/ACC1/Z1[9]/q u_IDCT/acf/ACC1_Z1_reg[9]/Q 
add mapped point u_IDCT/acf/ACC1/Z1[9]/q u_IDCT/acf/ACC1_Z1_reg[9]/QN 
add mapped point u_IDCT/acf/ACC1/Z1[10]/q u_IDCT/acf/ACC1_Z1_reg[10]/Q 
add mapped point u_IDCT/acf/ACC1/Z1[10]/q u_IDCT/acf/ACC1_Z1_reg[10]/QN 
add mapped point u_IDCT/acf/ACC1/Z1[11]/q u_IDCT/acf/ACC1_Z1_reg[11]/Q 
add mapped point u_IDCT/acf/ACC1/Z1[11]/q u_IDCT/acf/ACC1_Z1_reg[11]/QN 
add mapped point u_IDCT/acf/ACC1/Z1[12]/q u_IDCT/acf/ACC1_Z1_reg[12]/Q 
add mapped point u_IDCT/acf/ACC1/Z1[12]/q u_IDCT/acf/ACC1_Z1_reg[12]/QN 
add mapped point u_IDCT/acf/ACC1/Z1[13]/q u_IDCT/acf/ACC1_Z1_reg[13]/Q 
add mapped point u_IDCT/acf/ACC1/Z1[13]/q u_IDCT/acf/ACC1_Z1_reg[13]/QN 
add mapped point u_IDCT/acf/ACC1/Z1[14]/q u_IDCT/acf/ACC1_Z1_reg[14]/Q 
add mapped point u_IDCT/acf/ACC1/Z1[14]/q u_IDCT/acf/ACC1_Z1_reg[14]/QN 
add mapped point u_IDCT/acf/ACC1/Z1[15]/q u_IDCT/acf/ACC1_Z1_reg[15]/Q 
add mapped point u_IDCT/acf/ACC1/Z1[15]/q u_IDCT/acf/ACC1_Z1_reg[15]/QN 
add mapped point u_IDCT/acf/ACC1/Z1[16]/q u_IDCT/acf/ACC1_Z1_reg[16]/Q 
add mapped point u_IDCT/acf/ACC1/Z1[16]/q u_IDCT/acf/ACC1_Z1_reg[16]/QN 
add mapped point u_IDCT/acf/ACC1/Z1[17]/q u_IDCT/acf/ACC1_Z1_reg[17]/Q 
add mapped point u_IDCT/acf/ACC1/Z1[17]/q u_IDCT/acf/ACC1_Z1_reg[17]/QN 
add mapped point u_IDCT/acf/ACC1/Z1[18]/q u_IDCT/acf/ACC1_Z1_reg[18]/Q 
add mapped point u_IDCT/acf/ACC1/Z1[18]/q u_IDCT/acf/ACC1_Z1_reg[18]/QN 
add mapped point u_IDCT/acf/ACC1/Z1[19]/q u_IDCT/acf/ACC1_Z1_reg[19]/Q 
add mapped point u_IDCT/acf/ACC1/Z1[19]/q u_IDCT/acf/ACC1_Z1_reg[19]/QN 
add mapped point u_IDCT/acf/ACC1/Z2[11]/q u_IDCT/acf/ACC1_Z2_reg[11]/Q 
add mapped point u_IDCT/acf/ACC1/Z2[11]/q u_IDCT/acf/ACC1_Z2_reg[11]/QN 
add mapped point u_IDCT/acf/ACC1/Z2[12]/q u_IDCT/acf/ACC1_Z2_reg[12]/Q 
add mapped point u_IDCT/acf/ACC1/Z2[12]/q u_IDCT/acf/ACC1_Z2_reg[12]/QN 
add mapped point u_IDCT/acf/ACC1/Z2[13]/q u_IDCT/acf/ACC1_Z2_reg[13]/Q 
add mapped point u_IDCT/acf/ACC1/Z2[13]/q u_IDCT/acf/ACC1_Z2_reg[13]/QN 
add mapped point u_IDCT/acf/ACC1/Z2[14]/q u_IDCT/acf/ACC1_Z2_reg[14]/Q 
add mapped point u_IDCT/acf/ACC1/Z2[14]/q u_IDCT/acf/ACC1_Z2_reg[14]/QN 
add mapped point u_IDCT/acf/ACC1/Z2[15]/q u_IDCT/acf/ACC1_Z2_reg[15]/Q 
add mapped point u_IDCT/acf/ACC1/Z2[15]/q u_IDCT/acf/ACC1_Z2_reg[15]/QN 
add mapped point u_IDCT/acf/ACC1/Z2[16]/q u_IDCT/acf/ACC1_Z2_reg[16]/Q 
add mapped point u_IDCT/acf/ACC1/Z2[16]/q u_IDCT/acf/ACC1_Z2_reg[16]/QN 
add mapped point u_IDCT/acf/ACC1/Z2[17]/q u_IDCT/acf/ACC1_Z2_reg[17]/Q 
add mapped point u_IDCT/acf/ACC1/Z2[17]/q u_IDCT/acf/ACC1_Z2_reg[17]/QN 
add mapped point u_IDCT/acf/ACC1/Z2[18]/q u_IDCT/acf/ACC1_Z2_reg[18]/Q 
add mapped point u_IDCT/acf/ACC1/Z2[18]/q u_IDCT/acf/ACC1_Z2_reg[18]/QN 
add mapped point u_IDCT/acf/ACC1/Z2[19]/q u_IDCT/acf/ACC1_Z2_reg[19]/Q 
add mapped point u_IDCT/acf/ACC1/Z2[19]/q u_IDCT/acf/ACC1_Z2_reg[19]/QN 
add mapped point u_IDCT/acf/ACC1/accout[0]/q u_IDCT/acf/ACC1_accout_reg[0]/Q 
add mapped point u_IDCT/acf/ACC1/accout[0]/q u_IDCT/acf/ACC1_accout_reg[0]/QN 
add mapped point u_IDCT/acf/ACC1/accout[1]/q u_IDCT/acf/ACC1_accout_reg[1]/Q 
add mapped point u_IDCT/acf/ACC1/accout[1]/q u_IDCT/acf/ACC1_accout_reg[1]/QN 
add mapped point u_IDCT/acf/ACC1/accout[2]/q u_IDCT/acf/ACC1_accout_reg[2]/Q 
add mapped point u_IDCT/acf/ACC1/accout[2]/q u_IDCT/acf/ACC1_accout_reg[2]/QN 
add mapped point u_IDCT/acf/ACC1/accout[3]/q u_IDCT/acf/ACC1_accout_reg[3]/Q 
add mapped point u_IDCT/acf/ACC1/accout[3]/q u_IDCT/acf/ACC1_accout_reg[3]/QN 
add mapped point u_IDCT/acf/ACC1/accout[4]/q u_IDCT/acf/ACC1_accout_reg[4]/Q 
add mapped point u_IDCT/acf/ACC1/accout[4]/q u_IDCT/acf/ACC1_accout_reg[4]/QN 
add mapped point u_IDCT/acf/ACC1/accout[5]/q u_IDCT/acf/ACC1_accout_reg[5]/Q 
add mapped point u_IDCT/acf/ACC1/accout[5]/q u_IDCT/acf/ACC1_accout_reg[5]/QN 
add mapped point u_IDCT/acf/ACC1/accout[6]/q u_IDCT/acf/ACC1_accout_reg[6]/Q 
add mapped point u_IDCT/acf/ACC1/accout[6]/q u_IDCT/acf/ACC1_accout_reg[6]/QN 
add mapped point u_IDCT/acf/ACC1/accout[7]/q u_IDCT/acf/ACC1_accout_reg[7]/Q 
add mapped point u_IDCT/acf/ACC1/accout[7]/q u_IDCT/acf/ACC1_accout_reg[7]/QN 
add mapped point u_IDCT/acf/ACC1/accout[8]/q u_IDCT/acf/ACC1_accout_reg[8]/Q 
add mapped point u_IDCT/acf/ACC1/accout[8]/q u_IDCT/acf/ACC1_accout_reg[8]/QN 
add mapped point u_IDCT/acf/ACC1/accout[9]/q u_IDCT/acf/ACC1_accout_reg[9]/Q 
add mapped point u_IDCT/acf/ACC1/accout[9]/q u_IDCT/acf/ACC1_accout_reg[9]/QN 
add mapped point u_IDCT/acf/ACC1/accout[10]/q u_IDCT/acf/ACC1_accout_reg[10]/Q 
add mapped point u_IDCT/acf/ACC1/accout[10]/q u_IDCT/acf/ACC1_accout_reg[10]/QN 
add mapped point u_IDCT/acf/ACC1/accout[11]/q u_IDCT/acf/ACC1_accout_reg[11]/Q 
add mapped point u_IDCT/acf/ACC1/accout[11]/q u_IDCT/acf/ACC1_accout_reg[11]/QN 
add mapped point u_IDCT/acf/ACC1/accout[12]/q u_IDCT/acf/ACC1_accout_reg[12]/Q 
add mapped point u_IDCT/acf/ACC1/accout[12]/q u_IDCT/acf/ACC1_accout_reg[12]/QN 
add mapped point u_IDCT/acf/ACC1/accout[13]/q u_IDCT/acf/ACC1_accout_reg[13]/Q 
add mapped point u_IDCT/acf/ACC1/accout[13]/q u_IDCT/acf/ACC1_accout_reg[13]/QN 
add mapped point u_IDCT/acf/ACC1/accout[14]/q u_IDCT/acf/ACC1_accout_reg[14]/Q 
add mapped point u_IDCT/acf/ACC1/accout[14]/q u_IDCT/acf/ACC1_accout_reg[14]/QN 
add mapped point u_IDCT/acf/ACC1/accout[15]/q u_IDCT/acf/ACC1_accout_reg[15]/Q 
add mapped point u_IDCT/acf/ACC1/accout[15]/q u_IDCT/acf/ACC1_accout_reg[15]/QN 
add mapped point u_IDCT/acf/ACC1/accout[16]/q u_IDCT/acf/ACC1_accout_reg[16]/Q 
add mapped point u_IDCT/acf/ACC1/accout[16]/q u_IDCT/acf/ACC1_accout_reg[16]/QN 
add mapped point u_IDCT/acf/ACC1/accout[17]/q u_IDCT/acf/ACC1_accout_reg[17]/Q 
add mapped point u_IDCT/acf/ACC1/accout[17]/q u_IDCT/acf/ACC1_accout_reg[17]/QN 
add mapped point u_IDCT/acf/ACC1/adder1/APreS2[0]/q u_IDCT/acf/ACC1_adder1_APreS2_reg[0]/Q 
add mapped point u_IDCT/acf/ACC1/adder1/APreS2[0]/q u_IDCT/acf/ACC1_adder1_APreS2_reg[0]/QN 
add mapped point u_IDCT/acf/ACC1/adder1/APreS2[1]/q u_IDCT/acf/ACC1_adder1_APreS2_reg[1]/Q 
add mapped point u_IDCT/acf/ACC1/adder1/APreS2[1]/q u_IDCT/acf/ACC1_adder1_APreS2_reg[1]/QN 
add mapped point u_IDCT/acf/ACC1/adder1/APreS2[2]/q u_IDCT/acf/ACC1_adder1_APreS2_reg[2]/Q 
add mapped point u_IDCT/acf/ACC1/adder1/APreS2[2]/q u_IDCT/acf/ACC1_adder1_APreS2_reg[2]/QN 
add mapped point u_IDCT/acf/ACC1/adder1/APreS2[3]/q u_IDCT/acf/ACC1_adder1_APreS2_reg[3]/Q 
add mapped point u_IDCT/acf/ACC1/adder1/APreS2[3]/q u_IDCT/acf/ACC1_adder1_APreS2_reg[3]/QN 
add mapped point u_IDCT/acf/ACC1/adder1/APreS2[4]/q u_IDCT/acf/ACC1_adder1_APreS2_reg[4]/Q 
add mapped point u_IDCT/acf/ACC1/adder1/APreS2[4]/q u_IDCT/acf/ACC1_adder1_APreS2_reg[4]/QN 
add mapped point u_IDCT/acf/ACC1/adder1/APreS2[5]/q u_IDCT/acf/ACC1_adder1_APreS2_reg[5]/Q 
add mapped point u_IDCT/acf/ACC1/adder1/APreS2[5]/q u_IDCT/acf/ACC1_adder1_APreS2_reg[5]/QN 
add mapped point u_IDCT/acf/ACC1/adder1/APreS2[6]/q u_IDCT/acf/ACC1_adder1_APreS2_reg[6]/Q 
add mapped point u_IDCT/acf/ACC1/adder1/APreS2[6]/q u_IDCT/acf/ACC1_adder1_APreS2_reg[6]/QN 
add mapped point u_IDCT/acf/ACC1/adder1/APreS2[7]/q u_IDCT/acf/ACC1_adder1_APreS2_reg[7]/Q 
add mapped point u_IDCT/acf/ACC1/adder1/APreS2[7]/q u_IDCT/acf/ACC1_adder1_APreS2_reg[7]/QN 
add mapped point u_IDCT/acf/ACC1/adder1/APreS2[8]/q u_IDCT/acf/ACC1_adder1_APreS2_reg[8]/Q 
add mapped point u_IDCT/acf/ACC1/adder1/APreS2[8]/q u_IDCT/acf/ACC1_adder1_APreS2_reg[8]/QN 
add mapped point u_IDCT/acf/ACC1/adder1/BPreS2[0]/q u_IDCT/acf/ACC1_adder1_BPreS2_reg[0]/Q 
add mapped point u_IDCT/acf/ACC1/adder1/BPreS2[0]/q u_IDCT/acf/ACC1_adder1_BPreS2_reg[0]/QN 
add mapped point u_IDCT/acf/ACC1/adder1/BPreS2[1]/q u_IDCT/acf/ACC1_adder1_BPreS2_reg[1]/Q 
add mapped point u_IDCT/acf/ACC1/adder1/BPreS2[1]/q u_IDCT/acf/ACC1_adder1_BPreS2_reg[1]/QN 
add mapped point u_IDCT/acf/ACC1/adder1/BPreS2[2]/q u_IDCT/acf/ACC1_adder1_BPreS2_reg[2]/Q 
add mapped point u_IDCT/acf/ACC1/adder1/BPreS2[2]/q u_IDCT/acf/ACC1_adder1_BPreS2_reg[2]/QN 
add mapped point u_IDCT/acf/ACC1/adder1/BPreS2[3]/q u_IDCT/acf/ACC1_adder1_BPreS2_reg[3]/Q 
add mapped point u_IDCT/acf/ACC1/adder1/BPreS2[3]/q u_IDCT/acf/ACC1_adder1_BPreS2_reg[3]/QN 
add mapped point u_IDCT/acf/ACC1/adder1/BPreS2[4]/q u_IDCT/acf/ACC1_adder1_BPreS2_reg[4]/Q 
add mapped point u_IDCT/acf/ACC1/adder1/BPreS2[4]/q u_IDCT/acf/ACC1_adder1_BPreS2_reg[4]/QN 
add mapped point u_IDCT/acf/ACC1/adder1/BPreS2[5]/q u_IDCT/acf/ACC1_adder1_BPreS2_reg[5]/Q 
add mapped point u_IDCT/acf/ACC1/adder1/BPreS2[5]/q u_IDCT/acf/ACC1_adder1_BPreS2_reg[5]/QN 
add mapped point u_IDCT/acf/ACC1/adder1/BPreS2[6]/q u_IDCT/acf/ACC1_adder1_BPreS2_reg[6]/Q 
add mapped point u_IDCT/acf/ACC1/adder1/BPreS2[6]/q u_IDCT/acf/ACC1_adder1_BPreS2_reg[6]/QN 
add mapped point u_IDCT/acf/ACC1/adder1/BPreS2[7]/q u_IDCT/acf/ACC1_adder1_BPreS2_reg[7]/Q 
add mapped point u_IDCT/acf/ACC1/adder1/BPreS2[7]/q u_IDCT/acf/ACC1_adder1_BPreS2_reg[7]/QN 
add mapped point u_IDCT/acf/ACC1/adder1/BPreS2[8]/q u_IDCT/acf/ACC1_adder1_BPreS2_reg[8]/Q 
add mapped point u_IDCT/acf/ACC1/adder1/BPreS2[8]/q u_IDCT/acf/ACC1_adder1_BPreS2_reg[8]/QN 
add mapped point u_IDCT/acf/ACC1/adder1/C1/q u_IDCT/acf/ACC1_adder1_C1_reg/Q 
add mapped point u_IDCT/acf/ACC1/adder1/C1/q u_IDCT/acf/ACC1_adder1_C1_reg/QN 
add mapped point u_IDCT/acf/ACC1/adder1/PostS1[0]/q u_IDCT/acf/ACC1_adder1_PostS1_reg[0]/Q 
add mapped point u_IDCT/acf/ACC1/adder1/PostS1[0]/q u_IDCT/acf/ACC1_adder1_PostS1_reg[0]/QN 
add mapped point u_IDCT/acf/ACC1/adder1/PostS1[1]/q u_IDCT/acf/ACC1_adder1_PostS1_reg[1]/Q 
add mapped point u_IDCT/acf/ACC1/adder1/PostS1[1]/q u_IDCT/acf/ACC1_adder1_PostS1_reg[1]/QN 
add mapped point u_IDCT/acf/ACC1/adder1/PostS1[2]/q u_IDCT/acf/ACC1_adder1_PostS1_reg[2]/Q 
add mapped point u_IDCT/acf/ACC1/adder1/PostS1[2]/q u_IDCT/acf/ACC1_adder1_PostS1_reg[2]/QN 
add mapped point u_IDCT/acf/ACC1/adder1/PostS1[3]/q u_IDCT/acf/ACC1_adder1_PostS1_reg[3]/Q 
add mapped point u_IDCT/acf/ACC1/adder1/PostS1[3]/q u_IDCT/acf/ACC1_adder1_PostS1_reg[3]/QN 
add mapped point u_IDCT/acf/ACC1/adder1/PostS1[4]/q u_IDCT/acf/ACC1_adder1_PostS1_reg[4]/Q 
add mapped point u_IDCT/acf/ACC1/adder1/PostS1[4]/q u_IDCT/acf/ACC1_adder1_PostS1_reg[4]/QN 
add mapped point u_IDCT/acf/ACC1/adder1/PostS1[5]/q u_IDCT/acf/ACC1_adder1_PostS1_reg[5]/Q 
add mapped point u_IDCT/acf/ACC1/adder1/PostS1[5]/q u_IDCT/acf/ACC1_adder1_PostS1_reg[5]/QN 
add mapped point u_IDCT/acf/ACC1/adder1/PostS1[6]/q u_IDCT/acf/ACC1_adder1_PostS1_reg[6]/Q 
add mapped point u_IDCT/acf/ACC1/adder1/PostS1[6]/q u_IDCT/acf/ACC1_adder1_PostS1_reg[6]/QN 
add mapped point u_IDCT/acf/ACC1/adder1/PostS1[7]/q u_IDCT/acf/ACC1_adder1_PostS1_reg[7]/Q 
add mapped point u_IDCT/acf/ACC1/adder1/PostS1[7]/q u_IDCT/acf/ACC1_adder1_PostS1_reg[7]/QN 
add mapped point u_IDCT/acf/ACC1/adder1/PostS1[8]/q u_IDCT/acf/ACC1_adder1_PostS1_reg[8]/Q 
add mapped point u_IDCT/acf/ACC1/adder1/PostS1[8]/q u_IDCT/acf/ACC1_adder1_PostS1_reg[8]/QN 
add mapped point u_IDCT/acf/ACC1/adder1/PostS1[9]/q u_IDCT/acf/ACC1_adder1_PostS1_reg[9]/Q 
add mapped point u_IDCT/acf/ACC1/adder1/PostS1[9]/q u_IDCT/acf/ACC1_adder1_PostS1_reg[9]/QN 
add mapped point u_IDCT/acf/ACC1/adder1/PostS1[10]/q u_IDCT/acf/ACC1_adder1_PostS1_reg[10]/Q 
add mapped point u_IDCT/acf/ACC1/adder1/PostS1[10]/q u_IDCT/acf/ACC1_adder1_PostS1_reg[10]/QN 
add mapped point u_IDCT/acf/ACC1/adder2/BPreS2[0]/q u_IDCT/acf/ACC1_adder2_BPreS2_reg[0]/Q 
add mapped point u_IDCT/acf/ACC1/adder2/BPreS2[0]/q u_IDCT/acf/ACC1_adder2_BPreS2_reg[0]/QN 
add mapped point u_IDCT/acf/ACC1/adder2/BPreS2[1]/q u_IDCT/acf/ACC1_adder2_BPreS2_reg[1]/Q 
add mapped point u_IDCT/acf/ACC1/adder2/BPreS2[1]/q u_IDCT/acf/ACC1_adder2_BPreS2_reg[1]/QN 
add mapped point u_IDCT/acf/ACC1/adder2/BPreS2[2]/q u_IDCT/acf/ACC1_adder2_BPreS2_reg[2]/Q 
add mapped point u_IDCT/acf/ACC1/adder2/BPreS2[2]/q u_IDCT/acf/ACC1_adder2_BPreS2_reg[2]/QN 
add mapped point u_IDCT/acf/ACC1/adder2/BPreS2[3]/q u_IDCT/acf/ACC1_adder2_BPreS2_reg[3]/Q 
add mapped point u_IDCT/acf/ACC1/adder2/BPreS2[3]/q u_IDCT/acf/ACC1_adder2_BPreS2_reg[3]/QN 
add mapped point u_IDCT/acf/ACC1/adder2/BPreS2[4]/q u_IDCT/acf/ACC1_adder2_BPreS2_reg[4]/Q 
add mapped point u_IDCT/acf/ACC1/adder2/BPreS2[4]/q u_IDCT/acf/ACC1_adder2_BPreS2_reg[4]/QN 
add mapped point u_IDCT/acf/ACC1/adder2/BPreS2[5]/q u_IDCT/acf/ACC1_adder2_BPreS2_reg[5]/Q 
add mapped point u_IDCT/acf/ACC1/adder2/BPreS2[5]/q u_IDCT/acf/ACC1_adder2_BPreS2_reg[5]/QN 
add mapped point u_IDCT/acf/ACC1/adder2/BPreS2[6]/q u_IDCT/acf/ACC1_adder2_BPreS2_reg[6]/Q 
add mapped point u_IDCT/acf/ACC1/adder2/BPreS2[6]/q u_IDCT/acf/ACC1_adder2_BPreS2_reg[6]/QN 
add mapped point u_IDCT/acf/ACC1/adder2/BPreS2[7]/q u_IDCT/acf/ACC1_adder2_BPreS2_reg[7]/Q 
add mapped point u_IDCT/acf/ACC1/adder2/BPreS2[7]/q u_IDCT/acf/ACC1_adder2_BPreS2_reg[7]/QN 
add mapped point u_IDCT/acf/ACC1/adder2/BPreS2[8]/q u_IDCT/acf/ACC1_adder2_BPreS2_reg[8]/Q 
add mapped point u_IDCT/acf/ACC1/adder2/BPreS2[8]/q u_IDCT/acf/ACC1_adder2_BPreS2_reg[8]/QN 
add mapped point u_IDCT/acf/ACC1/adder2/C1/q u_IDCT/acf/ACC1_adder2_C1_reg/Q 
add mapped point u_IDCT/acf/ACC1/adder2/C1/q u_IDCT/acf/ACC1_adder2_C1_reg/QN 
add mapped point u_IDCT/acf/ACC1/adder2/PostS1[0]/q u_IDCT/acf/ACC1_adder2_PostS1_reg[0]/Q 
add mapped point u_IDCT/acf/ACC1/adder2/PostS1[0]/q u_IDCT/acf/ACC1_adder2_PostS1_reg[0]/QN 
add mapped point u_IDCT/acf/ACC1/adder2/PostS1[1]/q u_IDCT/acf/ACC1_adder2_PostS1_reg[1]/Q 
add mapped point u_IDCT/acf/ACC1/adder2/PostS1[1]/q u_IDCT/acf/ACC1_adder2_PostS1_reg[1]/QN 
add mapped point u_IDCT/acf/ACC1/adder2/PostS1[2]/q u_IDCT/acf/ACC1_adder2_PostS1_reg[2]/Q 
add mapped point u_IDCT/acf/ACC1/adder2/PostS1[2]/q u_IDCT/acf/ACC1_adder2_PostS1_reg[2]/QN 
add mapped point u_IDCT/acf/ACC1/adder2/PostS1[3]/q u_IDCT/acf/ACC1_adder2_PostS1_reg[3]/Q 
add mapped point u_IDCT/acf/ACC1/adder2/PostS1[3]/q u_IDCT/acf/ACC1_adder2_PostS1_reg[3]/QN 
add mapped point u_IDCT/acf/ACC1/adder2/PostS1[4]/q u_IDCT/acf/ACC1_adder2_PostS1_reg[4]/Q 
add mapped point u_IDCT/acf/ACC1/adder2/PostS1[4]/q u_IDCT/acf/ACC1_adder2_PostS1_reg[4]/QN 
add mapped point u_IDCT/acf/ACC1/adder2/PostS1[5]/q u_IDCT/acf/ACC1_adder2_PostS1_reg[5]/Q 
add mapped point u_IDCT/acf/ACC1/adder2/PostS1[5]/q u_IDCT/acf/ACC1_adder2_PostS1_reg[5]/QN 
add mapped point u_IDCT/acf/ACC1/adder2/PostS1[6]/q u_IDCT/acf/ACC1_adder2_PostS1_reg[6]/Q 
add mapped point u_IDCT/acf/ACC1/adder2/PostS1[6]/q u_IDCT/acf/ACC1_adder2_PostS1_reg[6]/QN 
add mapped point u_IDCT/acf/ACC1/adder2/PostS1[7]/q u_IDCT/acf/ACC1_adder2_PostS1_reg[7]/Q 
add mapped point u_IDCT/acf/ACC1/adder2/PostS1[7]/q u_IDCT/acf/ACC1_adder2_PostS1_reg[7]/QN 
add mapped point u_IDCT/acf/ACC1/adder2/PostS1[8]/q u_IDCT/acf/ACC1_adder2_PostS1_reg[8]/Q 
add mapped point u_IDCT/acf/ACC1/adder2/PostS1[8]/q u_IDCT/acf/ACC1_adder2_PostS1_reg[8]/QN 
add mapped point u_IDCT/acf/ACC1/adder2/PostS1[9]/q u_IDCT/acf/ACC1_adder2_PostS1_reg[9]/Q 
add mapped point u_IDCT/acf/ACC1/adder2/PostS1[9]/q u_IDCT/acf/ACC1_adder2_PostS1_reg[9]/QN 
add mapped point u_IDCT/acf/ACC1/adder2/PostS1[10]/q u_IDCT/acf/ACC1_adder2_PostS1_reg[10]/Q 
add mapped point u_IDCT/acf/ACC1/adder2/PostS1[10]/q u_IDCT/acf/ACC1_adder2_PostS1_reg[10]/QN 
add mapped point u_IDCT/acf/ACC2/Z1[0]/q u_IDCT/acf/ACC2_Z1_reg[0]/Q 
add mapped point u_IDCT/acf/ACC2/Z1[0]/q u_IDCT/acf/ACC2_Z1_reg[0]/QN 
add mapped point u_IDCT/acf/ACC2/Z1[1]/q u_IDCT/acf/ACC2_Z1_reg[1]/Q 
add mapped point u_IDCT/acf/ACC2/Z1[1]/q u_IDCT/acf/ACC2_Z1_reg[1]/QN 
add mapped point u_IDCT/acf/ACC2/Z1[2]/q u_IDCT/acf/ACC2_Z1_reg[2]/Q 
add mapped point u_IDCT/acf/ACC2/Z1[2]/q u_IDCT/acf/ACC2_Z1_reg[2]/QN 
add mapped point u_IDCT/acf/ACC2/Z1[3]/q u_IDCT/acf/ACC2_Z1_reg[3]/Q 
add mapped point u_IDCT/acf/ACC2/Z1[3]/q u_IDCT/acf/ACC2_Z1_reg[3]/QN 
add mapped point u_IDCT/acf/ACC2/Z1[4]/q u_IDCT/acf/ACC2_Z1_reg[4]/Q 
add mapped point u_IDCT/acf/ACC2/Z1[4]/q u_IDCT/acf/ACC2_Z1_reg[4]/QN 
add mapped point u_IDCT/acf/ACC2/Z1[5]/q u_IDCT/acf/ACC2_Z1_reg[5]/Q 
add mapped point u_IDCT/acf/ACC2/Z1[5]/q u_IDCT/acf/ACC2_Z1_reg[5]/QN 
add mapped point u_IDCT/acf/ACC2/Z1[6]/q u_IDCT/acf/ACC2_Z1_reg[6]/Q 
add mapped point u_IDCT/acf/ACC2/Z1[6]/q u_IDCT/acf/ACC2_Z1_reg[6]/QN 
add mapped point u_IDCT/acf/ACC2/Z1[7]/q u_IDCT/acf/ACC2_Z1_reg[7]/Q 
add mapped point u_IDCT/acf/ACC2/Z1[7]/q u_IDCT/acf/ACC2_Z1_reg[7]/QN 
add mapped point u_IDCT/acf/ACC2/Z1[8]/q u_IDCT/acf/ACC2_Z1_reg[8]/Q 
add mapped point u_IDCT/acf/ACC2/Z1[8]/q u_IDCT/acf/ACC2_Z1_reg[8]/QN 
add mapped point u_IDCT/acf/ACC2/Z1[9]/q u_IDCT/acf/ACC2_Z1_reg[9]/Q 
add mapped point u_IDCT/acf/ACC2/Z1[9]/q u_IDCT/acf/ACC2_Z1_reg[9]/QN 
add mapped point u_IDCT/acf/ACC2/Z1[10]/q u_IDCT/acf/ACC2_Z1_reg[10]/Q 
add mapped point u_IDCT/acf/ACC2/Z1[10]/q u_IDCT/acf/ACC2_Z1_reg[10]/QN 
add mapped point u_IDCT/acf/ACC2/Z1[11]/q u_IDCT/acf/ACC2_Z1_reg[11]/Q 
add mapped point u_IDCT/acf/ACC2/Z1[11]/q u_IDCT/acf/ACC2_Z1_reg[11]/QN 
add mapped point u_IDCT/acf/ACC2/Z1[12]/q u_IDCT/acf/ACC2_Z1_reg[12]/Q 
add mapped point u_IDCT/acf/ACC2/Z1[12]/q u_IDCT/acf/ACC2_Z1_reg[12]/QN 
add mapped point u_IDCT/acf/ACC2/Z1[13]/q u_IDCT/acf/ACC2_Z1_reg[13]/Q 
add mapped point u_IDCT/acf/ACC2/Z1[13]/q u_IDCT/acf/ACC2_Z1_reg[13]/QN 
add mapped point u_IDCT/acf/ACC2/Z1[14]/q u_IDCT/acf/ACC2_Z1_reg[14]/Q 
add mapped point u_IDCT/acf/ACC2/Z1[14]/q u_IDCT/acf/ACC2_Z1_reg[14]/QN 
add mapped point u_IDCT/acf/ACC2/Z1[15]/q u_IDCT/acf/ACC2_Z1_reg[15]/Q 
add mapped point u_IDCT/acf/ACC2/Z1[15]/q u_IDCT/acf/ACC2_Z1_reg[15]/QN 
add mapped point u_IDCT/acf/ACC2/Z1[16]/q u_IDCT/acf/ACC2_Z1_reg[16]/Q 
add mapped point u_IDCT/acf/ACC2/Z1[16]/q u_IDCT/acf/ACC2_Z1_reg[16]/QN 
add mapped point u_IDCT/acf/ACC2/Z1[17]/q u_IDCT/acf/ACC2_Z1_reg[17]/Q 
add mapped point u_IDCT/acf/ACC2/Z1[17]/q u_IDCT/acf/ACC2_Z1_reg[17]/QN 
add mapped point u_IDCT/acf/ACC2/Z1[18]/q u_IDCT/acf/ACC2_Z1_reg[18]/Q 
add mapped point u_IDCT/acf/ACC2/Z1[18]/q u_IDCT/acf/ACC2_Z1_reg[18]/QN 
add mapped point u_IDCT/acf/ACC2/Z1[19]/q u_IDCT/acf/ACC2_Z1_reg[19]/Q 
add mapped point u_IDCT/acf/ACC2/Z1[19]/q u_IDCT/acf/ACC2_Z1_reg[19]/QN 
add mapped point u_IDCT/acf/ACC2/Z2[11]/q u_IDCT/acf/ACC2_Z2_reg[11]/Q 
add mapped point u_IDCT/acf/ACC2/Z2[11]/q u_IDCT/acf/ACC2_Z2_reg[11]/QN 
add mapped point u_IDCT/acf/ACC2/Z2[12]/q u_IDCT/acf/ACC2_Z2_reg[12]/Q 
add mapped point u_IDCT/acf/ACC2/Z2[12]/q u_IDCT/acf/ACC2_Z2_reg[12]/QN 
add mapped point u_IDCT/acf/ACC2/Z2[13]/q u_IDCT/acf/ACC2_Z2_reg[13]/Q 
add mapped point u_IDCT/acf/ACC2/Z2[13]/q u_IDCT/acf/ACC2_Z2_reg[13]/QN 
add mapped point u_IDCT/acf/ACC2/Z2[14]/q u_IDCT/acf/ACC2_Z2_reg[14]/Q 
add mapped point u_IDCT/acf/ACC2/Z2[14]/q u_IDCT/acf/ACC2_Z2_reg[14]/QN 
add mapped point u_IDCT/acf/ACC2/Z2[15]/q u_IDCT/acf/ACC2_Z2_reg[15]/Q 
add mapped point u_IDCT/acf/ACC2/Z2[15]/q u_IDCT/acf/ACC2_Z2_reg[15]/QN 
add mapped point u_IDCT/acf/ACC2/Z2[16]/q u_IDCT/acf/ACC2_Z2_reg[16]/Q 
add mapped point u_IDCT/acf/ACC2/Z2[16]/q u_IDCT/acf/ACC2_Z2_reg[16]/QN 
add mapped point u_IDCT/acf/ACC2/Z2[17]/q u_IDCT/acf/ACC2_Z2_reg[17]/Q 
add mapped point u_IDCT/acf/ACC2/Z2[17]/q u_IDCT/acf/ACC2_Z2_reg[17]/QN 
add mapped point u_IDCT/acf/ACC2/Z2[18]/q u_IDCT/acf/ACC2_Z2_reg[18]/Q 
add mapped point u_IDCT/acf/ACC2/Z2[18]/q u_IDCT/acf/ACC2_Z2_reg[18]/QN 
add mapped point u_IDCT/acf/ACC2/Z2[19]/q u_IDCT/acf/ACC2_Z2_reg[19]/Q 
add mapped point u_IDCT/acf/ACC2/Z2[19]/q u_IDCT/acf/ACC2_Z2_reg[19]/QN 
add mapped point u_IDCT/acf/ACC2/accout[0]/q u_IDCT/acf/ACC2_accout_reg[0]/Q 
add mapped point u_IDCT/acf/ACC2/accout[0]/q u_IDCT/acf/ACC2_accout_reg[0]/QN 
add mapped point u_IDCT/acf/ACC2/accout[1]/q u_IDCT/acf/ACC2_accout_reg[1]/Q 
add mapped point u_IDCT/acf/ACC2/accout[1]/q u_IDCT/acf/ACC2_accout_reg[1]/QN 
add mapped point u_IDCT/acf/ACC2/accout[2]/q u_IDCT/acf/ACC2_accout_reg[2]/Q 
add mapped point u_IDCT/acf/ACC2/accout[2]/q u_IDCT/acf/ACC2_accout_reg[2]/QN 
add mapped point u_IDCT/acf/ACC2/accout[3]/q u_IDCT/acf/ACC2_accout_reg[3]/Q 
add mapped point u_IDCT/acf/ACC2/accout[3]/q u_IDCT/acf/ACC2_accout_reg[3]/QN 
add mapped point u_IDCT/acf/ACC2/accout[4]/q u_IDCT/acf/ACC2_accout_reg[4]/Q 
add mapped point u_IDCT/acf/ACC2/accout[4]/q u_IDCT/acf/ACC2_accout_reg[4]/QN 
add mapped point u_IDCT/acf/ACC2/accout[5]/q u_IDCT/acf/ACC2_accout_reg[5]/Q 
add mapped point u_IDCT/acf/ACC2/accout[5]/q u_IDCT/acf/ACC2_accout_reg[5]/QN 
add mapped point u_IDCT/acf/ACC2/accout[6]/q u_IDCT/acf/ACC2_accout_reg[6]/Q 
add mapped point u_IDCT/acf/ACC2/accout[6]/q u_IDCT/acf/ACC2_accout_reg[6]/QN 
add mapped point u_IDCT/acf/ACC2/accout[7]/q u_IDCT/acf/ACC2_accout_reg[7]/Q 
add mapped point u_IDCT/acf/ACC2/accout[7]/q u_IDCT/acf/ACC2_accout_reg[7]/QN 
add mapped point u_IDCT/acf/ACC2/accout[8]/q u_IDCT/acf/ACC2_accout_reg[8]/Q 
add mapped point u_IDCT/acf/ACC2/accout[8]/q u_IDCT/acf/ACC2_accout_reg[8]/QN 
add mapped point u_IDCT/acf/ACC2/accout[9]/q u_IDCT/acf/ACC2_accout_reg[9]/Q 
add mapped point u_IDCT/acf/ACC2/accout[9]/q u_IDCT/acf/ACC2_accout_reg[9]/QN 
add mapped point u_IDCT/acf/ACC2/accout[10]/q u_IDCT/acf/ACC2_accout_reg[10]/Q 
add mapped point u_IDCT/acf/ACC2/accout[10]/q u_IDCT/acf/ACC2_accout_reg[10]/QN 
add mapped point u_IDCT/acf/ACC2/accout[11]/q u_IDCT/acf/ACC2_accout_reg[11]/Q 
add mapped point u_IDCT/acf/ACC2/accout[11]/q u_IDCT/acf/ACC2_accout_reg[11]/QN 
add mapped point u_IDCT/acf/ACC2/accout[12]/q u_IDCT/acf/ACC2_accout_reg[12]/Q 
add mapped point u_IDCT/acf/ACC2/accout[12]/q u_IDCT/acf/ACC2_accout_reg[12]/QN 
add mapped point u_IDCT/acf/ACC2/accout[13]/q u_IDCT/acf/ACC2_accout_reg[13]/Q 
add mapped point u_IDCT/acf/ACC2/accout[13]/q u_IDCT/acf/ACC2_accout_reg[13]/QN 
add mapped point u_IDCT/acf/ACC2/accout[14]/q u_IDCT/acf/ACC2_accout_reg[14]/Q 
add mapped point u_IDCT/acf/ACC2/accout[14]/q u_IDCT/acf/ACC2_accout_reg[14]/QN 
add mapped point u_IDCT/acf/ACC2/accout[15]/q u_IDCT/acf/ACC2_accout_reg[15]/Q 
add mapped point u_IDCT/acf/ACC2/accout[15]/q u_IDCT/acf/ACC2_accout_reg[15]/QN 
add mapped point u_IDCT/acf/ACC2/accout[16]/q u_IDCT/acf/ACC2_accout_reg[16]/Q 
add mapped point u_IDCT/acf/ACC2/accout[16]/q u_IDCT/acf/ACC2_accout_reg[16]/QN 
add mapped point u_IDCT/acf/ACC2/accout[17]/q u_IDCT/acf/ACC2_accout_reg[17]/Q 
add mapped point u_IDCT/acf/ACC2/accout[17]/q u_IDCT/acf/ACC2_accout_reg[17]/QN 
add mapped point u_IDCT/acf/ACC2/adder1/APreS2[0]/q u_IDCT/acf/ACC2_adder1_APreS2_reg[0]/Q 
add mapped point u_IDCT/acf/ACC2/adder1/APreS2[0]/q u_IDCT/acf/ACC2_adder1_APreS2_reg[0]/QN 
add mapped point u_IDCT/acf/ACC2/adder1/APreS2[1]/q u_IDCT/acf/ACC2_adder1_APreS2_reg[1]/Q 
add mapped point u_IDCT/acf/ACC2/adder1/APreS2[1]/q u_IDCT/acf/ACC2_adder1_APreS2_reg[1]/QN 
add mapped point u_IDCT/acf/ACC2/adder1/APreS2[2]/q u_IDCT/acf/ACC2_adder1_APreS2_reg[2]/Q 
add mapped point u_IDCT/acf/ACC2/adder1/APreS2[2]/q u_IDCT/acf/ACC2_adder1_APreS2_reg[2]/QN 
add mapped point u_IDCT/acf/ACC2/adder1/APreS2[3]/q u_IDCT/acf/ACC2_adder1_APreS2_reg[3]/Q 
add mapped point u_IDCT/acf/ACC2/adder1/APreS2[3]/q u_IDCT/acf/ACC2_adder1_APreS2_reg[3]/QN 
add mapped point u_IDCT/acf/ACC2/adder1/APreS2[4]/q u_IDCT/acf/ACC2_adder1_APreS2_reg[4]/Q 
add mapped point u_IDCT/acf/ACC2/adder1/APreS2[4]/q u_IDCT/acf/ACC2_adder1_APreS2_reg[4]/QN 
add mapped point u_IDCT/acf/ACC2/adder1/APreS2[5]/q u_IDCT/acf/ACC2_adder1_APreS2_reg[5]/Q 
add mapped point u_IDCT/acf/ACC2/adder1/APreS2[5]/q u_IDCT/acf/ACC2_adder1_APreS2_reg[5]/QN 
add mapped point u_IDCT/acf/ACC2/adder1/APreS2[6]/q u_IDCT/acf/ACC2_adder1_APreS2_reg[6]/Q 
add mapped point u_IDCT/acf/ACC2/adder1/APreS2[6]/q u_IDCT/acf/ACC2_adder1_APreS2_reg[6]/QN 
add mapped point u_IDCT/acf/ACC2/adder1/APreS2[7]/q u_IDCT/acf/ACC2_adder1_APreS2_reg[7]/Q 
add mapped point u_IDCT/acf/ACC2/adder1/APreS2[7]/q u_IDCT/acf/ACC2_adder1_APreS2_reg[7]/QN 
add mapped point u_IDCT/acf/ACC2/adder1/APreS2[8]/q u_IDCT/acf/ACC2_adder1_APreS2_reg[8]/Q 
add mapped point u_IDCT/acf/ACC2/adder1/APreS2[8]/q u_IDCT/acf/ACC2_adder1_APreS2_reg[8]/QN 
add mapped point u_IDCT/acf/ACC2/adder1/BPreS2[0]/q u_IDCT/acf/ACC2_adder1_BPreS2_reg[0]/Q 
add mapped point u_IDCT/acf/ACC2/adder1/BPreS2[0]/q u_IDCT/acf/ACC2_adder1_BPreS2_reg[0]/QN 
add mapped point u_IDCT/acf/ACC2/adder1/BPreS2[1]/q u_IDCT/acf/ACC2_adder1_BPreS2_reg[1]/Q 
add mapped point u_IDCT/acf/ACC2/adder1/BPreS2[1]/q u_IDCT/acf/ACC2_adder1_BPreS2_reg[1]/QN 
add mapped point u_IDCT/acf/ACC2/adder1/BPreS2[2]/q u_IDCT/acf/ACC2_adder1_BPreS2_reg[2]/Q 
add mapped point u_IDCT/acf/ACC2/adder1/BPreS2[2]/q u_IDCT/acf/ACC2_adder1_BPreS2_reg[2]/QN 
add mapped point u_IDCT/acf/ACC2/adder1/BPreS2[3]/q u_IDCT/acf/ACC2_adder1_BPreS2_reg[3]/Q 
add mapped point u_IDCT/acf/ACC2/adder1/BPreS2[3]/q u_IDCT/acf/ACC2_adder1_BPreS2_reg[3]/QN 
add mapped point u_IDCT/acf/ACC2/adder1/BPreS2[4]/q u_IDCT/acf/ACC2_adder1_BPreS2_reg[4]/Q 
add mapped point u_IDCT/acf/ACC2/adder1/BPreS2[4]/q u_IDCT/acf/ACC2_adder1_BPreS2_reg[4]/QN 
add mapped point u_IDCT/acf/ACC2/adder1/BPreS2[5]/q u_IDCT/acf/ACC2_adder1_BPreS2_reg[5]/Q 
add mapped point u_IDCT/acf/ACC2/adder1/BPreS2[5]/q u_IDCT/acf/ACC2_adder1_BPreS2_reg[5]/QN 
add mapped point u_IDCT/acf/ACC2/adder1/BPreS2[6]/q u_IDCT/acf/ACC2_adder1_BPreS2_reg[6]/Q 
add mapped point u_IDCT/acf/ACC2/adder1/BPreS2[6]/q u_IDCT/acf/ACC2_adder1_BPreS2_reg[6]/QN 
add mapped point u_IDCT/acf/ACC2/adder1/BPreS2[7]/q u_IDCT/acf/ACC2_adder1_BPreS2_reg[7]/Q 
add mapped point u_IDCT/acf/ACC2/adder1/BPreS2[7]/q u_IDCT/acf/ACC2_adder1_BPreS2_reg[7]/QN 
add mapped point u_IDCT/acf/ACC2/adder1/BPreS2[8]/q u_IDCT/acf/ACC2_adder1_BPreS2_reg[8]/Q 
add mapped point u_IDCT/acf/ACC2/adder1/BPreS2[8]/q u_IDCT/acf/ACC2_adder1_BPreS2_reg[8]/QN 
add mapped point u_IDCT/acf/ACC2/adder1/C1/q u_IDCT/acf/ACC2_adder1_C1_reg/Q 
add mapped point u_IDCT/acf/ACC2/adder1/C1/q u_IDCT/acf/ACC2_adder1_C1_reg/QN 
add mapped point u_IDCT/acf/ACC2/adder1/PostS1[0]/q u_IDCT/acf/ACC2_adder1_PostS1_reg[0]/Q 
add mapped point u_IDCT/acf/ACC2/adder1/PostS1[0]/q u_IDCT/acf/ACC2_adder1_PostS1_reg[0]/QN 
add mapped point u_IDCT/acf/ACC2/adder1/PostS1[1]/q u_IDCT/acf/ACC2_adder1_PostS1_reg[1]/Q 
add mapped point u_IDCT/acf/ACC2/adder1/PostS1[1]/q u_IDCT/acf/ACC2_adder1_PostS1_reg[1]/QN 
add mapped point u_IDCT/acf/ACC2/adder1/PostS1[2]/q u_IDCT/acf/ACC2_adder1_PostS1_reg[2]/Q 
add mapped point u_IDCT/acf/ACC2/adder1/PostS1[2]/q u_IDCT/acf/ACC2_adder1_PostS1_reg[2]/QN 
add mapped point u_IDCT/acf/ACC2/adder1/PostS1[3]/q u_IDCT/acf/ACC2_adder1_PostS1_reg[3]/Q 
add mapped point u_IDCT/acf/ACC2/adder1/PostS1[3]/q u_IDCT/acf/ACC2_adder1_PostS1_reg[3]/QN 
add mapped point u_IDCT/acf/ACC2/adder1/PostS1[4]/q u_IDCT/acf/ACC2_adder1_PostS1_reg[4]/Q 
add mapped point u_IDCT/acf/ACC2/adder1/PostS1[4]/q u_IDCT/acf/ACC2_adder1_PostS1_reg[4]/QN 
add mapped point u_IDCT/acf/ACC2/adder1/PostS1[5]/q u_IDCT/acf/ACC2_adder1_PostS1_reg[5]/Q 
add mapped point u_IDCT/acf/ACC2/adder1/PostS1[5]/q u_IDCT/acf/ACC2_adder1_PostS1_reg[5]/QN 
add mapped point u_IDCT/acf/ACC2/adder1/PostS1[6]/q u_IDCT/acf/ACC2_adder1_PostS1_reg[6]/Q 
add mapped point u_IDCT/acf/ACC2/adder1/PostS1[6]/q u_IDCT/acf/ACC2_adder1_PostS1_reg[6]/QN 
add mapped point u_IDCT/acf/ACC2/adder1/PostS1[7]/q u_IDCT/acf/ACC2_adder1_PostS1_reg[7]/Q 
add mapped point u_IDCT/acf/ACC2/adder1/PostS1[7]/q u_IDCT/acf/ACC2_adder1_PostS1_reg[7]/QN 
add mapped point u_IDCT/acf/ACC2/adder1/PostS1[8]/q u_IDCT/acf/ACC2_adder1_PostS1_reg[8]/Q 
add mapped point u_IDCT/acf/ACC2/adder1/PostS1[8]/q u_IDCT/acf/ACC2_adder1_PostS1_reg[8]/QN 
add mapped point u_IDCT/acf/ACC2/adder1/PostS1[9]/q u_IDCT/acf/ACC2_adder1_PostS1_reg[9]/Q 
add mapped point u_IDCT/acf/ACC2/adder1/PostS1[9]/q u_IDCT/acf/ACC2_adder1_PostS1_reg[9]/QN 
add mapped point u_IDCT/acf/ACC2/adder1/PostS1[10]/q u_IDCT/acf/ACC2_adder1_PostS1_reg[10]/Q 
add mapped point u_IDCT/acf/ACC2/adder1/PostS1[10]/q u_IDCT/acf/ACC2_adder1_PostS1_reg[10]/QN 
add mapped point u_IDCT/acf/ACC2/adder2/BPreS2[0]/q u_IDCT/acf/ACC2_adder2_BPreS2_reg[0]/Q 
add mapped point u_IDCT/acf/ACC2/adder2/BPreS2[0]/q u_IDCT/acf/ACC2_adder2_BPreS2_reg[0]/QN 
add mapped point u_IDCT/acf/ACC2/adder2/BPreS2[1]/q u_IDCT/acf/ACC2_adder2_BPreS2_reg[1]/Q 
add mapped point u_IDCT/acf/ACC2/adder2/BPreS2[1]/q u_IDCT/acf/ACC2_adder2_BPreS2_reg[1]/QN 
add mapped point u_IDCT/acf/ACC2/adder2/BPreS2[2]/q u_IDCT/acf/ACC2_adder2_BPreS2_reg[2]/Q 
add mapped point u_IDCT/acf/ACC2/adder2/BPreS2[2]/q u_IDCT/acf/ACC2_adder2_BPreS2_reg[2]/QN 
add mapped point u_IDCT/acf/ACC2/adder2/BPreS2[3]/q u_IDCT/acf/ACC2_adder2_BPreS2_reg[3]/Q 
add mapped point u_IDCT/acf/ACC2/adder2/BPreS2[3]/q u_IDCT/acf/ACC2_adder2_BPreS2_reg[3]/QN 
add mapped point u_IDCT/acf/ACC2/adder2/BPreS2[4]/q u_IDCT/acf/ACC2_adder2_BPreS2_reg[4]/Q 
add mapped point u_IDCT/acf/ACC2/adder2/BPreS2[4]/q u_IDCT/acf/ACC2_adder2_BPreS2_reg[4]/QN 
add mapped point u_IDCT/acf/ACC2/adder2/BPreS2[5]/q u_IDCT/acf/ACC2_adder2_BPreS2_reg[5]/Q 
add mapped point u_IDCT/acf/ACC2/adder2/BPreS2[5]/q u_IDCT/acf/ACC2_adder2_BPreS2_reg[5]/QN 
add mapped point u_IDCT/acf/ACC2/adder2/BPreS2[6]/q u_IDCT/acf/ACC2_adder2_BPreS2_reg[6]/Q 
add mapped point u_IDCT/acf/ACC2/adder2/BPreS2[6]/q u_IDCT/acf/ACC2_adder2_BPreS2_reg[6]/QN 
add mapped point u_IDCT/acf/ACC2/adder2/BPreS2[7]/q u_IDCT/acf/ACC2_adder2_BPreS2_reg[7]/Q 
add mapped point u_IDCT/acf/ACC2/adder2/BPreS2[7]/q u_IDCT/acf/ACC2_adder2_BPreS2_reg[7]/QN 
add mapped point u_IDCT/acf/ACC2/adder2/BPreS2[8]/q u_IDCT/acf/ACC2_adder2_BPreS2_reg[8]/Q 
add mapped point u_IDCT/acf/ACC2/adder2/BPreS2[8]/q u_IDCT/acf/ACC2_adder2_BPreS2_reg[8]/QN 
add mapped point u_IDCT/acf/ACC2/adder2/C1/q u_IDCT/acf/ACC2_adder2_C1_reg/Q 
add mapped point u_IDCT/acf/ACC2/adder2/C1/q u_IDCT/acf/ACC2_adder2_C1_reg/QN 
add mapped point u_IDCT/acf/ACC2/adder2/PostS1[0]/q u_IDCT/acf/ACC2_adder2_PostS1_reg[0]/Q 
add mapped point u_IDCT/acf/ACC2/adder2/PostS1[0]/q u_IDCT/acf/ACC2_adder2_PostS1_reg[0]/QN 
add mapped point u_IDCT/acf/ACC2/adder2/PostS1[1]/q u_IDCT/acf/ACC2_adder2_PostS1_reg[1]/Q 
add mapped point u_IDCT/acf/ACC2/adder2/PostS1[1]/q u_IDCT/acf/ACC2_adder2_PostS1_reg[1]/QN 
add mapped point u_IDCT/acf/ACC2/adder2/PostS1[2]/q u_IDCT/acf/ACC2_adder2_PostS1_reg[2]/Q 
add mapped point u_IDCT/acf/ACC2/adder2/PostS1[2]/q u_IDCT/acf/ACC2_adder2_PostS1_reg[2]/QN 
add mapped point u_IDCT/acf/ACC2/adder2/PostS1[3]/q u_IDCT/acf/ACC2_adder2_PostS1_reg[3]/Q 
add mapped point u_IDCT/acf/ACC2/adder2/PostS1[3]/q u_IDCT/acf/ACC2_adder2_PostS1_reg[3]/QN 
add mapped point u_IDCT/acf/ACC2/adder2/PostS1[4]/q u_IDCT/acf/ACC2_adder2_PostS1_reg[4]/Q 
add mapped point u_IDCT/acf/ACC2/adder2/PostS1[4]/q u_IDCT/acf/ACC2_adder2_PostS1_reg[4]/QN 
add mapped point u_IDCT/acf/ACC2/adder2/PostS1[5]/q u_IDCT/acf/ACC2_adder2_PostS1_reg[5]/Q 
add mapped point u_IDCT/acf/ACC2/adder2/PostS1[5]/q u_IDCT/acf/ACC2_adder2_PostS1_reg[5]/QN 
add mapped point u_IDCT/acf/ACC2/adder2/PostS1[6]/q u_IDCT/acf/ACC2_adder2_PostS1_reg[6]/Q 
add mapped point u_IDCT/acf/ACC2/adder2/PostS1[6]/q u_IDCT/acf/ACC2_adder2_PostS1_reg[6]/QN 
add mapped point u_IDCT/acf/ACC2/adder2/PostS1[7]/q u_IDCT/acf/ACC2_adder2_PostS1_reg[7]/Q 
add mapped point u_IDCT/acf/ACC2/adder2/PostS1[7]/q u_IDCT/acf/ACC2_adder2_PostS1_reg[7]/QN 
add mapped point u_IDCT/acf/ACC2/adder2/PostS1[8]/q u_IDCT/acf/ACC2_adder2_PostS1_reg[8]/Q 
add mapped point u_IDCT/acf/ACC2/adder2/PostS1[8]/q u_IDCT/acf/ACC2_adder2_PostS1_reg[8]/QN 
add mapped point u_IDCT/acf/ACC2/adder2/PostS1[9]/q u_IDCT/acf/ACC2_adder2_PostS1_reg[9]/Q 
add mapped point u_IDCT/acf/ACC2/adder2/PostS1[9]/q u_IDCT/acf/ACC2_adder2_PostS1_reg[9]/QN 
add mapped point u_IDCT/acf/ACC2/adder2/PostS1[10]/q u_IDCT/acf/ACC2_adder2_PostS1_reg[10]/Q 
add mapped point u_IDCT/acf/ACC2/adder2/PostS1[10]/q u_IDCT/acf/ACC2_adder2_PostS1_reg[10]/QN 
add mapped point u_IDCT/acf/ACC3/Z1[0]/q u_IDCT/acf/ACC3_Z1_reg[0]/Q 
add mapped point u_IDCT/acf/ACC3/Z1[0]/q u_IDCT/acf/ACC3_Z1_reg[0]/QN 
add mapped point u_IDCT/acf/ACC3/Z1[1]/q u_IDCT/acf/ACC3_Z1_reg[1]/Q 
add mapped point u_IDCT/acf/ACC3/Z1[1]/q u_IDCT/acf/ACC3_Z1_reg[1]/QN 
add mapped point u_IDCT/acf/ACC3/Z1[2]/q u_IDCT/acf/ACC3_Z1_reg[2]/Q 
add mapped point u_IDCT/acf/ACC3/Z1[2]/q u_IDCT/acf/ACC3_Z1_reg[2]/QN 
add mapped point u_IDCT/acf/ACC3/Z1[3]/q u_IDCT/acf/ACC3_Z1_reg[3]/Q 
add mapped point u_IDCT/acf/ACC3/Z1[3]/q u_IDCT/acf/ACC3_Z1_reg[3]/QN 
add mapped point u_IDCT/acf/ACC3/Z1[4]/q u_IDCT/acf/ACC3_Z1_reg[4]/Q 
add mapped point u_IDCT/acf/ACC3/Z1[4]/q u_IDCT/acf/ACC3_Z1_reg[4]/QN 
add mapped point u_IDCT/acf/ACC3/Z1[5]/q u_IDCT/acf/ACC3_Z1_reg[5]/Q 
add mapped point u_IDCT/acf/ACC3/Z1[5]/q u_IDCT/acf/ACC3_Z1_reg[5]/QN 
add mapped point u_IDCT/acf/ACC3/Z1[6]/q u_IDCT/acf/ACC3_Z1_reg[6]/Q 
add mapped point u_IDCT/acf/ACC3/Z1[6]/q u_IDCT/acf/ACC3_Z1_reg[6]/QN 
add mapped point u_IDCT/acf/ACC3/Z1[7]/q u_IDCT/acf/ACC3_Z1_reg[7]/Q 
add mapped point u_IDCT/acf/ACC3/Z1[7]/q u_IDCT/acf/ACC3_Z1_reg[7]/QN 
add mapped point u_IDCT/acf/ACC3/Z1[8]/q u_IDCT/acf/ACC3_Z1_reg[8]/Q 
add mapped point u_IDCT/acf/ACC3/Z1[8]/q u_IDCT/acf/ACC3_Z1_reg[8]/QN 
add mapped point u_IDCT/acf/ACC3/Z1[9]/q u_IDCT/acf/ACC3_Z1_reg[9]/Q 
add mapped point u_IDCT/acf/ACC3/Z1[9]/q u_IDCT/acf/ACC3_Z1_reg[9]/QN 
add mapped point u_IDCT/acf/ACC3/Z1[10]/q u_IDCT/acf/ACC3_Z1_reg[10]/Q 
add mapped point u_IDCT/acf/ACC3/Z1[10]/q u_IDCT/acf/ACC3_Z1_reg[10]/QN 
add mapped point u_IDCT/acf/ACC3/Z1[11]/q u_IDCT/acf/ACC3_Z1_reg[11]/Q 
add mapped point u_IDCT/acf/ACC3/Z1[11]/q u_IDCT/acf/ACC3_Z1_reg[11]/QN 
add mapped point u_IDCT/acf/ACC3/Z1[12]/q u_IDCT/acf/ACC3_Z1_reg[12]/Q 
add mapped point u_IDCT/acf/ACC3/Z1[12]/q u_IDCT/acf/ACC3_Z1_reg[12]/QN 
add mapped point u_IDCT/acf/ACC3/Z1[13]/q u_IDCT/acf/ACC3_Z1_reg[13]/Q 
add mapped point u_IDCT/acf/ACC3/Z1[13]/q u_IDCT/acf/ACC3_Z1_reg[13]/QN 
add mapped point u_IDCT/acf/ACC3/Z1[14]/q u_IDCT/acf/ACC3_Z1_reg[14]/Q 
add mapped point u_IDCT/acf/ACC3/Z1[14]/q u_IDCT/acf/ACC3_Z1_reg[14]/QN 
add mapped point u_IDCT/acf/ACC3/Z1[15]/q u_IDCT/acf/ACC3_Z1_reg[15]/Q 
add mapped point u_IDCT/acf/ACC3/Z1[15]/q u_IDCT/acf/ACC3_Z1_reg[15]/QN 
add mapped point u_IDCT/acf/ACC3/Z1[16]/q u_IDCT/acf/ACC3_Z1_reg[16]/Q 
add mapped point u_IDCT/acf/ACC3/Z1[16]/q u_IDCT/acf/ACC3_Z1_reg[16]/QN 
add mapped point u_IDCT/acf/ACC3/Z1[17]/q u_IDCT/acf/ACC3_Z1_reg[17]/Q 
add mapped point u_IDCT/acf/ACC3/Z1[17]/q u_IDCT/acf/ACC3_Z1_reg[17]/QN 
add mapped point u_IDCT/acf/ACC3/Z1[18]/q u_IDCT/acf/ACC3_Z1_reg[18]/Q 
add mapped point u_IDCT/acf/ACC3/Z1[18]/q u_IDCT/acf/ACC3_Z1_reg[18]/QN 
add mapped point u_IDCT/acf/ACC3/Z1[19]/q u_IDCT/acf/ACC3_Z1_reg[19]/Q 
add mapped point u_IDCT/acf/ACC3/Z1[19]/q u_IDCT/acf/ACC3_Z1_reg[19]/QN 
add mapped point u_IDCT/acf/ACC3/Z2[11]/q u_IDCT/acf/ACC3_Z2_reg[11]/Q 
add mapped point u_IDCT/acf/ACC3/Z2[11]/q u_IDCT/acf/ACC3_Z2_reg[11]/QN 
add mapped point u_IDCT/acf/ACC3/Z2[12]/q u_IDCT/acf/ACC3_Z2_reg[12]/Q 
add mapped point u_IDCT/acf/ACC3/Z2[12]/q u_IDCT/acf/ACC3_Z2_reg[12]/QN 
add mapped point u_IDCT/acf/ACC3/Z2[13]/q u_IDCT/acf/ACC3_Z2_reg[13]/Q 
add mapped point u_IDCT/acf/ACC3/Z2[13]/q u_IDCT/acf/ACC3_Z2_reg[13]/QN 
add mapped point u_IDCT/acf/ACC3/Z2[14]/q u_IDCT/acf/ACC3_Z2_reg[14]/Q 
add mapped point u_IDCT/acf/ACC3/Z2[14]/q u_IDCT/acf/ACC3_Z2_reg[14]/QN 
add mapped point u_IDCT/acf/ACC3/Z2[15]/q u_IDCT/acf/ACC3_Z2_reg[15]/Q 
add mapped point u_IDCT/acf/ACC3/Z2[15]/q u_IDCT/acf/ACC3_Z2_reg[15]/QN 
add mapped point u_IDCT/acf/ACC3/Z2[16]/q u_IDCT/acf/ACC3_Z2_reg[16]/Q 
add mapped point u_IDCT/acf/ACC3/Z2[16]/q u_IDCT/acf/ACC3_Z2_reg[16]/QN 
add mapped point u_IDCT/acf/ACC3/Z2[17]/q u_IDCT/acf/ACC3_Z2_reg[17]/Q 
add mapped point u_IDCT/acf/ACC3/Z2[17]/q u_IDCT/acf/ACC3_Z2_reg[17]/QN 
add mapped point u_IDCT/acf/ACC3/Z2[18]/q u_IDCT/acf/ACC3_Z2_reg[18]/Q 
add mapped point u_IDCT/acf/ACC3/Z2[18]/q u_IDCT/acf/ACC3_Z2_reg[18]/QN 
add mapped point u_IDCT/acf/ACC3/Z2[19]/q u_IDCT/acf/ACC3_Z2_reg[19]/Q 
add mapped point u_IDCT/acf/ACC3/Z2[19]/q u_IDCT/acf/ACC3_Z2_reg[19]/QN 
add mapped point u_IDCT/acf/ACC3/accout[0]/q u_IDCT/acf/ACC3_accout_reg[0]/Q 
add mapped point u_IDCT/acf/ACC3/accout[0]/q u_IDCT/acf/ACC3_accout_reg[0]/QN 
add mapped point u_IDCT/acf/ACC3/accout[1]/q u_IDCT/acf/ACC3_accout_reg[1]/Q 
add mapped point u_IDCT/acf/ACC3/accout[1]/q u_IDCT/acf/ACC3_accout_reg[1]/QN 
add mapped point u_IDCT/acf/ACC3/accout[2]/q u_IDCT/acf/ACC3_accout_reg[2]/Q 
add mapped point u_IDCT/acf/ACC3/accout[2]/q u_IDCT/acf/ACC3_accout_reg[2]/QN 
add mapped point u_IDCT/acf/ACC3/accout[3]/q u_IDCT/acf/ACC3_accout_reg[3]/Q 
add mapped point u_IDCT/acf/ACC3/accout[3]/q u_IDCT/acf/ACC3_accout_reg[3]/QN 
add mapped point u_IDCT/acf/ACC3/accout[4]/q u_IDCT/acf/ACC3_accout_reg[4]/Q 
add mapped point u_IDCT/acf/ACC3/accout[4]/q u_IDCT/acf/ACC3_accout_reg[4]/QN 
add mapped point u_IDCT/acf/ACC3/accout[5]/q u_IDCT/acf/ACC3_accout_reg[5]/Q 
add mapped point u_IDCT/acf/ACC3/accout[5]/q u_IDCT/acf/ACC3_accout_reg[5]/QN 
add mapped point u_IDCT/acf/ACC3/accout[6]/q u_IDCT/acf/ACC3_accout_reg[6]/Q 
add mapped point u_IDCT/acf/ACC3/accout[6]/q u_IDCT/acf/ACC3_accout_reg[6]/QN 
add mapped point u_IDCT/acf/ACC3/accout[7]/q u_IDCT/acf/ACC3_accout_reg[7]/Q 
add mapped point u_IDCT/acf/ACC3/accout[7]/q u_IDCT/acf/ACC3_accout_reg[7]/QN 
add mapped point u_IDCT/acf/ACC3/accout[8]/q u_IDCT/acf/ACC3_accout_reg[8]/Q 
add mapped point u_IDCT/acf/ACC3/accout[8]/q u_IDCT/acf/ACC3_accout_reg[8]/QN 
add mapped point u_IDCT/acf/ACC3/accout[9]/q u_IDCT/acf/ACC3_accout_reg[9]/Q 
add mapped point u_IDCT/acf/ACC3/accout[9]/q u_IDCT/acf/ACC3_accout_reg[9]/QN 
add mapped point u_IDCT/acf/ACC3/accout[10]/q u_IDCT/acf/ACC3_accout_reg[10]/Q 
add mapped point u_IDCT/acf/ACC3/accout[10]/q u_IDCT/acf/ACC3_accout_reg[10]/QN 
add mapped point u_IDCT/acf/ACC3/accout[11]/q u_IDCT/acf/ACC3_accout_reg[11]/Q 
add mapped point u_IDCT/acf/ACC3/accout[11]/q u_IDCT/acf/ACC3_accout_reg[11]/QN 
add mapped point u_IDCT/acf/ACC3/accout[12]/q u_IDCT/acf/ACC3_accout_reg[12]/Q 
add mapped point u_IDCT/acf/ACC3/accout[12]/q u_IDCT/acf/ACC3_accout_reg[12]/QN 
add mapped point u_IDCT/acf/ACC3/accout[13]/q u_IDCT/acf/ACC3_accout_reg[13]/Q 
add mapped point u_IDCT/acf/ACC3/accout[13]/q u_IDCT/acf/ACC3_accout_reg[13]/QN 
add mapped point u_IDCT/acf/ACC3/accout[14]/q u_IDCT/acf/ACC3_accout_reg[14]/Q 
add mapped point u_IDCT/acf/ACC3/accout[14]/q u_IDCT/acf/ACC3_accout_reg[14]/QN 
add mapped point u_IDCT/acf/ACC3/accout[15]/q u_IDCT/acf/ACC3_accout_reg[15]/Q 
add mapped point u_IDCT/acf/ACC3/accout[15]/q u_IDCT/acf/ACC3_accout_reg[15]/QN 
add mapped point u_IDCT/acf/ACC3/accout[16]/q u_IDCT/acf/ACC3_accout_reg[16]/Q 
add mapped point u_IDCT/acf/ACC3/accout[16]/q u_IDCT/acf/ACC3_accout_reg[16]/QN 
add mapped point u_IDCT/acf/ACC3/accout[17]/q u_IDCT/acf/ACC3_accout_reg[17]/Q 
add mapped point u_IDCT/acf/ACC3/accout[17]/q u_IDCT/acf/ACC3_accout_reg[17]/QN 
add mapped point u_IDCT/acf/ACC3/adder1/APreS2[0]/q u_IDCT/acf/ACC3_adder1_APreS2_reg[0]/Q 
add mapped point u_IDCT/acf/ACC3/adder1/APreS2[0]/q u_IDCT/acf/ACC3_adder1_APreS2_reg[0]/QN 
add mapped point u_IDCT/acf/ACC3/adder1/APreS2[1]/q u_IDCT/acf/ACC3_adder1_APreS2_reg[1]/Q 
add mapped point u_IDCT/acf/ACC3/adder1/APreS2[1]/q u_IDCT/acf/ACC3_adder1_APreS2_reg[1]/QN 
add mapped point u_IDCT/acf/ACC3/adder1/APreS2[2]/q u_IDCT/acf/ACC3_adder1_APreS2_reg[2]/Q 
add mapped point u_IDCT/acf/ACC3/adder1/APreS2[2]/q u_IDCT/acf/ACC3_adder1_APreS2_reg[2]/QN 
add mapped point u_IDCT/acf/ACC3/adder1/APreS2[3]/q u_IDCT/acf/ACC3_adder1_APreS2_reg[3]/Q 
add mapped point u_IDCT/acf/ACC3/adder1/APreS2[3]/q u_IDCT/acf/ACC3_adder1_APreS2_reg[3]/QN 
add mapped point u_IDCT/acf/ACC3/adder1/APreS2[4]/q u_IDCT/acf/ACC3_adder1_APreS2_reg[4]/Q 
add mapped point u_IDCT/acf/ACC3/adder1/APreS2[4]/q u_IDCT/acf/ACC3_adder1_APreS2_reg[4]/QN 
add mapped point u_IDCT/acf/ACC3/adder1/APreS2[5]/q u_IDCT/acf/ACC3_adder1_APreS2_reg[5]/Q 
add mapped point u_IDCT/acf/ACC3/adder1/APreS2[5]/q u_IDCT/acf/ACC3_adder1_APreS2_reg[5]/QN 
add mapped point u_IDCT/acf/ACC3/adder1/APreS2[6]/q u_IDCT/acf/ACC3_adder1_APreS2_reg[6]/Q 
add mapped point u_IDCT/acf/ACC3/adder1/APreS2[6]/q u_IDCT/acf/ACC3_adder1_APreS2_reg[6]/QN 
add mapped point u_IDCT/acf/ACC3/adder1/APreS2[7]/q u_IDCT/acf/ACC3_adder1_APreS2_reg[7]/Q 
add mapped point u_IDCT/acf/ACC3/adder1/APreS2[7]/q u_IDCT/acf/ACC3_adder1_APreS2_reg[7]/QN 
add mapped point u_IDCT/acf/ACC3/adder1/APreS2[8]/q u_IDCT/acf/ACC3_adder1_APreS2_reg[8]/Q 
add mapped point u_IDCT/acf/ACC3/adder1/APreS2[8]/q u_IDCT/acf/ACC3_adder1_APreS2_reg[8]/QN 
add mapped point u_IDCT/acf/ACC3/adder1/BPreS2[0]/q u_IDCT/acf/ACC3_adder1_BPreS2_reg[0]/Q 
add mapped point u_IDCT/acf/ACC3/adder1/BPreS2[0]/q u_IDCT/acf/ACC3_adder1_BPreS2_reg[0]/QN 
add mapped point u_IDCT/acf/ACC3/adder1/BPreS2[1]/q u_IDCT/acf/ACC3_adder1_BPreS2_reg[1]/Q 
add mapped point u_IDCT/acf/ACC3/adder1/BPreS2[1]/q u_IDCT/acf/ACC3_adder1_BPreS2_reg[1]/QN 
add mapped point u_IDCT/acf/ACC3/adder1/BPreS2[2]/q u_IDCT/acf/ACC3_adder1_BPreS2_reg[2]/Q 
add mapped point u_IDCT/acf/ACC3/adder1/BPreS2[2]/q u_IDCT/acf/ACC3_adder1_BPreS2_reg[2]/QN 
add mapped point u_IDCT/acf/ACC3/adder1/BPreS2[3]/q u_IDCT/acf/ACC3_adder1_BPreS2_reg[3]/Q 
add mapped point u_IDCT/acf/ACC3/adder1/BPreS2[3]/q u_IDCT/acf/ACC3_adder1_BPreS2_reg[3]/QN 
add mapped point u_IDCT/acf/ACC3/adder1/BPreS2[4]/q u_IDCT/acf/ACC3_adder1_BPreS2_reg[4]/Q 
add mapped point u_IDCT/acf/ACC3/adder1/BPreS2[4]/q u_IDCT/acf/ACC3_adder1_BPreS2_reg[4]/QN 
add mapped point u_IDCT/acf/ACC3/adder1/BPreS2[5]/q u_IDCT/acf/ACC3_adder1_BPreS2_reg[5]/Q 
add mapped point u_IDCT/acf/ACC3/adder1/BPreS2[5]/q u_IDCT/acf/ACC3_adder1_BPreS2_reg[5]/QN 
add mapped point u_IDCT/acf/ACC3/adder1/BPreS2[6]/q u_IDCT/acf/ACC3_adder1_BPreS2_reg[6]/Q 
add mapped point u_IDCT/acf/ACC3/adder1/BPreS2[6]/q u_IDCT/acf/ACC3_adder1_BPreS2_reg[6]/QN 
add mapped point u_IDCT/acf/ACC3/adder1/BPreS2[7]/q u_IDCT/acf/ACC3_adder1_BPreS2_reg[7]/Q 
add mapped point u_IDCT/acf/ACC3/adder1/BPreS2[7]/q u_IDCT/acf/ACC3_adder1_BPreS2_reg[7]/QN 
add mapped point u_IDCT/acf/ACC3/adder1/BPreS2[8]/q u_IDCT/acf/ACC3_adder1_BPreS2_reg[8]/Q 
add mapped point u_IDCT/acf/ACC3/adder1/BPreS2[8]/q u_IDCT/acf/ACC3_adder1_BPreS2_reg[8]/QN 
add mapped point u_IDCT/acf/ACC3/adder1/C1/q u_IDCT/acf/ACC3_adder1_C1_reg/Q 
add mapped point u_IDCT/acf/ACC3/adder1/C1/q u_IDCT/acf/ACC3_adder1_C1_reg/QN 
add mapped point u_IDCT/acf/ACC3/adder1/PostS1[0]/q u_IDCT/acf/ACC3_adder1_PostS1_reg[0]/Q 
add mapped point u_IDCT/acf/ACC3/adder1/PostS1[0]/q u_IDCT/acf/ACC3_adder1_PostS1_reg[0]/QN 
add mapped point u_IDCT/acf/ACC3/adder1/PostS1[1]/q u_IDCT/acf/ACC3_adder1_PostS1_reg[1]/Q 
add mapped point u_IDCT/acf/ACC3/adder1/PostS1[1]/q u_IDCT/acf/ACC3_adder1_PostS1_reg[1]/QN 
add mapped point u_IDCT/acf/ACC3/adder1/PostS1[2]/q u_IDCT/acf/ACC3_adder1_PostS1_reg[2]/Q 
add mapped point u_IDCT/acf/ACC3/adder1/PostS1[2]/q u_IDCT/acf/ACC3_adder1_PostS1_reg[2]/QN 
add mapped point u_IDCT/acf/ACC3/adder1/PostS1[3]/q u_IDCT/acf/ACC3_adder1_PostS1_reg[3]/Q 
add mapped point u_IDCT/acf/ACC3/adder1/PostS1[3]/q u_IDCT/acf/ACC3_adder1_PostS1_reg[3]/QN 
add mapped point u_IDCT/acf/ACC3/adder1/PostS1[4]/q u_IDCT/acf/ACC3_adder1_PostS1_reg[4]/Q 
add mapped point u_IDCT/acf/ACC3/adder1/PostS1[4]/q u_IDCT/acf/ACC3_adder1_PostS1_reg[4]/QN 
add mapped point u_IDCT/acf/ACC3/adder1/PostS1[5]/q u_IDCT/acf/ACC3_adder1_PostS1_reg[5]/Q 
add mapped point u_IDCT/acf/ACC3/adder1/PostS1[5]/q u_IDCT/acf/ACC3_adder1_PostS1_reg[5]/QN 
add mapped point u_IDCT/acf/ACC3/adder1/PostS1[6]/q u_IDCT/acf/ACC3_adder1_PostS1_reg[6]/Q 
add mapped point u_IDCT/acf/ACC3/adder1/PostS1[6]/q u_IDCT/acf/ACC3_adder1_PostS1_reg[6]/QN 
add mapped point u_IDCT/acf/ACC3/adder1/PostS1[7]/q u_IDCT/acf/ACC3_adder1_PostS1_reg[7]/Q 
add mapped point u_IDCT/acf/ACC3/adder1/PostS1[7]/q u_IDCT/acf/ACC3_adder1_PostS1_reg[7]/QN 
add mapped point u_IDCT/acf/ACC3/adder1/PostS1[8]/q u_IDCT/acf/ACC3_adder1_PostS1_reg[8]/Q 
add mapped point u_IDCT/acf/ACC3/adder1/PostS1[8]/q u_IDCT/acf/ACC3_adder1_PostS1_reg[8]/QN 
add mapped point u_IDCT/acf/ACC3/adder1/PostS1[9]/q u_IDCT/acf/ACC3_adder1_PostS1_reg[9]/Q 
add mapped point u_IDCT/acf/ACC3/adder1/PostS1[9]/q u_IDCT/acf/ACC3_adder1_PostS1_reg[9]/QN 
add mapped point u_IDCT/acf/ACC3/adder1/PostS1[10]/q u_IDCT/acf/ACC3_adder1_PostS1_reg[10]/Q 
add mapped point u_IDCT/acf/ACC3/adder1/PostS1[10]/q u_IDCT/acf/ACC3_adder1_PostS1_reg[10]/QN 
add mapped point u_IDCT/acf/ACC3/adder2/BPreS2[0]/q u_IDCT/acf/ACC3_adder2_BPreS2_reg[0]/Q 
add mapped point u_IDCT/acf/ACC3/adder2/BPreS2[0]/q u_IDCT/acf/ACC3_adder2_BPreS2_reg[0]/QN 
add mapped point u_IDCT/acf/ACC3/adder2/BPreS2[1]/q u_IDCT/acf/ACC3_adder2_BPreS2_reg[1]/Q 
add mapped point u_IDCT/acf/ACC3/adder2/BPreS2[1]/q u_IDCT/acf/ACC3_adder2_BPreS2_reg[1]/QN 
add mapped point u_IDCT/acf/ACC3/adder2/BPreS2[2]/q u_IDCT/acf/ACC3_adder2_BPreS2_reg[2]/Q 
add mapped point u_IDCT/acf/ACC3/adder2/BPreS2[2]/q u_IDCT/acf/ACC3_adder2_BPreS2_reg[2]/QN 
add mapped point u_IDCT/acf/ACC3/adder2/BPreS2[3]/q u_IDCT/acf/ACC3_adder2_BPreS2_reg[3]/Q 
add mapped point u_IDCT/acf/ACC3/adder2/BPreS2[3]/q u_IDCT/acf/ACC3_adder2_BPreS2_reg[3]/QN 
add mapped point u_IDCT/acf/ACC3/adder2/BPreS2[4]/q u_IDCT/acf/ACC3_adder2_BPreS2_reg[4]/Q 
add mapped point u_IDCT/acf/ACC3/adder2/BPreS2[4]/q u_IDCT/acf/ACC3_adder2_BPreS2_reg[4]/QN 
add mapped point u_IDCT/acf/ACC3/adder2/BPreS2[5]/q u_IDCT/acf/ACC3_adder2_BPreS2_reg[5]/Q 
add mapped point u_IDCT/acf/ACC3/adder2/BPreS2[5]/q u_IDCT/acf/ACC3_adder2_BPreS2_reg[5]/QN 
add mapped point u_IDCT/acf/ACC3/adder2/BPreS2[6]/q u_IDCT/acf/ACC3_adder2_BPreS2_reg[6]/Q 
add mapped point u_IDCT/acf/ACC3/adder2/BPreS2[6]/q u_IDCT/acf/ACC3_adder2_BPreS2_reg[6]/QN 
add mapped point u_IDCT/acf/ACC3/adder2/BPreS2[7]/q u_IDCT/acf/ACC3_adder2_BPreS2_reg[7]/Q 
add mapped point u_IDCT/acf/ACC3/adder2/BPreS2[7]/q u_IDCT/acf/ACC3_adder2_BPreS2_reg[7]/QN 
add mapped point u_IDCT/acf/ACC3/adder2/BPreS2[8]/q u_IDCT/acf/ACC3_adder2_BPreS2_reg[8]/Q 
add mapped point u_IDCT/acf/ACC3/adder2/BPreS2[8]/q u_IDCT/acf/ACC3_adder2_BPreS2_reg[8]/QN 
add mapped point u_IDCT/acf/ACC3/adder2/C1/q u_IDCT/acf/ACC3_adder2_C1_reg/Q 
add mapped point u_IDCT/acf/ACC3/adder2/C1/q u_IDCT/acf/ACC3_adder2_C1_reg/QN 
add mapped point u_IDCT/acf/ACC3/adder2/PostS1[0]/q u_IDCT/acf/ACC3_adder2_PostS1_reg[0]/Q 
add mapped point u_IDCT/acf/ACC3/adder2/PostS1[0]/q u_IDCT/acf/ACC3_adder2_PostS1_reg[0]/QN 
add mapped point u_IDCT/acf/ACC3/adder2/PostS1[1]/q u_IDCT/acf/ACC3_adder2_PostS1_reg[1]/Q 
add mapped point u_IDCT/acf/ACC3/adder2/PostS1[1]/q u_IDCT/acf/ACC3_adder2_PostS1_reg[1]/QN 
add mapped point u_IDCT/acf/ACC3/adder2/PostS1[2]/q u_IDCT/acf/ACC3_adder2_PostS1_reg[2]/Q 
add mapped point u_IDCT/acf/ACC3/adder2/PostS1[2]/q u_IDCT/acf/ACC3_adder2_PostS1_reg[2]/QN 
add mapped point u_IDCT/acf/ACC3/adder2/PostS1[3]/q u_IDCT/acf/ACC3_adder2_PostS1_reg[3]/Q 
add mapped point u_IDCT/acf/ACC3/adder2/PostS1[3]/q u_IDCT/acf/ACC3_adder2_PostS1_reg[3]/QN 
add mapped point u_IDCT/acf/ACC3/adder2/PostS1[4]/q u_IDCT/acf/ACC3_adder2_PostS1_reg[4]/Q 
add mapped point u_IDCT/acf/ACC3/adder2/PostS1[4]/q u_IDCT/acf/ACC3_adder2_PostS1_reg[4]/QN 
add mapped point u_IDCT/acf/ACC3/adder2/PostS1[5]/q u_IDCT/acf/ACC3_adder2_PostS1_reg[5]/Q 
add mapped point u_IDCT/acf/ACC3/adder2/PostS1[5]/q u_IDCT/acf/ACC3_adder2_PostS1_reg[5]/QN 
add mapped point u_IDCT/acf/ACC3/adder2/PostS1[6]/q u_IDCT/acf/ACC3_adder2_PostS1_reg[6]/Q 
add mapped point u_IDCT/acf/ACC3/adder2/PostS1[6]/q u_IDCT/acf/ACC3_adder2_PostS1_reg[6]/QN 
add mapped point u_IDCT/acf/ACC3/adder2/PostS1[7]/q u_IDCT/acf/ACC3_adder2_PostS1_reg[7]/Q 
add mapped point u_IDCT/acf/ACC3/adder2/PostS1[7]/q u_IDCT/acf/ACC3_adder2_PostS1_reg[7]/QN 
add mapped point u_IDCT/acf/ACC3/adder2/PostS1[8]/q u_IDCT/acf/ACC3_adder2_PostS1_reg[8]/Q 
add mapped point u_IDCT/acf/ACC3/adder2/PostS1[8]/q u_IDCT/acf/ACC3_adder2_PostS1_reg[8]/QN 
add mapped point u_IDCT/acf/ACC3/adder2/PostS1[9]/q u_IDCT/acf/ACC3_adder2_PostS1_reg[9]/Q 
add mapped point u_IDCT/acf/ACC3/adder2/PostS1[9]/q u_IDCT/acf/ACC3_adder2_PostS1_reg[9]/QN 
add mapped point u_IDCT/acf/ACC3/adder2/PostS1[10]/q u_IDCT/acf/ACC3_adder2_PostS1_reg[10]/Q 
add mapped point u_IDCT/acf/ACC3/adder2/PostS1[10]/q u_IDCT/acf/ACC3_adder2_PostS1_reg[10]/QN 
add mapped point u_IDCT/acf/toACC0[0]/q u_IDCT/acf/toACC0_reg[0]/Q 
add mapped point u_IDCT/acf/toACC0[0]/q u_IDCT/acf/toACC0_reg[0]/QN 
add mapped point u_IDCT/acf/toACC0[1]/q u_IDCT/acf/toACC0_reg[1]/Q 
add mapped point u_IDCT/acf/toACC0[1]/q u_IDCT/acf/toACC0_reg[1]/QN 
add mapped point u_IDCT/acf/toACC0[2]/q u_IDCT/acf/toACC0_reg[2]/Q 
add mapped point u_IDCT/acf/toACC0[2]/q u_IDCT/acf/toACC0_reg[2]/QN 
add mapped point u_IDCT/acf/toACC0[3]/q u_IDCT/acf/toACC0_reg[3]/Q 
add mapped point u_IDCT/acf/toACC0[3]/q u_IDCT/acf/toACC0_reg[3]/QN 
add mapped point u_IDCT/acf/toACC0[4]/q u_IDCT/acf/toACC0_reg[4]/Q 
add mapped point u_IDCT/acf/toACC0[4]/q u_IDCT/acf/toACC0_reg[4]/QN 
add mapped point u_IDCT/acf/toACC0[5]/q u_IDCT/acf/toACC0_reg[5]/Q 
add mapped point u_IDCT/acf/toACC0[5]/q u_IDCT/acf/toACC0_reg[5]/QN 
add mapped point u_IDCT/acf/toACC0[6]/q u_IDCT/acf/toACC0_reg[6]/Q 
add mapped point u_IDCT/acf/toACC0[6]/q u_IDCT/acf/toACC0_reg[6]/QN 
add mapped point u_IDCT/acf/toACC0[7]/q u_IDCT/acf/toACC0_reg[7]/Q 
add mapped point u_IDCT/acf/toACC0[7]/q u_IDCT/acf/toACC0_reg[7]/QN 
add mapped point u_IDCT/acf/toACC0[8]/q u_IDCT/acf/toACC0_reg[8]/Q 
add mapped point u_IDCT/acf/toACC0[8]/q u_IDCT/acf/toACC0_reg[8]/QN 
add mapped point u_IDCT/acf/toACC0[9]/q u_IDCT/acf/toACC0_reg[9]/Q 
add mapped point u_IDCT/acf/toACC0[9]/q u_IDCT/acf/toACC0_reg[9]/QN 
add mapped point u_IDCT/acf/toACC0[10]/q u_IDCT/acf/toACC0_reg[10]/Q 
add mapped point u_IDCT/acf/toACC0[10]/q u_IDCT/acf/toACC0_reg[10]/QN 
add mapped point u_IDCT/acf/toACC0[11]/q u_IDCT/acf/toACC0_reg[11]/Q 
add mapped point u_IDCT/acf/toACC0[11]/q u_IDCT/acf/toACC0_reg[11]/QN 
add mapped point u_IDCT/acf/toACC0[12]/q u_IDCT/acf/toACC0_reg[12]/Q 
add mapped point u_IDCT/acf/toACC0[12]/q u_IDCT/acf/toACC0_reg[12]/QN 
add mapped point u_IDCT/acf/toACC0[13]/q u_IDCT/acf/toACC0_reg[13]/Q 
add mapped point u_IDCT/acf/toACC0[13]/q u_IDCT/acf/toACC0_reg[13]/QN 
add mapped point u_IDCT/acf/toACC0[14]/q u_IDCT/acf/toACC0_reg[14]/Q 
add mapped point u_IDCT/acf/toACC0[14]/q u_IDCT/acf/toACC0_reg[14]/QN 
add mapped point u_IDCT/acf/toACC0[15]/q u_IDCT/acf/toACC0_reg[15]/Q 
add mapped point u_IDCT/acf/toACC0[15]/q u_IDCT/acf/toACC0_reg[15]/QN 
add mapped point u_IDCT/acf/toACC0[16]/q u_IDCT/acf/toACC0_reg[16]/Q 
add mapped point u_IDCT/acf/toACC0[16]/q u_IDCT/acf/toACC0_reg[16]/QN 
add mapped point u_IDCT/acf/toACC0[17]/q u_IDCT/acf/toACC0_reg[17]/Q 
add mapped point u_IDCT/acf/toACC0[17]/q u_IDCT/acf/toACC0_reg[17]/QN 
add mapped point u_IDCT/acf/toACC0[18]/q u_IDCT/acf/toACC0_reg[18]/Q 
add mapped point u_IDCT/acf/toACC0[18]/q u_IDCT/acf/toACC0_reg[18]/QN 
add mapped point u_IDCT/acf/toACC0[19]/q u_IDCT/acf/toACC0_reg[19]/Q 
add mapped point u_IDCT/acf/toACC0[19]/q u_IDCT/acf/toACC0_reg[19]/QN 
add mapped point u_IDCT/acf/toACC1[0]/q u_IDCT/acf/toACC1_reg[0]/Q 
add mapped point u_IDCT/acf/toACC1[0]/q u_IDCT/acf/toACC1_reg[0]/QN 
add mapped point u_IDCT/acf/toACC1[1]/q u_IDCT/acf/toACC1_reg[1]/Q 
add mapped point u_IDCT/acf/toACC1[1]/q u_IDCT/acf/toACC1_reg[1]/QN 
add mapped point u_IDCT/acf/toACC1[2]/q u_IDCT/acf/toACC1_reg[2]/Q 
add mapped point u_IDCT/acf/toACC1[2]/q u_IDCT/acf/toACC1_reg[2]/QN 
add mapped point u_IDCT/acf/toACC1[3]/q u_IDCT/acf/toACC1_reg[3]/Q 
add mapped point u_IDCT/acf/toACC1[3]/q u_IDCT/acf/toACC1_reg[3]/QN 
add mapped point u_IDCT/acf/toACC1[4]/q u_IDCT/acf/toACC1_reg[4]/Q 
add mapped point u_IDCT/acf/toACC1[4]/q u_IDCT/acf/toACC1_reg[4]/QN 
add mapped point u_IDCT/acf/toACC1[5]/q u_IDCT/acf/toACC1_reg[5]/Q 
add mapped point u_IDCT/acf/toACC1[5]/q u_IDCT/acf/toACC1_reg[5]/QN 
add mapped point u_IDCT/acf/toACC1[6]/q u_IDCT/acf/toACC1_reg[6]/Q 
add mapped point u_IDCT/acf/toACC1[6]/q u_IDCT/acf/toACC1_reg[6]/QN 
add mapped point u_IDCT/acf/toACC1[7]/q u_IDCT/acf/toACC1_reg[7]/Q 
add mapped point u_IDCT/acf/toACC1[7]/q u_IDCT/acf/toACC1_reg[7]/QN 
add mapped point u_IDCT/acf/toACC1[8]/q u_IDCT/acf/toACC1_reg[8]/Q 
add mapped point u_IDCT/acf/toACC1[8]/q u_IDCT/acf/toACC1_reg[8]/QN 
add mapped point u_IDCT/acf/toACC1[9]/q u_IDCT/acf/toACC1_reg[9]/Q 
add mapped point u_IDCT/acf/toACC1[9]/q u_IDCT/acf/toACC1_reg[9]/QN 
add mapped point u_IDCT/acf/toACC1[10]/q u_IDCT/acf/toACC1_reg[10]/Q 
add mapped point u_IDCT/acf/toACC1[10]/q u_IDCT/acf/toACC1_reg[10]/QN 
add mapped point u_IDCT/acf/toACC1[11]/q u_IDCT/acf/toACC1_reg[11]/Q 
add mapped point u_IDCT/acf/toACC1[11]/q u_IDCT/acf/toACC1_reg[11]/QN 
add mapped point u_IDCT/acf/toACC1[12]/q u_IDCT/acf/toACC1_reg[12]/Q 
add mapped point u_IDCT/acf/toACC1[12]/q u_IDCT/acf/toACC1_reg[12]/QN 
add mapped point u_IDCT/acf/toACC1[13]/q u_IDCT/acf/toACC1_reg[13]/Q 
add mapped point u_IDCT/acf/toACC1[13]/q u_IDCT/acf/toACC1_reg[13]/QN 
add mapped point u_IDCT/acf/toACC1[14]/q u_IDCT/acf/toACC1_reg[14]/Q 
add mapped point u_IDCT/acf/toACC1[14]/q u_IDCT/acf/toACC1_reg[14]/QN 
add mapped point u_IDCT/acf/toACC1[15]/q u_IDCT/acf/toACC1_reg[15]/Q 
add mapped point u_IDCT/acf/toACC1[15]/q u_IDCT/acf/toACC1_reg[15]/QN 
add mapped point u_IDCT/acf/toACC1[16]/q u_IDCT/acf/toACC1_reg[16]/Q 
add mapped point u_IDCT/acf/toACC1[16]/q u_IDCT/acf/toACC1_reg[16]/QN 
add mapped point u_IDCT/acf/toACC1[17]/q u_IDCT/acf/toACC1_reg[17]/Q 
add mapped point u_IDCT/acf/toACC1[17]/q u_IDCT/acf/toACC1_reg[17]/QN 
add mapped point u_IDCT/acf/toACC1[18]/q u_IDCT/acf/toACC1_reg[18]/Q 
add mapped point u_IDCT/acf/toACC1[18]/q u_IDCT/acf/toACC1_reg[18]/QN 
add mapped point u_IDCT/acf/toACC1[19]/q u_IDCT/acf/toACC1_reg[19]/Q 
add mapped point u_IDCT/acf/toACC1[19]/q u_IDCT/acf/toACC1_reg[19]/QN 
add mapped point u_IDCT/acf/toACC2[0]/q u_IDCT/acf/toACC2_reg[0]/Q 
add mapped point u_IDCT/acf/toACC2[0]/q u_IDCT/acf/toACC2_reg[0]/QN 
add mapped point u_IDCT/acf/toACC2[1]/q u_IDCT/acf/toACC2_reg[1]/Q 
add mapped point u_IDCT/acf/toACC2[1]/q u_IDCT/acf/toACC2_reg[1]/QN 
add mapped point u_IDCT/acf/toACC2[2]/q u_IDCT/acf/toACC2_reg[2]/Q 
add mapped point u_IDCT/acf/toACC2[2]/q u_IDCT/acf/toACC2_reg[2]/QN 
add mapped point u_IDCT/acf/toACC2[3]/q u_IDCT/acf/toACC2_reg[3]/Q 
add mapped point u_IDCT/acf/toACC2[3]/q u_IDCT/acf/toACC2_reg[3]/QN 
add mapped point u_IDCT/acf/toACC2[4]/q u_IDCT/acf/toACC2_reg[4]/Q 
add mapped point u_IDCT/acf/toACC2[4]/q u_IDCT/acf/toACC2_reg[4]/QN 
add mapped point u_IDCT/acf/toACC2[5]/q u_IDCT/acf/toACC2_reg[5]/Q 
add mapped point u_IDCT/acf/toACC2[5]/q u_IDCT/acf/toACC2_reg[5]/QN 
add mapped point u_IDCT/acf/toACC2[6]/q u_IDCT/acf/toACC2_reg[6]/Q 
add mapped point u_IDCT/acf/toACC2[6]/q u_IDCT/acf/toACC2_reg[6]/QN 
add mapped point u_IDCT/acf/toACC2[7]/q u_IDCT/acf/toACC2_reg[7]/Q 
add mapped point u_IDCT/acf/toACC2[7]/q u_IDCT/acf/toACC2_reg[7]/QN 
add mapped point u_IDCT/acf/toACC2[8]/q u_IDCT/acf/toACC2_reg[8]/Q 
add mapped point u_IDCT/acf/toACC2[8]/q u_IDCT/acf/toACC2_reg[8]/QN 
add mapped point u_IDCT/acf/toACC2[9]/q u_IDCT/acf/toACC2_reg[9]/Q 
add mapped point u_IDCT/acf/toACC2[9]/q u_IDCT/acf/toACC2_reg[9]/QN 
add mapped point u_IDCT/acf/toACC2[10]/q u_IDCT/acf/toACC2_reg[10]/Q 
add mapped point u_IDCT/acf/toACC2[10]/q u_IDCT/acf/toACC2_reg[10]/QN 
add mapped point u_IDCT/acf/toACC2[11]/q u_IDCT/acf/toACC2_reg[11]/Q 
add mapped point u_IDCT/acf/toACC2[11]/q u_IDCT/acf/toACC2_reg[11]/QN 
add mapped point u_IDCT/acf/toACC2[12]/q u_IDCT/acf/toACC2_reg[12]/Q 
add mapped point u_IDCT/acf/toACC2[12]/q u_IDCT/acf/toACC2_reg[12]/QN 
add mapped point u_IDCT/acf/toACC2[13]/q u_IDCT/acf/toACC2_reg[13]/Q 
add mapped point u_IDCT/acf/toACC2[13]/q u_IDCT/acf/toACC2_reg[13]/QN 
add mapped point u_IDCT/acf/toACC2[14]/q u_IDCT/acf/toACC2_reg[14]/Q 
add mapped point u_IDCT/acf/toACC2[14]/q u_IDCT/acf/toACC2_reg[14]/QN 
add mapped point u_IDCT/acf/toACC2[15]/q u_IDCT/acf/toACC2_reg[15]/Q 
add mapped point u_IDCT/acf/toACC2[15]/q u_IDCT/acf/toACC2_reg[15]/QN 
add mapped point u_IDCT/acf/toACC2[16]/q u_IDCT/acf/toACC2_reg[16]/Q 
add mapped point u_IDCT/acf/toACC2[16]/q u_IDCT/acf/toACC2_reg[16]/QN 
add mapped point u_IDCT/acf/toACC2[17]/q u_IDCT/acf/toACC2_reg[17]/Q 
add mapped point u_IDCT/acf/toACC2[17]/q u_IDCT/acf/toACC2_reg[17]/QN 
add mapped point u_IDCT/acf/toACC2[18]/q u_IDCT/acf/toACC2_reg[18]/Q 
add mapped point u_IDCT/acf/toACC2[18]/q u_IDCT/acf/toACC2_reg[18]/QN 
add mapped point u_IDCT/acf/toACC2[19]/q u_IDCT/acf/toACC2_reg[19]/Q 
add mapped point u_IDCT/acf/toACC2[19]/q u_IDCT/acf/toACC2_reg[19]/QN 
add mapped point u_IDCT/acf/toACC3[0]/q u_IDCT/acf/toACC3_reg[0]/Q 
add mapped point u_IDCT/acf/toACC3[0]/q u_IDCT/acf/toACC3_reg[0]/QN 
add mapped point u_IDCT/acf/toACC3[1]/q u_IDCT/acf/toACC3_reg[1]/Q 
add mapped point u_IDCT/acf/toACC3[1]/q u_IDCT/acf/toACC3_reg[1]/QN 
add mapped point u_IDCT/acf/toACC3[2]/q u_IDCT/acf/toACC3_reg[2]/Q 
add mapped point u_IDCT/acf/toACC3[2]/q u_IDCT/acf/toACC3_reg[2]/QN 
add mapped point u_IDCT/acf/toACC3[3]/q u_IDCT/acf/toACC3_reg[3]/Q 
add mapped point u_IDCT/acf/toACC3[3]/q u_IDCT/acf/toACC3_reg[3]/QN 
add mapped point u_IDCT/acf/toACC3[4]/q u_IDCT/acf/toACC3_reg[4]/Q 
add mapped point u_IDCT/acf/toACC3[4]/q u_IDCT/acf/toACC3_reg[4]/QN 
add mapped point u_IDCT/acf/toACC3[5]/q u_IDCT/acf/toACC3_reg[5]/Q 
add mapped point u_IDCT/acf/toACC3[5]/q u_IDCT/acf/toACC3_reg[5]/QN 
add mapped point u_IDCT/acf/toACC3[6]/q u_IDCT/acf/toACC3_reg[6]/Q 
add mapped point u_IDCT/acf/toACC3[6]/q u_IDCT/acf/toACC3_reg[6]/QN 
add mapped point u_IDCT/acf/toACC3[7]/q u_IDCT/acf/toACC3_reg[7]/Q 
add mapped point u_IDCT/acf/toACC3[7]/q u_IDCT/acf/toACC3_reg[7]/QN 
add mapped point u_IDCT/acf/toACC3[8]/q u_IDCT/acf/toACC3_reg[8]/Q 
add mapped point u_IDCT/acf/toACC3[8]/q u_IDCT/acf/toACC3_reg[8]/QN 
add mapped point u_IDCT/acf/toACC3[9]/q u_IDCT/acf/toACC3_reg[9]/Q 
add mapped point u_IDCT/acf/toACC3[9]/q u_IDCT/acf/toACC3_reg[9]/QN 
add mapped point u_IDCT/acf/toACC3[10]/q u_IDCT/acf/toACC3_reg[10]/Q 
add mapped point u_IDCT/acf/toACC3[10]/q u_IDCT/acf/toACC3_reg[10]/QN 
add mapped point u_IDCT/acf/toACC3[11]/q u_IDCT/acf/toACC3_reg[11]/Q 
add mapped point u_IDCT/acf/toACC3[11]/q u_IDCT/acf/toACC3_reg[11]/QN 
add mapped point u_IDCT/acf/toACC3[12]/q u_IDCT/acf/toACC3_reg[12]/Q 
add mapped point u_IDCT/acf/toACC3[12]/q u_IDCT/acf/toACC3_reg[12]/QN 
add mapped point u_IDCT/acf/toACC3[13]/q u_IDCT/acf/toACC3_reg[13]/Q 
add mapped point u_IDCT/acf/toACC3[13]/q u_IDCT/acf/toACC3_reg[13]/QN 
add mapped point u_IDCT/acf/toACC3[14]/q u_IDCT/acf/toACC3_reg[14]/Q 
add mapped point u_IDCT/acf/toACC3[14]/q u_IDCT/acf/toACC3_reg[14]/QN 
add mapped point u_IDCT/acf/toACC3[15]/q u_IDCT/acf/toACC3_reg[15]/Q 
add mapped point u_IDCT/acf/toACC3[15]/q u_IDCT/acf/toACC3_reg[15]/QN 
add mapped point u_IDCT/acf/toACC3[16]/q u_IDCT/acf/toACC3_reg[16]/Q 
add mapped point u_IDCT/acf/toACC3[16]/q u_IDCT/acf/toACC3_reg[16]/QN 
add mapped point u_IDCT/acf/toACC3[17]/q u_IDCT/acf/toACC3_reg[17]/Q 
add mapped point u_IDCT/acf/toACC3[17]/q u_IDCT/acf/toACC3_reg[17]/QN 
add mapped point u_IDCT/acf/toACC3[18]/q u_IDCT/acf/toACC3_reg[18]/Q 
add mapped point u_IDCT/acf/toACC3[18]/q u_IDCT/acf/toACC3_reg[18]/QN 
add mapped point u_IDCT/acf/toACC3[19]/q u_IDCT/acf/toACC3_reg[19]/Q 
add mapped point u_IDCT/acf/toACC3[19]/q u_IDCT/acf/toACC3_reg[19]/QN 
add mapped point u_IDCT/acf/ACC0/Z2[0]/q u_IDCT/acf/ACC0_Z2_reg[0]/Q 
add mapped point u_IDCT/acf/ACC0/Z2[0]/q u_IDCT/acf/ACC0_Z2_reg[0]/QN 
add mapped point u_IDCT/acf/ACC0/Z2[1]/q u_IDCT/acf/ACC0_Z2_reg[1]/Q 
add mapped point u_IDCT/acf/ACC0/Z2[1]/q u_IDCT/acf/ACC0_Z2_reg[1]/QN 
add mapped point u_IDCT/acf/ACC0/Z2[2]/q u_IDCT/acf/ACC0_Z2_reg[2]/Q 
add mapped point u_IDCT/acf/ACC0/Z2[2]/q u_IDCT/acf/ACC0_Z2_reg[2]/QN 
add mapped point u_IDCT/acf/ACC0/Z2[3]/q u_IDCT/acf/ACC0_Z2_reg[3]/Q 
add mapped point u_IDCT/acf/ACC0/Z2[3]/q u_IDCT/acf/ACC0_Z2_reg[3]/QN 
add mapped point u_IDCT/acf/ACC0/Z2[4]/q u_IDCT/acf/ACC0_Z2_reg[4]/Q 
add mapped point u_IDCT/acf/ACC0/Z2[4]/q u_IDCT/acf/ACC0_Z2_reg[4]/QN 
add mapped point u_IDCT/acf/ACC0/Z2[5]/q u_IDCT/acf/ACC0_Z2_reg[5]/Q 
add mapped point u_IDCT/acf/ACC0/Z2[5]/q u_IDCT/acf/ACC0_Z2_reg[5]/QN 
add mapped point u_IDCT/acf/ACC0/Z2[6]/q u_IDCT/acf/ACC0_Z2_reg[6]/Q 
add mapped point u_IDCT/acf/ACC0/Z2[6]/q u_IDCT/acf/ACC0_Z2_reg[6]/QN 
add mapped point u_IDCT/acf/ACC0/Z2[7]/q u_IDCT/acf/ACC0_Z2_reg[7]/Q 
add mapped point u_IDCT/acf/ACC0/Z2[7]/q u_IDCT/acf/ACC0_Z2_reg[7]/QN 
add mapped point u_IDCT/acf/ACC0/Z2[8]/q u_IDCT/acf/ACC0_Z2_reg[8]/Q 
add mapped point u_IDCT/acf/ACC0/Z2[8]/q u_IDCT/acf/ACC0_Z2_reg[8]/QN 
add mapped point u_IDCT/acf/ACC0/Z2[9]/q u_IDCT/acf/ACC0_Z2_reg[9]/Q 
add mapped point u_IDCT/acf/ACC0/Z2[9]/q u_IDCT/acf/ACC0_Z2_reg[9]/QN 
add mapped point u_IDCT/acf/ACC0/Z2[10]/q u_IDCT/acf/ACC0_Z2_reg[10]/Q 
add mapped point u_IDCT/acf/ACC0/Z2[10]/q u_IDCT/acf/ACC0_Z2_reg[10]/QN 
add mapped point u_IDCT/acf/ACC0/adder2/APreS2[0]/q u_IDCT/acf/ACC0_adder2_APreS2_reg[0]/Q 
add mapped point u_IDCT/acf/ACC0/adder2/APreS2[0]/q u_IDCT/acf/ACC0_adder2_APreS2_reg[0]/QN 
add mapped point u_IDCT/acf/ACC0/adder2/APreS2[1]/q u_IDCT/acf/ACC0_adder2_APreS2_reg[1]/Q 
add mapped point u_IDCT/acf/ACC0/adder2/APreS2[1]/q u_IDCT/acf/ACC0_adder2_APreS2_reg[1]/QN 
add mapped point u_IDCT/acf/ACC0/adder2/APreS2[2]/q u_IDCT/acf/ACC0_adder2_APreS2_reg[2]/Q 
add mapped point u_IDCT/acf/ACC0/adder2/APreS2[2]/q u_IDCT/acf/ACC0_adder2_APreS2_reg[2]/QN 
add mapped point u_IDCT/acf/ACC0/adder2/APreS2[3]/q u_IDCT/acf/ACC0_adder2_APreS2_reg[3]/Q 
add mapped point u_IDCT/acf/ACC0/adder2/APreS2[3]/q u_IDCT/acf/ACC0_adder2_APreS2_reg[3]/QN 
add mapped point u_IDCT/acf/ACC0/adder2/APreS2[4]/q u_IDCT/acf/ACC0_adder2_APreS2_reg[4]/Q 
add mapped point u_IDCT/acf/ACC0/adder2/APreS2[4]/q u_IDCT/acf/ACC0_adder2_APreS2_reg[4]/QN 
add mapped point u_IDCT/acf/ACC0/adder2/APreS2[5]/q u_IDCT/acf/ACC0_adder2_APreS2_reg[5]/Q 
add mapped point u_IDCT/acf/ACC0/adder2/APreS2[5]/q u_IDCT/acf/ACC0_adder2_APreS2_reg[5]/QN 
add mapped point u_IDCT/acf/ACC0/adder2/APreS2[6]/q u_IDCT/acf/ACC0_adder2_APreS2_reg[6]/Q 
add mapped point u_IDCT/acf/ACC0/adder2/APreS2[6]/q u_IDCT/acf/ACC0_adder2_APreS2_reg[6]/QN 
add mapped point u_IDCT/acf/ACC0/adder2/APreS2[7]/q u_IDCT/acf/ACC0_adder2_APreS2_reg[7]/Q 
add mapped point u_IDCT/acf/ACC0/adder2/APreS2[7]/q u_IDCT/acf/ACC0_adder2_APreS2_reg[7]/QN 
add mapped point u_IDCT/acf/ACC0/adder2/APreS2[8]/q u_IDCT/acf/ACC0_adder2_APreS2_reg[8]/Q 
add mapped point u_IDCT/acf/ACC0/adder2/APreS2[8]/q u_IDCT/acf/ACC0_adder2_APreS2_reg[8]/QN 
add mapped point u_IDCT/acf/ACC1/Z2[0]/q u_IDCT/acf/ACC1_Z2_reg[0]/Q 
add mapped point u_IDCT/acf/ACC1/Z2[0]/q u_IDCT/acf/ACC1_Z2_reg[0]/QN 
add mapped point u_IDCT/acf/ACC1/Z2[1]/q u_IDCT/acf/ACC1_Z2_reg[1]/Q 
add mapped point u_IDCT/acf/ACC1/Z2[1]/q u_IDCT/acf/ACC1_Z2_reg[1]/QN 
add mapped point u_IDCT/acf/ACC1/Z2[2]/q u_IDCT/acf/ACC1_Z2_reg[2]/Q 
add mapped point u_IDCT/acf/ACC1/Z2[2]/q u_IDCT/acf/ACC1_Z2_reg[2]/QN 
add mapped point u_IDCT/acf/ACC1/Z2[3]/q u_IDCT/acf/ACC1_Z2_reg[3]/Q 
add mapped point u_IDCT/acf/ACC1/Z2[3]/q u_IDCT/acf/ACC1_Z2_reg[3]/QN 
add mapped point u_IDCT/acf/ACC1/Z2[4]/q u_IDCT/acf/ACC1_Z2_reg[4]/Q 
add mapped point u_IDCT/acf/ACC1/Z2[4]/q u_IDCT/acf/ACC1_Z2_reg[4]/QN 
add mapped point u_IDCT/acf/ACC1/Z2[5]/q u_IDCT/acf/ACC1_Z2_reg[5]/Q 
add mapped point u_IDCT/acf/ACC1/Z2[5]/q u_IDCT/acf/ACC1_Z2_reg[5]/QN 
add mapped point u_IDCT/acf/ACC1/Z2[6]/q u_IDCT/acf/ACC1_Z2_reg[6]/Q 
add mapped point u_IDCT/acf/ACC1/Z2[6]/q u_IDCT/acf/ACC1_Z2_reg[6]/QN 
add mapped point u_IDCT/acf/ACC1/Z2[7]/q u_IDCT/acf/ACC1_Z2_reg[7]/Q 
add mapped point u_IDCT/acf/ACC1/Z2[7]/q u_IDCT/acf/ACC1_Z2_reg[7]/QN 
add mapped point u_IDCT/acf/ACC1/Z2[8]/q u_IDCT/acf/ACC1_Z2_reg[8]/Q 
add mapped point u_IDCT/acf/ACC1/Z2[8]/q u_IDCT/acf/ACC1_Z2_reg[8]/QN 
add mapped point u_IDCT/acf/ACC1/Z2[9]/q u_IDCT/acf/ACC1_Z2_reg[9]/Q 
add mapped point u_IDCT/acf/ACC1/Z2[9]/q u_IDCT/acf/ACC1_Z2_reg[9]/QN 
add mapped point u_IDCT/acf/ACC1/Z2[10]/q u_IDCT/acf/ACC1_Z2_reg[10]/Q 
add mapped point u_IDCT/acf/ACC1/Z2[10]/q u_IDCT/acf/ACC1_Z2_reg[10]/QN 
add mapped point u_IDCT/acf/ACC1/adder2/APreS2[0]/q u_IDCT/acf/ACC1_adder2_APreS2_reg[0]/Q 
add mapped point u_IDCT/acf/ACC1/adder2/APreS2[0]/q u_IDCT/acf/ACC1_adder2_APreS2_reg[0]/QN 
add mapped point u_IDCT/acf/ACC1/adder2/APreS2[1]/q u_IDCT/acf/ACC1_adder2_APreS2_reg[1]/Q 
add mapped point u_IDCT/acf/ACC1/adder2/APreS2[1]/q u_IDCT/acf/ACC1_adder2_APreS2_reg[1]/QN 
add mapped point u_IDCT/acf/ACC1/adder2/APreS2[2]/q u_IDCT/acf/ACC1_adder2_APreS2_reg[2]/Q 
add mapped point u_IDCT/acf/ACC1/adder2/APreS2[2]/q u_IDCT/acf/ACC1_adder2_APreS2_reg[2]/QN 
add mapped point u_IDCT/acf/ACC1/adder2/APreS2[3]/q u_IDCT/acf/ACC1_adder2_APreS2_reg[3]/Q 
add mapped point u_IDCT/acf/ACC1/adder2/APreS2[3]/q u_IDCT/acf/ACC1_adder2_APreS2_reg[3]/QN 
add mapped point u_IDCT/acf/ACC1/adder2/APreS2[4]/q u_IDCT/acf/ACC1_adder2_APreS2_reg[4]/Q 
add mapped point u_IDCT/acf/ACC1/adder2/APreS2[4]/q u_IDCT/acf/ACC1_adder2_APreS2_reg[4]/QN 
add mapped point u_IDCT/acf/ACC1/adder2/APreS2[5]/q u_IDCT/acf/ACC1_adder2_APreS2_reg[5]/Q 
add mapped point u_IDCT/acf/ACC1/adder2/APreS2[5]/q u_IDCT/acf/ACC1_adder2_APreS2_reg[5]/QN 
add mapped point u_IDCT/acf/ACC1/adder2/APreS2[6]/q u_IDCT/acf/ACC1_adder2_APreS2_reg[6]/Q 
add mapped point u_IDCT/acf/ACC1/adder2/APreS2[6]/q u_IDCT/acf/ACC1_adder2_APreS2_reg[6]/QN 
add mapped point u_IDCT/acf/ACC1/adder2/APreS2[7]/q u_IDCT/acf/ACC1_adder2_APreS2_reg[7]/Q 
add mapped point u_IDCT/acf/ACC1/adder2/APreS2[7]/q u_IDCT/acf/ACC1_adder2_APreS2_reg[7]/QN 
add mapped point u_IDCT/acf/ACC1/adder2/APreS2[8]/q u_IDCT/acf/ACC1_adder2_APreS2_reg[8]/Q 
add mapped point u_IDCT/acf/ACC1/adder2/APreS2[8]/q u_IDCT/acf/ACC1_adder2_APreS2_reg[8]/QN 
add mapped point u_IDCT/acf/ACC2/Z2[0]/q u_IDCT/acf/ACC2_Z2_reg[0]/Q 
add mapped point u_IDCT/acf/ACC2/Z2[0]/q u_IDCT/acf/ACC2_Z2_reg[0]/QN 
add mapped point u_IDCT/acf/ACC2/Z2[1]/q u_IDCT/acf/ACC2_Z2_reg[1]/Q 
add mapped point u_IDCT/acf/ACC2/Z2[1]/q u_IDCT/acf/ACC2_Z2_reg[1]/QN 
add mapped point u_IDCT/acf/ACC2/Z2[2]/q u_IDCT/acf/ACC2_Z2_reg[2]/Q 
add mapped point u_IDCT/acf/ACC2/Z2[2]/q u_IDCT/acf/ACC2_Z2_reg[2]/QN 
add mapped point u_IDCT/acf/ACC2/Z2[3]/q u_IDCT/acf/ACC2_Z2_reg[3]/Q 
add mapped point u_IDCT/acf/ACC2/Z2[3]/q u_IDCT/acf/ACC2_Z2_reg[3]/QN 
add mapped point u_IDCT/acf/ACC2/Z2[4]/q u_IDCT/acf/ACC2_Z2_reg[4]/Q 
add mapped point u_IDCT/acf/ACC2/Z2[4]/q u_IDCT/acf/ACC2_Z2_reg[4]/QN 
add mapped point u_IDCT/acf/ACC2/Z2[5]/q u_IDCT/acf/ACC2_Z2_reg[5]/Q 
add mapped point u_IDCT/acf/ACC2/Z2[5]/q u_IDCT/acf/ACC2_Z2_reg[5]/QN 
add mapped point u_IDCT/acf/ACC2/Z2[6]/q u_IDCT/acf/ACC2_Z2_reg[6]/Q 
add mapped point u_IDCT/acf/ACC2/Z2[6]/q u_IDCT/acf/ACC2_Z2_reg[6]/QN 
add mapped point u_IDCT/acf/ACC2/Z2[7]/q u_IDCT/acf/ACC2_Z2_reg[7]/Q 
add mapped point u_IDCT/acf/ACC2/Z2[7]/q u_IDCT/acf/ACC2_Z2_reg[7]/QN 
add mapped point u_IDCT/acf/ACC2/Z2[8]/q u_IDCT/acf/ACC2_Z2_reg[8]/Q 
add mapped point u_IDCT/acf/ACC2/Z2[8]/q u_IDCT/acf/ACC2_Z2_reg[8]/QN 
add mapped point u_IDCT/acf/ACC2/Z2[9]/q u_IDCT/acf/ACC2_Z2_reg[9]/Q 
add mapped point u_IDCT/acf/ACC2/Z2[9]/q u_IDCT/acf/ACC2_Z2_reg[9]/QN 
add mapped point u_IDCT/acf/ACC2/Z2[10]/q u_IDCT/acf/ACC2_Z2_reg[10]/Q 
add mapped point u_IDCT/acf/ACC2/Z2[10]/q u_IDCT/acf/ACC2_Z2_reg[10]/QN 
add mapped point u_IDCT/acf/ACC2/adder2/APreS2[0]/q u_IDCT/acf/ACC2_adder2_APreS2_reg[0]/Q 
add mapped point u_IDCT/acf/ACC2/adder2/APreS2[0]/q u_IDCT/acf/ACC2_adder2_APreS2_reg[0]/QN 
add mapped point u_IDCT/acf/ACC2/adder2/APreS2[1]/q u_IDCT/acf/ACC2_adder2_APreS2_reg[1]/Q 
add mapped point u_IDCT/acf/ACC2/adder2/APreS2[1]/q u_IDCT/acf/ACC2_adder2_APreS2_reg[1]/QN 
add mapped point u_IDCT/acf/ACC2/adder2/APreS2[2]/q u_IDCT/acf/ACC2_adder2_APreS2_reg[2]/Q 
add mapped point u_IDCT/acf/ACC2/adder2/APreS2[2]/q u_IDCT/acf/ACC2_adder2_APreS2_reg[2]/QN 
add mapped point u_IDCT/acf/ACC2/adder2/APreS2[3]/q u_IDCT/acf/ACC2_adder2_APreS2_reg[3]/Q 
add mapped point u_IDCT/acf/ACC2/adder2/APreS2[3]/q u_IDCT/acf/ACC2_adder2_APreS2_reg[3]/QN 
add mapped point u_IDCT/acf/ACC2/adder2/APreS2[4]/q u_IDCT/acf/ACC2_adder2_APreS2_reg[4]/Q 
add mapped point u_IDCT/acf/ACC2/adder2/APreS2[4]/q u_IDCT/acf/ACC2_adder2_APreS2_reg[4]/QN 
add mapped point u_IDCT/acf/ACC2/adder2/APreS2[5]/q u_IDCT/acf/ACC2_adder2_APreS2_reg[5]/Q 
add mapped point u_IDCT/acf/ACC2/adder2/APreS2[5]/q u_IDCT/acf/ACC2_adder2_APreS2_reg[5]/QN 
add mapped point u_IDCT/acf/ACC2/adder2/APreS2[6]/q u_IDCT/acf/ACC2_adder2_APreS2_reg[6]/Q 
add mapped point u_IDCT/acf/ACC2/adder2/APreS2[6]/q u_IDCT/acf/ACC2_adder2_APreS2_reg[6]/QN 
add mapped point u_IDCT/acf/ACC2/adder2/APreS2[7]/q u_IDCT/acf/ACC2_adder2_APreS2_reg[7]/Q 
add mapped point u_IDCT/acf/ACC2/adder2/APreS2[7]/q u_IDCT/acf/ACC2_adder2_APreS2_reg[7]/QN 
add mapped point u_IDCT/acf/ACC2/adder2/APreS2[8]/q u_IDCT/acf/ACC2_adder2_APreS2_reg[8]/Q 
add mapped point u_IDCT/acf/ACC2/adder2/APreS2[8]/q u_IDCT/acf/ACC2_adder2_APreS2_reg[8]/QN 
add mapped point u_IDCT/acf/ACC3/Z2[0]/q u_IDCT/acf/ACC3_Z2_reg[0]/Q 
add mapped point u_IDCT/acf/ACC3/Z2[0]/q u_IDCT/acf/ACC3_Z2_reg[0]/QN 
add mapped point u_IDCT/acf/ACC3/Z2[1]/q u_IDCT/acf/ACC3_Z2_reg[1]/Q 
add mapped point u_IDCT/acf/ACC3/Z2[1]/q u_IDCT/acf/ACC3_Z2_reg[1]/QN 
add mapped point u_IDCT/acf/ACC3/Z2[2]/q u_IDCT/acf/ACC3_Z2_reg[2]/Q 
add mapped point u_IDCT/acf/ACC3/Z2[2]/q u_IDCT/acf/ACC3_Z2_reg[2]/QN 
add mapped point u_IDCT/acf/ACC3/Z2[3]/q u_IDCT/acf/ACC3_Z2_reg[3]/Q 
add mapped point u_IDCT/acf/ACC3/Z2[3]/q u_IDCT/acf/ACC3_Z2_reg[3]/QN 
add mapped point u_IDCT/acf/ACC3/Z2[4]/q u_IDCT/acf/ACC3_Z2_reg[4]/Q 
add mapped point u_IDCT/acf/ACC3/Z2[4]/q u_IDCT/acf/ACC3_Z2_reg[4]/QN 
add mapped point u_IDCT/acf/ACC3/Z2[5]/q u_IDCT/acf/ACC3_Z2_reg[5]/Q 
add mapped point u_IDCT/acf/ACC3/Z2[5]/q u_IDCT/acf/ACC3_Z2_reg[5]/QN 
add mapped point u_IDCT/acf/ACC3/Z2[6]/q u_IDCT/acf/ACC3_Z2_reg[6]/Q 
add mapped point u_IDCT/acf/ACC3/Z2[6]/q u_IDCT/acf/ACC3_Z2_reg[6]/QN 
add mapped point u_IDCT/acf/ACC3/Z2[7]/q u_IDCT/acf/ACC3_Z2_reg[7]/Q 
add mapped point u_IDCT/acf/ACC3/Z2[7]/q u_IDCT/acf/ACC3_Z2_reg[7]/QN 
add mapped point u_IDCT/acf/ACC3/Z2[8]/q u_IDCT/acf/ACC3_Z2_reg[8]/Q 
add mapped point u_IDCT/acf/ACC3/Z2[8]/q u_IDCT/acf/ACC3_Z2_reg[8]/QN 
add mapped point u_IDCT/acf/ACC3/Z2[9]/q u_IDCT/acf/ACC3_Z2_reg[9]/Q 
add mapped point u_IDCT/acf/ACC3/Z2[9]/q u_IDCT/acf/ACC3_Z2_reg[9]/QN 
add mapped point u_IDCT/acf/ACC3/Z2[10]/q u_IDCT/acf/ACC3_Z2_reg[10]/Q 
add mapped point u_IDCT/acf/ACC3/Z2[10]/q u_IDCT/acf/ACC3_Z2_reg[10]/QN 
add mapped point u_IDCT/acf/ACC3/adder2/APreS2[0]/q u_IDCT/acf/ACC3_adder2_APreS2_reg[0]/Q 
add mapped point u_IDCT/acf/ACC3/adder2/APreS2[0]/q u_IDCT/acf/ACC3_adder2_APreS2_reg[0]/QN 
add mapped point u_IDCT/acf/ACC3/adder2/APreS2[1]/q u_IDCT/acf/ACC3_adder2_APreS2_reg[1]/Q 
add mapped point u_IDCT/acf/ACC3/adder2/APreS2[1]/q u_IDCT/acf/ACC3_adder2_APreS2_reg[1]/QN 
add mapped point u_IDCT/acf/ACC3/adder2/APreS2[2]/q u_IDCT/acf/ACC3_adder2_APreS2_reg[2]/Q 
add mapped point u_IDCT/acf/ACC3/adder2/APreS2[2]/q u_IDCT/acf/ACC3_adder2_APreS2_reg[2]/QN 
add mapped point u_IDCT/acf/ACC3/adder2/APreS2[3]/q u_IDCT/acf/ACC3_adder2_APreS2_reg[3]/Q 
add mapped point u_IDCT/acf/ACC3/adder2/APreS2[3]/q u_IDCT/acf/ACC3_adder2_APreS2_reg[3]/QN 
add mapped point u_IDCT/acf/ACC3/adder2/APreS2[4]/q u_IDCT/acf/ACC3_adder2_APreS2_reg[4]/Q 
add mapped point u_IDCT/acf/ACC3/adder2/APreS2[4]/q u_IDCT/acf/ACC3_adder2_APreS2_reg[4]/QN 
add mapped point u_IDCT/acf/ACC3/adder2/APreS2[5]/q u_IDCT/acf/ACC3_adder2_APreS2_reg[5]/Q 
add mapped point u_IDCT/acf/ACC3/adder2/APreS2[5]/q u_IDCT/acf/ACC3_adder2_APreS2_reg[5]/QN 
add mapped point u_IDCT/acf/ACC3/adder2/APreS2[6]/q u_IDCT/acf/ACC3_adder2_APreS2_reg[6]/Q 
add mapped point u_IDCT/acf/ACC3/adder2/APreS2[6]/q u_IDCT/acf/ACC3_adder2_APreS2_reg[6]/QN 
add mapped point u_IDCT/acf/ACC3/adder2/APreS2[7]/q u_IDCT/acf/ACC3_adder2_APreS2_reg[7]/Q 
add mapped point u_IDCT/acf/ACC3/adder2/APreS2[7]/q u_IDCT/acf/ACC3_adder2_APreS2_reg[7]/QN 
add mapped point u_IDCT/acf/ACC3/adder2/APreS2[8]/q u_IDCT/acf/ACC3_adder2_APreS2_reg[8]/Q 
add mapped point u_IDCT/acf/ACC3/adder2/APreS2[8]/q u_IDCT/acf/ACC3_adder2_APreS2_reg[8]/QN 
add mapped point u_IDCT/acf/Count[0]/q u_IDCT/acf/Count_reg[0]/Q 
add mapped point u_IDCT/acf/Count[0]/q u_IDCT/acf/Count_reg[0]/QN 
add mapped point u_IDCT/acf/Count[1]/q u_IDCT/acf/Count_reg[1]/Q 
add mapped point u_IDCT/acf/Count[1]/q u_IDCT/acf/Count_reg[1]/QN 
add mapped point  u_IDCT/acf/mult_a_R_reg[2][9]/Q 
add mapped point  u_IDCT/acf/mult_a_R_reg[2][9]/QN 
add mapped point  u_IDCT/acf/mult_a_R_reg[2][5]/Q 
add mapped point  u_IDCT/acf/mult_a_R_reg[2][5]/QN 
add mapped point  u_IDCT/acf/mult_a_R_reg[2][15]/Q 
add mapped point  u_IDCT/acf/mult_a_R_reg[2][15]/QN 
add mapped point  u_IDCT/acf/mult_a_R_reg[2][13]/Q 
add mapped point  u_IDCT/acf/mult_a_R_reg[2][13]/QN 
add mapped point  u_IDCT/acf/mult_a_R_reg[2][17]/Q 
add mapped point  u_IDCT/acf/mult_a_R_reg[2][17]/QN 
add mapped point  u_IDCT/acf/mult_a_R_reg[2][21]/Q 
add mapped point  u_IDCT/acf/mult_a_R_reg[2][21]/QN 
add mapped point  u_IDCT/acf/mult_a_R_reg[2][24]/Q 
add mapped point  u_IDCT/acf/mult_a_R_reg[2][24]/QN 
add mapped point  u_IDCT/acf/mult_a_R_reg[2][23]/Q 
add mapped point  u_IDCT/acf/mult_a_R_reg[2][23]/QN 
add mapped point  u_IDCT/acf/mult_a_R_reg[2][22]/Q 
add mapped point  u_IDCT/acf/mult_a_R_reg[2][22]/QN 
add mapped point  u_IDCT/acf/mult_a_R_reg[2][20]/Q 
add mapped point  u_IDCT/acf/mult_a_R_reg[2][20]/QN 
add mapped point  u_IDCT/acf/mult_a_R_reg[2][19]/Q 
add mapped point  u_IDCT/acf/mult_a_R_reg[2][19]/QN 
add mapped point  u_IDCT/acf/mult_a_R_reg[2][18]/Q 
add mapped point  u_IDCT/acf/mult_a_R_reg[2][18]/QN 
add mapped point  u_IDCT/acf/mult_a_R_reg[2][16]/Q 
add mapped point  u_IDCT/acf/mult_a_R_reg[2][16]/QN 
add mapped point  u_IDCT/acf/mult_a_R_reg[2][14]/Q 
add mapped point  u_IDCT/acf/mult_a_R_reg[2][14]/QN 
add mapped point  u_IDCT/acf/mult_a_R_reg[2][12]/Q 
add mapped point  u_IDCT/acf/mult_a_R_reg[2][12]/QN 
add mapped point  u_IDCT/acf/mult_a_R_reg[2][11]/Q 
add mapped point  u_IDCT/acf/mult_a_R_reg[2][11]/QN 
add mapped point  u_IDCT/acf/mult_a_R_reg[2][10]/Q 
add mapped point  u_IDCT/acf/mult_a_R_reg[2][10]/QN 
add mapped point  u_IDCT/acf/mult_a_R_reg[2][8]/Q 
add mapped point  u_IDCT/acf/mult_a_R_reg[2][8]/QN 
add mapped point  u_IDCT/acf/mult_a_R_reg[2][7]/Q 
add mapped point  u_IDCT/acf/mult_a_R_reg[2][7]/QN 
add mapped point  u_IDCT/acf/mult_a_R_reg[2][6]/Q 
add mapped point  u_IDCT/acf/mult_a_R_reg[2][6]/QN 
add mapped point u_IDCT/acf/mult_a_retime_s1_10_reg/Q u_IDCT/acf/mult_a_retime_s1_10_reg/Q 
add mapped point u_IDCT/acf/mult_a_retime_s1_10_reg/QN u_IDCT/acf/mult_a_retime_s1_10_reg/QN 
add mapped point u_IDCT/acf/mult_a_retime_s1_2_reg/Q u_IDCT/acf/mult_a_retime_s1_2_reg/Q 
add mapped point u_IDCT/acf/mult_a_retime_s1_2_reg/QN u_IDCT/acf/mult_a_retime_s1_2_reg/QN 
add mapped point u_IDCT/acf/mult_a_retime_s1_21_reg/Q u_IDCT/acf/mult_a_retime_s1_21_reg/Q 
add mapped point u_IDCT/acf/mult_a_retime_s1_21_reg/QN u_IDCT/acf/mult_a_retime_s1_21_reg/QN 
add mapped point u_IDCT/acf/mult_a_retime_s1_4_reg/Q u_IDCT/acf/mult_a_retime_s1_4_reg/Q 
add mapped point u_IDCT/acf/mult_a_retime_s1_4_reg/QN u_IDCT/acf/mult_a_retime_s1_4_reg/QN 
add mapped point u_IDCT/acf/mult_a_retime_s1_5_reg/Q u_IDCT/acf/mult_a_retime_s1_5_reg/Q 
add mapped point u_IDCT/acf/mult_a_retime_s1_5_reg/QN u_IDCT/acf/mult_a_retime_s1_5_reg/QN 
add mapped point u_IDCT/acf/mult_a_retime_s1_12_reg/Q u_IDCT/acf/mult_a_retime_s1_12_reg/Q 
add mapped point u_IDCT/acf/mult_a_retime_s1_12_reg/QN u_IDCT/acf/mult_a_retime_s1_12_reg/QN 
add mapped point u_IDCT/acf/mult_a_retime_s1_26_reg/Q u_IDCT/acf/mult_a_retime_s1_26_reg/Q 
add mapped point u_IDCT/acf/mult_a_retime_s1_26_reg/QN u_IDCT/acf/mult_a_retime_s1_26_reg/QN 
add mapped point u_IDCT/acf/mult_a_retime_s1_24_reg/Q u_IDCT/acf/mult_a_retime_s1_24_reg/Q 
add mapped point u_IDCT/acf/mult_a_retime_s1_24_reg/QN u_IDCT/acf/mult_a_retime_s1_24_reg/QN 
add mapped point u_IDCT/acf/mult_a_retime_s1_22_reg/Q u_IDCT/acf/mult_a_retime_s1_22_reg/Q 
add mapped point u_IDCT/acf/mult_a_retime_s1_22_reg/QN u_IDCT/acf/mult_a_retime_s1_22_reg/QN 
add mapped point u_IDCT/acf/mult_a_retime_s1_6_reg/Q u_IDCT/acf/mult_a_retime_s1_6_reg/Q 
add mapped point u_IDCT/acf/mult_a_retime_s1_6_reg/QN u_IDCT/acf/mult_a_retime_s1_6_reg/QN 
add mapped point u_IDCT/acf/mult_a_retime_s1_3_reg/Q u_IDCT/acf/mult_a_retime_s1_3_reg/Q 
add mapped point u_IDCT/acf/mult_a_retime_s1_3_reg/QN u_IDCT/acf/mult_a_retime_s1_3_reg/QN 
add mapped point u_IDCT/acf/mult_a_retime_s1_13_reg/Q u_IDCT/acf/mult_a_retime_s1_13_reg/Q 
add mapped point u_IDCT/acf/mult_a_retime_s1_13_reg/QN u_IDCT/acf/mult_a_retime_s1_13_reg/QN 
add mapped point u_IDCT/acf/mult_a_retime_s1_1_reg/Q u_IDCT/acf/mult_a_retime_s1_1_reg/Q 
add mapped point u_IDCT/acf/mult_a_retime_s1_1_reg/QN u_IDCT/acf/mult_a_retime_s1_1_reg/QN 
add mapped point u_IDCT/acf/mult_a_retime_s1_11_reg/Q u_IDCT/acf/mult_a_retime_s1_11_reg/Q 
add mapped point u_IDCT/acf/mult_a_retime_s1_11_reg/QN u_IDCT/acf/mult_a_retime_s1_11_reg/QN 
add mapped point u_IDCT/acf/mult_a_retime_s1_23_reg/Q u_IDCT/acf/mult_a_retime_s1_23_reg/Q 
add mapped point u_IDCT/acf/mult_a_retime_s1_23_reg/QN u_IDCT/acf/mult_a_retime_s1_23_reg/QN 
add mapped point u_IDCT/acf/mult_a_retime_s1_8_reg/Q u_IDCT/acf/mult_a_retime_s1_8_reg/Q 
add mapped point u_IDCT/acf/mult_a_retime_s1_8_reg/QN u_IDCT/acf/mult_a_retime_s1_8_reg/QN 
add mapped point u_IDCT/acf/mult_a_retime_s1_9_reg/Q u_IDCT/acf/mult_a_retime_s1_9_reg/Q 
add mapped point u_IDCT/acf/mult_a_retime_s1_9_reg/QN u_IDCT/acf/mult_a_retime_s1_9_reg/QN 
add mapped point u_IDCT/acf/mult_a_retime_s1_17_reg/Q u_IDCT/acf/mult_a_retime_s1_17_reg/Q 
add mapped point u_IDCT/acf/mult_a_retime_s1_17_reg/QN u_IDCT/acf/mult_a_retime_s1_17_reg/QN 
add mapped point u_IDCT/acf/mult_a_retime_s1_20_reg/Q u_IDCT/acf/mult_a_retime_s1_20_reg/Q 
add mapped point u_IDCT/acf/mult_a_retime_s1_20_reg/QN u_IDCT/acf/mult_a_retime_s1_20_reg/QN 
add mapped point u_IDCT/acf/mult_a_retime_s1_19_reg/Q u_IDCT/acf/mult_a_retime_s1_19_reg/Q 
add mapped point u_IDCT/acf/mult_a_retime_s1_19_reg/QN u_IDCT/acf/mult_a_retime_s1_19_reg/QN 
add mapped point  u_IDCT/acf/mult_c_R_reg[2][19]/Q 
add mapped point  u_IDCT/acf/mult_c_R_reg[2][19]/QN 
add mapped point  u_IDCT/acf/mult_c_R_reg[2][25]/Q 
add mapped point  u_IDCT/acf/mult_c_R_reg[2][25]/QN 
add mapped point  u_IDCT/acf/mult_c_R_reg[2][24]/Q 
add mapped point  u_IDCT/acf/mult_c_R_reg[2][24]/QN 
add mapped point  u_IDCT/acf/mult_c_R_reg[2][20]/Q 
add mapped point  u_IDCT/acf/mult_c_R_reg[2][20]/QN 
add mapped point  u_IDCT/acf/mult_c_R_reg[2][18]/Q 
add mapped point  u_IDCT/acf/mult_c_R_reg[2][18]/QN 
add mapped point  u_IDCT/acf/mult_c_R_reg[2][16]/Q 
add mapped point  u_IDCT/acf/mult_c_R_reg[2][16]/QN 
add mapped point  u_IDCT/acf/mult_c_R_reg[2][14]/Q 
add mapped point  u_IDCT/acf/mult_c_R_reg[2][14]/QN 
add mapped point  u_IDCT/acf/mult_c_R_reg[2][12]/Q 
add mapped point  u_IDCT/acf/mult_c_R_reg[2][12]/QN 
add mapped point  u_IDCT/acf/mult_c_R_reg[2][10]/Q 
add mapped point  u_IDCT/acf/mult_c_R_reg[2][10]/QN 
add mapped point  u_IDCT/acf/mult_c_R_reg[2][8]/Q 
add mapped point  u_IDCT/acf/mult_c_R_reg[2][8]/QN 
add mapped point  u_IDCT/acf/mult_c_R_reg[2][23]/Q 
add mapped point  u_IDCT/acf/mult_c_R_reg[2][23]/QN 
add mapped point  u_IDCT/acf/mult_c_R_reg[2][7]/Q 
add mapped point  u_IDCT/acf/mult_c_R_reg[2][7]/QN 
add mapped point  u_IDCT/acf/mult_c_R_reg[2][11]/Q 
add mapped point  u_IDCT/acf/mult_c_R_reg[2][11]/QN 
add mapped point  u_IDCT/acf/mult_c_R_reg[2][9]/Q 
add mapped point  u_IDCT/acf/mult_c_R_reg[2][9]/QN 
add mapped point  u_IDCT/acf/mult_c_R_reg[2][15]/Q 
add mapped point  u_IDCT/acf/mult_c_R_reg[2][15]/QN 
add mapped point  u_IDCT/acf/mult_c_R_reg[2][13]/Q 
add mapped point  u_IDCT/acf/mult_c_R_reg[2][13]/QN 
add mapped point  u_IDCT/acf/mult_c_R_reg[2][21]/Q 
add mapped point  u_IDCT/acf/mult_c_R_reg[2][21]/QN 
add mapped point  u_IDCT/acf/mult_c_R_reg[2][22]/Q 
add mapped point  u_IDCT/acf/mult_c_R_reg[2][22]/QN 
add mapped point  u_IDCT/acf/mult_c_R_reg[2][17]/Q 
add mapped point  u_IDCT/acf/mult_c_R_reg[2][17]/QN 
add mapped point  u_IDCT/acf/mult_c_R_reg[2][6]/Q 
add mapped point  u_IDCT/acf/mult_c_R_reg[2][6]/QN 
add mapped point u_IDCT/acf/mult_c_retime_s1_21_reg/Q u_IDCT/acf/mult_c_retime_s1_21_reg/Q 
add mapped point u_IDCT/acf/mult_c_retime_s1_21_reg/QN u_IDCT/acf/mult_c_retime_s1_21_reg/QN 
add mapped point u_IDCT/acf/mult_c_retime_s1_16_reg/Q u_IDCT/acf/mult_c_retime_s1_16_reg/Q 
add mapped point u_IDCT/acf/mult_c_retime_s1_16_reg/QN u_IDCT/acf/mult_c_retime_s1_16_reg/QN 
add mapped point u_IDCT/acf/mult_c_retime_s1_7_reg/Q u_IDCT/acf/mult_c_retime_s1_7_reg/Q 
add mapped point u_IDCT/acf/mult_c_retime_s1_7_reg/QN u_IDCT/acf/mult_c_retime_s1_7_reg/QN 
add mapped point u_IDCT/acf/mult_c_retime_s1_11_reg/Q u_IDCT/acf/mult_c_retime_s1_11_reg/Q 
add mapped point u_IDCT/acf/mult_c_retime_s1_11_reg/QN u_IDCT/acf/mult_c_retime_s1_11_reg/QN 
add mapped point u_IDCT/acf/mult_c_retime_s1_2_reg/Q u_IDCT/acf/mult_c_retime_s1_2_reg/Q 
add mapped point u_IDCT/acf/mult_c_retime_s1_2_reg/QN u_IDCT/acf/mult_c_retime_s1_2_reg/QN 
add mapped point u_IDCT/acf/mult_c_retime_s1_23_reg/Q u_IDCT/acf/mult_c_retime_s1_23_reg/Q 
add mapped point u_IDCT/acf/mult_c_retime_s1_23_reg/QN u_IDCT/acf/mult_c_retime_s1_23_reg/QN 
add mapped point u_IDCT/acf/mult_c_retime_s1_10_reg/Q u_IDCT/acf/mult_c_retime_s1_10_reg/Q 
add mapped point u_IDCT/acf/mult_c_retime_s1_10_reg/QN u_IDCT/acf/mult_c_retime_s1_10_reg/QN 
add mapped point u_IDCT/acf/mult_c_retime_s1_17_reg/Q u_IDCT/acf/mult_c_retime_s1_17_reg/Q 
add mapped point u_IDCT/acf/mult_c_retime_s1_17_reg/QN u_IDCT/acf/mult_c_retime_s1_17_reg/QN 
add mapped point u_IDCT/acf/mult_c_retime_s1_14_reg/Q u_IDCT/acf/mult_c_retime_s1_14_reg/Q 
add mapped point u_IDCT/acf/mult_c_retime_s1_14_reg/QN u_IDCT/acf/mult_c_retime_s1_14_reg/QN 
add mapped point u_IDCT/acf/mult_c_retime_s1_25_reg/Q u_IDCT/acf/mult_c_retime_s1_25_reg/Q 
add mapped point u_IDCT/acf/mult_c_retime_s1_25_reg/QN u_IDCT/acf/mult_c_retime_s1_25_reg/QN 
add mapped point u_IDCT/acf/mult_c_retime_s1_18_reg/Q u_IDCT/acf/mult_c_retime_s1_18_reg/Q 
add mapped point u_IDCT/acf/mult_c_retime_s1_18_reg/QN u_IDCT/acf/mult_c_retime_s1_18_reg/QN 
add mapped point u_IDCT/acf/mult_c_retime_s1_20_reg/Q u_IDCT/acf/mult_c_retime_s1_20_reg/Q 
add mapped point u_IDCT/acf/mult_c_retime_s1_20_reg/QN u_IDCT/acf/mult_c_retime_s1_20_reg/QN 
add mapped point u_IDCT/acf/mult_c_retime_s1_3_reg/Q u_IDCT/acf/mult_c_retime_s1_3_reg/Q 
add mapped point u_IDCT/acf/mult_c_retime_s1_3_reg/QN u_IDCT/acf/mult_c_retime_s1_3_reg/QN 
add mapped point u_IDCT/acf/mult_c_retime_s1_24_reg/Q u_IDCT/acf/mult_c_retime_s1_24_reg/Q 
add mapped point u_IDCT/acf/mult_c_retime_s1_24_reg/QN u_IDCT/acf/mult_c_retime_s1_24_reg/QN 
add mapped point u_IDCT/acf/mult_c_retime_s1_6_reg/Q u_IDCT/acf/mult_c_retime_s1_6_reg/Q 
add mapped point u_IDCT/acf/mult_c_retime_s1_6_reg/QN u_IDCT/acf/mult_c_retime_s1_6_reg/QN 
add mapped point u_IDCT/acf/mult_c_retime_s1_13_reg/Q u_IDCT/acf/mult_c_retime_s1_13_reg/Q 
add mapped point u_IDCT/acf/mult_c_retime_s1_13_reg/QN u_IDCT/acf/mult_c_retime_s1_13_reg/QN 
add mapped point u_IDCT/acf/mult_c_retime_s1_1_reg/Q u_IDCT/acf/mult_c_retime_s1_1_reg/Q 
add mapped point u_IDCT/acf/mult_c_retime_s1_1_reg/QN u_IDCT/acf/mult_c_retime_s1_1_reg/QN 
add mapped point u_IDCT/acf/mult_c_retime_s1_9_reg/Q u_IDCT/acf/mult_c_retime_s1_9_reg/Q 
add mapped point u_IDCT/acf/mult_c_retime_s1_9_reg/QN u_IDCT/acf/mult_c_retime_s1_9_reg/QN 
add mapped point u_IDCT/acf/mult_c_retime_s1_19_reg/Q u_IDCT/acf/mult_c_retime_s1_19_reg/Q 
add mapped point u_IDCT/acf/mult_c_retime_s1_19_reg/QN u_IDCT/acf/mult_c_retime_s1_19_reg/QN 
add mapped point u_IDCT/acf/mult_c_retime_s1_5_reg/Q u_IDCT/acf/mult_c_retime_s1_5_reg/Q 
add mapped point u_IDCT/acf/mult_c_retime_s1_5_reg/QN u_IDCT/acf/mult_c_retime_s1_5_reg/QN 
add mapped point  u_IDCT/acf/mult_f_R_reg[2][12]/Q 
add mapped point  u_IDCT/acf/mult_f_R_reg[2][12]/QN 
add mapped point  u_IDCT/acf/mult_f_R_reg[2][22]/Q 
add mapped point  u_IDCT/acf/mult_f_R_reg[2][22]/QN 
add mapped point  u_IDCT/acf/mult_f_R_reg[2][27]/Q 
add mapped point  u_IDCT/acf/mult_f_R_reg[2][27]/QN 
add mapped point  u_IDCT/acf/mult_f_R_reg[2][25]/Q 
add mapped point  u_IDCT/acf/mult_f_R_reg[2][25]/QN 
add mapped point  u_IDCT/acf/mult_f_R_reg[2][23]/Q 
add mapped point  u_IDCT/acf/mult_f_R_reg[2][23]/QN 
add mapped point  u_IDCT/acf/mult_f_R_reg[2][21]/Q 
add mapped point  u_IDCT/acf/mult_f_R_reg[2][21]/QN 
add mapped point  u_IDCT/acf/mult_f_R_reg[2][17]/Q 
add mapped point  u_IDCT/acf/mult_f_R_reg[2][17]/QN 
add mapped point  u_IDCT/acf/mult_f_R_reg[2][15]/Q 
add mapped point  u_IDCT/acf/mult_f_R_reg[2][15]/QN 
add mapped point  u_IDCT/acf/mult_f_R_reg[2][13]/Q 
add mapped point  u_IDCT/acf/mult_f_R_reg[2][13]/QN 
add mapped point  u_IDCT/acf/mult_f_R_reg[2][11]/Q 
add mapped point  u_IDCT/acf/mult_f_R_reg[2][11]/QN 
add mapped point  u_IDCT/acf/mult_f_R_reg[2][16]/Q 
add mapped point  u_IDCT/acf/mult_f_R_reg[2][16]/QN 
add mapped point  u_IDCT/acf/mult_f_R_reg[2][14]/Q 
add mapped point  u_IDCT/acf/mult_f_R_reg[2][14]/QN 
add mapped point  u_IDCT/acf/mult_f_R_reg[2][24]/Q 
add mapped point  u_IDCT/acf/mult_f_R_reg[2][24]/QN 
add mapped point  u_IDCT/acf/mult_f_R_reg[2][26]/Q 
add mapped point  u_IDCT/acf/mult_f_R_reg[2][26]/QN 
add mapped point  u_IDCT/acf/mult_f_R_reg[2][19]/Q 
add mapped point  u_IDCT/acf/mult_f_R_reg[2][19]/QN 
add mapped point  u_IDCT/acf/mult_f_R_reg[2][18]/Q 
add mapped point  u_IDCT/acf/mult_f_R_reg[2][18]/QN 
add mapped point  u_IDCT/acf/mult_f_R_reg[2][20]/Q 
add mapped point  u_IDCT/acf/mult_f_R_reg[2][20]/QN 
add mapped point u_IDCT/acf/mult_f_retime_s1_4_reg/Q u_IDCT/acf/mult_f_retime_s1_4_reg/Q 
add mapped point u_IDCT/acf/mult_f_retime_s1_4_reg/QN u_IDCT/acf/mult_f_retime_s1_4_reg/QN 
add mapped point u_IDCT/acf/mult_f_retime_s1_10_reg/Q u_IDCT/acf/mult_f_retime_s1_10_reg/Q 
add mapped point u_IDCT/acf/mult_f_retime_s1_10_reg/QN u_IDCT/acf/mult_f_retime_s1_10_reg/QN 
add mapped point u_IDCT/acf/mult_f_retime_s1_12_reg/Q u_IDCT/acf/mult_f_retime_s1_12_reg/Q 
add mapped point u_IDCT/acf/mult_f_retime_s1_12_reg/QN u_IDCT/acf/mult_f_retime_s1_12_reg/QN 
add mapped point u_IDCT/acf/mult_f_retime_s1_33_reg/Q u_IDCT/acf/mult_f_retime_s1_33_reg/Q 
add mapped point u_IDCT/acf/mult_f_retime_s1_33_reg/QN u_IDCT/acf/mult_f_retime_s1_33_reg/QN 
add mapped point u_IDCT/acf/mult_f_retime_s1_14_reg/Q u_IDCT/acf/mult_f_retime_s1_14_reg/Q 
add mapped point u_IDCT/acf/mult_f_retime_s1_14_reg/QN u_IDCT/acf/mult_f_retime_s1_14_reg/QN 
add mapped point u_IDCT/acf/mult_f_retime_s1_16_reg/Q u_IDCT/acf/mult_f_retime_s1_16_reg/Q 
add mapped point u_IDCT/acf/mult_f_retime_s1_16_reg/QN u_IDCT/acf/mult_f_retime_s1_16_reg/QN 
add mapped point u_IDCT/acf/mult_f_retime_s1_25_reg/Q u_IDCT/acf/mult_f_retime_s1_25_reg/Q 
add mapped point u_IDCT/acf/mult_f_retime_s1_25_reg/QN u_IDCT/acf/mult_f_retime_s1_25_reg/QN 
add mapped point u_IDCT/acf/mult_f_retime_s1_2_reg/Q u_IDCT/acf/mult_f_retime_s1_2_reg/Q 
add mapped point u_IDCT/acf/mult_f_retime_s1_2_reg/QN u_IDCT/acf/mult_f_retime_s1_2_reg/QN 
add mapped point u_IDCT/acf/mult_f_retime_s1_5_reg/Q u_IDCT/acf/mult_f_retime_s1_5_reg/Q 
add mapped point u_IDCT/acf/mult_f_retime_s1_5_reg/QN u_IDCT/acf/mult_f_retime_s1_5_reg/QN 
add mapped point u_IDCT/acf/mult_f_retime_s1_17_reg/Q u_IDCT/acf/mult_f_retime_s1_17_reg/Q 
add mapped point u_IDCT/acf/mult_f_retime_s1_17_reg/QN u_IDCT/acf/mult_f_retime_s1_17_reg/QN 
add mapped point u_IDCT/acf/mult_f_retime_s1_8_reg/Q u_IDCT/acf/mult_f_retime_s1_8_reg/Q 
add mapped point u_IDCT/acf/mult_f_retime_s1_8_reg/QN u_IDCT/acf/mult_f_retime_s1_8_reg/QN 
add mapped point u_IDCT/bdeg/mult_b_mixed_mult_1_12/retime_s1_2_reg/Q u_IDCT/bdeg/mult_b_mixed_mult_1_12/retime_s1_2_reg/Q 
add mapped point u_IDCT/bdeg/mult_b_mixed_mult_1_12/retime_s1_2_reg/QN u_IDCT/bdeg/mult_b_mixed_mult_1_12/retime_s1_2_reg/QN 
add mapped point u_IDCT/bdeg/mult_b_mixed_mult_1_12/retime_s1_5_reg/Q u_IDCT/bdeg/mult_b_mixed_mult_1_12/retime_s1_5_reg/Q 
add mapped point u_IDCT/bdeg/mult_b_mixed_mult_1_12/retime_s1_5_reg/QN u_IDCT/bdeg/mult_b_mixed_mult_1_12/retime_s1_5_reg/QN 
add mapped point u_IDCT/bdeg/mult_b_mixed_mult_1_12/retime_s1_10_reg/Q u_IDCT/bdeg/mult_b_mixed_mult_1_12/retime_s1_10_reg/Q 
add mapped point u_IDCT/bdeg/mult_b_mixed_mult_1_12/retime_s1_10_reg/QN u_IDCT/bdeg/mult_b_mixed_mult_1_12/retime_s1_10_reg/QN 
add mapped point u_IDCT/bdeg/mult_b_mixed_mult_1_12/retime_s1_11_reg/Q u_IDCT/bdeg/mult_b_mixed_mult_1_12/retime_s1_11_reg/Q 
add mapped point u_IDCT/bdeg/mult_b_mixed_mult_1_12/retime_s1_11_reg/QN u_IDCT/bdeg/mult_b_mixed_mult_1_12/retime_s1_11_reg/QN 
add mapped point u_IDCT/bdeg/mult_b_mixed_mult_1_12/retime_s1_13_reg/Q u_IDCT/bdeg/mult_b_mixed_mult_1_12/retime_s1_13_reg/Q 
add mapped point u_IDCT/bdeg/mult_b_mixed_mult_1_12/retime_s1_13_reg/QN u_IDCT/bdeg/mult_b_mixed_mult_1_12/retime_s1_13_reg/QN 
add mapped point u_IDCT/bdeg/mult_b_mixed_mult_1_12/retime_s1_14_reg/Q u_IDCT/bdeg/mult_b_mixed_mult_1_12/retime_s1_14_reg/Q 
add mapped point u_IDCT/bdeg/mult_b_mixed_mult_1_12/retime_s1_14_reg/QN u_IDCT/bdeg/mult_b_mixed_mult_1_12/retime_s1_14_reg/QN 
add mapped point u_IDCT/bdeg/mult_b_mixed_mult_1_12/retime_s1_15_reg/Q u_IDCT/bdeg/mult_b_mixed_mult_1_12/retime_s1_15_reg/Q 
add mapped point u_IDCT/bdeg/mult_b_mixed_mult_1_12/retime_s1_15_reg/QN u_IDCT/bdeg/mult_b_mixed_mult_1_12/retime_s1_15_reg/QN 
add mapped point u_IDCT/bdeg/mult_b_mixed_mult_1_12/retime_s1_16_reg/Q u_IDCT/bdeg/mult_b_mixed_mult_1_12/retime_s1_16_reg/Q 
add mapped point u_IDCT/bdeg/mult_b_mixed_mult_1_12/retime_s1_16_reg/QN u_IDCT/bdeg/mult_b_mixed_mult_1_12/retime_s1_16_reg/QN 
add mapped point u_IDCT/bdeg/mult_b_mixed_mult_1_12/retime_s1_18_reg/Q u_IDCT/bdeg/mult_b_mixed_mult_1_12/retime_s1_18_reg/Q 
add mapped point u_IDCT/bdeg/mult_b_mixed_mult_1_12/retime_s1_18_reg/QN u_IDCT/bdeg/mult_b_mixed_mult_1_12/retime_s1_18_reg/QN 
add mapped point u_IDCT/bdeg/mult_b_mixed_mult_1_12/retime_s1_20_reg/Q u_IDCT/bdeg/mult_b_mixed_mult_1_12/retime_s1_20_reg/Q 
add mapped point u_IDCT/bdeg/mult_b_mixed_mult_1_12/retime_s1_20_reg/QN u_IDCT/bdeg/mult_b_mixed_mult_1_12/retime_s1_20_reg/QN 
add mapped point u_IDCT/bdeg/mult_b_mixed_mult_1_12/retime_s1_22_reg/Q u_IDCT/bdeg/mult_b_mixed_mult_1_12/retime_s1_22_reg/Q 
add mapped point u_IDCT/bdeg/mult_b_mixed_mult_1_12/retime_s1_22_reg/QN u_IDCT/bdeg/mult_b_mixed_mult_1_12/retime_s1_22_reg/QN 
add mapped point u_IDCT/bdeg/mult_b_mixed_mult_1_12/retime_s1_25_reg/Q u_IDCT/bdeg/mult_b_mixed_mult_1_12/retime_s1_25_reg/Q 
add mapped point u_IDCT/bdeg/mult_b_mixed_mult_1_12/retime_s1_25_reg/QN u_IDCT/bdeg/mult_b_mixed_mult_1_12/retime_s1_25_reg/QN 
add mapped point u_IDCT/bdeg/mult_b_mixed_mult_1_12/retime_s1_27_reg/Q u_IDCT/bdeg/mult_b_mixed_mult_1_12/retime_s1_27_reg/Q 
add mapped point u_IDCT/bdeg/mult_b_mixed_mult_1_12/retime_s1_27_reg/QN u_IDCT/bdeg/mult_b_mixed_mult_1_12/retime_s1_27_reg/QN 
add mapped point u_IDCT/bdeg/mult_b_mixed_mult_1_12/retime_s1_28_reg/Q u_IDCT/bdeg/mult_b_mixed_mult_1_12/retime_s1_28_reg/Q 
add mapped point u_IDCT/bdeg/mult_b_mixed_mult_1_12/retime_s1_28_reg/QN u_IDCT/bdeg/mult_b_mixed_mult_1_12/retime_s1_28_reg/QN 
add mapped point u_IDCT/bdeg/mult_b_mixed_mult_1_12/retime_s1_29_reg/Q u_IDCT/bdeg/mult_b_mixed_mult_1_12/retime_s1_29_reg/Q 
add mapped point u_IDCT/bdeg/mult_b_mixed_mult_1_12/retime_s1_29_reg/QN u_IDCT/bdeg/mult_b_mixed_mult_1_12/retime_s1_29_reg/QN 
add mapped point u_IDCT/bdeg/mult_b_mixed_mult_1_12/retime_s1_30_reg/Q u_IDCT/bdeg/mult_b_mixed_mult_1_12/retime_s1_30_reg/Q 
add mapped point u_IDCT/bdeg/mult_b_mixed_mult_1_12/retime_s1_30_reg/QN u_IDCT/bdeg/mult_b_mixed_mult_1_12/retime_s1_30_reg/QN 
add mapped point u_IDCT/bdeg/mult_b_mixed_mult_1_12/retime_s2_1_reg/Q u_IDCT/bdeg/mult_b_mixed_mult_1_12/retime_s2_1_reg/Q 
add mapped point u_IDCT/bdeg/mult_b_mixed_mult_1_12/retime_s2_1_reg/QN u_IDCT/bdeg/mult_b_mixed_mult_1_12/retime_s2_1_reg/QN 
add mapped point u_IDCT/bdeg/mult_b_mixed_mult_1_12/retime_s2_2_reg/Q u_IDCT/bdeg/mult_b_mixed_mult_1_12/retime_s2_2_reg/Q 
add mapped point u_IDCT/bdeg/mult_b_mixed_mult_1_12/retime_s2_2_reg/QN u_IDCT/bdeg/mult_b_mixed_mult_1_12/retime_s2_2_reg/QN 
add mapped point u_IDCT/bdeg/mult_b_mixed_mult_1_12/retime_s2_3_reg/Q u_IDCT/bdeg/mult_b_mixed_mult_1_12/retime_s2_3_reg/Q 
add mapped point u_IDCT/bdeg/mult_b_mixed_mult_1_12/retime_s2_3_reg/QN u_IDCT/bdeg/mult_b_mixed_mult_1_12/retime_s2_3_reg/QN 
add mapped point u_IDCT/bdeg/mult_b_mixed_mult_1_12/retime_s2_4_reg/Q u_IDCT/bdeg/mult_b_mixed_mult_1_12/retime_s2_4_reg/Q 
add mapped point u_IDCT/bdeg/mult_b_mixed_mult_1_12/retime_s2_4_reg/QN u_IDCT/bdeg/mult_b_mixed_mult_1_12/retime_s2_4_reg/QN 
add mapped point u_IDCT/bdeg/mult_d_mixed_mult_1_12/retime_s1_1_reg/Q u_IDCT/bdeg/mult_d_mixed_mult_1_12/retime_s1_1_reg/Q 
add mapped point u_IDCT/bdeg/mult_d_mixed_mult_1_12/retime_s1_1_reg/QN u_IDCT/bdeg/mult_d_mixed_mult_1_12/retime_s1_1_reg/QN 
add mapped point u_IDCT/bdeg/mult_d_mixed_mult_1_12/retime_s1_5_reg/Q u_IDCT/bdeg/mult_d_mixed_mult_1_12/retime_s1_5_reg/Q 
add mapped point u_IDCT/bdeg/mult_d_mixed_mult_1_12/retime_s1_5_reg/QN u_IDCT/bdeg/mult_d_mixed_mult_1_12/retime_s1_5_reg/QN 
add mapped point u_IDCT/bdeg/mult_d_mixed_mult_1_12/retime_s1_9_reg/Q u_IDCT/bdeg/mult_d_mixed_mult_1_12/retime_s1_9_reg/Q 
add mapped point u_IDCT/bdeg/mult_d_mixed_mult_1_12/retime_s1_9_reg/QN u_IDCT/bdeg/mult_d_mixed_mult_1_12/retime_s1_9_reg/QN 
add mapped point u_IDCT/bdeg/mult_d_mixed_mult_1_12/retime_s1_10_reg/Q u_IDCT/bdeg/mult_d_mixed_mult_1_12/retime_s1_10_reg/Q 
add mapped point u_IDCT/bdeg/mult_d_mixed_mult_1_12/retime_s1_10_reg/QN u_IDCT/bdeg/mult_d_mixed_mult_1_12/retime_s1_10_reg/QN 
add mapped point u_IDCT/bdeg/mult_d_mixed_mult_1_12/retime_s1_16_reg/Q u_IDCT/bdeg/mult_d_mixed_mult_1_12/retime_s1_16_reg/Q 
add mapped point u_IDCT/bdeg/mult_d_mixed_mult_1_12/retime_s1_16_reg/QN u_IDCT/bdeg/mult_d_mixed_mult_1_12/retime_s1_16_reg/QN 
add mapped point u_IDCT/bdeg/mult_d_mixed_mult_1_12/retime_s1_20_reg/Q u_IDCT/bdeg/mult_d_mixed_mult_1_12/retime_s1_20_reg/Q 
add mapped point u_IDCT/bdeg/mult_d_mixed_mult_1_12/retime_s1_20_reg/QN u_IDCT/bdeg/mult_d_mixed_mult_1_12/retime_s1_20_reg/QN 
add mapped point u_IDCT/bdeg/mult_d_mixed_mult_1_12/retime_s1_22_reg/Q u_IDCT/bdeg/mult_d_mixed_mult_1_12/retime_s1_22_reg/Q 
add mapped point u_IDCT/bdeg/mult_d_mixed_mult_1_12/retime_s1_22_reg/QN u_IDCT/bdeg/mult_d_mixed_mult_1_12/retime_s1_22_reg/QN 
add mapped point u_IDCT/bdeg/mult_d_mixed_mult_1_12/retime_s1_24_reg/Q u_IDCT/bdeg/mult_d_mixed_mult_1_12/retime_s1_24_reg/Q 
add mapped point u_IDCT/bdeg/mult_d_mixed_mult_1_12/retime_s1_24_reg/QN u_IDCT/bdeg/mult_d_mixed_mult_1_12/retime_s1_24_reg/QN 
add mapped point u_IDCT/bdeg/mult_d_mixed_mult_1_12/retime_s1_27_reg/Q u_IDCT/bdeg/mult_d_mixed_mult_1_12/retime_s1_27_reg/Q 
add mapped point u_IDCT/bdeg/mult_d_mixed_mult_1_12/retime_s1_27_reg/QN u_IDCT/bdeg/mult_d_mixed_mult_1_12/retime_s1_27_reg/QN 
add mapped point u_IDCT/bdeg/mult_d_mixed_mult_1_12/retime_s1_30_reg/Q u_IDCT/bdeg/mult_d_mixed_mult_1_12/retime_s1_30_reg/Q 
add mapped point u_IDCT/bdeg/mult_d_mixed_mult_1_12/retime_s1_30_reg/QN u_IDCT/bdeg/mult_d_mixed_mult_1_12/retime_s1_30_reg/QN 
add mapped point u_IDCT/bdeg/mult_d_mixed_mult_1_12/retime_s2_1_reg/Q u_IDCT/bdeg/mult_d_mixed_mult_1_12/retime_s2_1_reg/Q 
add mapped point u_IDCT/bdeg/mult_d_mixed_mult_1_12/retime_s2_1_reg/QN u_IDCT/bdeg/mult_d_mixed_mult_1_12/retime_s2_1_reg/QN 
add mapped point u_IDCT/bdeg/mult_d_mixed_mult_1_12/retime_s2_2_reg/Q u_IDCT/bdeg/mult_d_mixed_mult_1_12/retime_s2_2_reg/Q 
add mapped point u_IDCT/bdeg/mult_d_mixed_mult_1_12/retime_s2_2_reg/QN u_IDCT/bdeg/mult_d_mixed_mult_1_12/retime_s2_2_reg/QN 
add mapped point u_IDCT/bdeg/mult_d_mixed_mult_1_12/retime_s2_3_reg/Q u_IDCT/bdeg/mult_d_mixed_mult_1_12/retime_s2_3_reg/Q 
add mapped point u_IDCT/bdeg/mult_d_mixed_mult_1_12/retime_s2_3_reg/QN u_IDCT/bdeg/mult_d_mixed_mult_1_12/retime_s2_3_reg/QN 
add mapped point u_IDCT/bdeg/mult_d_mixed_mult_1_12/retime_s2_4_reg/Q u_IDCT/bdeg/mult_d_mixed_mult_1_12/retime_s2_4_reg/Q 
add mapped point u_IDCT/bdeg/mult_d_mixed_mult_1_12/retime_s2_4_reg/QN u_IDCT/bdeg/mult_d_mixed_mult_1_12/retime_s2_4_reg/QN 
add mapped point u_IDCT/bdeg/mult_d_mixed_mult_1_12/retime_s2_5_reg/Q u_IDCT/bdeg/mult_d_mixed_mult_1_12/retime_s2_5_reg/Q 
add mapped point u_IDCT/bdeg/mult_d_mixed_mult_1_12/retime_s2_5_reg/QN u_IDCT/bdeg/mult_d_mixed_mult_1_12/retime_s2_5_reg/QN 
add mapped point u_IDCT/bdeg/mult_d_mixed_mult_1_12/retime_s2_6_reg/Q u_IDCT/bdeg/mult_d_mixed_mult_1_12/retime_s2_6_reg/Q 
add mapped point u_IDCT/bdeg/mult_d_mixed_mult_1_12/retime_s2_6_reg/QN u_IDCT/bdeg/mult_d_mixed_mult_1_12/retime_s2_6_reg/QN 
add mapped point u_IDCT/bdeg/mult_e_mixed_mult_1_12/retime_s1_3_reg/Q u_IDCT/bdeg/mult_e_mixed_mult_1_12/retime_s1_3_reg/Q 
add mapped point u_IDCT/bdeg/mult_e_mixed_mult_1_12/retime_s1_3_reg/QN u_IDCT/bdeg/mult_e_mixed_mult_1_12/retime_s1_3_reg/QN 
add mapped point u_IDCT/bdeg/mult_e_mixed_mult_1_12/retime_s1_4_reg/Q u_IDCT/bdeg/mult_e_mixed_mult_1_12/retime_s1_4_reg/Q 
add mapped point u_IDCT/bdeg/mult_e_mixed_mult_1_12/retime_s1_4_reg/QN u_IDCT/bdeg/mult_e_mixed_mult_1_12/retime_s1_4_reg/QN 
add mapped point u_IDCT/bdeg/mult_e_mixed_mult_1_12/retime_s1_5_reg/Q u_IDCT/bdeg/mult_e_mixed_mult_1_12/retime_s1_5_reg/Q 
add mapped point u_IDCT/bdeg/mult_e_mixed_mult_1_12/retime_s1_5_reg/QN u_IDCT/bdeg/mult_e_mixed_mult_1_12/retime_s1_5_reg/QN 
add mapped point u_IDCT/bdeg/mult_e_mixed_mult_1_12/retime_s1_6_reg/Q u_IDCT/bdeg/mult_e_mixed_mult_1_12/retime_s1_6_reg/Q 
add mapped point u_IDCT/bdeg/mult_e_mixed_mult_1_12/retime_s1_6_reg/QN u_IDCT/bdeg/mult_e_mixed_mult_1_12/retime_s1_6_reg/QN 
add mapped point u_IDCT/bdeg/mult_e_mixed_mult_1_12/retime_s1_24_reg/Q u_IDCT/bdeg/mult_e_mixed_mult_1_12/retime_s1_24_reg/Q 
add mapped point u_IDCT/bdeg/mult_e_mixed_mult_1_12/retime_s1_24_reg/QN u_IDCT/bdeg/mult_e_mixed_mult_1_12/retime_s1_24_reg/QN 
add mapped point u_IDCT/bdeg/mult_e_mixed_mult_1_12/retime_s1_25_reg/Q u_IDCT/bdeg/mult_e_mixed_mult_1_12/retime_s1_25_reg/Q 
add mapped point u_IDCT/bdeg/mult_e_mixed_mult_1_12/retime_s1_25_reg/QN u_IDCT/bdeg/mult_e_mixed_mult_1_12/retime_s1_25_reg/QN 
add mapped point u_IDCT/bdeg/mult_g_mixed_mult_1_12/retime_s1_2_reg/Q u_IDCT/bdeg/mult_g_mixed_mult_1_12/retime_s1_2_reg/Q 
add mapped point u_IDCT/bdeg/mult_g_mixed_mult_1_12/retime_s1_2_reg/QN u_IDCT/bdeg/mult_g_mixed_mult_1_12/retime_s1_2_reg/QN 
add mapped point u_IDCT/bdeg/mult_g_mixed_mult_1_12/retime_s1_5_reg/Q u_IDCT/bdeg/mult_g_mixed_mult_1_12/retime_s1_5_reg/Q 
add mapped point u_IDCT/bdeg/mult_g_mixed_mult_1_12/retime_s1_5_reg/QN u_IDCT/bdeg/mult_g_mixed_mult_1_12/retime_s1_5_reg/QN 
add mapped point u_IDCT/bdeg/mult_g_mixed_mult_1_12/retime_s1_6_reg/Q u_IDCT/bdeg/mult_g_mixed_mult_1_12/retime_s1_6_reg/Q 
add mapped point u_IDCT/bdeg/mult_g_mixed_mult_1_12/retime_s1_6_reg/QN u_IDCT/bdeg/mult_g_mixed_mult_1_12/retime_s1_6_reg/QN 
add mapped point u_IDCT/bdeg/mult_g_mixed_mult_1_12/retime_s1_8_reg/Q u_IDCT/bdeg/mult_g_mixed_mult_1_12/retime_s1_8_reg/Q 
add mapped point u_IDCT/bdeg/mult_g_mixed_mult_1_12/retime_s1_8_reg/QN u_IDCT/bdeg/mult_g_mixed_mult_1_12/retime_s1_8_reg/QN 
add mapped point u_IDCT/bdeg/mult_g_mixed_mult_1_12/retime_s1_13_reg/Q u_IDCT/bdeg/mult_g_mixed_mult_1_12/retime_s1_13_reg/Q 
add mapped point u_IDCT/bdeg/mult_g_mixed_mult_1_12/retime_s1_13_reg/QN u_IDCT/bdeg/mult_g_mixed_mult_1_12/retime_s1_13_reg/QN 
add mapped point u_IDCT/bdeg/mult_g_mixed_mult_1_12/retime_s1_16_reg/Q u_IDCT/bdeg/mult_g_mixed_mult_1_12/retime_s1_16_reg/Q 
add mapped point u_IDCT/bdeg/mult_g_mixed_mult_1_12/retime_s1_16_reg/QN u_IDCT/bdeg/mult_g_mixed_mult_1_12/retime_s1_16_reg/QN 
add mapped point u_IDCT/bdeg/mult_g_mixed_mult_1_12/retime_s1_18_reg/Q u_IDCT/bdeg/mult_g_mixed_mult_1_12/retime_s1_18_reg/Q 
add mapped point u_IDCT/bdeg/mult_g_mixed_mult_1_12/retime_s1_18_reg/QN u_IDCT/bdeg/mult_g_mixed_mult_1_12/retime_s1_18_reg/QN 
add mapped point u_IDCT/bdeg/mult_g_mixed_mult_1_12/retime_s1_19_reg/Q u_IDCT/bdeg/mult_g_mixed_mult_1_12/retime_s1_19_reg/Q 
add mapped point u_IDCT/bdeg/mult_g_mixed_mult_1_12/retime_s1_19_reg/QN u_IDCT/bdeg/mult_g_mixed_mult_1_12/retime_s1_19_reg/QN 
add mapped point u_IDCT/bdeg/mult_g_mixed_mult_1_12/retime_s1_21_reg/Q u_IDCT/bdeg/mult_g_mixed_mult_1_12/retime_s1_21_reg/Q 
add mapped point u_IDCT/bdeg/mult_g_mixed_mult_1_12/retime_s1_21_reg/QN u_IDCT/bdeg/mult_g_mixed_mult_1_12/retime_s1_21_reg/QN 
add mapped point u_IDCT/bdeg/mult_g_mixed_mult_1_12/retime_s1_22_reg/Q u_IDCT/bdeg/mult_g_mixed_mult_1_12/retime_s1_22_reg/Q 
add mapped point u_IDCT/bdeg/mult_g_mixed_mult_1_12/retime_s1_22_reg/QN u_IDCT/bdeg/mult_g_mixed_mult_1_12/retime_s1_22_reg/QN 
add mapped point u_IDCT/bdeg/mult_g_mixed_mult_1_12/retime_s1_25_reg/Q u_IDCT/bdeg/mult_g_mixed_mult_1_12/retime_s1_25_reg/Q 
add mapped point u_IDCT/bdeg/mult_g_mixed_mult_1_12/retime_s1_25_reg/QN u_IDCT/bdeg/mult_g_mixed_mult_1_12/retime_s1_25_reg/QN 
add mapped point u_IDCT/bdeg/mult_g_mixed_mult_1_12/retime_s1_26_reg/Q u_IDCT/bdeg/mult_g_mixed_mult_1_12/retime_s1_26_reg/Q 
add mapped point u_IDCT/bdeg/mult_g_mixed_mult_1_12/retime_s1_26_reg/QN u_IDCT/bdeg/mult_g_mixed_mult_1_12/retime_s1_26_reg/QN 
add mapped point u_IDCT/bdeg/mult_g_mixed_mult_1_12/retime_s1_28_reg/Q u_IDCT/bdeg/mult_g_mixed_mult_1_12/retime_s1_28_reg/Q 
add mapped point u_IDCT/bdeg/mult_g_mixed_mult_1_12/retime_s1_28_reg/QN u_IDCT/bdeg/mult_g_mixed_mult_1_12/retime_s1_28_reg/QN 
add mapped point u_IDCT/bdeg/mult_g_mixed_mult_1_12/retime_s1_29_reg/Q u_IDCT/bdeg/mult_g_mixed_mult_1_12/retime_s1_29_reg/Q 
add mapped point u_IDCT/bdeg/mult_g_mixed_mult_1_12/retime_s1_29_reg/QN u_IDCT/bdeg/mult_g_mixed_mult_1_12/retime_s1_29_reg/QN 
add mapped point u_IDCT/bdeg/mult_g_mixed_mult_1_12/retime_s1_30_reg/Q u_IDCT/bdeg/mult_g_mixed_mult_1_12/retime_s1_30_reg/Q 
add mapped point u_IDCT/bdeg/mult_g_mixed_mult_1_12/retime_s1_30_reg/QN u_IDCT/bdeg/mult_g_mixed_mult_1_12/retime_s1_30_reg/QN 
add mapped point u_IDCT/bdeg/mult_g_mixed_mult_1_12/retime_s1_31_reg/Q u_IDCT/bdeg/mult_g_mixed_mult_1_12/retime_s1_31_reg/Q 
add mapped point u_IDCT/bdeg/mult_g_mixed_mult_1_12/retime_s1_31_reg/QN u_IDCT/bdeg/mult_g_mixed_mult_1_12/retime_s1_31_reg/QN 
add mapped point u_IDCT/bdeg/mult_g_mixed_mult_1_12/retime_s2_1_reg/Q u_IDCT/bdeg/mult_g_mixed_mult_1_12/retime_s2_1_reg/Q 
add mapped point u_IDCT/bdeg/mult_g_mixed_mult_1_12/retime_s2_1_reg/QN u_IDCT/bdeg/mult_g_mixed_mult_1_12/retime_s2_1_reg/QN 
add mapped point u_IDCT/bdeg/mult_g_mixed_mult_1_12/retime_s2_3_reg/Q u_IDCT/bdeg/mult_g_mixed_mult_1_12/retime_s2_3_reg/Q 
add mapped point u_IDCT/bdeg/mult_g_mixed_mult_1_12/retime_s2_3_reg/QN u_IDCT/bdeg/mult_g_mixed_mult_1_12/retime_s2_3_reg/QN 
add mapped point u_IDCT/bdeg/mult_g_mixed_mult_1_12/retime_s2_4_reg/Q u_IDCT/bdeg/mult_g_mixed_mult_1_12/retime_s2_4_reg/Q 
add mapped point u_IDCT/bdeg/mult_g_mixed_mult_1_12/retime_s2_4_reg/QN u_IDCT/bdeg/mult_g_mixed_mult_1_12/retime_s2_4_reg/QN 
add mapped point u_IDCT/bdeg/ACC0/Z1[0]/q u_IDCT/bdeg/ACC0_Z1_reg[0]/Q 
add mapped point u_IDCT/bdeg/ACC0/Z1[0]/q u_IDCT/bdeg/ACC0_Z1_reg[0]/QN 
add mapped point u_IDCT/bdeg/ACC0/Z1[1]/q u_IDCT/bdeg/ACC0_Z1_reg[1]/Q 
add mapped point u_IDCT/bdeg/ACC0/Z1[1]/q u_IDCT/bdeg/ACC0_Z1_reg[1]/QN 
add mapped point u_IDCT/bdeg/ACC0/Z1[2]/q u_IDCT/bdeg/ACC0_Z1_reg[2]/Q 
add mapped point u_IDCT/bdeg/ACC0/Z1[2]/q u_IDCT/bdeg/ACC0_Z1_reg[2]/QN 
add mapped point u_IDCT/bdeg/ACC0/Z1[3]/q u_IDCT/bdeg/ACC0_Z1_reg[3]/Q 
add mapped point u_IDCT/bdeg/ACC0/Z1[3]/q u_IDCT/bdeg/ACC0_Z1_reg[3]/QN 
add mapped point u_IDCT/bdeg/ACC0/Z1[4]/q u_IDCT/bdeg/ACC0_Z1_reg[4]/Q 
add mapped point u_IDCT/bdeg/ACC0/Z1[4]/q u_IDCT/bdeg/ACC0_Z1_reg[4]/QN 
add mapped point u_IDCT/bdeg/ACC0/Z1[5]/q u_IDCT/bdeg/ACC0_Z1_reg[5]/Q 
add mapped point u_IDCT/bdeg/ACC0/Z1[5]/q u_IDCT/bdeg/ACC0_Z1_reg[5]/QN 
add mapped point u_IDCT/bdeg/ACC0/Z1[6]/q u_IDCT/bdeg/ACC0_Z1_reg[6]/Q 
add mapped point u_IDCT/bdeg/ACC0/Z1[6]/q u_IDCT/bdeg/ACC0_Z1_reg[6]/QN 
add mapped point u_IDCT/bdeg/ACC0/Z1[7]/q u_IDCT/bdeg/ACC0_Z1_reg[7]/Q 
add mapped point u_IDCT/bdeg/ACC0/Z1[7]/q u_IDCT/bdeg/ACC0_Z1_reg[7]/QN 
add mapped point u_IDCT/bdeg/ACC0/Z1[8]/q u_IDCT/bdeg/ACC0_Z1_reg[8]/Q 
add mapped point u_IDCT/bdeg/ACC0/Z1[8]/q u_IDCT/bdeg/ACC0_Z1_reg[8]/QN 
add mapped point u_IDCT/bdeg/ACC0/Z1[9]/q u_IDCT/bdeg/ACC0_Z1_reg[9]/Q 
add mapped point u_IDCT/bdeg/ACC0/Z1[9]/q u_IDCT/bdeg/ACC0_Z1_reg[9]/QN 
add mapped point u_IDCT/bdeg/ACC0/Z1[10]/q u_IDCT/bdeg/ACC0_Z1_reg[10]/Q 
add mapped point u_IDCT/bdeg/ACC0/Z1[10]/q u_IDCT/bdeg/ACC0_Z1_reg[10]/QN 
add mapped point u_IDCT/bdeg/ACC0/Z1[11]/q u_IDCT/bdeg/ACC0_Z1_reg[11]/Q 
add mapped point u_IDCT/bdeg/ACC0/Z1[11]/q u_IDCT/bdeg/ACC0_Z1_reg[11]/QN 
add mapped point u_IDCT/bdeg/ACC0/Z1[12]/q u_IDCT/bdeg/ACC0_Z1_reg[12]/Q 
add mapped point u_IDCT/bdeg/ACC0/Z1[12]/q u_IDCT/bdeg/ACC0_Z1_reg[12]/QN 
add mapped point u_IDCT/bdeg/ACC0/Z1[13]/q u_IDCT/bdeg/ACC0_Z1_reg[13]/Q 
add mapped point u_IDCT/bdeg/ACC0/Z1[13]/q u_IDCT/bdeg/ACC0_Z1_reg[13]/QN 
add mapped point u_IDCT/bdeg/ACC0/Z1[14]/q u_IDCT/bdeg/ACC0_Z1_reg[14]/Q 
add mapped point u_IDCT/bdeg/ACC0/Z1[14]/q u_IDCT/bdeg/ACC0_Z1_reg[14]/QN 
add mapped point u_IDCT/bdeg/ACC0/Z1[15]/q u_IDCT/bdeg/ACC0_Z1_reg[15]/Q 
add mapped point u_IDCT/bdeg/ACC0/Z1[15]/q u_IDCT/bdeg/ACC0_Z1_reg[15]/QN 
add mapped point u_IDCT/bdeg/ACC0/Z1[16]/q u_IDCT/bdeg/ACC0_Z1_reg[16]/Q 
add mapped point u_IDCT/bdeg/ACC0/Z1[16]/q u_IDCT/bdeg/ACC0_Z1_reg[16]/QN 
add mapped point u_IDCT/bdeg/ACC0/Z1[17]/q u_IDCT/bdeg/ACC0_Z1_reg[17]/Q 
add mapped point u_IDCT/bdeg/ACC0/Z1[17]/q u_IDCT/bdeg/ACC0_Z1_reg[17]/QN 
add mapped point u_IDCT/bdeg/ACC0/Z1[18]/q u_IDCT/bdeg/ACC0_Z1_reg[18]/Q 
add mapped point u_IDCT/bdeg/ACC0/Z1[18]/q u_IDCT/bdeg/ACC0_Z1_reg[18]/QN 
add mapped point u_IDCT/bdeg/ACC0/Z1[19]/q u_IDCT/bdeg/ACC0_Z1_reg[19]/Q 
add mapped point u_IDCT/bdeg/ACC0/Z1[19]/q u_IDCT/bdeg/ACC0_Z1_reg[19]/QN 
add mapped point u_IDCT/bdeg/ACC0/Z2[11]/q u_IDCT/bdeg/ACC0_Z2_reg[11]/Q 
add mapped point u_IDCT/bdeg/ACC0/Z2[11]/q u_IDCT/bdeg/ACC0_Z2_reg[11]/QN 
add mapped point u_IDCT/bdeg/ACC0/Z2[12]/q u_IDCT/bdeg/ACC0_Z2_reg[12]/Q 
add mapped point u_IDCT/bdeg/ACC0/Z2[12]/q u_IDCT/bdeg/ACC0_Z2_reg[12]/QN 
add mapped point u_IDCT/bdeg/ACC0/Z2[13]/q u_IDCT/bdeg/ACC0_Z2_reg[13]/Q 
add mapped point u_IDCT/bdeg/ACC0/Z2[13]/q u_IDCT/bdeg/ACC0_Z2_reg[13]/QN 
add mapped point u_IDCT/bdeg/ACC0/Z2[14]/q u_IDCT/bdeg/ACC0_Z2_reg[14]/Q 
add mapped point u_IDCT/bdeg/ACC0/Z2[14]/q u_IDCT/bdeg/ACC0_Z2_reg[14]/QN 
add mapped point u_IDCT/bdeg/ACC0/Z2[15]/q u_IDCT/bdeg/ACC0_Z2_reg[15]/Q 
add mapped point u_IDCT/bdeg/ACC0/Z2[15]/q u_IDCT/bdeg/ACC0_Z2_reg[15]/QN 
add mapped point u_IDCT/bdeg/ACC0/Z2[16]/q u_IDCT/bdeg/ACC0_Z2_reg[16]/Q 
add mapped point u_IDCT/bdeg/ACC0/Z2[16]/q u_IDCT/bdeg/ACC0_Z2_reg[16]/QN 
add mapped point u_IDCT/bdeg/ACC0/Z2[17]/q u_IDCT/bdeg/ACC0_Z2_reg[17]/Q 
add mapped point u_IDCT/bdeg/ACC0/Z2[17]/q u_IDCT/bdeg/ACC0_Z2_reg[17]/QN 
add mapped point u_IDCT/bdeg/ACC0/Z2[18]/q u_IDCT/bdeg/ACC0_Z2_reg[18]/Q 
add mapped point u_IDCT/bdeg/ACC0/Z2[18]/q u_IDCT/bdeg/ACC0_Z2_reg[18]/QN 
add mapped point u_IDCT/bdeg/ACC0/Z2[19]/q u_IDCT/bdeg/ACC0_Z2_reg[19]/Q 
add mapped point u_IDCT/bdeg/ACC0/Z2[19]/q u_IDCT/bdeg/ACC0_Z2_reg[19]/QN 
add mapped point u_IDCT/bdeg/ACC0/accout[0]/q u_IDCT/bdeg/ACC0_accout_reg[0]/Q 
add mapped point u_IDCT/bdeg/ACC0/accout[0]/q u_IDCT/bdeg/ACC0_accout_reg[0]/QN 
add mapped point u_IDCT/bdeg/ACC0/accout[1]/q u_IDCT/bdeg/ACC0_accout_reg[1]/Q 
add mapped point u_IDCT/bdeg/ACC0/accout[1]/q u_IDCT/bdeg/ACC0_accout_reg[1]/QN 
add mapped point u_IDCT/bdeg/ACC0/accout[2]/q u_IDCT/bdeg/ACC0_accout_reg[2]/Q 
add mapped point u_IDCT/bdeg/ACC0/accout[2]/q u_IDCT/bdeg/ACC0_accout_reg[2]/QN 
add mapped point u_IDCT/bdeg/ACC0/accout[3]/q u_IDCT/bdeg/ACC0_accout_reg[3]/Q 
add mapped point u_IDCT/bdeg/ACC0/accout[3]/q u_IDCT/bdeg/ACC0_accout_reg[3]/QN 
add mapped point u_IDCT/bdeg/ACC0/accout[4]/q u_IDCT/bdeg/ACC0_accout_reg[4]/Q 
add mapped point u_IDCT/bdeg/ACC0/accout[4]/q u_IDCT/bdeg/ACC0_accout_reg[4]/QN 
add mapped point u_IDCT/bdeg/ACC0/accout[5]/q u_IDCT/bdeg/ACC0_accout_reg[5]/Q 
add mapped point u_IDCT/bdeg/ACC0/accout[5]/q u_IDCT/bdeg/ACC0_accout_reg[5]/QN 
add mapped point u_IDCT/bdeg/ACC0/accout[6]/q u_IDCT/bdeg/ACC0_accout_reg[6]/Q 
add mapped point u_IDCT/bdeg/ACC0/accout[6]/q u_IDCT/bdeg/ACC0_accout_reg[6]/QN 
add mapped point u_IDCT/bdeg/ACC0/accout[7]/q u_IDCT/bdeg/ACC0_accout_reg[7]/Q 
add mapped point u_IDCT/bdeg/ACC0/accout[7]/q u_IDCT/bdeg/ACC0_accout_reg[7]/QN 
add mapped point u_IDCT/bdeg/ACC0/accout[8]/q u_IDCT/bdeg/ACC0_accout_reg[8]/Q 
add mapped point u_IDCT/bdeg/ACC0/accout[8]/q u_IDCT/bdeg/ACC0_accout_reg[8]/QN 
add mapped point u_IDCT/bdeg/ACC0/accout[9]/q u_IDCT/bdeg/ACC0_accout_reg[9]/Q 
add mapped point u_IDCT/bdeg/ACC0/accout[9]/q u_IDCT/bdeg/ACC0_accout_reg[9]/QN 
add mapped point u_IDCT/bdeg/ACC0/accout[10]/q u_IDCT/bdeg/ACC0_accout_reg[10]/Q 
add mapped point u_IDCT/bdeg/ACC0/accout[10]/q u_IDCT/bdeg/ACC0_accout_reg[10]/QN 
add mapped point u_IDCT/bdeg/ACC0/accout[11]/q u_IDCT/bdeg/ACC0_accout_reg[11]/Q 
add mapped point u_IDCT/bdeg/ACC0/accout[11]/q u_IDCT/bdeg/ACC0_accout_reg[11]/QN 
add mapped point u_IDCT/bdeg/ACC0/accout[12]/q u_IDCT/bdeg/ACC0_accout_reg[12]/Q 
add mapped point u_IDCT/bdeg/ACC0/accout[12]/q u_IDCT/bdeg/ACC0_accout_reg[12]/QN 
add mapped point u_IDCT/bdeg/ACC0/accout[13]/q u_IDCT/bdeg/ACC0_accout_reg[13]/Q 
add mapped point u_IDCT/bdeg/ACC0/accout[13]/q u_IDCT/bdeg/ACC0_accout_reg[13]/QN 
add mapped point u_IDCT/bdeg/ACC0/accout[14]/q u_IDCT/bdeg/ACC0_accout_reg[14]/Q 
add mapped point u_IDCT/bdeg/ACC0/accout[14]/q u_IDCT/bdeg/ACC0_accout_reg[14]/QN 
add mapped point u_IDCT/bdeg/ACC0/accout[15]/q u_IDCT/bdeg/ACC0_accout_reg[15]/Q 
add mapped point u_IDCT/bdeg/ACC0/accout[15]/q u_IDCT/bdeg/ACC0_accout_reg[15]/QN 
add mapped point u_IDCT/bdeg/ACC0/accout[16]/q u_IDCT/bdeg/ACC0_accout_reg[16]/Q 
add mapped point u_IDCT/bdeg/ACC0/accout[16]/q u_IDCT/bdeg/ACC0_accout_reg[16]/QN 
add mapped point u_IDCT/bdeg/ACC0/accout[17]/q u_IDCT/bdeg/ACC0_accout_reg[17]/Q 
add mapped point u_IDCT/bdeg/ACC0/accout[17]/q u_IDCT/bdeg/ACC0_accout_reg[17]/QN 
add mapped point u_IDCT/bdeg/ACC0/adder1/APreS2[0]/q u_IDCT/bdeg/ACC0_adder1_APreS2_reg[0]/Q 
add mapped point u_IDCT/bdeg/ACC0/adder1/APreS2[0]/q u_IDCT/bdeg/ACC0_adder1_APreS2_reg[0]/QN 
add mapped point u_IDCT/bdeg/ACC0/adder1/APreS2[1]/q u_IDCT/bdeg/ACC0_adder1_APreS2_reg[1]/Q 
add mapped point u_IDCT/bdeg/ACC0/adder1/APreS2[1]/q u_IDCT/bdeg/ACC0_adder1_APreS2_reg[1]/QN 
add mapped point u_IDCT/bdeg/ACC0/adder1/APreS2[2]/q u_IDCT/bdeg/ACC0_adder1_APreS2_reg[2]/Q 
add mapped point u_IDCT/bdeg/ACC0/adder1/APreS2[2]/q u_IDCT/bdeg/ACC0_adder1_APreS2_reg[2]/QN 
add mapped point u_IDCT/bdeg/ACC0/adder1/APreS2[3]/q u_IDCT/bdeg/ACC0_adder1_APreS2_reg[3]/Q 
add mapped point u_IDCT/bdeg/ACC0/adder1/APreS2[3]/q u_IDCT/bdeg/ACC0_adder1_APreS2_reg[3]/QN 
add mapped point u_IDCT/bdeg/ACC0/adder1/APreS2[4]/q u_IDCT/bdeg/ACC0_adder1_APreS2_reg[4]/Q 
add mapped point u_IDCT/bdeg/ACC0/adder1/APreS2[4]/q u_IDCT/bdeg/ACC0_adder1_APreS2_reg[4]/QN 
add mapped point u_IDCT/bdeg/ACC0/adder1/APreS2[5]/q u_IDCT/bdeg/ACC0_adder1_APreS2_reg[5]/Q 
add mapped point u_IDCT/bdeg/ACC0/adder1/APreS2[5]/q u_IDCT/bdeg/ACC0_adder1_APreS2_reg[5]/QN 
add mapped point u_IDCT/bdeg/ACC0/adder1/APreS2[6]/q u_IDCT/bdeg/ACC0_adder1_APreS2_reg[6]/Q 
add mapped point u_IDCT/bdeg/ACC0/adder1/APreS2[6]/q u_IDCT/bdeg/ACC0_adder1_APreS2_reg[6]/QN 
add mapped point u_IDCT/bdeg/ACC0/adder1/APreS2[7]/q u_IDCT/bdeg/ACC0_adder1_APreS2_reg[7]/Q 
add mapped point u_IDCT/bdeg/ACC0/adder1/APreS2[7]/q u_IDCT/bdeg/ACC0_adder1_APreS2_reg[7]/QN 
add mapped point u_IDCT/bdeg/ACC0/adder1/APreS2[8]/q u_IDCT/bdeg/ACC0_adder1_APreS2_reg[8]/Q 
add mapped point u_IDCT/bdeg/ACC0/adder1/APreS2[8]/q u_IDCT/bdeg/ACC0_adder1_APreS2_reg[8]/QN 
add mapped point u_IDCT/bdeg/ACC0/adder1/BPreS2[0]/q u_IDCT/bdeg/ACC0_adder1_BPreS2_reg[0]/Q 
add mapped point u_IDCT/bdeg/ACC0/adder1/BPreS2[0]/q u_IDCT/bdeg/ACC0_adder1_BPreS2_reg[0]/QN 
add mapped point u_IDCT/bdeg/ACC0/adder1/BPreS2[1]/q u_IDCT/bdeg/ACC0_adder1_BPreS2_reg[1]/Q 
add mapped point u_IDCT/bdeg/ACC0/adder1/BPreS2[1]/q u_IDCT/bdeg/ACC0_adder1_BPreS2_reg[1]/QN 
add mapped point u_IDCT/bdeg/ACC0/adder1/BPreS2[2]/q u_IDCT/bdeg/ACC0_adder1_BPreS2_reg[2]/Q 
add mapped point u_IDCT/bdeg/ACC0/adder1/BPreS2[2]/q u_IDCT/bdeg/ACC0_adder1_BPreS2_reg[2]/QN 
add mapped point u_IDCT/bdeg/ACC0/adder1/BPreS2[3]/q u_IDCT/bdeg/ACC0_adder1_BPreS2_reg[3]/Q 
add mapped point u_IDCT/bdeg/ACC0/adder1/BPreS2[3]/q u_IDCT/bdeg/ACC0_adder1_BPreS2_reg[3]/QN 
add mapped point u_IDCT/bdeg/ACC0/adder1/BPreS2[4]/q u_IDCT/bdeg/ACC0_adder1_BPreS2_reg[4]/Q 
add mapped point u_IDCT/bdeg/ACC0/adder1/BPreS2[4]/q u_IDCT/bdeg/ACC0_adder1_BPreS2_reg[4]/QN 
add mapped point u_IDCT/bdeg/ACC0/adder1/BPreS2[5]/q u_IDCT/bdeg/ACC0_adder1_BPreS2_reg[5]/Q 
add mapped point u_IDCT/bdeg/ACC0/adder1/BPreS2[5]/q u_IDCT/bdeg/ACC0_adder1_BPreS2_reg[5]/QN 
add mapped point u_IDCT/bdeg/ACC0/adder1/BPreS2[6]/q u_IDCT/bdeg/ACC0_adder1_BPreS2_reg[6]/Q 
add mapped point u_IDCT/bdeg/ACC0/adder1/BPreS2[6]/q u_IDCT/bdeg/ACC0_adder1_BPreS2_reg[6]/QN 
add mapped point u_IDCT/bdeg/ACC0/adder1/BPreS2[7]/q u_IDCT/bdeg/ACC0_adder1_BPreS2_reg[7]/Q 
add mapped point u_IDCT/bdeg/ACC0/adder1/BPreS2[7]/q u_IDCT/bdeg/ACC0_adder1_BPreS2_reg[7]/QN 
add mapped point u_IDCT/bdeg/ACC0/adder1/BPreS2[8]/q u_IDCT/bdeg/ACC0_adder1_BPreS2_reg[8]/Q 
add mapped point u_IDCT/bdeg/ACC0/adder1/BPreS2[8]/q u_IDCT/bdeg/ACC0_adder1_BPreS2_reg[8]/QN 
add mapped point u_IDCT/bdeg/ACC0/adder1/C1/q u_IDCT/bdeg/ACC0_adder1_C1_reg/Q 
add mapped point u_IDCT/bdeg/ACC0/adder1/C1/q u_IDCT/bdeg/ACC0_adder1_C1_reg/QN 
add mapped point u_IDCT/bdeg/ACC0/adder1/PostS1[0]/q u_IDCT/bdeg/ACC0_adder1_PostS1_reg[0]/Q 
add mapped point u_IDCT/bdeg/ACC0/adder1/PostS1[0]/q u_IDCT/bdeg/ACC0_adder1_PostS1_reg[0]/QN 
add mapped point u_IDCT/bdeg/ACC0/adder1/PostS1[1]/q u_IDCT/bdeg/ACC0_adder1_PostS1_reg[1]/Q 
add mapped point u_IDCT/bdeg/ACC0/adder1/PostS1[1]/q u_IDCT/bdeg/ACC0_adder1_PostS1_reg[1]/QN 
add mapped point u_IDCT/bdeg/ACC0/adder1/PostS1[2]/q u_IDCT/bdeg/ACC0_adder1_PostS1_reg[2]/Q 
add mapped point u_IDCT/bdeg/ACC0/adder1/PostS1[2]/q u_IDCT/bdeg/ACC0_adder1_PostS1_reg[2]/QN 
add mapped point u_IDCT/bdeg/ACC0/adder1/PostS1[3]/q u_IDCT/bdeg/ACC0_adder1_PostS1_reg[3]/Q 
add mapped point u_IDCT/bdeg/ACC0/adder1/PostS1[3]/q u_IDCT/bdeg/ACC0_adder1_PostS1_reg[3]/QN 
add mapped point u_IDCT/bdeg/ACC0/adder1/PostS1[4]/q u_IDCT/bdeg/ACC0_adder1_PostS1_reg[4]/Q 
add mapped point u_IDCT/bdeg/ACC0/adder1/PostS1[4]/q u_IDCT/bdeg/ACC0_adder1_PostS1_reg[4]/QN 
add mapped point u_IDCT/bdeg/ACC0/adder1/PostS1[5]/q u_IDCT/bdeg/ACC0_adder1_PostS1_reg[5]/Q 
add mapped point u_IDCT/bdeg/ACC0/adder1/PostS1[5]/q u_IDCT/bdeg/ACC0_adder1_PostS1_reg[5]/QN 
add mapped point u_IDCT/bdeg/ACC0/adder1/PostS1[6]/q u_IDCT/bdeg/ACC0_adder1_PostS1_reg[6]/Q 
add mapped point u_IDCT/bdeg/ACC0/adder1/PostS1[6]/q u_IDCT/bdeg/ACC0_adder1_PostS1_reg[6]/QN 
add mapped point u_IDCT/bdeg/ACC0/adder1/PostS1[7]/q u_IDCT/bdeg/ACC0_adder1_PostS1_reg[7]/Q 
add mapped point u_IDCT/bdeg/ACC0/adder1/PostS1[7]/q u_IDCT/bdeg/ACC0_adder1_PostS1_reg[7]/QN 
add mapped point u_IDCT/bdeg/ACC0/adder1/PostS1[8]/q u_IDCT/bdeg/ACC0_adder1_PostS1_reg[8]/Q 
add mapped point u_IDCT/bdeg/ACC0/adder1/PostS1[8]/q u_IDCT/bdeg/ACC0_adder1_PostS1_reg[8]/QN 
add mapped point u_IDCT/bdeg/ACC0/adder1/PostS1[9]/q u_IDCT/bdeg/ACC0_adder1_PostS1_reg[9]/Q 
add mapped point u_IDCT/bdeg/ACC0/adder1/PostS1[9]/q u_IDCT/bdeg/ACC0_adder1_PostS1_reg[9]/QN 
add mapped point u_IDCT/bdeg/ACC0/adder1/PostS1[10]/q u_IDCT/bdeg/ACC0_adder1_PostS1_reg[10]/Q 
add mapped point u_IDCT/bdeg/ACC0/adder1/PostS1[10]/q u_IDCT/bdeg/ACC0_adder1_PostS1_reg[10]/QN 
add mapped point u_IDCT/bdeg/ACC0/adder2/BPreS2[0]/q u_IDCT/bdeg/ACC0_adder2_BPreS2_reg[0]/Q 
add mapped point u_IDCT/bdeg/ACC0/adder2/BPreS2[0]/q u_IDCT/bdeg/ACC0_adder2_BPreS2_reg[0]/QN 
add mapped point u_IDCT/bdeg/ACC0/adder2/BPreS2[1]/q u_IDCT/bdeg/ACC0_adder2_BPreS2_reg[1]/Q 
add mapped point u_IDCT/bdeg/ACC0/adder2/BPreS2[1]/q u_IDCT/bdeg/ACC0_adder2_BPreS2_reg[1]/QN 
add mapped point u_IDCT/bdeg/ACC0/adder2/BPreS2[2]/q u_IDCT/bdeg/ACC0_adder2_BPreS2_reg[2]/Q 
add mapped point u_IDCT/bdeg/ACC0/adder2/BPreS2[2]/q u_IDCT/bdeg/ACC0_adder2_BPreS2_reg[2]/QN 
add mapped point u_IDCT/bdeg/ACC0/adder2/BPreS2[3]/q u_IDCT/bdeg/ACC0_adder2_BPreS2_reg[3]/Q 
add mapped point u_IDCT/bdeg/ACC0/adder2/BPreS2[3]/q u_IDCT/bdeg/ACC0_adder2_BPreS2_reg[3]/QN 
add mapped point u_IDCT/bdeg/ACC0/adder2/BPreS2[4]/q u_IDCT/bdeg/ACC0_adder2_BPreS2_reg[4]/Q 
add mapped point u_IDCT/bdeg/ACC0/adder2/BPreS2[4]/q u_IDCT/bdeg/ACC0_adder2_BPreS2_reg[4]/QN 
add mapped point u_IDCT/bdeg/ACC0/adder2/BPreS2[5]/q u_IDCT/bdeg/ACC0_adder2_BPreS2_reg[5]/Q 
add mapped point u_IDCT/bdeg/ACC0/adder2/BPreS2[5]/q u_IDCT/bdeg/ACC0_adder2_BPreS2_reg[5]/QN 
add mapped point u_IDCT/bdeg/ACC0/adder2/BPreS2[6]/q u_IDCT/bdeg/ACC0_adder2_BPreS2_reg[6]/Q 
add mapped point u_IDCT/bdeg/ACC0/adder2/BPreS2[6]/q u_IDCT/bdeg/ACC0_adder2_BPreS2_reg[6]/QN 
add mapped point u_IDCT/bdeg/ACC0/adder2/BPreS2[7]/q u_IDCT/bdeg/ACC0_adder2_BPreS2_reg[7]/Q 
add mapped point u_IDCT/bdeg/ACC0/adder2/BPreS2[7]/q u_IDCT/bdeg/ACC0_adder2_BPreS2_reg[7]/QN 
add mapped point u_IDCT/bdeg/ACC0/adder2/BPreS2[8]/q u_IDCT/bdeg/ACC0_adder2_BPreS2_reg[8]/Q 
add mapped point u_IDCT/bdeg/ACC0/adder2/BPreS2[8]/q u_IDCT/bdeg/ACC0_adder2_BPreS2_reg[8]/QN 
add mapped point u_IDCT/bdeg/ACC0/adder2/C1/q u_IDCT/bdeg/ACC0_adder2_C1_reg/Q 
add mapped point u_IDCT/bdeg/ACC0/adder2/C1/q u_IDCT/bdeg/ACC0_adder2_C1_reg/QN 
add mapped point u_IDCT/bdeg/ACC0/adder2/PostS1[0]/q u_IDCT/bdeg/ACC0_adder2_PostS1_reg[0]/Q 
add mapped point u_IDCT/bdeg/ACC0/adder2/PostS1[0]/q u_IDCT/bdeg/ACC0_adder2_PostS1_reg[0]/QN 
add mapped point u_IDCT/bdeg/ACC0/adder2/PostS1[1]/q u_IDCT/bdeg/ACC0_adder2_PostS1_reg[1]/Q 
add mapped point u_IDCT/bdeg/ACC0/adder2/PostS1[1]/q u_IDCT/bdeg/ACC0_adder2_PostS1_reg[1]/QN 
add mapped point u_IDCT/bdeg/ACC0/adder2/PostS1[2]/q u_IDCT/bdeg/ACC0_adder2_PostS1_reg[2]/Q 
add mapped point u_IDCT/bdeg/ACC0/adder2/PostS1[2]/q u_IDCT/bdeg/ACC0_adder2_PostS1_reg[2]/QN 
add mapped point u_IDCT/bdeg/ACC0/adder2/PostS1[3]/q u_IDCT/bdeg/ACC0_adder2_PostS1_reg[3]/Q 
add mapped point u_IDCT/bdeg/ACC0/adder2/PostS1[3]/q u_IDCT/bdeg/ACC0_adder2_PostS1_reg[3]/QN 
add mapped point u_IDCT/bdeg/ACC0/adder2/PostS1[4]/q u_IDCT/bdeg/ACC0_adder2_PostS1_reg[4]/Q 
add mapped point u_IDCT/bdeg/ACC0/adder2/PostS1[4]/q u_IDCT/bdeg/ACC0_adder2_PostS1_reg[4]/QN 
add mapped point u_IDCT/bdeg/ACC0/adder2/PostS1[5]/q u_IDCT/bdeg/ACC0_adder2_PostS1_reg[5]/Q 
add mapped point u_IDCT/bdeg/ACC0/adder2/PostS1[5]/q u_IDCT/bdeg/ACC0_adder2_PostS1_reg[5]/QN 
add mapped point u_IDCT/bdeg/ACC0/adder2/PostS1[6]/q u_IDCT/bdeg/ACC0_adder2_PostS1_reg[6]/Q 
add mapped point u_IDCT/bdeg/ACC0/adder2/PostS1[6]/q u_IDCT/bdeg/ACC0_adder2_PostS1_reg[6]/QN 
add mapped point u_IDCT/bdeg/ACC0/adder2/PostS1[7]/q u_IDCT/bdeg/ACC0_adder2_PostS1_reg[7]/Q 
add mapped point u_IDCT/bdeg/ACC0/adder2/PostS1[7]/q u_IDCT/bdeg/ACC0_adder2_PostS1_reg[7]/QN 
add mapped point u_IDCT/bdeg/ACC0/adder2/PostS1[8]/q u_IDCT/bdeg/ACC0_adder2_PostS1_reg[8]/Q 
add mapped point u_IDCT/bdeg/ACC0/adder2/PostS1[8]/q u_IDCT/bdeg/ACC0_adder2_PostS1_reg[8]/QN 
add mapped point u_IDCT/bdeg/ACC0/adder2/PostS1[9]/q u_IDCT/bdeg/ACC0_adder2_PostS1_reg[9]/Q 
add mapped point u_IDCT/bdeg/ACC0/adder2/PostS1[9]/q u_IDCT/bdeg/ACC0_adder2_PostS1_reg[9]/QN 
add mapped point u_IDCT/bdeg/ACC0/adder2/PostS1[10]/q u_IDCT/bdeg/ACC0_adder2_PostS1_reg[10]/Q 
add mapped point u_IDCT/bdeg/ACC0/adder2/PostS1[10]/q u_IDCT/bdeg/ACC0_adder2_PostS1_reg[10]/QN 
add mapped point u_IDCT/bdeg/ACC1/Z1[0]/q u_IDCT/bdeg/ACC1_Z1_reg[0]/Q 
add mapped point u_IDCT/bdeg/ACC1/Z1[0]/q u_IDCT/bdeg/ACC1_Z1_reg[0]/QN 
add mapped point u_IDCT/bdeg/ACC1/Z1[1]/q u_IDCT/bdeg/ACC1_Z1_reg[1]/Q 
add mapped point u_IDCT/bdeg/ACC1/Z1[1]/q u_IDCT/bdeg/ACC1_Z1_reg[1]/QN 
add mapped point u_IDCT/bdeg/ACC1/Z1[2]/q u_IDCT/bdeg/ACC1_Z1_reg[2]/Q 
add mapped point u_IDCT/bdeg/ACC1/Z1[2]/q u_IDCT/bdeg/ACC1_Z1_reg[2]/QN 
add mapped point u_IDCT/bdeg/ACC1/Z1[3]/q u_IDCT/bdeg/ACC1_Z1_reg[3]/Q 
add mapped point u_IDCT/bdeg/ACC1/Z1[3]/q u_IDCT/bdeg/ACC1_Z1_reg[3]/QN 
add mapped point u_IDCT/bdeg/ACC1/Z1[4]/q u_IDCT/bdeg/ACC1_Z1_reg[4]/Q 
add mapped point u_IDCT/bdeg/ACC1/Z1[4]/q u_IDCT/bdeg/ACC1_Z1_reg[4]/QN 
add mapped point u_IDCT/bdeg/ACC1/Z1[5]/q u_IDCT/bdeg/ACC1_Z1_reg[5]/Q 
add mapped point u_IDCT/bdeg/ACC1/Z1[5]/q u_IDCT/bdeg/ACC1_Z1_reg[5]/QN 
add mapped point u_IDCT/bdeg/ACC1/Z1[6]/q u_IDCT/bdeg/ACC1_Z1_reg[6]/Q 
add mapped point u_IDCT/bdeg/ACC1/Z1[6]/q u_IDCT/bdeg/ACC1_Z1_reg[6]/QN 
add mapped point u_IDCT/bdeg/ACC1/Z1[7]/q u_IDCT/bdeg/ACC1_Z1_reg[7]/Q 
add mapped point u_IDCT/bdeg/ACC1/Z1[7]/q u_IDCT/bdeg/ACC1_Z1_reg[7]/QN 
add mapped point u_IDCT/bdeg/ACC1/Z1[8]/q u_IDCT/bdeg/ACC1_Z1_reg[8]/Q 
add mapped point u_IDCT/bdeg/ACC1/Z1[8]/q u_IDCT/bdeg/ACC1_Z1_reg[8]/QN 
add mapped point u_IDCT/bdeg/ACC1/Z1[9]/q u_IDCT/bdeg/ACC1_Z1_reg[9]/Q 
add mapped point u_IDCT/bdeg/ACC1/Z1[9]/q u_IDCT/bdeg/ACC1_Z1_reg[9]/QN 
add mapped point u_IDCT/bdeg/ACC1/Z1[10]/q u_IDCT/bdeg/ACC1_Z1_reg[10]/Q 
add mapped point u_IDCT/bdeg/ACC1/Z1[10]/q u_IDCT/bdeg/ACC1_Z1_reg[10]/QN 
add mapped point u_IDCT/bdeg/ACC1/Z1[11]/q u_IDCT/bdeg/ACC1_Z1_reg[11]/Q 
add mapped point u_IDCT/bdeg/ACC1/Z1[11]/q u_IDCT/bdeg/ACC1_Z1_reg[11]/QN 
add mapped point u_IDCT/bdeg/ACC1/Z1[12]/q u_IDCT/bdeg/ACC1_Z1_reg[12]/Q 
add mapped point u_IDCT/bdeg/ACC1/Z1[12]/q u_IDCT/bdeg/ACC1_Z1_reg[12]/QN 
add mapped point u_IDCT/bdeg/ACC1/Z1[13]/q u_IDCT/bdeg/ACC1_Z1_reg[13]/Q 
add mapped point u_IDCT/bdeg/ACC1/Z1[13]/q u_IDCT/bdeg/ACC1_Z1_reg[13]/QN 
add mapped point u_IDCT/bdeg/ACC1/Z1[14]/q u_IDCT/bdeg/ACC1_Z1_reg[14]/Q 
add mapped point u_IDCT/bdeg/ACC1/Z1[14]/q u_IDCT/bdeg/ACC1_Z1_reg[14]/QN 
add mapped point u_IDCT/bdeg/ACC1/Z1[15]/q u_IDCT/bdeg/ACC1_Z1_reg[15]/Q 
add mapped point u_IDCT/bdeg/ACC1/Z1[15]/q u_IDCT/bdeg/ACC1_Z1_reg[15]/QN 
add mapped point u_IDCT/bdeg/ACC1/Z1[16]/q u_IDCT/bdeg/ACC1_Z1_reg[16]/Q 
add mapped point u_IDCT/bdeg/ACC1/Z1[16]/q u_IDCT/bdeg/ACC1_Z1_reg[16]/QN 
add mapped point u_IDCT/bdeg/ACC1/Z1[17]/q u_IDCT/bdeg/ACC1_Z1_reg[17]/Q 
add mapped point u_IDCT/bdeg/ACC1/Z1[17]/q u_IDCT/bdeg/ACC1_Z1_reg[17]/QN 
add mapped point u_IDCT/bdeg/ACC1/Z1[18]/q u_IDCT/bdeg/ACC1_Z1_reg[18]/Q 
add mapped point u_IDCT/bdeg/ACC1/Z1[18]/q u_IDCT/bdeg/ACC1_Z1_reg[18]/QN 
add mapped point u_IDCT/bdeg/ACC1/Z1[19]/q u_IDCT/bdeg/ACC1_Z1_reg[19]/Q 
add mapped point u_IDCT/bdeg/ACC1/Z1[19]/q u_IDCT/bdeg/ACC1_Z1_reg[19]/QN 
add mapped point u_IDCT/bdeg/ACC1/Z2[11]/q u_IDCT/bdeg/ACC1_Z2_reg[11]/Q 
add mapped point u_IDCT/bdeg/ACC1/Z2[11]/q u_IDCT/bdeg/ACC1_Z2_reg[11]/QN 
add mapped point u_IDCT/bdeg/ACC1/Z2[12]/q u_IDCT/bdeg/ACC1_Z2_reg[12]/Q 
add mapped point u_IDCT/bdeg/ACC1/Z2[12]/q u_IDCT/bdeg/ACC1_Z2_reg[12]/QN 
add mapped point u_IDCT/bdeg/ACC1/Z2[13]/q u_IDCT/bdeg/ACC1_Z2_reg[13]/Q 
add mapped point u_IDCT/bdeg/ACC1/Z2[13]/q u_IDCT/bdeg/ACC1_Z2_reg[13]/QN 
add mapped point u_IDCT/bdeg/ACC1/Z2[14]/q u_IDCT/bdeg/ACC1_Z2_reg[14]/Q 
add mapped point u_IDCT/bdeg/ACC1/Z2[14]/q u_IDCT/bdeg/ACC1_Z2_reg[14]/QN 
add mapped point u_IDCT/bdeg/ACC1/Z2[15]/q u_IDCT/bdeg/ACC1_Z2_reg[15]/Q 
add mapped point u_IDCT/bdeg/ACC1/Z2[15]/q u_IDCT/bdeg/ACC1_Z2_reg[15]/QN 
add mapped point u_IDCT/bdeg/ACC1/Z2[16]/q u_IDCT/bdeg/ACC1_Z2_reg[16]/Q 
add mapped point u_IDCT/bdeg/ACC1/Z2[16]/q u_IDCT/bdeg/ACC1_Z2_reg[16]/QN 
add mapped point u_IDCT/bdeg/ACC1/Z2[17]/q u_IDCT/bdeg/ACC1_Z2_reg[17]/Q 
add mapped point u_IDCT/bdeg/ACC1/Z2[17]/q u_IDCT/bdeg/ACC1_Z2_reg[17]/QN 
add mapped point u_IDCT/bdeg/ACC1/Z2[18]/q u_IDCT/bdeg/ACC1_Z2_reg[18]/Q 
add mapped point u_IDCT/bdeg/ACC1/Z2[18]/q u_IDCT/bdeg/ACC1_Z2_reg[18]/QN 
add mapped point u_IDCT/bdeg/ACC1/Z2[19]/q u_IDCT/bdeg/ACC1_Z2_reg[19]/Q 
add mapped point u_IDCT/bdeg/ACC1/Z2[19]/q u_IDCT/bdeg/ACC1_Z2_reg[19]/QN 
add mapped point u_IDCT/bdeg/ACC1/accout[0]/q u_IDCT/bdeg/ACC1_accout_reg[0]/Q 
add mapped point u_IDCT/bdeg/ACC1/accout[0]/q u_IDCT/bdeg/ACC1_accout_reg[0]/QN 
add mapped point u_IDCT/bdeg/ACC1/accout[1]/q u_IDCT/bdeg/ACC1_accout_reg[1]/Q 
add mapped point u_IDCT/bdeg/ACC1/accout[1]/q u_IDCT/bdeg/ACC1_accout_reg[1]/QN 
add mapped point u_IDCT/bdeg/ACC1/accout[2]/q u_IDCT/bdeg/ACC1_accout_reg[2]/Q 
add mapped point u_IDCT/bdeg/ACC1/accout[2]/q u_IDCT/bdeg/ACC1_accout_reg[2]/QN 
add mapped point u_IDCT/bdeg/ACC1/accout[3]/q u_IDCT/bdeg/ACC1_accout_reg[3]/Q 
add mapped point u_IDCT/bdeg/ACC1/accout[3]/q u_IDCT/bdeg/ACC1_accout_reg[3]/QN 
add mapped point u_IDCT/bdeg/ACC1/accout[4]/q u_IDCT/bdeg/ACC1_accout_reg[4]/Q 
add mapped point u_IDCT/bdeg/ACC1/accout[4]/q u_IDCT/bdeg/ACC1_accout_reg[4]/QN 
add mapped point u_IDCT/bdeg/ACC1/accout[5]/q u_IDCT/bdeg/ACC1_accout_reg[5]/Q 
add mapped point u_IDCT/bdeg/ACC1/accout[5]/q u_IDCT/bdeg/ACC1_accout_reg[5]/QN 
add mapped point u_IDCT/bdeg/ACC1/accout[6]/q u_IDCT/bdeg/ACC1_accout_reg[6]/Q 
add mapped point u_IDCT/bdeg/ACC1/accout[6]/q u_IDCT/bdeg/ACC1_accout_reg[6]/QN 
add mapped point u_IDCT/bdeg/ACC1/accout[7]/q u_IDCT/bdeg/ACC1_accout_reg[7]/Q 
add mapped point u_IDCT/bdeg/ACC1/accout[7]/q u_IDCT/bdeg/ACC1_accout_reg[7]/QN 
add mapped point u_IDCT/bdeg/ACC1/accout[8]/q u_IDCT/bdeg/ACC1_accout_reg[8]/Q 
add mapped point u_IDCT/bdeg/ACC1/accout[8]/q u_IDCT/bdeg/ACC1_accout_reg[8]/QN 
add mapped point u_IDCT/bdeg/ACC1/accout[9]/q u_IDCT/bdeg/ACC1_accout_reg[9]/Q 
add mapped point u_IDCT/bdeg/ACC1/accout[9]/q u_IDCT/bdeg/ACC1_accout_reg[9]/QN 
add mapped point u_IDCT/bdeg/ACC1/accout[10]/q u_IDCT/bdeg/ACC1_accout_reg[10]/Q 
add mapped point u_IDCT/bdeg/ACC1/accout[10]/q u_IDCT/bdeg/ACC1_accout_reg[10]/QN 
add mapped point u_IDCT/bdeg/ACC1/accout[11]/q u_IDCT/bdeg/ACC1_accout_reg[11]/Q 
add mapped point u_IDCT/bdeg/ACC1/accout[11]/q u_IDCT/bdeg/ACC1_accout_reg[11]/QN 
add mapped point u_IDCT/bdeg/ACC1/accout[12]/q u_IDCT/bdeg/ACC1_accout_reg[12]/Q 
add mapped point u_IDCT/bdeg/ACC1/accout[12]/q u_IDCT/bdeg/ACC1_accout_reg[12]/QN 
add mapped point u_IDCT/bdeg/ACC1/accout[13]/q u_IDCT/bdeg/ACC1_accout_reg[13]/Q 
add mapped point u_IDCT/bdeg/ACC1/accout[13]/q u_IDCT/bdeg/ACC1_accout_reg[13]/QN 
add mapped point u_IDCT/bdeg/ACC1/accout[14]/q u_IDCT/bdeg/ACC1_accout_reg[14]/Q 
add mapped point u_IDCT/bdeg/ACC1/accout[14]/q u_IDCT/bdeg/ACC1_accout_reg[14]/QN 
add mapped point u_IDCT/bdeg/ACC1/accout[15]/q u_IDCT/bdeg/ACC1_accout_reg[15]/Q 
add mapped point u_IDCT/bdeg/ACC1/accout[15]/q u_IDCT/bdeg/ACC1_accout_reg[15]/QN 
add mapped point u_IDCT/bdeg/ACC1/accout[16]/q u_IDCT/bdeg/ACC1_accout_reg[16]/Q 
add mapped point u_IDCT/bdeg/ACC1/accout[16]/q u_IDCT/bdeg/ACC1_accout_reg[16]/QN 
add mapped point u_IDCT/bdeg/ACC1/accout[17]/q u_IDCT/bdeg/ACC1_accout_reg[17]/Q 
add mapped point u_IDCT/bdeg/ACC1/accout[17]/q u_IDCT/bdeg/ACC1_accout_reg[17]/QN 
add mapped point u_IDCT/bdeg/ACC1/adder1/APreS2[0]/q u_IDCT/bdeg/ACC1_adder1_APreS2_reg[0]/Q 
add mapped point u_IDCT/bdeg/ACC1/adder1/APreS2[0]/q u_IDCT/bdeg/ACC1_adder1_APreS2_reg[0]/QN 
add mapped point u_IDCT/bdeg/ACC1/adder1/APreS2[1]/q u_IDCT/bdeg/ACC1_adder1_APreS2_reg[1]/Q 
add mapped point u_IDCT/bdeg/ACC1/adder1/APreS2[1]/q u_IDCT/bdeg/ACC1_adder1_APreS2_reg[1]/QN 
add mapped point u_IDCT/bdeg/ACC1/adder1/APreS2[2]/q u_IDCT/bdeg/ACC1_adder1_APreS2_reg[2]/Q 
add mapped point u_IDCT/bdeg/ACC1/adder1/APreS2[2]/q u_IDCT/bdeg/ACC1_adder1_APreS2_reg[2]/QN 
add mapped point u_IDCT/bdeg/ACC1/adder1/APreS2[3]/q u_IDCT/bdeg/ACC1_adder1_APreS2_reg[3]/Q 
add mapped point u_IDCT/bdeg/ACC1/adder1/APreS2[3]/q u_IDCT/bdeg/ACC1_adder1_APreS2_reg[3]/QN 
add mapped point u_IDCT/bdeg/ACC1/adder1/APreS2[4]/q u_IDCT/bdeg/ACC1_adder1_APreS2_reg[4]/Q 
add mapped point u_IDCT/bdeg/ACC1/adder1/APreS2[4]/q u_IDCT/bdeg/ACC1_adder1_APreS2_reg[4]/QN 
add mapped point u_IDCT/bdeg/ACC1/adder1/APreS2[5]/q u_IDCT/bdeg/ACC1_adder1_APreS2_reg[5]/Q 
add mapped point u_IDCT/bdeg/ACC1/adder1/APreS2[5]/q u_IDCT/bdeg/ACC1_adder1_APreS2_reg[5]/QN 
add mapped point u_IDCT/bdeg/ACC1/adder1/APreS2[6]/q u_IDCT/bdeg/ACC1_adder1_APreS2_reg[6]/Q 
add mapped point u_IDCT/bdeg/ACC1/adder1/APreS2[6]/q u_IDCT/bdeg/ACC1_adder1_APreS2_reg[6]/QN 
add mapped point u_IDCT/bdeg/ACC1/adder1/APreS2[7]/q u_IDCT/bdeg/ACC1_adder1_APreS2_reg[7]/Q 
add mapped point u_IDCT/bdeg/ACC1/adder1/APreS2[7]/q u_IDCT/bdeg/ACC1_adder1_APreS2_reg[7]/QN 
add mapped point u_IDCT/bdeg/ACC1/adder1/APreS2[8]/q u_IDCT/bdeg/ACC1_adder1_APreS2_reg[8]/Q 
add mapped point u_IDCT/bdeg/ACC1/adder1/APreS2[8]/q u_IDCT/bdeg/ACC1_adder1_APreS2_reg[8]/QN 
add mapped point u_IDCT/bdeg/ACC1/adder1/BPreS2[0]/q u_IDCT/bdeg/ACC1_adder1_BPreS2_reg[0]/Q 
add mapped point u_IDCT/bdeg/ACC1/adder1/BPreS2[0]/q u_IDCT/bdeg/ACC1_adder1_BPreS2_reg[0]/QN 
add mapped point u_IDCT/bdeg/ACC1/adder1/BPreS2[1]/q u_IDCT/bdeg/ACC1_adder1_BPreS2_reg[1]/Q 
add mapped point u_IDCT/bdeg/ACC1/adder1/BPreS2[1]/q u_IDCT/bdeg/ACC1_adder1_BPreS2_reg[1]/QN 
add mapped point u_IDCT/bdeg/ACC1/adder1/BPreS2[2]/q u_IDCT/bdeg/ACC1_adder1_BPreS2_reg[2]/Q 
add mapped point u_IDCT/bdeg/ACC1/adder1/BPreS2[2]/q u_IDCT/bdeg/ACC1_adder1_BPreS2_reg[2]/QN 
add mapped point u_IDCT/bdeg/ACC1/adder1/BPreS2[3]/q u_IDCT/bdeg/ACC1_adder1_BPreS2_reg[3]/Q 
add mapped point u_IDCT/bdeg/ACC1/adder1/BPreS2[3]/q u_IDCT/bdeg/ACC1_adder1_BPreS2_reg[3]/QN 
add mapped point u_IDCT/bdeg/ACC1/adder1/BPreS2[4]/q u_IDCT/bdeg/ACC1_adder1_BPreS2_reg[4]/Q 
add mapped point u_IDCT/bdeg/ACC1/adder1/BPreS2[4]/q u_IDCT/bdeg/ACC1_adder1_BPreS2_reg[4]/QN 
add mapped point u_IDCT/bdeg/ACC1/adder1/BPreS2[5]/q u_IDCT/bdeg/ACC1_adder1_BPreS2_reg[5]/Q 
add mapped point u_IDCT/bdeg/ACC1/adder1/BPreS2[5]/q u_IDCT/bdeg/ACC1_adder1_BPreS2_reg[5]/QN 
add mapped point u_IDCT/bdeg/ACC1/adder1/BPreS2[6]/q u_IDCT/bdeg/ACC1_adder1_BPreS2_reg[6]/Q 
add mapped point u_IDCT/bdeg/ACC1/adder1/BPreS2[6]/q u_IDCT/bdeg/ACC1_adder1_BPreS2_reg[6]/QN 
add mapped point u_IDCT/bdeg/ACC1/adder1/BPreS2[7]/q u_IDCT/bdeg/ACC1_adder1_BPreS2_reg[7]/Q 
add mapped point u_IDCT/bdeg/ACC1/adder1/BPreS2[7]/q u_IDCT/bdeg/ACC1_adder1_BPreS2_reg[7]/QN 
add mapped point u_IDCT/bdeg/ACC1/adder1/BPreS2[8]/q u_IDCT/bdeg/ACC1_adder1_BPreS2_reg[8]/Q 
add mapped point u_IDCT/bdeg/ACC1/adder1/BPreS2[8]/q u_IDCT/bdeg/ACC1_adder1_BPreS2_reg[8]/QN 
add mapped point u_IDCT/bdeg/ACC1/adder1/C1/q u_IDCT/bdeg/ACC1_adder1_C1_reg/Q 
add mapped point u_IDCT/bdeg/ACC1/adder1/C1/q u_IDCT/bdeg/ACC1_adder1_C1_reg/QN 
add mapped point u_IDCT/bdeg/ACC1/adder1/PostS1[0]/q u_IDCT/bdeg/ACC1_adder1_PostS1_reg[0]/Q 
add mapped point u_IDCT/bdeg/ACC1/adder1/PostS1[0]/q u_IDCT/bdeg/ACC1_adder1_PostS1_reg[0]/QN 
add mapped point u_IDCT/bdeg/ACC1/adder1/PostS1[1]/q u_IDCT/bdeg/ACC1_adder1_PostS1_reg[1]/Q 
add mapped point u_IDCT/bdeg/ACC1/adder1/PostS1[1]/q u_IDCT/bdeg/ACC1_adder1_PostS1_reg[1]/QN 
add mapped point u_IDCT/bdeg/ACC1/adder1/PostS1[2]/q u_IDCT/bdeg/ACC1_adder1_PostS1_reg[2]/Q 
add mapped point u_IDCT/bdeg/ACC1/adder1/PostS1[2]/q u_IDCT/bdeg/ACC1_adder1_PostS1_reg[2]/QN 
add mapped point u_IDCT/bdeg/ACC1/adder1/PostS1[3]/q u_IDCT/bdeg/ACC1_adder1_PostS1_reg[3]/Q 
add mapped point u_IDCT/bdeg/ACC1/adder1/PostS1[3]/q u_IDCT/bdeg/ACC1_adder1_PostS1_reg[3]/QN 
add mapped point u_IDCT/bdeg/ACC1/adder1/PostS1[4]/q u_IDCT/bdeg/ACC1_adder1_PostS1_reg[4]/Q 
add mapped point u_IDCT/bdeg/ACC1/adder1/PostS1[4]/q u_IDCT/bdeg/ACC1_adder1_PostS1_reg[4]/QN 
add mapped point u_IDCT/bdeg/ACC1/adder1/PostS1[5]/q u_IDCT/bdeg/ACC1_adder1_PostS1_reg[5]/Q 
add mapped point u_IDCT/bdeg/ACC1/adder1/PostS1[5]/q u_IDCT/bdeg/ACC1_adder1_PostS1_reg[5]/QN 
add mapped point u_IDCT/bdeg/ACC1/adder1/PostS1[6]/q u_IDCT/bdeg/ACC1_adder1_PostS1_reg[6]/Q 
add mapped point u_IDCT/bdeg/ACC1/adder1/PostS1[6]/q u_IDCT/bdeg/ACC1_adder1_PostS1_reg[6]/QN 
add mapped point u_IDCT/bdeg/ACC1/adder1/PostS1[7]/q u_IDCT/bdeg/ACC1_adder1_PostS1_reg[7]/Q 
add mapped point u_IDCT/bdeg/ACC1/adder1/PostS1[7]/q u_IDCT/bdeg/ACC1_adder1_PostS1_reg[7]/QN 
add mapped point u_IDCT/bdeg/ACC1/adder1/PostS1[8]/q u_IDCT/bdeg/ACC1_adder1_PostS1_reg[8]/Q 
add mapped point u_IDCT/bdeg/ACC1/adder1/PostS1[8]/q u_IDCT/bdeg/ACC1_adder1_PostS1_reg[8]/QN 
add mapped point u_IDCT/bdeg/ACC1/adder1/PostS1[9]/q u_IDCT/bdeg/ACC1_adder1_PostS1_reg[9]/Q 
add mapped point u_IDCT/bdeg/ACC1/adder1/PostS1[9]/q u_IDCT/bdeg/ACC1_adder1_PostS1_reg[9]/QN 
add mapped point u_IDCT/bdeg/ACC1/adder1/PostS1[10]/q u_IDCT/bdeg/ACC1_adder1_PostS1_reg[10]/Q 
add mapped point u_IDCT/bdeg/ACC1/adder1/PostS1[10]/q u_IDCT/bdeg/ACC1_adder1_PostS1_reg[10]/QN 
add mapped point u_IDCT/bdeg/ACC1/adder2/BPreS2[0]/q u_IDCT/bdeg/ACC1_adder2_BPreS2_reg[0]/Q 
add mapped point u_IDCT/bdeg/ACC1/adder2/BPreS2[0]/q u_IDCT/bdeg/ACC1_adder2_BPreS2_reg[0]/QN 
add mapped point u_IDCT/bdeg/ACC1/adder2/BPreS2[1]/q u_IDCT/bdeg/ACC1_adder2_BPreS2_reg[1]/Q 
add mapped point u_IDCT/bdeg/ACC1/adder2/BPreS2[1]/q u_IDCT/bdeg/ACC1_adder2_BPreS2_reg[1]/QN 
add mapped point u_IDCT/bdeg/ACC1/adder2/BPreS2[2]/q u_IDCT/bdeg/ACC1_adder2_BPreS2_reg[2]/Q 
add mapped point u_IDCT/bdeg/ACC1/adder2/BPreS2[2]/q u_IDCT/bdeg/ACC1_adder2_BPreS2_reg[2]/QN 
add mapped point u_IDCT/bdeg/ACC1/adder2/BPreS2[3]/q u_IDCT/bdeg/ACC1_adder2_BPreS2_reg[3]/Q 
add mapped point u_IDCT/bdeg/ACC1/adder2/BPreS2[3]/q u_IDCT/bdeg/ACC1_adder2_BPreS2_reg[3]/QN 
add mapped point u_IDCT/bdeg/ACC1/adder2/BPreS2[4]/q u_IDCT/bdeg/ACC1_adder2_BPreS2_reg[4]/Q 
add mapped point u_IDCT/bdeg/ACC1/adder2/BPreS2[4]/q u_IDCT/bdeg/ACC1_adder2_BPreS2_reg[4]/QN 
add mapped point u_IDCT/bdeg/ACC1/adder2/BPreS2[5]/q u_IDCT/bdeg/ACC1_adder2_BPreS2_reg[5]/Q 
add mapped point u_IDCT/bdeg/ACC1/adder2/BPreS2[5]/q u_IDCT/bdeg/ACC1_adder2_BPreS2_reg[5]/QN 
add mapped point u_IDCT/bdeg/ACC1/adder2/BPreS2[6]/q u_IDCT/bdeg/ACC1_adder2_BPreS2_reg[6]/Q 
add mapped point u_IDCT/bdeg/ACC1/adder2/BPreS2[6]/q u_IDCT/bdeg/ACC1_adder2_BPreS2_reg[6]/QN 
add mapped point u_IDCT/bdeg/ACC1/adder2/BPreS2[7]/q u_IDCT/bdeg/ACC1_adder2_BPreS2_reg[7]/Q 
add mapped point u_IDCT/bdeg/ACC1/adder2/BPreS2[7]/q u_IDCT/bdeg/ACC1_adder2_BPreS2_reg[7]/QN 
add mapped point u_IDCT/bdeg/ACC1/adder2/BPreS2[8]/q u_IDCT/bdeg/ACC1_adder2_BPreS2_reg[8]/Q 
add mapped point u_IDCT/bdeg/ACC1/adder2/BPreS2[8]/q u_IDCT/bdeg/ACC1_adder2_BPreS2_reg[8]/QN 
add mapped point u_IDCT/bdeg/ACC1/adder2/C1/q u_IDCT/bdeg/ACC1_adder2_C1_reg/Q 
add mapped point u_IDCT/bdeg/ACC1/adder2/C1/q u_IDCT/bdeg/ACC1_adder2_C1_reg/QN 
add mapped point u_IDCT/bdeg/ACC1/adder2/PostS1[0]/q u_IDCT/bdeg/ACC1_adder2_PostS1_reg[0]/Q 
add mapped point u_IDCT/bdeg/ACC1/adder2/PostS1[0]/q u_IDCT/bdeg/ACC1_adder2_PostS1_reg[0]/QN 
add mapped point u_IDCT/bdeg/ACC1/adder2/PostS1[1]/q u_IDCT/bdeg/ACC1_adder2_PostS1_reg[1]/Q 
add mapped point u_IDCT/bdeg/ACC1/adder2/PostS1[1]/q u_IDCT/bdeg/ACC1_adder2_PostS1_reg[1]/QN 
add mapped point u_IDCT/bdeg/ACC1/adder2/PostS1[2]/q u_IDCT/bdeg/ACC1_adder2_PostS1_reg[2]/Q 
add mapped point u_IDCT/bdeg/ACC1/adder2/PostS1[2]/q u_IDCT/bdeg/ACC1_adder2_PostS1_reg[2]/QN 
add mapped point u_IDCT/bdeg/ACC1/adder2/PostS1[3]/q u_IDCT/bdeg/ACC1_adder2_PostS1_reg[3]/Q 
add mapped point u_IDCT/bdeg/ACC1/adder2/PostS1[3]/q u_IDCT/bdeg/ACC1_adder2_PostS1_reg[3]/QN 
add mapped point u_IDCT/bdeg/ACC1/adder2/PostS1[4]/q u_IDCT/bdeg/ACC1_adder2_PostS1_reg[4]/Q 
add mapped point u_IDCT/bdeg/ACC1/adder2/PostS1[4]/q u_IDCT/bdeg/ACC1_adder2_PostS1_reg[4]/QN 
add mapped point u_IDCT/bdeg/ACC1/adder2/PostS1[5]/q u_IDCT/bdeg/ACC1_adder2_PostS1_reg[5]/Q 
add mapped point u_IDCT/bdeg/ACC1/adder2/PostS1[5]/q u_IDCT/bdeg/ACC1_adder2_PostS1_reg[5]/QN 
add mapped point u_IDCT/bdeg/ACC1/adder2/PostS1[6]/q u_IDCT/bdeg/ACC1_adder2_PostS1_reg[6]/Q 
add mapped point u_IDCT/bdeg/ACC1/adder2/PostS1[6]/q u_IDCT/bdeg/ACC1_adder2_PostS1_reg[6]/QN 
add mapped point u_IDCT/bdeg/ACC1/adder2/PostS1[7]/q u_IDCT/bdeg/ACC1_adder2_PostS1_reg[7]/Q 
add mapped point u_IDCT/bdeg/ACC1/adder2/PostS1[7]/q u_IDCT/bdeg/ACC1_adder2_PostS1_reg[7]/QN 
add mapped point u_IDCT/bdeg/ACC1/adder2/PostS1[8]/q u_IDCT/bdeg/ACC1_adder2_PostS1_reg[8]/Q 
add mapped point u_IDCT/bdeg/ACC1/adder2/PostS1[8]/q u_IDCT/bdeg/ACC1_adder2_PostS1_reg[8]/QN 
add mapped point u_IDCT/bdeg/ACC1/adder2/PostS1[9]/q u_IDCT/bdeg/ACC1_adder2_PostS1_reg[9]/Q 
add mapped point u_IDCT/bdeg/ACC1/adder2/PostS1[9]/q u_IDCT/bdeg/ACC1_adder2_PostS1_reg[9]/QN 
add mapped point u_IDCT/bdeg/ACC1/adder2/PostS1[10]/q u_IDCT/bdeg/ACC1_adder2_PostS1_reg[10]/Q 
add mapped point u_IDCT/bdeg/ACC1/adder2/PostS1[10]/q u_IDCT/bdeg/ACC1_adder2_PostS1_reg[10]/QN 
add mapped point u_IDCT/bdeg/ACC2/Z1[0]/q u_IDCT/bdeg/ACC2_Z1_reg[0]/Q 
add mapped point u_IDCT/bdeg/ACC2/Z1[0]/q u_IDCT/bdeg/ACC2_Z1_reg[0]/QN 
add mapped point u_IDCT/bdeg/ACC2/Z1[1]/q u_IDCT/bdeg/ACC2_Z1_reg[1]/Q 
add mapped point u_IDCT/bdeg/ACC2/Z1[1]/q u_IDCT/bdeg/ACC2_Z1_reg[1]/QN 
add mapped point u_IDCT/bdeg/ACC2/Z1[2]/q u_IDCT/bdeg/ACC2_Z1_reg[2]/Q 
add mapped point u_IDCT/bdeg/ACC2/Z1[2]/q u_IDCT/bdeg/ACC2_Z1_reg[2]/QN 
add mapped point u_IDCT/bdeg/ACC2/Z1[3]/q u_IDCT/bdeg/ACC2_Z1_reg[3]/Q 
add mapped point u_IDCT/bdeg/ACC2/Z1[3]/q u_IDCT/bdeg/ACC2_Z1_reg[3]/QN 
add mapped point u_IDCT/bdeg/ACC2/Z1[4]/q u_IDCT/bdeg/ACC2_Z1_reg[4]/Q 
add mapped point u_IDCT/bdeg/ACC2/Z1[4]/q u_IDCT/bdeg/ACC2_Z1_reg[4]/QN 
add mapped point u_IDCT/bdeg/ACC2/Z1[5]/q u_IDCT/bdeg/ACC2_Z1_reg[5]/Q 
add mapped point u_IDCT/bdeg/ACC2/Z1[5]/q u_IDCT/bdeg/ACC2_Z1_reg[5]/QN 
add mapped point u_IDCT/bdeg/ACC2/Z1[6]/q u_IDCT/bdeg/ACC2_Z1_reg[6]/Q 
add mapped point u_IDCT/bdeg/ACC2/Z1[6]/q u_IDCT/bdeg/ACC2_Z1_reg[6]/QN 
add mapped point u_IDCT/bdeg/ACC2/Z1[7]/q u_IDCT/bdeg/ACC2_Z1_reg[7]/Q 
add mapped point u_IDCT/bdeg/ACC2/Z1[7]/q u_IDCT/bdeg/ACC2_Z1_reg[7]/QN 
add mapped point u_IDCT/bdeg/ACC2/Z1[8]/q u_IDCT/bdeg/ACC2_Z1_reg[8]/Q 
add mapped point u_IDCT/bdeg/ACC2/Z1[8]/q u_IDCT/bdeg/ACC2_Z1_reg[8]/QN 
add mapped point u_IDCT/bdeg/ACC2/Z1[9]/q u_IDCT/bdeg/ACC2_Z1_reg[9]/Q 
add mapped point u_IDCT/bdeg/ACC2/Z1[9]/q u_IDCT/bdeg/ACC2_Z1_reg[9]/QN 
add mapped point u_IDCT/bdeg/ACC2/Z1[10]/q u_IDCT/bdeg/ACC2_Z1_reg[10]/Q 
add mapped point u_IDCT/bdeg/ACC2/Z1[10]/q u_IDCT/bdeg/ACC2_Z1_reg[10]/QN 
add mapped point u_IDCT/bdeg/ACC2/Z1[11]/q u_IDCT/bdeg/ACC2_Z1_reg[11]/Q 
add mapped point u_IDCT/bdeg/ACC2/Z1[11]/q u_IDCT/bdeg/ACC2_Z1_reg[11]/QN 
add mapped point u_IDCT/bdeg/ACC2/Z1[12]/q u_IDCT/bdeg/ACC2_Z1_reg[12]/Q 
add mapped point u_IDCT/bdeg/ACC2/Z1[12]/q u_IDCT/bdeg/ACC2_Z1_reg[12]/QN 
add mapped point u_IDCT/bdeg/ACC2/Z1[13]/q u_IDCT/bdeg/ACC2_Z1_reg[13]/Q 
add mapped point u_IDCT/bdeg/ACC2/Z1[13]/q u_IDCT/bdeg/ACC2_Z1_reg[13]/QN 
add mapped point u_IDCT/bdeg/ACC2/Z1[14]/q u_IDCT/bdeg/ACC2_Z1_reg[14]/Q 
add mapped point u_IDCT/bdeg/ACC2/Z1[14]/q u_IDCT/bdeg/ACC2_Z1_reg[14]/QN 
add mapped point u_IDCT/bdeg/ACC2/Z1[15]/q u_IDCT/bdeg/ACC2_Z1_reg[15]/Q 
add mapped point u_IDCT/bdeg/ACC2/Z1[15]/q u_IDCT/bdeg/ACC2_Z1_reg[15]/QN 
add mapped point u_IDCT/bdeg/ACC2/Z1[16]/q u_IDCT/bdeg/ACC2_Z1_reg[16]/Q 
add mapped point u_IDCT/bdeg/ACC2/Z1[16]/q u_IDCT/bdeg/ACC2_Z1_reg[16]/QN 
add mapped point u_IDCT/bdeg/ACC2/Z1[17]/q u_IDCT/bdeg/ACC2_Z1_reg[17]/Q 
add mapped point u_IDCT/bdeg/ACC2/Z1[17]/q u_IDCT/bdeg/ACC2_Z1_reg[17]/QN 
add mapped point u_IDCT/bdeg/ACC2/Z1[18]/q u_IDCT/bdeg/ACC2_Z1_reg[18]/Q 
add mapped point u_IDCT/bdeg/ACC2/Z1[18]/q u_IDCT/bdeg/ACC2_Z1_reg[18]/QN 
add mapped point u_IDCT/bdeg/ACC2/Z1[19]/q u_IDCT/bdeg/ACC2_Z1_reg[19]/Q 
add mapped point u_IDCT/bdeg/ACC2/Z1[19]/q u_IDCT/bdeg/ACC2_Z1_reg[19]/QN 
add mapped point u_IDCT/bdeg/ACC2/Z2[11]/q u_IDCT/bdeg/ACC2_Z2_reg[11]/Q 
add mapped point u_IDCT/bdeg/ACC2/Z2[11]/q u_IDCT/bdeg/ACC2_Z2_reg[11]/QN 
add mapped point u_IDCT/bdeg/ACC2/Z2[12]/q u_IDCT/bdeg/ACC2_Z2_reg[12]/Q 
add mapped point u_IDCT/bdeg/ACC2/Z2[12]/q u_IDCT/bdeg/ACC2_Z2_reg[12]/QN 
add mapped point u_IDCT/bdeg/ACC2/Z2[13]/q u_IDCT/bdeg/ACC2_Z2_reg[13]/Q 
add mapped point u_IDCT/bdeg/ACC2/Z2[13]/q u_IDCT/bdeg/ACC2_Z2_reg[13]/QN 
add mapped point u_IDCT/bdeg/ACC2/Z2[14]/q u_IDCT/bdeg/ACC2_Z2_reg[14]/Q 
add mapped point u_IDCT/bdeg/ACC2/Z2[14]/q u_IDCT/bdeg/ACC2_Z2_reg[14]/QN 
add mapped point u_IDCT/bdeg/ACC2/Z2[15]/q u_IDCT/bdeg/ACC2_Z2_reg[15]/Q 
add mapped point u_IDCT/bdeg/ACC2/Z2[15]/q u_IDCT/bdeg/ACC2_Z2_reg[15]/QN 
add mapped point u_IDCT/bdeg/ACC2/Z2[16]/q u_IDCT/bdeg/ACC2_Z2_reg[16]/Q 
add mapped point u_IDCT/bdeg/ACC2/Z2[16]/q u_IDCT/bdeg/ACC2_Z2_reg[16]/QN 
add mapped point u_IDCT/bdeg/ACC2/Z2[17]/q u_IDCT/bdeg/ACC2_Z2_reg[17]/Q 
add mapped point u_IDCT/bdeg/ACC2/Z2[17]/q u_IDCT/bdeg/ACC2_Z2_reg[17]/QN 
add mapped point u_IDCT/bdeg/ACC2/Z2[18]/q u_IDCT/bdeg/ACC2_Z2_reg[18]/Q 
add mapped point u_IDCT/bdeg/ACC2/Z2[18]/q u_IDCT/bdeg/ACC2_Z2_reg[18]/QN 
add mapped point u_IDCT/bdeg/ACC2/Z2[19]/q u_IDCT/bdeg/ACC2_Z2_reg[19]/Q 
add mapped point u_IDCT/bdeg/ACC2/Z2[19]/q u_IDCT/bdeg/ACC2_Z2_reg[19]/QN 
add mapped point u_IDCT/bdeg/ACC2/accout[0]/q u_IDCT/bdeg/ACC2_accout_reg[0]/Q 
add mapped point u_IDCT/bdeg/ACC2/accout[0]/q u_IDCT/bdeg/ACC2_accout_reg[0]/QN 
add mapped point u_IDCT/bdeg/ACC2/accout[1]/q u_IDCT/bdeg/ACC2_accout_reg[1]/Q 
add mapped point u_IDCT/bdeg/ACC2/accout[1]/q u_IDCT/bdeg/ACC2_accout_reg[1]/QN 
add mapped point u_IDCT/bdeg/ACC2/accout[2]/q u_IDCT/bdeg/ACC2_accout_reg[2]/Q 
add mapped point u_IDCT/bdeg/ACC2/accout[2]/q u_IDCT/bdeg/ACC2_accout_reg[2]/QN 
add mapped point u_IDCT/bdeg/ACC2/accout[3]/q u_IDCT/bdeg/ACC2_accout_reg[3]/Q 
add mapped point u_IDCT/bdeg/ACC2/accout[3]/q u_IDCT/bdeg/ACC2_accout_reg[3]/QN 
add mapped point u_IDCT/bdeg/ACC2/accout[4]/q u_IDCT/bdeg/ACC2_accout_reg[4]/Q 
add mapped point u_IDCT/bdeg/ACC2/accout[4]/q u_IDCT/bdeg/ACC2_accout_reg[4]/QN 
add mapped point u_IDCT/bdeg/ACC2/accout[5]/q u_IDCT/bdeg/ACC2_accout_reg[5]/Q 
add mapped point u_IDCT/bdeg/ACC2/accout[5]/q u_IDCT/bdeg/ACC2_accout_reg[5]/QN 
add mapped point u_IDCT/bdeg/ACC2/accout[6]/q u_IDCT/bdeg/ACC2_accout_reg[6]/Q 
add mapped point u_IDCT/bdeg/ACC2/accout[6]/q u_IDCT/bdeg/ACC2_accout_reg[6]/QN 
add mapped point u_IDCT/bdeg/ACC2/accout[7]/q u_IDCT/bdeg/ACC2_accout_reg[7]/Q 
add mapped point u_IDCT/bdeg/ACC2/accout[7]/q u_IDCT/bdeg/ACC2_accout_reg[7]/QN 
add mapped point u_IDCT/bdeg/ACC2/accout[8]/q u_IDCT/bdeg/ACC2_accout_reg[8]/Q 
add mapped point u_IDCT/bdeg/ACC2/accout[8]/q u_IDCT/bdeg/ACC2_accout_reg[8]/QN 
add mapped point u_IDCT/bdeg/ACC2/accout[9]/q u_IDCT/bdeg/ACC2_accout_reg[9]/Q 
add mapped point u_IDCT/bdeg/ACC2/accout[9]/q u_IDCT/bdeg/ACC2_accout_reg[9]/QN 
add mapped point u_IDCT/bdeg/ACC2/accout[10]/q u_IDCT/bdeg/ACC2_accout_reg[10]/Q 
add mapped point u_IDCT/bdeg/ACC2/accout[10]/q u_IDCT/bdeg/ACC2_accout_reg[10]/QN 
add mapped point u_IDCT/bdeg/ACC2/accout[11]/q u_IDCT/bdeg/ACC2_accout_reg[11]/Q 
add mapped point u_IDCT/bdeg/ACC2/accout[11]/q u_IDCT/bdeg/ACC2_accout_reg[11]/QN 
add mapped point u_IDCT/bdeg/ACC2/accout[12]/q u_IDCT/bdeg/ACC2_accout_reg[12]/Q 
add mapped point u_IDCT/bdeg/ACC2/accout[12]/q u_IDCT/bdeg/ACC2_accout_reg[12]/QN 
add mapped point u_IDCT/bdeg/ACC2/accout[13]/q u_IDCT/bdeg/ACC2_accout_reg[13]/Q 
add mapped point u_IDCT/bdeg/ACC2/accout[13]/q u_IDCT/bdeg/ACC2_accout_reg[13]/QN 
add mapped point u_IDCT/bdeg/ACC2/accout[14]/q u_IDCT/bdeg/ACC2_accout_reg[14]/Q 
add mapped point u_IDCT/bdeg/ACC2/accout[14]/q u_IDCT/bdeg/ACC2_accout_reg[14]/QN 
add mapped point u_IDCT/bdeg/ACC2/accout[15]/q u_IDCT/bdeg/ACC2_accout_reg[15]/Q 
add mapped point u_IDCT/bdeg/ACC2/accout[15]/q u_IDCT/bdeg/ACC2_accout_reg[15]/QN 
add mapped point u_IDCT/bdeg/ACC2/accout[16]/q u_IDCT/bdeg/ACC2_accout_reg[16]/Q 
add mapped point u_IDCT/bdeg/ACC2/accout[16]/q u_IDCT/bdeg/ACC2_accout_reg[16]/QN 
add mapped point u_IDCT/bdeg/ACC2/accout[17]/q u_IDCT/bdeg/ACC2_accout_reg[17]/Q 
add mapped point u_IDCT/bdeg/ACC2/accout[17]/q u_IDCT/bdeg/ACC2_accout_reg[17]/QN 
add mapped point u_IDCT/bdeg/ACC2/adder1/APreS2[0]/q u_IDCT/bdeg/ACC2_adder1_APreS2_reg[0]/Q 
add mapped point u_IDCT/bdeg/ACC2/adder1/APreS2[0]/q u_IDCT/bdeg/ACC2_adder1_APreS2_reg[0]/QN 
add mapped point u_IDCT/bdeg/ACC2/adder1/APreS2[1]/q u_IDCT/bdeg/ACC2_adder1_APreS2_reg[1]/Q 
add mapped point u_IDCT/bdeg/ACC2/adder1/APreS2[1]/q u_IDCT/bdeg/ACC2_adder1_APreS2_reg[1]/QN 
add mapped point u_IDCT/bdeg/ACC2/adder1/APreS2[2]/q u_IDCT/bdeg/ACC2_adder1_APreS2_reg[2]/Q 
add mapped point u_IDCT/bdeg/ACC2/adder1/APreS2[2]/q u_IDCT/bdeg/ACC2_adder1_APreS2_reg[2]/QN 
add mapped point u_IDCT/bdeg/ACC2/adder1/APreS2[3]/q u_IDCT/bdeg/ACC2_adder1_APreS2_reg[3]/Q 
add mapped point u_IDCT/bdeg/ACC2/adder1/APreS2[3]/q u_IDCT/bdeg/ACC2_adder1_APreS2_reg[3]/QN 
add mapped point u_IDCT/bdeg/ACC2/adder1/APreS2[4]/q u_IDCT/bdeg/ACC2_adder1_APreS2_reg[4]/Q 
add mapped point u_IDCT/bdeg/ACC2/adder1/APreS2[4]/q u_IDCT/bdeg/ACC2_adder1_APreS2_reg[4]/QN 
add mapped point u_IDCT/bdeg/ACC2/adder1/APreS2[5]/q u_IDCT/bdeg/ACC2_adder1_APreS2_reg[5]/Q 
add mapped point u_IDCT/bdeg/ACC2/adder1/APreS2[5]/q u_IDCT/bdeg/ACC2_adder1_APreS2_reg[5]/QN 
add mapped point u_IDCT/bdeg/ACC2/adder1/APreS2[6]/q u_IDCT/bdeg/ACC2_adder1_APreS2_reg[6]/Q 
add mapped point u_IDCT/bdeg/ACC2/adder1/APreS2[6]/q u_IDCT/bdeg/ACC2_adder1_APreS2_reg[6]/QN 
add mapped point u_IDCT/bdeg/ACC2/adder1/APreS2[7]/q u_IDCT/bdeg/ACC2_adder1_APreS2_reg[7]/Q 
add mapped point u_IDCT/bdeg/ACC2/adder1/APreS2[7]/q u_IDCT/bdeg/ACC2_adder1_APreS2_reg[7]/QN 
add mapped point u_IDCT/bdeg/ACC2/adder1/APreS2[8]/q u_IDCT/bdeg/ACC2_adder1_APreS2_reg[8]/Q 
add mapped point u_IDCT/bdeg/ACC2/adder1/APreS2[8]/q u_IDCT/bdeg/ACC2_adder1_APreS2_reg[8]/QN 
add mapped point u_IDCT/bdeg/ACC2/adder1/BPreS2[0]/q u_IDCT/bdeg/ACC2_adder1_BPreS2_reg[0]/Q 
add mapped point u_IDCT/bdeg/ACC2/adder1/BPreS2[0]/q u_IDCT/bdeg/ACC2_adder1_BPreS2_reg[0]/QN 
add mapped point u_IDCT/bdeg/ACC2/adder1/BPreS2[1]/q u_IDCT/bdeg/ACC2_adder1_BPreS2_reg[1]/Q 
add mapped point u_IDCT/bdeg/ACC2/adder1/BPreS2[1]/q u_IDCT/bdeg/ACC2_adder1_BPreS2_reg[1]/QN 
add mapped point u_IDCT/bdeg/ACC2/adder1/BPreS2[2]/q u_IDCT/bdeg/ACC2_adder1_BPreS2_reg[2]/Q 
add mapped point u_IDCT/bdeg/ACC2/adder1/BPreS2[2]/q u_IDCT/bdeg/ACC2_adder1_BPreS2_reg[2]/QN 
add mapped point u_IDCT/bdeg/ACC2/adder1/BPreS2[3]/q u_IDCT/bdeg/ACC2_adder1_BPreS2_reg[3]/Q 
add mapped point u_IDCT/bdeg/ACC2/adder1/BPreS2[3]/q u_IDCT/bdeg/ACC2_adder1_BPreS2_reg[3]/QN 
add mapped point u_IDCT/bdeg/ACC2/adder1/BPreS2[4]/q u_IDCT/bdeg/ACC2_adder1_BPreS2_reg[4]/Q 
add mapped point u_IDCT/bdeg/ACC2/adder1/BPreS2[4]/q u_IDCT/bdeg/ACC2_adder1_BPreS2_reg[4]/QN 
add mapped point u_IDCT/bdeg/ACC2/adder1/BPreS2[5]/q u_IDCT/bdeg/ACC2_adder1_BPreS2_reg[5]/Q 
add mapped point u_IDCT/bdeg/ACC2/adder1/BPreS2[5]/q u_IDCT/bdeg/ACC2_adder1_BPreS2_reg[5]/QN 
add mapped point u_IDCT/bdeg/ACC2/adder1/BPreS2[6]/q u_IDCT/bdeg/ACC2_adder1_BPreS2_reg[6]/Q 
add mapped point u_IDCT/bdeg/ACC2/adder1/BPreS2[6]/q u_IDCT/bdeg/ACC2_adder1_BPreS2_reg[6]/QN 
add mapped point u_IDCT/bdeg/ACC2/adder1/BPreS2[7]/q u_IDCT/bdeg/ACC2_adder1_BPreS2_reg[7]/Q 
add mapped point u_IDCT/bdeg/ACC2/adder1/BPreS2[7]/q u_IDCT/bdeg/ACC2_adder1_BPreS2_reg[7]/QN 
add mapped point u_IDCT/bdeg/ACC2/adder1/BPreS2[8]/q u_IDCT/bdeg/ACC2_adder1_BPreS2_reg[8]/Q 
add mapped point u_IDCT/bdeg/ACC2/adder1/BPreS2[8]/q u_IDCT/bdeg/ACC2_adder1_BPreS2_reg[8]/QN 
add mapped point u_IDCT/bdeg/ACC2/adder1/C1/q u_IDCT/bdeg/ACC2_adder1_C1_reg/Q 
add mapped point u_IDCT/bdeg/ACC2/adder1/C1/q u_IDCT/bdeg/ACC2_adder1_C1_reg/QN 
add mapped point u_IDCT/bdeg/ACC2/adder1/PostS1[0]/q u_IDCT/bdeg/ACC2_adder1_PostS1_reg[0]/Q 
add mapped point u_IDCT/bdeg/ACC2/adder1/PostS1[0]/q u_IDCT/bdeg/ACC2_adder1_PostS1_reg[0]/QN 
add mapped point u_IDCT/bdeg/ACC2/adder1/PostS1[1]/q u_IDCT/bdeg/ACC2_adder1_PostS1_reg[1]/Q 
add mapped point u_IDCT/bdeg/ACC2/adder1/PostS1[1]/q u_IDCT/bdeg/ACC2_adder1_PostS1_reg[1]/QN 
add mapped point u_IDCT/bdeg/ACC2/adder1/PostS1[2]/q u_IDCT/bdeg/ACC2_adder1_PostS1_reg[2]/Q 
add mapped point u_IDCT/bdeg/ACC2/adder1/PostS1[2]/q u_IDCT/bdeg/ACC2_adder1_PostS1_reg[2]/QN 
add mapped point u_IDCT/bdeg/ACC2/adder1/PostS1[3]/q u_IDCT/bdeg/ACC2_adder1_PostS1_reg[3]/Q 
add mapped point u_IDCT/bdeg/ACC2/adder1/PostS1[3]/q u_IDCT/bdeg/ACC2_adder1_PostS1_reg[3]/QN 
add mapped point u_IDCT/bdeg/ACC2/adder1/PostS1[4]/q u_IDCT/bdeg/ACC2_adder1_PostS1_reg[4]/Q 
add mapped point u_IDCT/bdeg/ACC2/adder1/PostS1[4]/q u_IDCT/bdeg/ACC2_adder1_PostS1_reg[4]/QN 
add mapped point u_IDCT/bdeg/ACC2/adder1/PostS1[5]/q u_IDCT/bdeg/ACC2_adder1_PostS1_reg[5]/Q 
add mapped point u_IDCT/bdeg/ACC2/adder1/PostS1[5]/q u_IDCT/bdeg/ACC2_adder1_PostS1_reg[5]/QN 
add mapped point u_IDCT/bdeg/ACC2/adder1/PostS1[6]/q u_IDCT/bdeg/ACC2_adder1_PostS1_reg[6]/Q 
add mapped point u_IDCT/bdeg/ACC2/adder1/PostS1[6]/q u_IDCT/bdeg/ACC2_adder1_PostS1_reg[6]/QN 
add mapped point u_IDCT/bdeg/ACC2/adder1/PostS1[7]/q u_IDCT/bdeg/ACC2_adder1_PostS1_reg[7]/Q 
add mapped point u_IDCT/bdeg/ACC2/adder1/PostS1[7]/q u_IDCT/bdeg/ACC2_adder1_PostS1_reg[7]/QN 
add mapped point u_IDCT/bdeg/ACC2/adder1/PostS1[8]/q u_IDCT/bdeg/ACC2_adder1_PostS1_reg[8]/Q 
add mapped point u_IDCT/bdeg/ACC2/adder1/PostS1[8]/q u_IDCT/bdeg/ACC2_adder1_PostS1_reg[8]/QN 
add mapped point u_IDCT/bdeg/ACC2/adder1/PostS1[9]/q u_IDCT/bdeg/ACC2_adder1_PostS1_reg[9]/Q 
add mapped point u_IDCT/bdeg/ACC2/adder1/PostS1[9]/q u_IDCT/bdeg/ACC2_adder1_PostS1_reg[9]/QN 
add mapped point u_IDCT/bdeg/ACC2/adder1/PostS1[10]/q u_IDCT/bdeg/ACC2_adder1_PostS1_reg[10]/Q 
add mapped point u_IDCT/bdeg/ACC2/adder1/PostS1[10]/q u_IDCT/bdeg/ACC2_adder1_PostS1_reg[10]/QN 
add mapped point u_IDCT/bdeg/ACC2/adder2/BPreS2[0]/q u_IDCT/bdeg/ACC2_adder2_BPreS2_reg[0]/Q 
add mapped point u_IDCT/bdeg/ACC2/adder2/BPreS2[0]/q u_IDCT/bdeg/ACC2_adder2_BPreS2_reg[0]/QN 
add mapped point u_IDCT/bdeg/ACC2/adder2/BPreS2[1]/q u_IDCT/bdeg/ACC2_adder2_BPreS2_reg[1]/Q 
add mapped point u_IDCT/bdeg/ACC2/adder2/BPreS2[1]/q u_IDCT/bdeg/ACC2_adder2_BPreS2_reg[1]/QN 
add mapped point u_IDCT/bdeg/ACC2/adder2/BPreS2[2]/q u_IDCT/bdeg/ACC2_adder2_BPreS2_reg[2]/Q 
add mapped point u_IDCT/bdeg/ACC2/adder2/BPreS2[2]/q u_IDCT/bdeg/ACC2_adder2_BPreS2_reg[2]/QN 
add mapped point u_IDCT/bdeg/ACC2/adder2/BPreS2[3]/q u_IDCT/bdeg/ACC2_adder2_BPreS2_reg[3]/Q 
add mapped point u_IDCT/bdeg/ACC2/adder2/BPreS2[3]/q u_IDCT/bdeg/ACC2_adder2_BPreS2_reg[3]/QN 
add mapped point u_IDCT/bdeg/ACC2/adder2/BPreS2[4]/q u_IDCT/bdeg/ACC2_adder2_BPreS2_reg[4]/Q 
add mapped point u_IDCT/bdeg/ACC2/adder2/BPreS2[4]/q u_IDCT/bdeg/ACC2_adder2_BPreS2_reg[4]/QN 
add mapped point u_IDCT/bdeg/ACC2/adder2/BPreS2[5]/q u_IDCT/bdeg/ACC2_adder2_BPreS2_reg[5]/Q 
add mapped point u_IDCT/bdeg/ACC2/adder2/BPreS2[5]/q u_IDCT/bdeg/ACC2_adder2_BPreS2_reg[5]/QN 
add mapped point u_IDCT/bdeg/ACC2/adder2/BPreS2[6]/q u_IDCT/bdeg/ACC2_adder2_BPreS2_reg[6]/Q 
add mapped point u_IDCT/bdeg/ACC2/adder2/BPreS2[6]/q u_IDCT/bdeg/ACC2_adder2_BPreS2_reg[6]/QN 
add mapped point u_IDCT/bdeg/ACC2/adder2/BPreS2[7]/q u_IDCT/bdeg/ACC2_adder2_BPreS2_reg[7]/Q 
add mapped point u_IDCT/bdeg/ACC2/adder2/BPreS2[7]/q u_IDCT/bdeg/ACC2_adder2_BPreS2_reg[7]/QN 
add mapped point u_IDCT/bdeg/ACC2/adder2/BPreS2[8]/q u_IDCT/bdeg/ACC2_adder2_BPreS2_reg[8]/Q 
add mapped point u_IDCT/bdeg/ACC2/adder2/BPreS2[8]/q u_IDCT/bdeg/ACC2_adder2_BPreS2_reg[8]/QN 
add mapped point u_IDCT/bdeg/ACC2/adder2/C1/q u_IDCT/bdeg/ACC2_adder2_C1_reg/Q 
add mapped point u_IDCT/bdeg/ACC2/adder2/C1/q u_IDCT/bdeg/ACC2_adder2_C1_reg/QN 
add mapped point u_IDCT/bdeg/ACC2/adder2/PostS1[0]/q u_IDCT/bdeg/ACC2_adder2_PostS1_reg[0]/Q 
add mapped point u_IDCT/bdeg/ACC2/adder2/PostS1[0]/q u_IDCT/bdeg/ACC2_adder2_PostS1_reg[0]/QN 
add mapped point u_IDCT/bdeg/ACC2/adder2/PostS1[1]/q u_IDCT/bdeg/ACC2_adder2_PostS1_reg[1]/Q 
add mapped point u_IDCT/bdeg/ACC2/adder2/PostS1[1]/q u_IDCT/bdeg/ACC2_adder2_PostS1_reg[1]/QN 
add mapped point u_IDCT/bdeg/ACC2/adder2/PostS1[2]/q u_IDCT/bdeg/ACC2_adder2_PostS1_reg[2]/Q 
add mapped point u_IDCT/bdeg/ACC2/adder2/PostS1[2]/q u_IDCT/bdeg/ACC2_adder2_PostS1_reg[2]/QN 
add mapped point u_IDCT/bdeg/ACC2/adder2/PostS1[3]/q u_IDCT/bdeg/ACC2_adder2_PostS1_reg[3]/Q 
add mapped point u_IDCT/bdeg/ACC2/adder2/PostS1[3]/q u_IDCT/bdeg/ACC2_adder2_PostS1_reg[3]/QN 
add mapped point u_IDCT/bdeg/ACC2/adder2/PostS1[4]/q u_IDCT/bdeg/ACC2_adder2_PostS1_reg[4]/Q 
add mapped point u_IDCT/bdeg/ACC2/adder2/PostS1[4]/q u_IDCT/bdeg/ACC2_adder2_PostS1_reg[4]/QN 
add mapped point u_IDCT/bdeg/ACC2/adder2/PostS1[5]/q u_IDCT/bdeg/ACC2_adder2_PostS1_reg[5]/Q 
add mapped point u_IDCT/bdeg/ACC2/adder2/PostS1[5]/q u_IDCT/bdeg/ACC2_adder2_PostS1_reg[5]/QN 
add mapped point u_IDCT/bdeg/ACC2/adder2/PostS1[6]/q u_IDCT/bdeg/ACC2_adder2_PostS1_reg[6]/Q 
add mapped point u_IDCT/bdeg/ACC2/adder2/PostS1[6]/q u_IDCT/bdeg/ACC2_adder2_PostS1_reg[6]/QN 
add mapped point u_IDCT/bdeg/ACC2/adder2/PostS1[7]/q u_IDCT/bdeg/ACC2_adder2_PostS1_reg[7]/Q 
add mapped point u_IDCT/bdeg/ACC2/adder2/PostS1[7]/q u_IDCT/bdeg/ACC2_adder2_PostS1_reg[7]/QN 
add mapped point u_IDCT/bdeg/ACC2/adder2/PostS1[8]/q u_IDCT/bdeg/ACC2_adder2_PostS1_reg[8]/Q 
add mapped point u_IDCT/bdeg/ACC2/adder2/PostS1[8]/q u_IDCT/bdeg/ACC2_adder2_PostS1_reg[8]/QN 
add mapped point u_IDCT/bdeg/ACC2/adder2/PostS1[9]/q u_IDCT/bdeg/ACC2_adder2_PostS1_reg[9]/Q 
add mapped point u_IDCT/bdeg/ACC2/adder2/PostS1[9]/q u_IDCT/bdeg/ACC2_adder2_PostS1_reg[9]/QN 
add mapped point u_IDCT/bdeg/ACC2/adder2/PostS1[10]/q u_IDCT/bdeg/ACC2_adder2_PostS1_reg[10]/Q 
add mapped point u_IDCT/bdeg/ACC2/adder2/PostS1[10]/q u_IDCT/bdeg/ACC2_adder2_PostS1_reg[10]/QN 
add mapped point u_IDCT/bdeg/ACC3/Z1[0]/q u_IDCT/bdeg/ACC3_Z1_reg[0]/Q 
add mapped point u_IDCT/bdeg/ACC3/Z1[0]/q u_IDCT/bdeg/ACC3_Z1_reg[0]/QN 
add mapped point u_IDCT/bdeg/ACC3/Z1[1]/q u_IDCT/bdeg/ACC3_Z1_reg[1]/Q 
add mapped point u_IDCT/bdeg/ACC3/Z1[1]/q u_IDCT/bdeg/ACC3_Z1_reg[1]/QN 
add mapped point u_IDCT/bdeg/ACC3/Z1[2]/q u_IDCT/bdeg/ACC3_Z1_reg[2]/Q 
add mapped point u_IDCT/bdeg/ACC3/Z1[2]/q u_IDCT/bdeg/ACC3_Z1_reg[2]/QN 
add mapped point u_IDCT/bdeg/ACC3/Z1[3]/q u_IDCT/bdeg/ACC3_Z1_reg[3]/Q 
add mapped point u_IDCT/bdeg/ACC3/Z1[3]/q u_IDCT/bdeg/ACC3_Z1_reg[3]/QN 
add mapped point u_IDCT/bdeg/ACC3/Z1[4]/q u_IDCT/bdeg/ACC3_Z1_reg[4]/Q 
add mapped point u_IDCT/bdeg/ACC3/Z1[4]/q u_IDCT/bdeg/ACC3_Z1_reg[4]/QN 
add mapped point u_IDCT/bdeg/ACC3/Z1[5]/q u_IDCT/bdeg/ACC3_Z1_reg[5]/Q 
add mapped point u_IDCT/bdeg/ACC3/Z1[5]/q u_IDCT/bdeg/ACC3_Z1_reg[5]/QN 
add mapped point u_IDCT/bdeg/ACC3/Z1[6]/q u_IDCT/bdeg/ACC3_Z1_reg[6]/Q 
add mapped point u_IDCT/bdeg/ACC3/Z1[6]/q u_IDCT/bdeg/ACC3_Z1_reg[6]/QN 
add mapped point u_IDCT/bdeg/ACC3/Z1[7]/q u_IDCT/bdeg/ACC3_Z1_reg[7]/Q 
add mapped point u_IDCT/bdeg/ACC3/Z1[7]/q u_IDCT/bdeg/ACC3_Z1_reg[7]/QN 
add mapped point u_IDCT/bdeg/ACC3/Z1[8]/q u_IDCT/bdeg/ACC3_Z1_reg[8]/Q 
add mapped point u_IDCT/bdeg/ACC3/Z1[8]/q u_IDCT/bdeg/ACC3_Z1_reg[8]/QN 
add mapped point u_IDCT/bdeg/ACC3/Z1[9]/q u_IDCT/bdeg/ACC3_Z1_reg[9]/Q 
add mapped point u_IDCT/bdeg/ACC3/Z1[9]/q u_IDCT/bdeg/ACC3_Z1_reg[9]/QN 
add mapped point u_IDCT/bdeg/ACC3/Z1[10]/q u_IDCT/bdeg/ACC3_Z1_reg[10]/Q 
add mapped point u_IDCT/bdeg/ACC3/Z1[10]/q u_IDCT/bdeg/ACC3_Z1_reg[10]/QN 
add mapped point u_IDCT/bdeg/ACC3/Z1[11]/q u_IDCT/bdeg/ACC3_Z1_reg[11]/Q 
add mapped point u_IDCT/bdeg/ACC3/Z1[11]/q u_IDCT/bdeg/ACC3_Z1_reg[11]/QN 
add mapped point u_IDCT/bdeg/ACC3/Z1[12]/q u_IDCT/bdeg/ACC3_Z1_reg[12]/Q 
add mapped point u_IDCT/bdeg/ACC3/Z1[12]/q u_IDCT/bdeg/ACC3_Z1_reg[12]/QN 
add mapped point u_IDCT/bdeg/ACC3/Z1[13]/q u_IDCT/bdeg/ACC3_Z1_reg[13]/Q 
add mapped point u_IDCT/bdeg/ACC3/Z1[13]/q u_IDCT/bdeg/ACC3_Z1_reg[13]/QN 
add mapped point u_IDCT/bdeg/ACC3/Z1[14]/q u_IDCT/bdeg/ACC3_Z1_reg[14]/Q 
add mapped point u_IDCT/bdeg/ACC3/Z1[14]/q u_IDCT/bdeg/ACC3_Z1_reg[14]/QN 
add mapped point u_IDCT/bdeg/ACC3/Z1[15]/q u_IDCT/bdeg/ACC3_Z1_reg[15]/Q 
add mapped point u_IDCT/bdeg/ACC3/Z1[15]/q u_IDCT/bdeg/ACC3_Z1_reg[15]/QN 
add mapped point u_IDCT/bdeg/ACC3/Z1[16]/q u_IDCT/bdeg/ACC3_Z1_reg[16]/Q 
add mapped point u_IDCT/bdeg/ACC3/Z1[16]/q u_IDCT/bdeg/ACC3_Z1_reg[16]/QN 
add mapped point u_IDCT/bdeg/ACC3/Z1[17]/q u_IDCT/bdeg/ACC3_Z1_reg[17]/Q 
add mapped point u_IDCT/bdeg/ACC3/Z1[17]/q u_IDCT/bdeg/ACC3_Z1_reg[17]/QN 
add mapped point u_IDCT/bdeg/ACC3/Z1[18]/q u_IDCT/bdeg/ACC3_Z1_reg[18]/Q 
add mapped point u_IDCT/bdeg/ACC3/Z1[18]/q u_IDCT/bdeg/ACC3_Z1_reg[18]/QN 
add mapped point u_IDCT/bdeg/ACC3/Z1[19]/q u_IDCT/bdeg/ACC3_Z1_reg[19]/Q 
add mapped point u_IDCT/bdeg/ACC3/Z1[19]/q u_IDCT/bdeg/ACC3_Z1_reg[19]/QN 
add mapped point u_IDCT/bdeg/ACC3/Z2[11]/q u_IDCT/bdeg/ACC3_Z2_reg[11]/Q 
add mapped point u_IDCT/bdeg/ACC3/Z2[11]/q u_IDCT/bdeg/ACC3_Z2_reg[11]/QN 
add mapped point u_IDCT/bdeg/ACC3/Z2[12]/q u_IDCT/bdeg/ACC3_Z2_reg[12]/Q 
add mapped point u_IDCT/bdeg/ACC3/Z2[12]/q u_IDCT/bdeg/ACC3_Z2_reg[12]/QN 
add mapped point u_IDCT/bdeg/ACC3/Z2[13]/q u_IDCT/bdeg/ACC3_Z2_reg[13]/Q 
add mapped point u_IDCT/bdeg/ACC3/Z2[13]/q u_IDCT/bdeg/ACC3_Z2_reg[13]/QN 
add mapped point u_IDCT/bdeg/ACC3/Z2[14]/q u_IDCT/bdeg/ACC3_Z2_reg[14]/Q 
add mapped point u_IDCT/bdeg/ACC3/Z2[14]/q u_IDCT/bdeg/ACC3_Z2_reg[14]/QN 
add mapped point u_IDCT/bdeg/ACC3/Z2[15]/q u_IDCT/bdeg/ACC3_Z2_reg[15]/Q 
add mapped point u_IDCT/bdeg/ACC3/Z2[15]/q u_IDCT/bdeg/ACC3_Z2_reg[15]/QN 
add mapped point u_IDCT/bdeg/ACC3/Z2[16]/q u_IDCT/bdeg/ACC3_Z2_reg[16]/Q 
add mapped point u_IDCT/bdeg/ACC3/Z2[16]/q u_IDCT/bdeg/ACC3_Z2_reg[16]/QN 
add mapped point u_IDCT/bdeg/ACC3/Z2[17]/q u_IDCT/bdeg/ACC3_Z2_reg[17]/Q 
add mapped point u_IDCT/bdeg/ACC3/Z2[17]/q u_IDCT/bdeg/ACC3_Z2_reg[17]/QN 
add mapped point u_IDCT/bdeg/ACC3/Z2[18]/q u_IDCT/bdeg/ACC3_Z2_reg[18]/Q 
add mapped point u_IDCT/bdeg/ACC3/Z2[18]/q u_IDCT/bdeg/ACC3_Z2_reg[18]/QN 
add mapped point u_IDCT/bdeg/ACC3/Z2[19]/q u_IDCT/bdeg/ACC3_Z2_reg[19]/Q 
add mapped point u_IDCT/bdeg/ACC3/Z2[19]/q u_IDCT/bdeg/ACC3_Z2_reg[19]/QN 
add mapped point u_IDCT/bdeg/ACC3/accout[0]/q u_IDCT/bdeg/ACC3_accout_reg[0]/Q 
add mapped point u_IDCT/bdeg/ACC3/accout[0]/q u_IDCT/bdeg/ACC3_accout_reg[0]/QN 
add mapped point u_IDCT/bdeg/ACC3/accout[1]/q u_IDCT/bdeg/ACC3_accout_reg[1]/Q 
add mapped point u_IDCT/bdeg/ACC3/accout[1]/q u_IDCT/bdeg/ACC3_accout_reg[1]/QN 
add mapped point u_IDCT/bdeg/ACC3/accout[2]/q u_IDCT/bdeg/ACC3_accout_reg[2]/Q 
add mapped point u_IDCT/bdeg/ACC3/accout[2]/q u_IDCT/bdeg/ACC3_accout_reg[2]/QN 
add mapped point u_IDCT/bdeg/ACC3/accout[3]/q u_IDCT/bdeg/ACC3_accout_reg[3]/Q 
add mapped point u_IDCT/bdeg/ACC3/accout[3]/q u_IDCT/bdeg/ACC3_accout_reg[3]/QN 
add mapped point u_IDCT/bdeg/ACC3/accout[4]/q u_IDCT/bdeg/ACC3_accout_reg[4]/Q 
add mapped point u_IDCT/bdeg/ACC3/accout[4]/q u_IDCT/bdeg/ACC3_accout_reg[4]/QN 
add mapped point u_IDCT/bdeg/ACC3/accout[5]/q u_IDCT/bdeg/ACC3_accout_reg[5]/Q 
add mapped point u_IDCT/bdeg/ACC3/accout[5]/q u_IDCT/bdeg/ACC3_accout_reg[5]/QN 
add mapped point u_IDCT/bdeg/ACC3/accout[6]/q u_IDCT/bdeg/ACC3_accout_reg[6]/Q 
add mapped point u_IDCT/bdeg/ACC3/accout[6]/q u_IDCT/bdeg/ACC3_accout_reg[6]/QN 
add mapped point u_IDCT/bdeg/ACC3/accout[7]/q u_IDCT/bdeg/ACC3_accout_reg[7]/Q 
add mapped point u_IDCT/bdeg/ACC3/accout[7]/q u_IDCT/bdeg/ACC3_accout_reg[7]/QN 
add mapped point u_IDCT/bdeg/ACC3/accout[8]/q u_IDCT/bdeg/ACC3_accout_reg[8]/Q 
add mapped point u_IDCT/bdeg/ACC3/accout[8]/q u_IDCT/bdeg/ACC3_accout_reg[8]/QN 
add mapped point u_IDCT/bdeg/ACC3/accout[9]/q u_IDCT/bdeg/ACC3_accout_reg[9]/Q 
add mapped point u_IDCT/bdeg/ACC3/accout[9]/q u_IDCT/bdeg/ACC3_accout_reg[9]/QN 
add mapped point u_IDCT/bdeg/ACC3/accout[10]/q u_IDCT/bdeg/ACC3_accout_reg[10]/Q 
add mapped point u_IDCT/bdeg/ACC3/accout[10]/q u_IDCT/bdeg/ACC3_accout_reg[10]/QN 
add mapped point u_IDCT/bdeg/ACC3/accout[11]/q u_IDCT/bdeg/ACC3_accout_reg[11]/Q 
add mapped point u_IDCT/bdeg/ACC3/accout[11]/q u_IDCT/bdeg/ACC3_accout_reg[11]/QN 
add mapped point u_IDCT/bdeg/ACC3/accout[12]/q u_IDCT/bdeg/ACC3_accout_reg[12]/Q 
add mapped point u_IDCT/bdeg/ACC3/accout[12]/q u_IDCT/bdeg/ACC3_accout_reg[12]/QN 
add mapped point u_IDCT/bdeg/ACC3/accout[13]/q u_IDCT/bdeg/ACC3_accout_reg[13]/Q 
add mapped point u_IDCT/bdeg/ACC3/accout[13]/q u_IDCT/bdeg/ACC3_accout_reg[13]/QN 
add mapped point u_IDCT/bdeg/ACC3/accout[14]/q u_IDCT/bdeg/ACC3_accout_reg[14]/Q 
add mapped point u_IDCT/bdeg/ACC3/accout[14]/q u_IDCT/bdeg/ACC3_accout_reg[14]/QN 
add mapped point u_IDCT/bdeg/ACC3/accout[15]/q u_IDCT/bdeg/ACC3_accout_reg[15]/Q 
add mapped point u_IDCT/bdeg/ACC3/accout[15]/q u_IDCT/bdeg/ACC3_accout_reg[15]/QN 
add mapped point u_IDCT/bdeg/ACC3/accout[16]/q u_IDCT/bdeg/ACC3_accout_reg[16]/Q 
add mapped point u_IDCT/bdeg/ACC3/accout[16]/q u_IDCT/bdeg/ACC3_accout_reg[16]/QN 
add mapped point u_IDCT/bdeg/ACC3/accout[17]/q u_IDCT/bdeg/ACC3_accout_reg[17]/Q 
add mapped point u_IDCT/bdeg/ACC3/accout[17]/q u_IDCT/bdeg/ACC3_accout_reg[17]/QN 
add mapped point u_IDCT/bdeg/ACC3/adder1/APreS2[0]/q u_IDCT/bdeg/ACC3_adder1_APreS2_reg[0]/Q 
add mapped point u_IDCT/bdeg/ACC3/adder1/APreS2[0]/q u_IDCT/bdeg/ACC3_adder1_APreS2_reg[0]/QN 
add mapped point u_IDCT/bdeg/ACC3/adder1/APreS2[1]/q u_IDCT/bdeg/ACC3_adder1_APreS2_reg[1]/Q 
add mapped point u_IDCT/bdeg/ACC3/adder1/APreS2[1]/q u_IDCT/bdeg/ACC3_adder1_APreS2_reg[1]/QN 
add mapped point u_IDCT/bdeg/ACC3/adder1/APreS2[2]/q u_IDCT/bdeg/ACC3_adder1_APreS2_reg[2]/Q 
add mapped point u_IDCT/bdeg/ACC3/adder1/APreS2[2]/q u_IDCT/bdeg/ACC3_adder1_APreS2_reg[2]/QN 
add mapped point u_IDCT/bdeg/ACC3/adder1/APreS2[3]/q u_IDCT/bdeg/ACC3_adder1_APreS2_reg[3]/Q 
add mapped point u_IDCT/bdeg/ACC3/adder1/APreS2[3]/q u_IDCT/bdeg/ACC3_adder1_APreS2_reg[3]/QN 
add mapped point u_IDCT/bdeg/ACC3/adder1/APreS2[4]/q u_IDCT/bdeg/ACC3_adder1_APreS2_reg[4]/Q 
add mapped point u_IDCT/bdeg/ACC3/adder1/APreS2[4]/q u_IDCT/bdeg/ACC3_adder1_APreS2_reg[4]/QN 
add mapped point u_IDCT/bdeg/ACC3/adder1/APreS2[5]/q u_IDCT/bdeg/ACC3_adder1_APreS2_reg[5]/Q 
add mapped point u_IDCT/bdeg/ACC3/adder1/APreS2[5]/q u_IDCT/bdeg/ACC3_adder1_APreS2_reg[5]/QN 
add mapped point u_IDCT/bdeg/ACC3/adder1/APreS2[6]/q u_IDCT/bdeg/ACC3_adder1_APreS2_reg[6]/Q 
add mapped point u_IDCT/bdeg/ACC3/adder1/APreS2[6]/q u_IDCT/bdeg/ACC3_adder1_APreS2_reg[6]/QN 
add mapped point u_IDCT/bdeg/ACC3/adder1/APreS2[7]/q u_IDCT/bdeg/ACC3_adder1_APreS2_reg[7]/Q 
add mapped point u_IDCT/bdeg/ACC3/adder1/APreS2[7]/q u_IDCT/bdeg/ACC3_adder1_APreS2_reg[7]/QN 
add mapped point u_IDCT/bdeg/ACC3/adder1/APreS2[8]/q u_IDCT/bdeg/ACC3_adder1_APreS2_reg[8]/Q 
add mapped point u_IDCT/bdeg/ACC3/adder1/APreS2[8]/q u_IDCT/bdeg/ACC3_adder1_APreS2_reg[8]/QN 
add mapped point u_IDCT/bdeg/ACC3/adder1/BPreS2[0]/q u_IDCT/bdeg/ACC3_adder1_BPreS2_reg[0]/Q 
add mapped point u_IDCT/bdeg/ACC3/adder1/BPreS2[0]/q u_IDCT/bdeg/ACC3_adder1_BPreS2_reg[0]/QN 
add mapped point u_IDCT/bdeg/ACC3/adder1/BPreS2[1]/q u_IDCT/bdeg/ACC3_adder1_BPreS2_reg[1]/Q 
add mapped point u_IDCT/bdeg/ACC3/adder1/BPreS2[1]/q u_IDCT/bdeg/ACC3_adder1_BPreS2_reg[1]/QN 
add mapped point u_IDCT/bdeg/ACC3/adder1/BPreS2[2]/q u_IDCT/bdeg/ACC3_adder1_BPreS2_reg[2]/Q 
add mapped point u_IDCT/bdeg/ACC3/adder1/BPreS2[2]/q u_IDCT/bdeg/ACC3_adder1_BPreS2_reg[2]/QN 
add mapped point u_IDCT/bdeg/ACC3/adder1/BPreS2[3]/q u_IDCT/bdeg/ACC3_adder1_BPreS2_reg[3]/Q 
add mapped point u_IDCT/bdeg/ACC3/adder1/BPreS2[3]/q u_IDCT/bdeg/ACC3_adder1_BPreS2_reg[3]/QN 
add mapped point u_IDCT/bdeg/ACC3/adder1/BPreS2[4]/q u_IDCT/bdeg/ACC3_adder1_BPreS2_reg[4]/Q 
add mapped point u_IDCT/bdeg/ACC3/adder1/BPreS2[4]/q u_IDCT/bdeg/ACC3_adder1_BPreS2_reg[4]/QN 
add mapped point u_IDCT/bdeg/ACC3/adder1/BPreS2[5]/q u_IDCT/bdeg/ACC3_adder1_BPreS2_reg[5]/Q 
add mapped point u_IDCT/bdeg/ACC3/adder1/BPreS2[5]/q u_IDCT/bdeg/ACC3_adder1_BPreS2_reg[5]/QN 
add mapped point u_IDCT/bdeg/ACC3/adder1/BPreS2[6]/q u_IDCT/bdeg/ACC3_adder1_BPreS2_reg[6]/Q 
add mapped point u_IDCT/bdeg/ACC3/adder1/BPreS2[6]/q u_IDCT/bdeg/ACC3_adder1_BPreS2_reg[6]/QN 
add mapped point u_IDCT/bdeg/ACC3/adder1/BPreS2[7]/q u_IDCT/bdeg/ACC3_adder1_BPreS2_reg[7]/Q 
add mapped point u_IDCT/bdeg/ACC3/adder1/BPreS2[7]/q u_IDCT/bdeg/ACC3_adder1_BPreS2_reg[7]/QN 
add mapped point u_IDCT/bdeg/ACC3/adder1/BPreS2[8]/q u_IDCT/bdeg/ACC3_adder1_BPreS2_reg[8]/Q 
add mapped point u_IDCT/bdeg/ACC3/adder1/BPreS2[8]/q u_IDCT/bdeg/ACC3_adder1_BPreS2_reg[8]/QN 
add mapped point u_IDCT/bdeg/ACC3/adder1/C1/q u_IDCT/bdeg/ACC3_adder1_C1_reg/Q 
add mapped point u_IDCT/bdeg/ACC3/adder1/C1/q u_IDCT/bdeg/ACC3_adder1_C1_reg/QN 
add mapped point u_IDCT/bdeg/ACC3/adder1/PostS1[0]/q u_IDCT/bdeg/ACC3_adder1_PostS1_reg[0]/Q 
add mapped point u_IDCT/bdeg/ACC3/adder1/PostS1[0]/q u_IDCT/bdeg/ACC3_adder1_PostS1_reg[0]/QN 
add mapped point u_IDCT/bdeg/ACC3/adder1/PostS1[1]/q u_IDCT/bdeg/ACC3_adder1_PostS1_reg[1]/Q 
add mapped point u_IDCT/bdeg/ACC3/adder1/PostS1[1]/q u_IDCT/bdeg/ACC3_adder1_PostS1_reg[1]/QN 
add mapped point u_IDCT/bdeg/ACC3/adder1/PostS1[2]/q u_IDCT/bdeg/ACC3_adder1_PostS1_reg[2]/Q 
add mapped point u_IDCT/bdeg/ACC3/adder1/PostS1[2]/q u_IDCT/bdeg/ACC3_adder1_PostS1_reg[2]/QN 
add mapped point u_IDCT/bdeg/ACC3/adder1/PostS1[3]/q u_IDCT/bdeg/ACC3_adder1_PostS1_reg[3]/Q 
add mapped point u_IDCT/bdeg/ACC3/adder1/PostS1[3]/q u_IDCT/bdeg/ACC3_adder1_PostS1_reg[3]/QN 
add mapped point u_IDCT/bdeg/ACC3/adder1/PostS1[4]/q u_IDCT/bdeg/ACC3_adder1_PostS1_reg[4]/Q 
add mapped point u_IDCT/bdeg/ACC3/adder1/PostS1[4]/q u_IDCT/bdeg/ACC3_adder1_PostS1_reg[4]/QN 
add mapped point u_IDCT/bdeg/ACC3/adder1/PostS1[5]/q u_IDCT/bdeg/ACC3_adder1_PostS1_reg[5]/Q 
add mapped point u_IDCT/bdeg/ACC3/adder1/PostS1[5]/q u_IDCT/bdeg/ACC3_adder1_PostS1_reg[5]/QN 
add mapped point u_IDCT/bdeg/ACC3/adder1/PostS1[6]/q u_IDCT/bdeg/ACC3_adder1_PostS1_reg[6]/Q 
add mapped point u_IDCT/bdeg/ACC3/adder1/PostS1[6]/q u_IDCT/bdeg/ACC3_adder1_PostS1_reg[6]/QN 
add mapped point u_IDCT/bdeg/ACC3/adder1/PostS1[7]/q u_IDCT/bdeg/ACC3_adder1_PostS1_reg[7]/Q 
add mapped point u_IDCT/bdeg/ACC3/adder1/PostS1[7]/q u_IDCT/bdeg/ACC3_adder1_PostS1_reg[7]/QN 
add mapped point u_IDCT/bdeg/ACC3/adder1/PostS1[8]/q u_IDCT/bdeg/ACC3_adder1_PostS1_reg[8]/Q 
add mapped point u_IDCT/bdeg/ACC3/adder1/PostS1[8]/q u_IDCT/bdeg/ACC3_adder1_PostS1_reg[8]/QN 
add mapped point u_IDCT/bdeg/ACC3/adder1/PostS1[9]/q u_IDCT/bdeg/ACC3_adder1_PostS1_reg[9]/Q 
add mapped point u_IDCT/bdeg/ACC3/adder1/PostS1[9]/q u_IDCT/bdeg/ACC3_adder1_PostS1_reg[9]/QN 
add mapped point u_IDCT/bdeg/ACC3/adder1/PostS1[10]/q u_IDCT/bdeg/ACC3_adder1_PostS1_reg[10]/Q 
add mapped point u_IDCT/bdeg/ACC3/adder1/PostS1[10]/q u_IDCT/bdeg/ACC3_adder1_PostS1_reg[10]/QN 
add mapped point u_IDCT/bdeg/ACC3/adder2/BPreS2[0]/q u_IDCT/bdeg/ACC3_adder2_BPreS2_reg[0]/Q 
add mapped point u_IDCT/bdeg/ACC3/adder2/BPreS2[0]/q u_IDCT/bdeg/ACC3_adder2_BPreS2_reg[0]/QN 
add mapped point u_IDCT/bdeg/ACC3/adder2/BPreS2[1]/q u_IDCT/bdeg/ACC3_adder2_BPreS2_reg[1]/Q 
add mapped point u_IDCT/bdeg/ACC3/adder2/BPreS2[1]/q u_IDCT/bdeg/ACC3_adder2_BPreS2_reg[1]/QN 
add mapped point u_IDCT/bdeg/ACC3/adder2/BPreS2[2]/q u_IDCT/bdeg/ACC3_adder2_BPreS2_reg[2]/Q 
add mapped point u_IDCT/bdeg/ACC3/adder2/BPreS2[2]/q u_IDCT/bdeg/ACC3_adder2_BPreS2_reg[2]/QN 
add mapped point u_IDCT/bdeg/ACC3/adder2/BPreS2[3]/q u_IDCT/bdeg/ACC3_adder2_BPreS2_reg[3]/Q 
add mapped point u_IDCT/bdeg/ACC3/adder2/BPreS2[3]/q u_IDCT/bdeg/ACC3_adder2_BPreS2_reg[3]/QN 
add mapped point u_IDCT/bdeg/ACC3/adder2/BPreS2[4]/q u_IDCT/bdeg/ACC3_adder2_BPreS2_reg[4]/Q 
add mapped point u_IDCT/bdeg/ACC3/adder2/BPreS2[4]/q u_IDCT/bdeg/ACC3_adder2_BPreS2_reg[4]/QN 
add mapped point u_IDCT/bdeg/ACC3/adder2/BPreS2[5]/q u_IDCT/bdeg/ACC3_adder2_BPreS2_reg[5]/Q 
add mapped point u_IDCT/bdeg/ACC3/adder2/BPreS2[5]/q u_IDCT/bdeg/ACC3_adder2_BPreS2_reg[5]/QN 
add mapped point u_IDCT/bdeg/ACC3/adder2/BPreS2[6]/q u_IDCT/bdeg/ACC3_adder2_BPreS2_reg[6]/Q 
add mapped point u_IDCT/bdeg/ACC3/adder2/BPreS2[6]/q u_IDCT/bdeg/ACC3_adder2_BPreS2_reg[6]/QN 
add mapped point u_IDCT/bdeg/ACC3/adder2/BPreS2[7]/q u_IDCT/bdeg/ACC3_adder2_BPreS2_reg[7]/Q 
add mapped point u_IDCT/bdeg/ACC3/adder2/BPreS2[7]/q u_IDCT/bdeg/ACC3_adder2_BPreS2_reg[7]/QN 
add mapped point u_IDCT/bdeg/ACC3/adder2/BPreS2[8]/q u_IDCT/bdeg/ACC3_adder2_BPreS2_reg[8]/Q 
add mapped point u_IDCT/bdeg/ACC3/adder2/BPreS2[8]/q u_IDCT/bdeg/ACC3_adder2_BPreS2_reg[8]/QN 
add mapped point u_IDCT/bdeg/ACC3/adder2/C1/q u_IDCT/bdeg/ACC3_adder2_C1_reg/Q 
add mapped point u_IDCT/bdeg/ACC3/adder2/C1/q u_IDCT/bdeg/ACC3_adder2_C1_reg/QN 
add mapped point u_IDCT/bdeg/ACC3/adder2/PostS1[0]/q u_IDCT/bdeg/ACC3_adder2_PostS1_reg[0]/Q 
add mapped point u_IDCT/bdeg/ACC3/adder2/PostS1[0]/q u_IDCT/bdeg/ACC3_adder2_PostS1_reg[0]/QN 
add mapped point u_IDCT/bdeg/ACC3/adder2/PostS1[1]/q u_IDCT/bdeg/ACC3_adder2_PostS1_reg[1]/Q 
add mapped point u_IDCT/bdeg/ACC3/adder2/PostS1[1]/q u_IDCT/bdeg/ACC3_adder2_PostS1_reg[1]/QN 
add mapped point u_IDCT/bdeg/ACC3/adder2/PostS1[2]/q u_IDCT/bdeg/ACC3_adder2_PostS1_reg[2]/Q 
add mapped point u_IDCT/bdeg/ACC3/adder2/PostS1[2]/q u_IDCT/bdeg/ACC3_adder2_PostS1_reg[2]/QN 
add mapped point u_IDCT/bdeg/ACC3/adder2/PostS1[3]/q u_IDCT/bdeg/ACC3_adder2_PostS1_reg[3]/Q 
add mapped point u_IDCT/bdeg/ACC3/adder2/PostS1[3]/q u_IDCT/bdeg/ACC3_adder2_PostS1_reg[3]/QN 
add mapped point u_IDCT/bdeg/ACC3/adder2/PostS1[4]/q u_IDCT/bdeg/ACC3_adder2_PostS1_reg[4]/Q 
add mapped point u_IDCT/bdeg/ACC3/adder2/PostS1[4]/q u_IDCT/bdeg/ACC3_adder2_PostS1_reg[4]/QN 
add mapped point u_IDCT/bdeg/ACC3/adder2/PostS1[5]/q u_IDCT/bdeg/ACC3_adder2_PostS1_reg[5]/Q 
add mapped point u_IDCT/bdeg/ACC3/adder2/PostS1[5]/q u_IDCT/bdeg/ACC3_adder2_PostS1_reg[5]/QN 
add mapped point u_IDCT/bdeg/ACC3/adder2/PostS1[6]/q u_IDCT/bdeg/ACC3_adder2_PostS1_reg[6]/Q 
add mapped point u_IDCT/bdeg/ACC3/adder2/PostS1[6]/q u_IDCT/bdeg/ACC3_adder2_PostS1_reg[6]/QN 
add mapped point u_IDCT/bdeg/ACC3/adder2/PostS1[7]/q u_IDCT/bdeg/ACC3_adder2_PostS1_reg[7]/Q 
add mapped point u_IDCT/bdeg/ACC3/adder2/PostS1[7]/q u_IDCT/bdeg/ACC3_adder2_PostS1_reg[7]/QN 
add mapped point u_IDCT/bdeg/ACC3/adder2/PostS1[8]/q u_IDCT/bdeg/ACC3_adder2_PostS1_reg[8]/Q 
add mapped point u_IDCT/bdeg/ACC3/adder2/PostS1[8]/q u_IDCT/bdeg/ACC3_adder2_PostS1_reg[8]/QN 
add mapped point u_IDCT/bdeg/ACC3/adder2/PostS1[9]/q u_IDCT/bdeg/ACC3_adder2_PostS1_reg[9]/Q 
add mapped point u_IDCT/bdeg/ACC3/adder2/PostS1[9]/q u_IDCT/bdeg/ACC3_adder2_PostS1_reg[9]/QN 
add mapped point u_IDCT/bdeg/ACC3/adder2/PostS1[10]/q u_IDCT/bdeg/ACC3_adder2_PostS1_reg[10]/Q 
add mapped point u_IDCT/bdeg/ACC3/adder2/PostS1[10]/q u_IDCT/bdeg/ACC3_adder2_PostS1_reg[10]/QN 
add mapped point u_IDCT/bdeg/toACC0[0]/q u_IDCT/bdeg/toACC0_reg[0]/Q 
add mapped point u_IDCT/bdeg/toACC0[0]/q u_IDCT/bdeg/toACC0_reg[0]/QN 
add mapped point u_IDCT/bdeg/toACC0[1]/q u_IDCT/bdeg/toACC0_reg[1]/Q 
add mapped point u_IDCT/bdeg/toACC0[1]/q u_IDCT/bdeg/toACC0_reg[1]/QN 
add mapped point u_IDCT/bdeg/toACC0[2]/q u_IDCT/bdeg/toACC0_reg[2]/Q 
add mapped point u_IDCT/bdeg/toACC0[2]/q u_IDCT/bdeg/toACC0_reg[2]/QN 
add mapped point u_IDCT/bdeg/toACC0[3]/q u_IDCT/bdeg/toACC0_reg[3]/Q 
add mapped point u_IDCT/bdeg/toACC0[3]/q u_IDCT/bdeg/toACC0_reg[3]/QN 
add mapped point u_IDCT/bdeg/toACC0[4]/q u_IDCT/bdeg/toACC0_reg[4]/Q 
add mapped point u_IDCT/bdeg/toACC0[4]/q u_IDCT/bdeg/toACC0_reg[4]/QN 
add mapped point u_IDCT/bdeg/toACC0[5]/q u_IDCT/bdeg/toACC0_reg[5]/Q 
add mapped point u_IDCT/bdeg/toACC0[5]/q u_IDCT/bdeg/toACC0_reg[5]/QN 
add mapped point u_IDCT/bdeg/toACC0[6]/q u_IDCT/bdeg/toACC0_reg[6]/Q 
add mapped point u_IDCT/bdeg/toACC0[6]/q u_IDCT/bdeg/toACC0_reg[6]/QN 
add mapped point u_IDCT/bdeg/toACC0[7]/q u_IDCT/bdeg/toACC0_reg[7]/Q 
add mapped point u_IDCT/bdeg/toACC0[7]/q u_IDCT/bdeg/toACC0_reg[7]/QN 
add mapped point u_IDCT/bdeg/toACC0[8]/q u_IDCT/bdeg/toACC0_reg[8]/Q 
add mapped point u_IDCT/bdeg/toACC0[8]/q u_IDCT/bdeg/toACC0_reg[8]/QN 
add mapped point u_IDCT/bdeg/toACC0[9]/q u_IDCT/bdeg/toACC0_reg[9]/Q 
add mapped point u_IDCT/bdeg/toACC0[9]/q u_IDCT/bdeg/toACC0_reg[9]/QN 
add mapped point u_IDCT/bdeg/toACC0[10]/q u_IDCT/bdeg/toACC0_reg[10]/Q 
add mapped point u_IDCT/bdeg/toACC0[10]/q u_IDCT/bdeg/toACC0_reg[10]/QN 
add mapped point u_IDCT/bdeg/toACC0[11]/q u_IDCT/bdeg/toACC0_reg[11]/Q 
add mapped point u_IDCT/bdeg/toACC0[11]/q u_IDCT/bdeg/toACC0_reg[11]/QN 
add mapped point u_IDCT/bdeg/toACC0[12]/q u_IDCT/bdeg/toACC0_reg[12]/Q 
add mapped point u_IDCT/bdeg/toACC0[12]/q u_IDCT/bdeg/toACC0_reg[12]/QN 
add mapped point u_IDCT/bdeg/toACC0[13]/q u_IDCT/bdeg/toACC0_reg[13]/Q 
add mapped point u_IDCT/bdeg/toACC0[13]/q u_IDCT/bdeg/toACC0_reg[13]/QN 
add mapped point u_IDCT/bdeg/toACC0[14]/q u_IDCT/bdeg/toACC0_reg[14]/Q 
add mapped point u_IDCT/bdeg/toACC0[14]/q u_IDCT/bdeg/toACC0_reg[14]/QN 
add mapped point u_IDCT/bdeg/toACC0[15]/q u_IDCT/bdeg/toACC0_reg[15]/Q 
add mapped point u_IDCT/bdeg/toACC0[15]/q u_IDCT/bdeg/toACC0_reg[15]/QN 
add mapped point u_IDCT/bdeg/toACC0[16]/q u_IDCT/bdeg/toACC0_reg[16]/Q 
add mapped point u_IDCT/bdeg/toACC0[16]/q u_IDCT/bdeg/toACC0_reg[16]/QN 
add mapped point u_IDCT/bdeg/toACC0[17]/q u_IDCT/bdeg/toACC0_reg[17]/Q 
add mapped point u_IDCT/bdeg/toACC0[17]/q u_IDCT/bdeg/toACC0_reg[17]/QN 
add mapped point u_IDCT/bdeg/toACC0[18]/q u_IDCT/bdeg/toACC0_reg[18]/Q 
add mapped point u_IDCT/bdeg/toACC0[18]/q u_IDCT/bdeg/toACC0_reg[18]/QN 
add mapped point u_IDCT/bdeg/toACC0[19]/q u_IDCT/bdeg/toACC0_reg[19]/Q 
add mapped point u_IDCT/bdeg/toACC0[19]/q u_IDCT/bdeg/toACC0_reg[19]/QN 
add mapped point u_IDCT/bdeg/toACC1[0]/q u_IDCT/bdeg/toACC1_reg[0]/Q 
add mapped point u_IDCT/bdeg/toACC1[0]/q u_IDCT/bdeg/toACC1_reg[0]/QN 
add mapped point u_IDCT/bdeg/toACC1[1]/q u_IDCT/bdeg/toACC1_reg[1]/Q 
add mapped point u_IDCT/bdeg/toACC1[1]/q u_IDCT/bdeg/toACC1_reg[1]/QN 
add mapped point u_IDCT/bdeg/toACC1[2]/q u_IDCT/bdeg/toACC1_reg[2]/Q 
add mapped point u_IDCT/bdeg/toACC1[2]/q u_IDCT/bdeg/toACC1_reg[2]/QN 
add mapped point u_IDCT/bdeg/toACC1[3]/q u_IDCT/bdeg/toACC1_reg[3]/Q 
add mapped point u_IDCT/bdeg/toACC1[3]/q u_IDCT/bdeg/toACC1_reg[3]/QN 
add mapped point u_IDCT/bdeg/toACC1[4]/q u_IDCT/bdeg/toACC1_reg[4]/Q 
add mapped point u_IDCT/bdeg/toACC1[4]/q u_IDCT/bdeg/toACC1_reg[4]/QN 
add mapped point u_IDCT/bdeg/toACC1[5]/q u_IDCT/bdeg/toACC1_reg[5]/Q 
add mapped point u_IDCT/bdeg/toACC1[5]/q u_IDCT/bdeg/toACC1_reg[5]/QN 
add mapped point u_IDCT/bdeg/toACC1[6]/q u_IDCT/bdeg/toACC1_reg[6]/Q 
add mapped point u_IDCT/bdeg/toACC1[6]/q u_IDCT/bdeg/toACC1_reg[6]/QN 
add mapped point u_IDCT/bdeg/toACC1[7]/q u_IDCT/bdeg/toACC1_reg[7]/Q 
add mapped point u_IDCT/bdeg/toACC1[7]/q u_IDCT/bdeg/toACC1_reg[7]/QN 
add mapped point u_IDCT/bdeg/toACC1[8]/q u_IDCT/bdeg/toACC1_reg[8]/Q 
add mapped point u_IDCT/bdeg/toACC1[8]/q u_IDCT/bdeg/toACC1_reg[8]/QN 
add mapped point u_IDCT/bdeg/toACC1[9]/q u_IDCT/bdeg/toACC1_reg[9]/Q 
add mapped point u_IDCT/bdeg/toACC1[9]/q u_IDCT/bdeg/toACC1_reg[9]/QN 
add mapped point u_IDCT/bdeg/toACC1[10]/q u_IDCT/bdeg/toACC1_reg[10]/Q 
add mapped point u_IDCT/bdeg/toACC1[10]/q u_IDCT/bdeg/toACC1_reg[10]/QN 
add mapped point u_IDCT/bdeg/toACC1[11]/q u_IDCT/bdeg/toACC1_reg[11]/Q 
add mapped point u_IDCT/bdeg/toACC1[11]/q u_IDCT/bdeg/toACC1_reg[11]/QN 
add mapped point u_IDCT/bdeg/toACC1[12]/q u_IDCT/bdeg/toACC1_reg[12]/Q 
add mapped point u_IDCT/bdeg/toACC1[12]/q u_IDCT/bdeg/toACC1_reg[12]/QN 
add mapped point u_IDCT/bdeg/toACC1[13]/q u_IDCT/bdeg/toACC1_reg[13]/Q 
add mapped point u_IDCT/bdeg/toACC1[13]/q u_IDCT/bdeg/toACC1_reg[13]/QN 
add mapped point u_IDCT/bdeg/toACC1[14]/q u_IDCT/bdeg/toACC1_reg[14]/Q 
add mapped point u_IDCT/bdeg/toACC1[14]/q u_IDCT/bdeg/toACC1_reg[14]/QN 
add mapped point u_IDCT/bdeg/toACC1[15]/q u_IDCT/bdeg/toACC1_reg[15]/Q 
add mapped point u_IDCT/bdeg/toACC1[15]/q u_IDCT/bdeg/toACC1_reg[15]/QN 
add mapped point u_IDCT/bdeg/toACC1[16]/q u_IDCT/bdeg/toACC1_reg[16]/Q 
add mapped point u_IDCT/bdeg/toACC1[16]/q u_IDCT/bdeg/toACC1_reg[16]/QN 
add mapped point u_IDCT/bdeg/toACC1[17]/q u_IDCT/bdeg/toACC1_reg[17]/Q 
add mapped point u_IDCT/bdeg/toACC1[17]/q u_IDCT/bdeg/toACC1_reg[17]/QN 
add mapped point u_IDCT/bdeg/toACC1[18]/q u_IDCT/bdeg/toACC1_reg[18]/Q 
add mapped point u_IDCT/bdeg/toACC1[18]/q u_IDCT/bdeg/toACC1_reg[18]/QN 
add mapped point u_IDCT/bdeg/toACC1[19]/q u_IDCT/bdeg/toACC1_reg[19]/Q 
add mapped point u_IDCT/bdeg/toACC1[19]/q u_IDCT/bdeg/toACC1_reg[19]/QN 
add mapped point u_IDCT/bdeg/toACC2[0]/q u_IDCT/bdeg/toACC2_reg[0]/Q 
add mapped point u_IDCT/bdeg/toACC2[0]/q u_IDCT/bdeg/toACC2_reg[0]/QN 
add mapped point u_IDCT/bdeg/toACC2[1]/q u_IDCT/bdeg/toACC2_reg[1]/Q 
add mapped point u_IDCT/bdeg/toACC2[1]/q u_IDCT/bdeg/toACC2_reg[1]/QN 
add mapped point u_IDCT/bdeg/toACC2[2]/q u_IDCT/bdeg/toACC2_reg[2]/Q 
add mapped point u_IDCT/bdeg/toACC2[2]/q u_IDCT/bdeg/toACC2_reg[2]/QN 
add mapped point u_IDCT/bdeg/toACC2[3]/q u_IDCT/bdeg/toACC2_reg[3]/Q 
add mapped point u_IDCT/bdeg/toACC2[3]/q u_IDCT/bdeg/toACC2_reg[3]/QN 
add mapped point u_IDCT/bdeg/toACC2[4]/q u_IDCT/bdeg/toACC2_reg[4]/Q 
add mapped point u_IDCT/bdeg/toACC2[4]/q u_IDCT/bdeg/toACC2_reg[4]/QN 
add mapped point u_IDCT/bdeg/toACC2[5]/q u_IDCT/bdeg/toACC2_reg[5]/Q 
add mapped point u_IDCT/bdeg/toACC2[5]/q u_IDCT/bdeg/toACC2_reg[5]/QN 
add mapped point u_IDCT/bdeg/toACC2[6]/q u_IDCT/bdeg/toACC2_reg[6]/Q 
add mapped point u_IDCT/bdeg/toACC2[6]/q u_IDCT/bdeg/toACC2_reg[6]/QN 
add mapped point u_IDCT/bdeg/toACC2[7]/q u_IDCT/bdeg/toACC2_reg[7]/Q 
add mapped point u_IDCT/bdeg/toACC2[7]/q u_IDCT/bdeg/toACC2_reg[7]/QN 
add mapped point u_IDCT/bdeg/toACC2[8]/q u_IDCT/bdeg/toACC2_reg[8]/Q 
add mapped point u_IDCT/bdeg/toACC2[8]/q u_IDCT/bdeg/toACC2_reg[8]/QN 
add mapped point u_IDCT/bdeg/toACC2[9]/q u_IDCT/bdeg/toACC2_reg[9]/Q 
add mapped point u_IDCT/bdeg/toACC2[9]/q u_IDCT/bdeg/toACC2_reg[9]/QN 
add mapped point u_IDCT/bdeg/toACC2[10]/q u_IDCT/bdeg/toACC2_reg[10]/Q 
add mapped point u_IDCT/bdeg/toACC2[10]/q u_IDCT/bdeg/toACC2_reg[10]/QN 
add mapped point u_IDCT/bdeg/toACC2[11]/q u_IDCT/bdeg/toACC2_reg[11]/Q 
add mapped point u_IDCT/bdeg/toACC2[11]/q u_IDCT/bdeg/toACC2_reg[11]/QN 
add mapped point u_IDCT/bdeg/toACC2[12]/q u_IDCT/bdeg/toACC2_reg[12]/Q 
add mapped point u_IDCT/bdeg/toACC2[12]/q u_IDCT/bdeg/toACC2_reg[12]/QN 
add mapped point u_IDCT/bdeg/toACC2[13]/q u_IDCT/bdeg/toACC2_reg[13]/Q 
add mapped point u_IDCT/bdeg/toACC2[13]/q u_IDCT/bdeg/toACC2_reg[13]/QN 
add mapped point u_IDCT/bdeg/toACC2[14]/q u_IDCT/bdeg/toACC2_reg[14]/Q 
add mapped point u_IDCT/bdeg/toACC2[14]/q u_IDCT/bdeg/toACC2_reg[14]/QN 
add mapped point u_IDCT/bdeg/toACC2[15]/q u_IDCT/bdeg/toACC2_reg[15]/Q 
add mapped point u_IDCT/bdeg/toACC2[15]/q u_IDCT/bdeg/toACC2_reg[15]/QN 
add mapped point u_IDCT/bdeg/toACC2[16]/q u_IDCT/bdeg/toACC2_reg[16]/Q 
add mapped point u_IDCT/bdeg/toACC2[16]/q u_IDCT/bdeg/toACC2_reg[16]/QN 
add mapped point u_IDCT/bdeg/toACC2[17]/q u_IDCT/bdeg/toACC2_reg[17]/Q 
add mapped point u_IDCT/bdeg/toACC2[17]/q u_IDCT/bdeg/toACC2_reg[17]/QN 
add mapped point u_IDCT/bdeg/toACC2[18]/q u_IDCT/bdeg/toACC2_reg[18]/Q 
add mapped point u_IDCT/bdeg/toACC2[18]/q u_IDCT/bdeg/toACC2_reg[18]/QN 
add mapped point u_IDCT/bdeg/toACC2[19]/q u_IDCT/bdeg/toACC2_reg[19]/Q 
add mapped point u_IDCT/bdeg/toACC2[19]/q u_IDCT/bdeg/toACC2_reg[19]/QN 
add mapped point u_IDCT/bdeg/toACC3[0]/q u_IDCT/bdeg/toACC3_reg[0]/Q 
add mapped point u_IDCT/bdeg/toACC3[0]/q u_IDCT/bdeg/toACC3_reg[0]/QN 
add mapped point u_IDCT/bdeg/toACC3[1]/q u_IDCT/bdeg/toACC3_reg[1]/Q 
add mapped point u_IDCT/bdeg/toACC3[1]/q u_IDCT/bdeg/toACC3_reg[1]/QN 
add mapped point u_IDCT/bdeg/toACC3[2]/q u_IDCT/bdeg/toACC3_reg[2]/Q 
add mapped point u_IDCT/bdeg/toACC3[2]/q u_IDCT/bdeg/toACC3_reg[2]/QN 
add mapped point u_IDCT/bdeg/toACC3[3]/q u_IDCT/bdeg/toACC3_reg[3]/Q 
add mapped point u_IDCT/bdeg/toACC3[3]/q u_IDCT/bdeg/toACC3_reg[3]/QN 
add mapped point u_IDCT/bdeg/toACC3[4]/q u_IDCT/bdeg/toACC3_reg[4]/Q 
add mapped point u_IDCT/bdeg/toACC3[4]/q u_IDCT/bdeg/toACC3_reg[4]/QN 
add mapped point u_IDCT/bdeg/toACC3[5]/q u_IDCT/bdeg/toACC3_reg[5]/Q 
add mapped point u_IDCT/bdeg/toACC3[5]/q u_IDCT/bdeg/toACC3_reg[5]/QN 
add mapped point u_IDCT/bdeg/toACC3[6]/q u_IDCT/bdeg/toACC3_reg[6]/Q 
add mapped point u_IDCT/bdeg/toACC3[6]/q u_IDCT/bdeg/toACC3_reg[6]/QN 
add mapped point u_IDCT/bdeg/toACC3[7]/q u_IDCT/bdeg/toACC3_reg[7]/Q 
add mapped point u_IDCT/bdeg/toACC3[7]/q u_IDCT/bdeg/toACC3_reg[7]/QN 
add mapped point u_IDCT/bdeg/toACC3[8]/q u_IDCT/bdeg/toACC3_reg[8]/Q 
add mapped point u_IDCT/bdeg/toACC3[8]/q u_IDCT/bdeg/toACC3_reg[8]/QN 
add mapped point u_IDCT/bdeg/toACC3[9]/q u_IDCT/bdeg/toACC3_reg[9]/Q 
add mapped point u_IDCT/bdeg/toACC3[9]/q u_IDCT/bdeg/toACC3_reg[9]/QN 
add mapped point u_IDCT/bdeg/toACC3[10]/q u_IDCT/bdeg/toACC3_reg[10]/Q 
add mapped point u_IDCT/bdeg/toACC3[10]/q u_IDCT/bdeg/toACC3_reg[10]/QN 
add mapped point u_IDCT/bdeg/toACC3[11]/q u_IDCT/bdeg/toACC3_reg[11]/Q 
add mapped point u_IDCT/bdeg/toACC3[11]/q u_IDCT/bdeg/toACC3_reg[11]/QN 
add mapped point u_IDCT/bdeg/toACC3[12]/q u_IDCT/bdeg/toACC3_reg[12]/Q 
add mapped point u_IDCT/bdeg/toACC3[12]/q u_IDCT/bdeg/toACC3_reg[12]/QN 
add mapped point u_IDCT/bdeg/toACC3[13]/q u_IDCT/bdeg/toACC3_reg[13]/Q 
add mapped point u_IDCT/bdeg/toACC3[13]/q u_IDCT/bdeg/toACC3_reg[13]/QN 
add mapped point u_IDCT/bdeg/toACC3[14]/q u_IDCT/bdeg/toACC3_reg[14]/Q 
add mapped point u_IDCT/bdeg/toACC3[14]/q u_IDCT/bdeg/toACC3_reg[14]/QN 
add mapped point u_IDCT/bdeg/toACC3[15]/q u_IDCT/bdeg/toACC3_reg[15]/Q 
add mapped point u_IDCT/bdeg/toACC3[15]/q u_IDCT/bdeg/toACC3_reg[15]/QN 
add mapped point u_IDCT/bdeg/toACC3[16]/q u_IDCT/bdeg/toACC3_reg[16]/Q 
add mapped point u_IDCT/bdeg/toACC3[16]/q u_IDCT/bdeg/toACC3_reg[16]/QN 
add mapped point u_IDCT/bdeg/toACC3[17]/q u_IDCT/bdeg/toACC3_reg[17]/Q 
add mapped point u_IDCT/bdeg/toACC3[17]/q u_IDCT/bdeg/toACC3_reg[17]/QN 
add mapped point u_IDCT/bdeg/toACC3[18]/q u_IDCT/bdeg/toACC3_reg[18]/Q 
add mapped point u_IDCT/bdeg/toACC3[18]/q u_IDCT/bdeg/toACC3_reg[18]/QN 
add mapped point u_IDCT/bdeg/toACC3[19]/q u_IDCT/bdeg/toACC3_reg[19]/Q 
add mapped point u_IDCT/bdeg/toACC3[19]/q u_IDCT/bdeg/toACC3_reg[19]/QN 
add mapped point u_IDCT/bdeg/ACC0/Z2[0]/q u_IDCT/bdeg/ACC0_Z2_reg[0]/Q 
add mapped point u_IDCT/bdeg/ACC0/Z2[0]/q u_IDCT/bdeg/ACC0_Z2_reg[0]/QN 
add mapped point u_IDCT/bdeg/ACC0/Z2[1]/q u_IDCT/bdeg/ACC0_Z2_reg[1]/Q 
add mapped point u_IDCT/bdeg/ACC0/Z2[1]/q u_IDCT/bdeg/ACC0_Z2_reg[1]/QN 
add mapped point u_IDCT/bdeg/ACC0/Z2[2]/q u_IDCT/bdeg/ACC0_Z2_reg[2]/Q 
add mapped point u_IDCT/bdeg/ACC0/Z2[2]/q u_IDCT/bdeg/ACC0_Z2_reg[2]/QN 
add mapped point u_IDCT/bdeg/ACC0/Z2[3]/q u_IDCT/bdeg/ACC0_Z2_reg[3]/Q 
add mapped point u_IDCT/bdeg/ACC0/Z2[3]/q u_IDCT/bdeg/ACC0_Z2_reg[3]/QN 
add mapped point u_IDCT/bdeg/ACC0/Z2[4]/q u_IDCT/bdeg/ACC0_Z2_reg[4]/Q 
add mapped point u_IDCT/bdeg/ACC0/Z2[4]/q u_IDCT/bdeg/ACC0_Z2_reg[4]/QN 
add mapped point u_IDCT/bdeg/ACC0/Z2[5]/q u_IDCT/bdeg/ACC0_Z2_reg[5]/Q 
add mapped point u_IDCT/bdeg/ACC0/Z2[5]/q u_IDCT/bdeg/ACC0_Z2_reg[5]/QN 
add mapped point u_IDCT/bdeg/ACC0/Z2[6]/q u_IDCT/bdeg/ACC0_Z2_reg[6]/Q 
add mapped point u_IDCT/bdeg/ACC0/Z2[6]/q u_IDCT/bdeg/ACC0_Z2_reg[6]/QN 
add mapped point u_IDCT/bdeg/ACC0/Z2[7]/q u_IDCT/bdeg/ACC0_Z2_reg[7]/Q 
add mapped point u_IDCT/bdeg/ACC0/Z2[7]/q u_IDCT/bdeg/ACC0_Z2_reg[7]/QN 
add mapped point u_IDCT/bdeg/ACC0/Z2[8]/q u_IDCT/bdeg/ACC0_Z2_reg[8]/Q 
add mapped point u_IDCT/bdeg/ACC0/Z2[8]/q u_IDCT/bdeg/ACC0_Z2_reg[8]/QN 
add mapped point u_IDCT/bdeg/ACC0/Z2[9]/q u_IDCT/bdeg/ACC0_Z2_reg[9]/Q 
add mapped point u_IDCT/bdeg/ACC0/Z2[9]/q u_IDCT/bdeg/ACC0_Z2_reg[9]/QN 
add mapped point u_IDCT/bdeg/ACC0/Z2[10]/q u_IDCT/bdeg/ACC0_Z2_reg[10]/Q 
add mapped point u_IDCT/bdeg/ACC0/Z2[10]/q u_IDCT/bdeg/ACC0_Z2_reg[10]/QN 
add mapped point u_IDCT/bdeg/ACC0/adder2/APreS2[0]/q u_IDCT/bdeg/ACC0_adder2_APreS2_reg[0]/Q 
add mapped point u_IDCT/bdeg/ACC0/adder2/APreS2[0]/q u_IDCT/bdeg/ACC0_adder2_APreS2_reg[0]/QN 
add mapped point u_IDCT/bdeg/ACC0/adder2/APreS2[1]/q u_IDCT/bdeg/ACC0_adder2_APreS2_reg[1]/Q 
add mapped point u_IDCT/bdeg/ACC0/adder2/APreS2[1]/q u_IDCT/bdeg/ACC0_adder2_APreS2_reg[1]/QN 
add mapped point u_IDCT/bdeg/ACC0/adder2/APreS2[2]/q u_IDCT/bdeg/ACC0_adder2_APreS2_reg[2]/Q 
add mapped point u_IDCT/bdeg/ACC0/adder2/APreS2[2]/q u_IDCT/bdeg/ACC0_adder2_APreS2_reg[2]/QN 
add mapped point u_IDCT/bdeg/ACC0/adder2/APreS2[3]/q u_IDCT/bdeg/ACC0_adder2_APreS2_reg[3]/Q 
add mapped point u_IDCT/bdeg/ACC0/adder2/APreS2[3]/q u_IDCT/bdeg/ACC0_adder2_APreS2_reg[3]/QN 
add mapped point u_IDCT/bdeg/ACC0/adder2/APreS2[4]/q u_IDCT/bdeg/ACC0_adder2_APreS2_reg[4]/Q 
add mapped point u_IDCT/bdeg/ACC0/adder2/APreS2[4]/q u_IDCT/bdeg/ACC0_adder2_APreS2_reg[4]/QN 
add mapped point u_IDCT/bdeg/ACC0/adder2/APreS2[5]/q u_IDCT/bdeg/ACC0_adder2_APreS2_reg[5]/Q 
add mapped point u_IDCT/bdeg/ACC0/adder2/APreS2[5]/q u_IDCT/bdeg/ACC0_adder2_APreS2_reg[5]/QN 
add mapped point u_IDCT/bdeg/ACC0/adder2/APreS2[6]/q u_IDCT/bdeg/ACC0_adder2_APreS2_reg[6]/Q 
add mapped point u_IDCT/bdeg/ACC0/adder2/APreS2[6]/q u_IDCT/bdeg/ACC0_adder2_APreS2_reg[6]/QN 
add mapped point u_IDCT/bdeg/ACC0/adder2/APreS2[7]/q u_IDCT/bdeg/ACC0_adder2_APreS2_reg[7]/Q 
add mapped point u_IDCT/bdeg/ACC0/adder2/APreS2[7]/q u_IDCT/bdeg/ACC0_adder2_APreS2_reg[7]/QN 
add mapped point u_IDCT/bdeg/ACC0/adder2/APreS2[8]/q u_IDCT/bdeg/ACC0_adder2_APreS2_reg[8]/Q 
add mapped point u_IDCT/bdeg/ACC0/adder2/APreS2[8]/q u_IDCT/bdeg/ACC0_adder2_APreS2_reg[8]/QN 
add mapped point u_IDCT/bdeg/ACC1/Z2[0]/q u_IDCT/bdeg/ACC1_Z2_reg[0]/Q 
add mapped point u_IDCT/bdeg/ACC1/Z2[0]/q u_IDCT/bdeg/ACC1_Z2_reg[0]/QN 
add mapped point u_IDCT/bdeg/ACC1/Z2[1]/q u_IDCT/bdeg/ACC1_Z2_reg[1]/Q 
add mapped point u_IDCT/bdeg/ACC1/Z2[1]/q u_IDCT/bdeg/ACC1_Z2_reg[1]/QN 
add mapped point u_IDCT/bdeg/ACC1/Z2[2]/q u_IDCT/bdeg/ACC1_Z2_reg[2]/Q 
add mapped point u_IDCT/bdeg/ACC1/Z2[2]/q u_IDCT/bdeg/ACC1_Z2_reg[2]/QN 
add mapped point u_IDCT/bdeg/ACC1/Z2[3]/q u_IDCT/bdeg/ACC1_Z2_reg[3]/Q 
add mapped point u_IDCT/bdeg/ACC1/Z2[3]/q u_IDCT/bdeg/ACC1_Z2_reg[3]/QN 
add mapped point u_IDCT/bdeg/ACC1/Z2[4]/q u_IDCT/bdeg/ACC1_Z2_reg[4]/Q 
add mapped point u_IDCT/bdeg/ACC1/Z2[4]/q u_IDCT/bdeg/ACC1_Z2_reg[4]/QN 
add mapped point u_IDCT/bdeg/ACC1/Z2[5]/q u_IDCT/bdeg/ACC1_Z2_reg[5]/Q 
add mapped point u_IDCT/bdeg/ACC1/Z2[5]/q u_IDCT/bdeg/ACC1_Z2_reg[5]/QN 
add mapped point u_IDCT/bdeg/ACC1/Z2[6]/q u_IDCT/bdeg/ACC1_Z2_reg[6]/Q 
add mapped point u_IDCT/bdeg/ACC1/Z2[6]/q u_IDCT/bdeg/ACC1_Z2_reg[6]/QN 
add mapped point u_IDCT/bdeg/ACC1/Z2[7]/q u_IDCT/bdeg/ACC1_Z2_reg[7]/Q 
add mapped point u_IDCT/bdeg/ACC1/Z2[7]/q u_IDCT/bdeg/ACC1_Z2_reg[7]/QN 
add mapped point u_IDCT/bdeg/ACC1/Z2[8]/q u_IDCT/bdeg/ACC1_Z2_reg[8]/Q 
add mapped point u_IDCT/bdeg/ACC1/Z2[8]/q u_IDCT/bdeg/ACC1_Z2_reg[8]/QN 
add mapped point u_IDCT/bdeg/ACC1/Z2[9]/q u_IDCT/bdeg/ACC1_Z2_reg[9]/Q 
add mapped point u_IDCT/bdeg/ACC1/Z2[9]/q u_IDCT/bdeg/ACC1_Z2_reg[9]/QN 
add mapped point u_IDCT/bdeg/ACC1/Z2[10]/q u_IDCT/bdeg/ACC1_Z2_reg[10]/Q 
add mapped point u_IDCT/bdeg/ACC1/Z2[10]/q u_IDCT/bdeg/ACC1_Z2_reg[10]/QN 
add mapped point u_IDCT/bdeg/ACC1/adder2/APreS2[0]/q u_IDCT/bdeg/ACC1_adder2_APreS2_reg[0]/Q 
add mapped point u_IDCT/bdeg/ACC1/adder2/APreS2[0]/q u_IDCT/bdeg/ACC1_adder2_APreS2_reg[0]/QN 
add mapped point u_IDCT/bdeg/ACC1/adder2/APreS2[1]/q u_IDCT/bdeg/ACC1_adder2_APreS2_reg[1]/Q 
add mapped point u_IDCT/bdeg/ACC1/adder2/APreS2[1]/q u_IDCT/bdeg/ACC1_adder2_APreS2_reg[1]/QN 
add mapped point u_IDCT/bdeg/ACC1/adder2/APreS2[2]/q u_IDCT/bdeg/ACC1_adder2_APreS2_reg[2]/Q 
add mapped point u_IDCT/bdeg/ACC1/adder2/APreS2[2]/q u_IDCT/bdeg/ACC1_adder2_APreS2_reg[2]/QN 
add mapped point u_IDCT/bdeg/ACC1/adder2/APreS2[3]/q u_IDCT/bdeg/ACC1_adder2_APreS2_reg[3]/Q 
add mapped point u_IDCT/bdeg/ACC1/adder2/APreS2[3]/q u_IDCT/bdeg/ACC1_adder2_APreS2_reg[3]/QN 
add mapped point u_IDCT/bdeg/ACC1/adder2/APreS2[4]/q u_IDCT/bdeg/ACC1_adder2_APreS2_reg[4]/Q 
add mapped point u_IDCT/bdeg/ACC1/adder2/APreS2[4]/q u_IDCT/bdeg/ACC1_adder2_APreS2_reg[4]/QN 
add mapped point u_IDCT/bdeg/ACC1/adder2/APreS2[5]/q u_IDCT/bdeg/ACC1_adder2_APreS2_reg[5]/Q 
add mapped point u_IDCT/bdeg/ACC1/adder2/APreS2[5]/q u_IDCT/bdeg/ACC1_adder2_APreS2_reg[5]/QN 
add mapped point u_IDCT/bdeg/ACC1/adder2/APreS2[6]/q u_IDCT/bdeg/ACC1_adder2_APreS2_reg[6]/Q 
add mapped point u_IDCT/bdeg/ACC1/adder2/APreS2[6]/q u_IDCT/bdeg/ACC1_adder2_APreS2_reg[6]/QN 
add mapped point u_IDCT/bdeg/ACC1/adder2/APreS2[7]/q u_IDCT/bdeg/ACC1_adder2_APreS2_reg[7]/Q 
add mapped point u_IDCT/bdeg/ACC1/adder2/APreS2[7]/q u_IDCT/bdeg/ACC1_adder2_APreS2_reg[7]/QN 
add mapped point u_IDCT/bdeg/ACC1/adder2/APreS2[8]/q u_IDCT/bdeg/ACC1_adder2_APreS2_reg[8]/Q 
add mapped point u_IDCT/bdeg/ACC1/adder2/APreS2[8]/q u_IDCT/bdeg/ACC1_adder2_APreS2_reg[8]/QN 
add mapped point u_IDCT/bdeg/ACC2/Z2[0]/q u_IDCT/bdeg/ACC2_Z2_reg[0]/Q 
add mapped point u_IDCT/bdeg/ACC2/Z2[0]/q u_IDCT/bdeg/ACC2_Z2_reg[0]/QN 
add mapped point u_IDCT/bdeg/ACC2/Z2[1]/q u_IDCT/bdeg/ACC2_Z2_reg[1]/Q 
add mapped point u_IDCT/bdeg/ACC2/Z2[1]/q u_IDCT/bdeg/ACC2_Z2_reg[1]/QN 
add mapped point u_IDCT/bdeg/ACC2/Z2[2]/q u_IDCT/bdeg/ACC2_Z2_reg[2]/Q 
add mapped point u_IDCT/bdeg/ACC2/Z2[2]/q u_IDCT/bdeg/ACC2_Z2_reg[2]/QN 
add mapped point u_IDCT/bdeg/ACC2/Z2[3]/q u_IDCT/bdeg/ACC2_Z2_reg[3]/Q 
add mapped point u_IDCT/bdeg/ACC2/Z2[3]/q u_IDCT/bdeg/ACC2_Z2_reg[3]/QN 
add mapped point u_IDCT/bdeg/ACC2/Z2[4]/q u_IDCT/bdeg/ACC2_Z2_reg[4]/Q 
add mapped point u_IDCT/bdeg/ACC2/Z2[4]/q u_IDCT/bdeg/ACC2_Z2_reg[4]/QN 
add mapped point u_IDCT/bdeg/ACC2/Z2[5]/q u_IDCT/bdeg/ACC2_Z2_reg[5]/Q 
add mapped point u_IDCT/bdeg/ACC2/Z2[5]/q u_IDCT/bdeg/ACC2_Z2_reg[5]/QN 
add mapped point u_IDCT/bdeg/ACC2/Z2[6]/q u_IDCT/bdeg/ACC2_Z2_reg[6]/Q 
add mapped point u_IDCT/bdeg/ACC2/Z2[6]/q u_IDCT/bdeg/ACC2_Z2_reg[6]/QN 
add mapped point u_IDCT/bdeg/ACC2/Z2[7]/q u_IDCT/bdeg/ACC2_Z2_reg[7]/Q 
add mapped point u_IDCT/bdeg/ACC2/Z2[7]/q u_IDCT/bdeg/ACC2_Z2_reg[7]/QN 
add mapped point u_IDCT/bdeg/ACC2/Z2[8]/q u_IDCT/bdeg/ACC2_Z2_reg[8]/Q 
add mapped point u_IDCT/bdeg/ACC2/Z2[8]/q u_IDCT/bdeg/ACC2_Z2_reg[8]/QN 
add mapped point u_IDCT/bdeg/ACC2/Z2[9]/q u_IDCT/bdeg/ACC2_Z2_reg[9]/Q 
add mapped point u_IDCT/bdeg/ACC2/Z2[9]/q u_IDCT/bdeg/ACC2_Z2_reg[9]/QN 
add mapped point u_IDCT/bdeg/ACC2/Z2[10]/q u_IDCT/bdeg/ACC2_Z2_reg[10]/Q 
add mapped point u_IDCT/bdeg/ACC2/Z2[10]/q u_IDCT/bdeg/ACC2_Z2_reg[10]/QN 
add mapped point u_IDCT/bdeg/ACC2/adder2/APreS2[0]/q u_IDCT/bdeg/ACC2_adder2_APreS2_reg[0]/Q 
add mapped point u_IDCT/bdeg/ACC2/adder2/APreS2[0]/q u_IDCT/bdeg/ACC2_adder2_APreS2_reg[0]/QN 
add mapped point u_IDCT/bdeg/ACC2/adder2/APreS2[1]/q u_IDCT/bdeg/ACC2_adder2_APreS2_reg[1]/Q 
add mapped point u_IDCT/bdeg/ACC2/adder2/APreS2[1]/q u_IDCT/bdeg/ACC2_adder2_APreS2_reg[1]/QN 
add mapped point u_IDCT/bdeg/ACC2/adder2/APreS2[2]/q u_IDCT/bdeg/ACC2_adder2_APreS2_reg[2]/Q 
add mapped point u_IDCT/bdeg/ACC2/adder2/APreS2[2]/q u_IDCT/bdeg/ACC2_adder2_APreS2_reg[2]/QN 
add mapped point u_IDCT/bdeg/ACC2/adder2/APreS2[3]/q u_IDCT/bdeg/ACC2_adder2_APreS2_reg[3]/Q 
add mapped point u_IDCT/bdeg/ACC2/adder2/APreS2[3]/q u_IDCT/bdeg/ACC2_adder2_APreS2_reg[3]/QN 
add mapped point u_IDCT/bdeg/ACC2/adder2/APreS2[4]/q u_IDCT/bdeg/ACC2_adder2_APreS2_reg[4]/Q 
add mapped point u_IDCT/bdeg/ACC2/adder2/APreS2[4]/q u_IDCT/bdeg/ACC2_adder2_APreS2_reg[4]/QN 
add mapped point u_IDCT/bdeg/ACC2/adder2/APreS2[5]/q u_IDCT/bdeg/ACC2_adder2_APreS2_reg[5]/Q 
add mapped point u_IDCT/bdeg/ACC2/adder2/APreS2[5]/q u_IDCT/bdeg/ACC2_adder2_APreS2_reg[5]/QN 
add mapped point u_IDCT/bdeg/ACC2/adder2/APreS2[6]/q u_IDCT/bdeg/ACC2_adder2_APreS2_reg[6]/Q 
add mapped point u_IDCT/bdeg/ACC2/adder2/APreS2[6]/q u_IDCT/bdeg/ACC2_adder2_APreS2_reg[6]/QN 
add mapped point u_IDCT/bdeg/ACC2/adder2/APreS2[7]/q u_IDCT/bdeg/ACC2_adder2_APreS2_reg[7]/Q 
add mapped point u_IDCT/bdeg/ACC2/adder2/APreS2[7]/q u_IDCT/bdeg/ACC2_adder2_APreS2_reg[7]/QN 
add mapped point u_IDCT/bdeg/ACC2/adder2/APreS2[8]/q u_IDCT/bdeg/ACC2_adder2_APreS2_reg[8]/Q 
add mapped point u_IDCT/bdeg/ACC2/adder2/APreS2[8]/q u_IDCT/bdeg/ACC2_adder2_APreS2_reg[8]/QN 
add mapped point u_IDCT/bdeg/ACC3/Z2[0]/q u_IDCT/bdeg/ACC3_Z2_reg[0]/Q 
add mapped point u_IDCT/bdeg/ACC3/Z2[0]/q u_IDCT/bdeg/ACC3_Z2_reg[0]/QN 
add mapped point u_IDCT/bdeg/ACC3/Z2[1]/q u_IDCT/bdeg/ACC3_Z2_reg[1]/Q 
add mapped point u_IDCT/bdeg/ACC3/Z2[1]/q u_IDCT/bdeg/ACC3_Z2_reg[1]/QN 
add mapped point u_IDCT/bdeg/ACC3/Z2[2]/q u_IDCT/bdeg/ACC3_Z2_reg[2]/Q 
add mapped point u_IDCT/bdeg/ACC3/Z2[2]/q u_IDCT/bdeg/ACC3_Z2_reg[2]/QN 
add mapped point u_IDCT/bdeg/ACC3/Z2[3]/q u_IDCT/bdeg/ACC3_Z2_reg[3]/Q 
add mapped point u_IDCT/bdeg/ACC3/Z2[3]/q u_IDCT/bdeg/ACC3_Z2_reg[3]/QN 
add mapped point u_IDCT/bdeg/ACC3/Z2[4]/q u_IDCT/bdeg/ACC3_Z2_reg[4]/Q 
add mapped point u_IDCT/bdeg/ACC3/Z2[4]/q u_IDCT/bdeg/ACC3_Z2_reg[4]/QN 
add mapped point u_IDCT/bdeg/ACC3/Z2[5]/q u_IDCT/bdeg/ACC3_Z2_reg[5]/Q 
add mapped point u_IDCT/bdeg/ACC3/Z2[5]/q u_IDCT/bdeg/ACC3_Z2_reg[5]/QN 
add mapped point u_IDCT/bdeg/ACC3/Z2[6]/q u_IDCT/bdeg/ACC3_Z2_reg[6]/Q 
add mapped point u_IDCT/bdeg/ACC3/Z2[6]/q u_IDCT/bdeg/ACC3_Z2_reg[6]/QN 
add mapped point u_IDCT/bdeg/ACC3/Z2[7]/q u_IDCT/bdeg/ACC3_Z2_reg[7]/Q 
add mapped point u_IDCT/bdeg/ACC3/Z2[7]/q u_IDCT/bdeg/ACC3_Z2_reg[7]/QN 
add mapped point u_IDCT/bdeg/ACC3/Z2[8]/q u_IDCT/bdeg/ACC3_Z2_reg[8]/Q 
add mapped point u_IDCT/bdeg/ACC3/Z2[8]/q u_IDCT/bdeg/ACC3_Z2_reg[8]/QN 
add mapped point u_IDCT/bdeg/ACC3/Z2[9]/q u_IDCT/bdeg/ACC3_Z2_reg[9]/Q 
add mapped point u_IDCT/bdeg/ACC3/Z2[9]/q u_IDCT/bdeg/ACC3_Z2_reg[9]/QN 
add mapped point u_IDCT/bdeg/ACC3/Z2[10]/q u_IDCT/bdeg/ACC3_Z2_reg[10]/Q 
add mapped point u_IDCT/bdeg/ACC3/Z2[10]/q u_IDCT/bdeg/ACC3_Z2_reg[10]/QN 
add mapped point u_IDCT/bdeg/ACC3/adder2/APreS2[0]/q u_IDCT/bdeg/ACC3_adder2_APreS2_reg[0]/Q 
add mapped point u_IDCT/bdeg/ACC3/adder2/APreS2[0]/q u_IDCT/bdeg/ACC3_adder2_APreS2_reg[0]/QN 
add mapped point u_IDCT/bdeg/ACC3/adder2/APreS2[1]/q u_IDCT/bdeg/ACC3_adder2_APreS2_reg[1]/Q 
add mapped point u_IDCT/bdeg/ACC3/adder2/APreS2[1]/q u_IDCT/bdeg/ACC3_adder2_APreS2_reg[1]/QN 
add mapped point u_IDCT/bdeg/ACC3/adder2/APreS2[2]/q u_IDCT/bdeg/ACC3_adder2_APreS2_reg[2]/Q 
add mapped point u_IDCT/bdeg/ACC3/adder2/APreS2[2]/q u_IDCT/bdeg/ACC3_adder2_APreS2_reg[2]/QN 
add mapped point u_IDCT/bdeg/ACC3/adder2/APreS2[3]/q u_IDCT/bdeg/ACC3_adder2_APreS2_reg[3]/Q 
add mapped point u_IDCT/bdeg/ACC3/adder2/APreS2[3]/q u_IDCT/bdeg/ACC3_adder2_APreS2_reg[3]/QN 
add mapped point u_IDCT/bdeg/ACC3/adder2/APreS2[4]/q u_IDCT/bdeg/ACC3_adder2_APreS2_reg[4]/Q 
add mapped point u_IDCT/bdeg/ACC3/adder2/APreS2[4]/q u_IDCT/bdeg/ACC3_adder2_APreS2_reg[4]/QN 
add mapped point u_IDCT/bdeg/ACC3/adder2/APreS2[5]/q u_IDCT/bdeg/ACC3_adder2_APreS2_reg[5]/Q 
add mapped point u_IDCT/bdeg/ACC3/adder2/APreS2[5]/q u_IDCT/bdeg/ACC3_adder2_APreS2_reg[5]/QN 
add mapped point u_IDCT/bdeg/ACC3/adder2/APreS2[6]/q u_IDCT/bdeg/ACC3_adder2_APreS2_reg[6]/Q 
add mapped point u_IDCT/bdeg/ACC3/adder2/APreS2[6]/q u_IDCT/bdeg/ACC3_adder2_APreS2_reg[6]/QN 
add mapped point u_IDCT/bdeg/ACC3/adder2/APreS2[7]/q u_IDCT/bdeg/ACC3_adder2_APreS2_reg[7]/Q 
add mapped point u_IDCT/bdeg/ACC3/adder2/APreS2[7]/q u_IDCT/bdeg/ACC3_adder2_APreS2_reg[7]/QN 
add mapped point u_IDCT/bdeg/ACC3/adder2/APreS2[8]/q u_IDCT/bdeg/ACC3_adder2_APreS2_reg[8]/Q 
add mapped point u_IDCT/bdeg/ACC3/adder2/APreS2[8]/q u_IDCT/bdeg/ACC3_adder2_APreS2_reg[8]/QN 
add mapped point u_IDCT/bdeg/Count[0]/q u_IDCT/bdeg/Count_reg[0]/Q 
add mapped point u_IDCT/bdeg/Count[0]/q u_IDCT/bdeg/Count_reg[0]/QN 
add mapped point u_IDCT/bdeg/Count[1]/q u_IDCT/bdeg/Count_reg[1]/Q 
add mapped point u_IDCT/bdeg/Count[1]/q u_IDCT/bdeg/Count_reg[1]/QN 
add mapped point  u_IDCT/bdeg/mult_b_R_reg[2][27]/Q 
add mapped point  u_IDCT/bdeg/mult_b_R_reg[2][27]/QN 
add mapped point  u_IDCT/bdeg/mult_b_R_reg[2][25]/Q 
add mapped point  u_IDCT/bdeg/mult_b_R_reg[2][25]/QN 
add mapped point  u_IDCT/bdeg/mult_b_R_reg[2][11]/Q 
add mapped point  u_IDCT/bdeg/mult_b_R_reg[2][11]/QN 
add mapped point  u_IDCT/bdeg/mult_b_R_reg[2][19]/Q 
add mapped point  u_IDCT/bdeg/mult_b_R_reg[2][19]/QN 
add mapped point  u_IDCT/bdeg/mult_b_R_reg[2][23]/Q 
add mapped point  u_IDCT/bdeg/mult_b_R_reg[2][23]/QN 
add mapped point  u_IDCT/bdeg/mult_b_R_reg[2][24]/Q 
add mapped point  u_IDCT/bdeg/mult_b_R_reg[2][24]/QN 
add mapped point  u_IDCT/bdeg/mult_b_R_reg[2][14]/Q 
add mapped point  u_IDCT/bdeg/mult_b_R_reg[2][14]/QN 
add mapped point  u_IDCT/bdeg/mult_b_R_reg[2][18]/Q 
add mapped point  u_IDCT/bdeg/mult_b_R_reg[2][18]/QN 
add mapped point  u_IDCT/bdeg/mult_b_R_reg[2][16]/Q 
add mapped point  u_IDCT/bdeg/mult_b_R_reg[2][16]/QN 
add mapped point  u_IDCT/bdeg/mult_b_R_reg[2][17]/Q 
add mapped point  u_IDCT/bdeg/mult_b_R_reg[2][17]/QN 
add mapped point  u_IDCT/bdeg/mult_b_R_reg[2][13]/Q 
add mapped point  u_IDCT/bdeg/mult_b_R_reg[2][13]/QN 
add mapped point  u_IDCT/bdeg/mult_b_R_reg[2][10]/Q 
add mapped point  u_IDCT/bdeg/mult_b_R_reg[2][10]/QN 
add mapped point  u_IDCT/bdeg/mult_b_R_reg[2][21]/Q 
add mapped point  u_IDCT/bdeg/mult_b_R_reg[2][21]/QN 
add mapped point  u_IDCT/bdeg/mult_b_R_reg[2][15]/Q 
add mapped point  u_IDCT/bdeg/mult_b_R_reg[2][15]/QN 
add mapped point  u_IDCT/bdeg/mult_b_R_reg[2][9]/Q 
add mapped point  u_IDCT/bdeg/mult_b_R_reg[2][9]/QN 
add mapped point  u_IDCT/bdeg/mult_b_R_reg[2][26]/Q 
add mapped point  u_IDCT/bdeg/mult_b_R_reg[2][26]/QN 
add mapped point  u_IDCT/bdeg/mult_b_R_reg[2][22]/Q 
add mapped point  u_IDCT/bdeg/mult_b_R_reg[2][22]/QN 
add mapped point  u_IDCT/bdeg/mult_b_R_reg[2][20]/Q 
add mapped point  u_IDCT/bdeg/mult_b_R_reg[2][20]/QN 
add mapped point  u_IDCT/bdeg/mult_b_R_reg[2][12]/Q 
add mapped point  u_IDCT/bdeg/mult_b_R_reg[2][12]/QN 
add mapped point u_IDCT/bdeg/mult_b_retime_s1_1_reg/Q u_IDCT/bdeg/mult_b_retime_s1_1_reg/Q 
add mapped point u_IDCT/bdeg/mult_b_retime_s1_1_reg/QN u_IDCT/bdeg/mult_b_retime_s1_1_reg/QN 
add mapped point  u_IDCT/bdeg/mult_d_R_reg[2][13]/Q 
add mapped point  u_IDCT/bdeg/mult_d_R_reg[2][13]/QN 
add mapped point  u_IDCT/bdeg/mult_d_R_reg[2][20]/Q 
add mapped point  u_IDCT/bdeg/mult_d_R_reg[2][20]/QN 
add mapped point  u_IDCT/bdeg/mult_d_R_reg[2][26]/Q 
add mapped point  u_IDCT/bdeg/mult_d_R_reg[2][26]/QN 
add mapped point  u_IDCT/bdeg/mult_d_R_reg[2][19]/Q 
add mapped point  u_IDCT/bdeg/mult_d_R_reg[2][19]/QN 
add mapped point  u_IDCT/bdeg/mult_d_R_reg[2][18]/Q 
add mapped point  u_IDCT/bdeg/mult_d_R_reg[2][18]/QN 
add mapped point  u_IDCT/bdeg/mult_d_R_reg[2][14]/Q 
add mapped point  u_IDCT/bdeg/mult_d_R_reg[2][14]/QN 
add mapped point  u_IDCT/bdeg/mult_d_R_reg[2][12]/Q 
add mapped point  u_IDCT/bdeg/mult_d_R_reg[2][12]/QN 
add mapped point  u_IDCT/bdeg/mult_d_R_reg[2][16]/Q 
add mapped point  u_IDCT/bdeg/mult_d_R_reg[2][16]/QN 
add mapped point  u_IDCT/bdeg/mult_d_R_reg[2][23]/Q 
add mapped point  u_IDCT/bdeg/mult_d_R_reg[2][23]/QN 
add mapped point  u_IDCT/bdeg/mult_d_R_reg[2][27]/Q 
add mapped point  u_IDCT/bdeg/mult_d_R_reg[2][27]/QN 
add mapped point  u_IDCT/bdeg/mult_d_R_reg[2][22]/Q 
add mapped point  u_IDCT/bdeg/mult_d_R_reg[2][22]/QN 
add mapped point  u_IDCT/bdeg/mult_d_R_reg[2][24]/Q 
add mapped point  u_IDCT/bdeg/mult_d_R_reg[2][24]/QN 
add mapped point  u_IDCT/bdeg/mult_d_R_reg[2][11]/Q 
add mapped point  u_IDCT/bdeg/mult_d_R_reg[2][11]/QN 
add mapped point  u_IDCT/bdeg/mult_d_R_reg[2][21]/Q 
add mapped point  u_IDCT/bdeg/mult_d_R_reg[2][21]/QN 
add mapped point  u_IDCT/bdeg/mult_d_R_reg[2][15]/Q 
add mapped point  u_IDCT/bdeg/mult_d_R_reg[2][15]/QN 
add mapped point  u_IDCT/bdeg/mult_d_R_reg[2][17]/Q 
add mapped point  u_IDCT/bdeg/mult_d_R_reg[2][17]/QN 
add mapped point  u_IDCT/bdeg/mult_d_R_reg[2][25]/Q 
add mapped point  u_IDCT/bdeg/mult_d_R_reg[2][25]/QN 
add mapped point  u_IDCT/bdeg/mult_d_R_reg[2][10]/Q 
add mapped point  u_IDCT/bdeg/mult_d_R_reg[2][10]/QN 
add mapped point u_IDCT/bdeg/mult_d_retime_s1_2_reg/Q u_IDCT/bdeg/mult_d_retime_s1_2_reg/Q 
add mapped point u_IDCT/bdeg/mult_d_retime_s1_2_reg/QN u_IDCT/bdeg/mult_d_retime_s1_2_reg/QN 
add mapped point u_IDCT/bdeg/mult_d_retime_s1_29_reg/Q u_IDCT/bdeg/mult_d_retime_s1_29_reg/Q 
add mapped point u_IDCT/bdeg/mult_d_retime_s1_29_reg/QN u_IDCT/bdeg/mult_d_retime_s1_29_reg/QN 
add mapped point u_IDCT/bdeg/mult_d_retime_s1_19_reg/Q u_IDCT/bdeg/mult_d_retime_s1_19_reg/Q 
add mapped point u_IDCT/bdeg/mult_d_retime_s1_19_reg/QN u_IDCT/bdeg/mult_d_retime_s1_19_reg/QN 
add mapped point u_IDCT/bdeg/mult_d_retime_s1_8_reg/Q u_IDCT/bdeg/mult_d_retime_s1_8_reg/Q 
add mapped point u_IDCT/bdeg/mult_d_retime_s1_8_reg/QN u_IDCT/bdeg/mult_d_retime_s1_8_reg/QN 
add mapped point u_IDCT/bdeg/mult_d_retime_s1_21_reg/Q u_IDCT/bdeg/mult_d_retime_s1_21_reg/Q 
add mapped point u_IDCT/bdeg/mult_d_retime_s1_21_reg/QN u_IDCT/bdeg/mult_d_retime_s1_21_reg/QN 
add mapped point u_IDCT/bdeg/mult_d_retime_s1_28_reg/Q u_IDCT/bdeg/mult_d_retime_s1_28_reg/Q 
add mapped point u_IDCT/bdeg/mult_d_retime_s1_28_reg/QN u_IDCT/bdeg/mult_d_retime_s1_28_reg/QN 
add mapped point u_IDCT/bdeg/mult_d_retime_s1_11_reg/Q u_IDCT/bdeg/mult_d_retime_s1_11_reg/Q 
add mapped point u_IDCT/bdeg/mult_d_retime_s1_11_reg/QN u_IDCT/bdeg/mult_d_retime_s1_11_reg/QN 
add mapped point  u_IDCT/bdeg/mult_e_R_reg[2][20]/Q 
add mapped point  u_IDCT/bdeg/mult_e_R_reg[2][20]/QN 
add mapped point  u_IDCT/bdeg/mult_e_R_reg[2][12]/Q 
add mapped point  u_IDCT/bdeg/mult_e_R_reg[2][12]/QN 
add mapped point  u_IDCT/bdeg/mult_e_R_reg[2][15]/Q 
add mapped point  u_IDCT/bdeg/mult_e_R_reg[2][15]/QN 
add mapped point  u_IDCT/bdeg/mult_e_R_reg[2][11]/Q 
add mapped point  u_IDCT/bdeg/mult_e_R_reg[2][11]/QN 
add mapped point  u_IDCT/bdeg/mult_e_R_reg[2][25]/Q 
add mapped point  u_IDCT/bdeg/mult_e_R_reg[2][25]/QN 
add mapped point  u_IDCT/bdeg/mult_e_R_reg[2][23]/Q 
add mapped point  u_IDCT/bdeg/mult_e_R_reg[2][23]/QN 
add mapped point  u_IDCT/bdeg/mult_e_R_reg[2][21]/Q 
add mapped point  u_IDCT/bdeg/mult_e_R_reg[2][21]/QN 
add mapped point  u_IDCT/bdeg/mult_e_R_reg[2][19]/Q 
add mapped point  u_IDCT/bdeg/mult_e_R_reg[2][19]/QN 
add mapped point  u_IDCT/bdeg/mult_e_R_reg[2][17]/Q 
add mapped point  u_IDCT/bdeg/mult_e_R_reg[2][17]/QN 
add mapped point  u_IDCT/bdeg/mult_e_R_reg[2][13]/Q 
add mapped point  u_IDCT/bdeg/mult_e_R_reg[2][13]/QN 
add mapped point  u_IDCT/bdeg/mult_e_R_reg[2][18]/Q 
add mapped point  u_IDCT/bdeg/mult_e_R_reg[2][18]/QN 
add mapped point  u_IDCT/bdeg/mult_e_R_reg[2][16]/Q 
add mapped point  u_IDCT/bdeg/mult_e_R_reg[2][16]/QN 
add mapped point  u_IDCT/bdeg/mult_e_R_reg[2][26]/Q 
add mapped point  u_IDCT/bdeg/mult_e_R_reg[2][26]/QN 
add mapped point  u_IDCT/bdeg/mult_e_R_reg[2][14]/Q 
add mapped point  u_IDCT/bdeg/mult_e_R_reg[2][14]/QN 
add mapped point  u_IDCT/bdeg/mult_e_R_reg[2][10]/Q 
add mapped point  u_IDCT/bdeg/mult_e_R_reg[2][10]/QN 
add mapped point  u_IDCT/bdeg/mult_e_R_reg[2][24]/Q 
add mapped point  u_IDCT/bdeg/mult_e_R_reg[2][24]/QN 
add mapped point  u_IDCT/bdeg/mult_e_R_reg[2][22]/Q 
add mapped point  u_IDCT/bdeg/mult_e_R_reg[2][22]/QN 
add mapped point  u_IDCT/bdeg/mult_e_R_reg[2][27]/Q 
add mapped point  u_IDCT/bdeg/mult_e_R_reg[2][27]/QN 
add mapped point u_IDCT/bdeg/mult_e_retime_s1_31_reg/Q u_IDCT/bdeg/mult_e_retime_s1_31_reg/Q 
add mapped point u_IDCT/bdeg/mult_e_retime_s1_31_reg/QN u_IDCT/bdeg/mult_e_retime_s1_31_reg/QN 
add mapped point u_IDCT/bdeg/mult_e_retime_s1_20_reg/Q u_IDCT/bdeg/mult_e_retime_s1_20_reg/Q 
add mapped point u_IDCT/bdeg/mult_e_retime_s1_20_reg/QN u_IDCT/bdeg/mult_e_retime_s1_20_reg/QN 
add mapped point u_IDCT/bdeg/mult_e_retime_s1_30_reg/Q u_IDCT/bdeg/mult_e_retime_s1_30_reg/Q 
add mapped point u_IDCT/bdeg/mult_e_retime_s1_30_reg/QN u_IDCT/bdeg/mult_e_retime_s1_30_reg/QN 
add mapped point  u_IDCT/bdeg/mult_e_R_reg[2][28]/Q 
add mapped point  u_IDCT/bdeg/mult_e_R_reg[2][28]/QN 
add mapped point u_IDCT/bdeg/mult_e_retime_s1_27_reg/Q u_IDCT/bdeg/mult_e_retime_s1_27_reg/Q 
add mapped point u_IDCT/bdeg/mult_e_retime_s1_27_reg/QN u_IDCT/bdeg/mult_e_retime_s1_27_reg/QN 
add mapped point u_IDCT/bdeg/mult_e_retime_s1_7_reg/Q u_IDCT/bdeg/mult_e_retime_s1_7_reg/Q 
add mapped point u_IDCT/bdeg/mult_e_retime_s1_7_reg/QN u_IDCT/bdeg/mult_e_retime_s1_7_reg/QN 
add mapped point u_IDCT/bdeg/mult_e_retime_s1_35_reg/Q u_IDCT/bdeg/mult_e_retime_s1_35_reg/Q 
add mapped point u_IDCT/bdeg/mult_e_retime_s1_35_reg/QN u_IDCT/bdeg/mult_e_retime_s1_35_reg/QN 
add mapped point u_IDCT/bdeg/mult_e_retime_s1_2_reg/Q u_IDCT/bdeg/mult_e_retime_s1_2_reg/Q 
add mapped point u_IDCT/bdeg/mult_e_retime_s1_2_reg/QN u_IDCT/bdeg/mult_e_retime_s1_2_reg/QN 
add mapped point u_IDCT/bdeg/mult_e_retime_s1_32_reg/Q u_IDCT/bdeg/mult_e_retime_s1_32_reg/Q 
add mapped point u_IDCT/bdeg/mult_e_retime_s1_32_reg/QN u_IDCT/bdeg/mult_e_retime_s1_32_reg/QN 
add mapped point u_IDCT/bdeg/mult_e_retime_s1_15_reg/Q u_IDCT/bdeg/mult_e_retime_s1_15_reg/Q 
add mapped point u_IDCT/bdeg/mult_e_retime_s1_15_reg/QN u_IDCT/bdeg/mult_e_retime_s1_15_reg/QN 
add mapped point u_IDCT/bdeg/mult_e_retime_s1_11_reg/Q u_IDCT/bdeg/mult_e_retime_s1_11_reg/Q 
add mapped point u_IDCT/bdeg/mult_e_retime_s1_11_reg/QN u_IDCT/bdeg/mult_e_retime_s1_11_reg/QN 
add mapped point u_IDCT/bdeg/mult_e_retime_s1_14_reg/Q u_IDCT/bdeg/mult_e_retime_s1_14_reg/Q 
add mapped point u_IDCT/bdeg/mult_e_retime_s1_14_reg/QN u_IDCT/bdeg/mult_e_retime_s1_14_reg/QN 
add mapped point u_IDCT/bdeg/mult_e_retime_s1_29_reg/Q u_IDCT/bdeg/mult_e_retime_s1_29_reg/Q 
add mapped point u_IDCT/bdeg/mult_e_retime_s1_29_reg/QN u_IDCT/bdeg/mult_e_retime_s1_29_reg/QN 
add mapped point u_IDCT/bdeg/mult_e_retime_s1_12_reg/Q u_IDCT/bdeg/mult_e_retime_s1_12_reg/Q 
add mapped point u_IDCT/bdeg/mult_e_retime_s1_12_reg/QN u_IDCT/bdeg/mult_e_retime_s1_12_reg/QN 
add mapped point u_IDCT/bdeg/mult_e_retime_s1_19_reg/Q u_IDCT/bdeg/mult_e_retime_s1_19_reg/Q 
add mapped point u_IDCT/bdeg/mult_e_retime_s1_19_reg/QN u_IDCT/bdeg/mult_e_retime_s1_19_reg/QN 
add mapped point u_IDCT/bdeg/mult_e_retime_s1_18_reg/Q u_IDCT/bdeg/mult_e_retime_s1_18_reg/Q 
add mapped point u_IDCT/bdeg/mult_e_retime_s1_18_reg/QN u_IDCT/bdeg/mult_e_retime_s1_18_reg/QN 
add mapped point u_IDCT/bdeg/mult_e_retime_s1_13_reg/Q u_IDCT/bdeg/mult_e_retime_s1_13_reg/Q 
add mapped point u_IDCT/bdeg/mult_e_retime_s1_13_reg/QN u_IDCT/bdeg/mult_e_retime_s1_13_reg/QN 
add mapped point u_IDCT/bdeg/mult_e_retime_s1_21_reg/Q u_IDCT/bdeg/mult_e_retime_s1_21_reg/Q 
add mapped point u_IDCT/bdeg/mult_e_retime_s1_21_reg/QN u_IDCT/bdeg/mult_e_retime_s1_21_reg/QN 
add mapped point  u_IDCT/bdeg/mult_e_R_reg[2][29]/Q 
add mapped point  u_IDCT/bdeg/mult_e_R_reg[2][29]/QN 
add mapped point  u_IDCT/bdeg/mult_g_R_reg[2][13]/Q 
add mapped point  u_IDCT/bdeg/mult_g_R_reg[2][13]/QN 
add mapped point  u_IDCT/bdeg/mult_g_R_reg[2][23]/Q 
add mapped point  u_IDCT/bdeg/mult_g_R_reg[2][23]/QN 
add mapped point  u_IDCT/bdeg/mult_g_R_reg[2][17]/Q 
add mapped point  u_IDCT/bdeg/mult_g_R_reg[2][17]/QN 
add mapped point  u_IDCT/bdeg/mult_g_R_reg[2][9]/Q 
add mapped point  u_IDCT/bdeg/mult_g_R_reg[2][9]/QN 
add mapped point  u_IDCT/bdeg/mult_g_R_reg[2][10]/Q 
add mapped point  u_IDCT/bdeg/mult_g_R_reg[2][10]/QN 
add mapped point  u_IDCT/bdeg/mult_g_R_reg[2][26]/Q 
add mapped point  u_IDCT/bdeg/mult_g_R_reg[2][26]/QN 
add mapped point  u_IDCT/bdeg/mult_g_R_reg[2][12]/Q 
add mapped point  u_IDCT/bdeg/mult_g_R_reg[2][12]/QN 
add mapped point  u_IDCT/bdeg/mult_g_R_reg[2][25]/Q 
add mapped point  u_IDCT/bdeg/mult_g_R_reg[2][25]/QN 
add mapped point  u_IDCT/bdeg/mult_g_R_reg[2][16]/Q 
add mapped point  u_IDCT/bdeg/mult_g_R_reg[2][16]/QN 
add mapped point  u_IDCT/bdeg/mult_g_R_reg[2][15]/Q 
add mapped point  u_IDCT/bdeg/mult_g_R_reg[2][15]/QN 
add mapped point  u_IDCT/bdeg/mult_g_R_reg[2][24]/Q 
add mapped point  u_IDCT/bdeg/mult_g_R_reg[2][24]/QN 
add mapped point  u_IDCT/bdeg/mult_g_R_reg[2][21]/Q 
add mapped point  u_IDCT/bdeg/mult_g_R_reg[2][21]/QN 
add mapped point  u_IDCT/bdeg/mult_g_R_reg[2][22]/Q 
add mapped point  u_IDCT/bdeg/mult_g_R_reg[2][22]/QN 
add mapped point  u_IDCT/bdeg/mult_g_R_reg[2][19]/Q 
add mapped point  u_IDCT/bdeg/mult_g_R_reg[2][19]/QN 
add mapped point  u_IDCT/bdeg/mult_g_R_reg[2][11]/Q 
add mapped point  u_IDCT/bdeg/mult_g_R_reg[2][11]/QN 
add mapped point  u_IDCT/bdeg/mult_g_R_reg[2][18]/Q 
add mapped point  u_IDCT/bdeg/mult_g_R_reg[2][18]/QN 
add mapped point  u_IDCT/bdeg/mult_g_R_reg[2][27]/Q 
add mapped point  u_IDCT/bdeg/mult_g_R_reg[2][27]/QN 
add mapped point  u_IDCT/bdeg/mult_g_R_reg[2][20]/Q 
add mapped point  u_IDCT/bdeg/mult_g_R_reg[2][20]/QN 
add mapped point  u_IDCT/bdeg/mult_g_R_reg[2][14]/Q 
add mapped point  u_IDCT/bdeg/mult_g_R_reg[2][14]/QN 
add mapped point u_IDCT/bdeg/mult_g_retime_s1_1_reg/Q u_IDCT/bdeg/mult_g_retime_s1_1_reg/Q 
add mapped point u_IDCT/bdeg/mult_g_retime_s1_1_reg/QN u_IDCT/bdeg/mult_g_retime_s1_1_reg/QN 
add mapped point u_IDCT/tposemem/Bisted_RF_2P_ADV64x16/BistCtrl_i0/S44/Finish/q u_IDCT/tposemem_Bisted_RF_2P_ADV64x16_BistCtrl_i0_S44_Finish_reg/Q 
add mapped point u_IDCT/tposemem/Bisted_RF_2P_ADV64x16/BistCtrl_i0/S44/Finish/q u_IDCT/tposemem_Bisted_RF_2P_ADV64x16_BistCtrl_i0_S44_Finish_reg/QN 
add mapped point u_IDCT/tposemem/Wadr[0]/q u_IDCT/tposemem_Wadr_reg[0]/Q 
add mapped point u_IDCT/tposemem/Wadr[0]/q u_IDCT/tposemem_Wadr_reg[0]/QN 
add mapped point u_IDCT/tposemem/Wadr[1]/q u_IDCT/tposemem_Wadr_reg[1]/Q 
add mapped point u_IDCT/tposemem/Wadr[1]/q u_IDCT/tposemem_Wadr_reg[1]/QN 
add mapped point u_IDCT/tposemem/Wadr[2]/q u_IDCT/tposemem_Wadr_reg[2]/Q 
add mapped point u_IDCT/tposemem/Wadr[2]/q u_IDCT/tposemem_Wadr_reg[2]/QN 
add mapped point u_IDCT/tposemem/Wadr[3]/q u_IDCT/tposemem_Wadr_reg[3]/Q 
add mapped point u_IDCT/tposemem/Wadr[3]/q u_IDCT/tposemem_Wadr_reg[3]/QN 
add mapped point u_IDCT/tposemem/Wadr[4]/q u_IDCT/tposemem_Wadr_reg[4]/Q 
add mapped point u_IDCT/tposemem/Wadr[4]/q u_IDCT/tposemem_Wadr_reg[4]/QN 
add mapped point u_IDCT/tposemem/Wadr[5]/q u_IDCT/tposemem_Wadr_reg[5]/Q 
add mapped point u_IDCT/tposemem/Wadr[5]/q u_IDCT/tposemem_Wadr_reg[5]/QN 
add mapped point u_IDCT/tposemem/Bisted_RF_2P_ADV64x16/BistCtrl_i0/S43/S5[0]/q u_IDCT/tposemem_Bisted_RF_2P_ADV64x16_BistCtrl_i0_S43_S5_reg[0]/Q 
add mapped point u_IDCT/tposemem/Bisted_RF_2P_ADV64x16/BistCtrl_i0/S43/S5[0]/q u_IDCT/tposemem_Bisted_RF_2P_ADV64x16_BistCtrl_i0_S43_S5_reg[0]/QN 
add mapped point u_IDCT/tposemem/Bisted_RF_2P_ADV64x16/BistCtrl_i0/S43/S5[1]/q u_IDCT/tposemem_Bisted_RF_2P_ADV64x16_BistCtrl_i0_S43_S5_reg[1]/Q 
add mapped point u_IDCT/tposemem/Bisted_RF_2P_ADV64x16/BistCtrl_i0/S43/S5[1]/q u_IDCT/tposemem_Bisted_RF_2P_ADV64x16_BistCtrl_i0_S43_S5_reg[1]/QN 
add mapped point u_IDCT/tposemem/Bisted_RF_2P_ADV64x16/BistCtrl_i0/S43/S5[2]/q u_IDCT/tposemem_Bisted_RF_2P_ADV64x16_BistCtrl_i0_S43_S5_reg[2]/Q 
add mapped point u_IDCT/tposemem/Bisted_RF_2P_ADV64x16/BistCtrl_i0/S43/S5[2]/q u_IDCT/tposemem_Bisted_RF_2P_ADV64x16_BistCtrl_i0_S43_S5_reg[2]/QN 
add mapped point u_IDCT/tposemem/Bisted_RF_2P_ADV64x16/BistCtrl_i0/S43/S5[3]/q u_IDCT/tposemem_Bisted_RF_2P_ADV64x16_BistCtrl_i0_S43_S5_reg[3]/Q 
add mapped point u_IDCT/tposemem/Bisted_RF_2P_ADV64x16/BistCtrl_i0/S43/S5[3]/q u_IDCT/tposemem_Bisted_RF_2P_ADV64x16_BistCtrl_i0_S43_S5_reg[3]/QN 
add mapped point u_IDCT/tposemem/Bisted_RF_2P_ADV64x16/BistCtrl_i0/S43/S5[4]/q u_IDCT/tposemem_Bisted_RF_2P_ADV64x16_BistCtrl_i0_S43_S5_reg[4]/Q 
add mapped point u_IDCT/tposemem/Bisted_RF_2P_ADV64x16/BistCtrl_i0/S43/S5[4]/q u_IDCT/tposemem_Bisted_RF_2P_ADV64x16_BistCtrl_i0_S43_S5_reg[4]/QN 
add mapped point u_IDCT/tposemem/Bisted_RF_2P_ADV64x16/BistCtrl_i0/S43/S5[5]/q u_IDCT/tposemem_Bisted_RF_2P_ADV64x16_BistCtrl_i0_S43_S5_reg[5]/Q 
add mapped point u_IDCT/tposemem/Bisted_RF_2P_ADV64x16/BistCtrl_i0/S43/S5[5]/q u_IDCT/tposemem_Bisted_RF_2P_ADV64x16_BistCtrl_i0_S43_S5_reg[5]/QN 
add mapped point u_IDCT/tposemem/Bisted_RF_2P_ADV64x16/BistCtrl_i0/S44/S20[0]/q u_IDCT/tposemem_Bisted_RF_2P_ADV64x16_BistCtrl_i0_S44_S20_reg[0]/Q 
add mapped point u_IDCT/tposemem/Bisted_RF_2P_ADV64x16/BistCtrl_i0/S44/S20[0]/q u_IDCT/tposemem_Bisted_RF_2P_ADV64x16_BistCtrl_i0_S44_S20_reg[0]/QN 
add mapped point u_IDCT/tposemem/Bisted_RF_2P_ADV64x16/BistCtrl_i0/S44/S20[1]/q u_IDCT/tposemem_Bisted_RF_2P_ADV64x16_BistCtrl_i0_S44_S20_reg[1]/Q 
add mapped point u_IDCT/tposemem/Bisted_RF_2P_ADV64x16/BistCtrl_i0/S44/S20[1]/q u_IDCT/tposemem_Bisted_RF_2P_ADV64x16_BistCtrl_i0_S44_S20_reg[1]/QN 
add mapped point u_IDCT/tposemem/Bisted_RF_2P_ADV64x16/BistCtrl_i0/S44/State[0]/q u_IDCT/tposemem_Bisted_RF_2P_ADV64x16_BistCtrl_i0_S44_State_reg[0]/Q 
add mapped point u_IDCT/tposemem/Bisted_RF_2P_ADV64x16/BistCtrl_i0/S44/State[0]/q u_IDCT/tposemem_Bisted_RF_2P_ADV64x16_BistCtrl_i0_S44_State_reg[0]/QN 
add mapped point u_IDCT/tposemem/Bisted_RF_2P_ADV64x16/BistCtrl_i0/S44/State[1]/q u_IDCT/tposemem_Bisted_RF_2P_ADV64x16_BistCtrl_i0_S44_State_reg[1]/Q 
add mapped point u_IDCT/tposemem/Bisted_RF_2P_ADV64x16/BistCtrl_i0/S44/State[1]/q u_IDCT/tposemem_Bisted_RF_2P_ADV64x16_BistCtrl_i0_S44_State_reg[1]/QN 
add mapped point u_IDCT/tposemem/Bisted_RF_2P_ADV64x16/BistCtrl_i0/S44/State[2]/q u_IDCT/tposemem_Bisted_RF_2P_ADV64x16_BistCtrl_i0_S44_State_reg[2]/Q 
add mapped point u_IDCT/tposemem/Bisted_RF_2P_ADV64x16/BistCtrl_i0/S44/State[2]/q u_IDCT/tposemem_Bisted_RF_2P_ADV64x16_BistCtrl_i0_S44_State_reg[2]/QN 
add mapped point u_IDCT/tposemem/Bisted_RF_2P_ADV64x16/BistCtrl_i0/S44/State[3]/q u_IDCT/tposemem_Bisted_RF_2P_ADV64x16_BistCtrl_i0_S44_State_reg[3]/Q 
add mapped point u_IDCT/tposemem/Bisted_RF_2P_ADV64x16/BistCtrl_i0/S44/State[3]/q u_IDCT/tposemem_Bisted_RF_2P_ADV64x16_BistCtrl_i0_S44_State_reg[3]/QN 
add mapped point u_IDCT/tposemem/Bisted_RF_2P_ADV64x16/BistCtrl_i0/ST_MAL_i0/S17/q u_IDCT/tposemem_Bisted_RF_2P_ADV64x16_BistCtrl_i0_ST_MAL_i0_S17_reg/Q 
add mapped point u_IDCT/tposemem/Bisted_RF_2P_ADV64x16/BistCtrl_i0/ST_MAL_i0/S17/q u_IDCT/tposemem_Bisted_RF_2P_ADV64x16_BistCtrl_i0_ST_MAL_i0_S17_reg/QN 
add mapped point u_IDCT/tposemem/Count[0]/q u_IDCT/tposemem_Count_reg[0]/Q 
add mapped point u_IDCT/tposemem/Count[0]/q u_IDCT/tposemem_Count_reg[0]/QN 
add mapped point u_IDCT/tposemem/Count[1]/q u_IDCT/tposemem_Count_reg[1]/Q 
add mapped point u_IDCT/tposemem/Count[1]/q u_IDCT/tposemem_Count_reg[1]/QN 
add mapped point u_IDCT/tposemem/Count[2]/q u_IDCT/tposemem_Count_reg[2]/Q 
add mapped point u_IDCT/tposemem/Count[2]/q u_IDCT/tposemem_Count_reg[2]/QN 
add mapped point u_IDCT/tposemem/Count[3]/q u_IDCT/tposemem_Count_reg[3]/Q 
add mapped point u_IDCT/tposemem/Count[3]/q u_IDCT/tposemem_Count_reg[3]/QN 
add mapped point u_IDCT/tposemem/Count[4]/q u_IDCT/tposemem_Count_reg[4]/Q 
add mapped point u_IDCT/tposemem/Count[4]/q u_IDCT/tposemem_Count_reg[4]/QN 
add mapped point u_IDCT/tposemem/Count[5]/q u_IDCT/tposemem_Count_reg[5]/Q 
add mapped point u_IDCT/tposemem/Count[5]/q u_IDCT/tposemem_Count_reg[5]/QN 
add mapped point u_IDCT/tposemem/Transport_d/q u_IDCT/tposemem_Transport_d_reg/Q 
add mapped point u_IDCT/tposemem/Transport_d/q u_IDCT/tposemem_Transport_d_reg/QN 
add mapped point u_IDCT/tposemem/Transport/q u_IDCT/tposemem_Transport_reg/Q 
add mapped point u_IDCT/tposemem/Transport/q u_IDCT/tposemem_Transport_reg/QN 
add mapped point u_IDCT/Z[0]/q u_IDCT/Z_reg[0]/Q 
add mapped point u_IDCT/Z[0]/q u_IDCT/Z_reg[0]/QN 
add mapped point u_IDCT/Z[1]/q u_IDCT/Z_reg[1]/Q 
add mapped point u_IDCT/Z[1]/q u_IDCT/Z_reg[1]/QN 
add mapped point u_IDCT/Z[2]/q u_IDCT/Z_reg[2]/Q 
add mapped point u_IDCT/Z[2]/q u_IDCT/Z_reg[2]/QN 
add mapped point u_IDCT/Z[3]/q u_IDCT/Z_reg[3]/Q 
add mapped point u_IDCT/Z[3]/q u_IDCT/Z_reg[3]/QN 
add mapped point u_IDCT/Z[4]/q u_IDCT/Z_reg[4]/Q 
add mapped point u_IDCT/Z[4]/q u_IDCT/Z_reg[4]/QN 
add mapped point u_IDCT/Z[5]/q u_IDCT/Z_reg[5]/Q 
add mapped point u_IDCT/Z[5]/q u_IDCT/Z_reg[5]/QN 
add mapped point u_IDCT/Z[6]/q u_IDCT/Z_reg[6]/Q 
add mapped point u_IDCT/Z[6]/q u_IDCT/Z_reg[6]/QN 
add mapped point u_IDCT/Z[7]/q u_IDCT/Z_reg[7]/Q 
add mapped point u_IDCT/Z[7]/q u_IDCT/Z_reg[7]/QN 
add mapped point u_IDCT/Z[8]/q u_IDCT/Z_reg[8]/Q 
add mapped point u_IDCT/Z[8]/q u_IDCT/Z_reg[8]/QN 
add mapped point u_IDCT/Z[9]/q u_IDCT/Z_reg[9]/Q 
add mapped point u_IDCT/Z[9]/q u_IDCT/Z_reg[9]/QN 
add mapped point u_IDCT/Z[10]/q u_IDCT/Z_reg[10]/Q 
add mapped point u_IDCT/Z[10]/q u_IDCT/Z_reg[10]/QN 
add mapped point u_IDCT/Z[11]/q u_IDCT/Z_reg[11]/Q 
add mapped point u_IDCT/Z[11]/q u_IDCT/Z_reg[11]/QN 
add mapped point u_IDCT/buf_RESET_/q u_IDCT/buf_RESET__reg/Q 
add mapped point u_IDCT/buf_RESET_/q u_IDCT/buf_RESET__reg/QN 
add mapped point u_IDCT/buf_X[0]/q u_IDCT/buf_X_reg[0]/Q 
add mapped point u_IDCT/buf_X[0]/q u_IDCT/buf_X_reg[0]/QN 
add mapped point u_IDCT/buf_X[1]/q u_IDCT/buf_X_reg[1]/Q 
add mapped point u_IDCT/buf_X[1]/q u_IDCT/buf_X_reg[1]/QN 
add mapped point u_IDCT/buf_X[2]/q u_IDCT/buf_X_reg[2]/Q 
add mapped point u_IDCT/buf_X[2]/q u_IDCT/buf_X_reg[2]/QN 
add mapped point u_IDCT/buf_X[3]/q u_IDCT/buf_X_reg[3]/Q 
add mapped point u_IDCT/buf_X[3]/q u_IDCT/buf_X_reg[3]/QN 
add mapped point u_IDCT/buf_X[4]/q u_IDCT/buf_X_reg[4]/Q 
add mapped point u_IDCT/buf_X[4]/q u_IDCT/buf_X_reg[4]/QN 
add mapped point u_IDCT/buf_X[5]/q u_IDCT/buf_X_reg[5]/Q 
add mapped point u_IDCT/buf_X[5]/q u_IDCT/buf_X_reg[5]/QN 
add mapped point u_IDCT/buf_X[6]/q u_IDCT/buf_X_reg[6]/Q 
add mapped point u_IDCT/buf_X[6]/q u_IDCT/buf_X_reg[6]/QN 
add mapped point u_IDCT/buf_X[7]/q u_IDCT/buf_X_reg[7]/Q 
add mapped point u_IDCT/buf_X[7]/q u_IDCT/buf_X_reg[7]/QN 
add mapped point u_IDCT/buf_X[8]/q u_IDCT/buf_X_reg[8]/Q 
add mapped point u_IDCT/buf_X[8]/q u_IDCT/buf_X_reg[8]/QN 
add mapped point u_IDCT/buf_X[9]/q u_IDCT/buf_X_reg[9]/Q 
add mapped point u_IDCT/buf_X[9]/q u_IDCT/buf_X_reg[9]/QN 
add mapped point u_IDCT/buf_X[10]/q u_IDCT/buf_X_reg[10]/Q 
add mapped point u_IDCT/buf_X[10]/q u_IDCT/buf_X_reg[10]/QN 
add mapped point u_IDCT/buf_X[11]/q u_IDCT/buf_X_reg[11]/Q 
add mapped point u_IDCT/buf_X[11]/q u_IDCT/buf_X_reg[11]/QN 
add mapped point u_IDCT/tposemem/Bisted_RF_2P_ADV64x16/BistCtrl_i0/ST_MAL_i0/S16/q u_IDCT/tposemem_Bisted_RF_2P_ADV64x16_BistCtrl_i0_ST_MAL_i0_S16_reg/Q 
add mapped point u_IDCT/tposemem/Bisted_RF_2P_ADV64x16/BistCtrl_i0/ST_MAL_i0/S16/q u_IDCT/tposemem_Bisted_RF_2P_ADV64x16_BistCtrl_i0_ST_MAL_i0_S16_reg/QN 
add mapped point DCT_RESET_/q DCT_RESET__reg/Q 
add mapped point DCT_RESET_/q DCT_RESET__reg/QN 
add mapped point IDCT_RESET_/q IDCT_RESET__reg/Q 
add mapped point IDCT_RESET_/q IDCT_RESET__reg/QN 
add mapped point d_X[7]/q d_X_reg[7]/Q 
add mapped point d_X[7]/q d_X_reg[7]/QN 
add mapped point d_X[9]/q d_X_reg[9]/Q 
add mapped point d_X[9]/q d_X_reg[9]/QN 
add mapped point d_X[1]/q d_X_reg[1]/Q 
add mapped point d_X[1]/q d_X_reg[1]/QN 
add mapped point d_X[0]/q d_X_reg[0]/Q 
add mapped point d_X[0]/q d_X_reg[0]/QN 
add mapped point d_X[8]/q d_X_reg[8]/Q 
add mapped point d_X[8]/q d_X_reg[8]/QN 
add mapped point d_X[2]/q d_X_reg[2]/Q 
add mapped point d_X[2]/q d_X_reg[2]/QN 
add mapped point d_HALT/q d_HALT_reg/Q 
add mapped point d_HALT/q d_HALT_reg/QN 
add mapped point d_DoDCT/q d_DoDCT_reg/Q 
add mapped point d_DoDCT/q d_DoDCT_reg/QN 
add mapped point d_X[6]/q d_X_reg[6]/Q 
add mapped point d_X[6]/q d_X_reg[6]/QN 
add mapped point d_X[5]/q d_X_reg[5]/Q 
add mapped point d_X[5]/q d_X_reg[5]/QN 
add mapped point d_X[11]/q d_X_reg[11]/Q 
add mapped point d_X[11]/q d_X_reg[11]/QN 
add mapped point d_Mode/q d_Mode_reg/Q 
add mapped point d_Mode/q d_Mode_reg/QN 
add mapped point d_X[4]/q d_X_reg[4]/Q 
add mapped point d_X[4]/q d_X_reg[4]/QN 
add mapped point d_X[10]/q d_X_reg[10]/Q 
add mapped point d_X[10]/q d_X_reg[10]/QN 
add mapped point d_X[3]/q d_X_reg[3]/Q 
add mapped point d_X[3]/q d_X_reg[3]/QN 
add mapped point count[10]/q count_reg[10]/Q 
add mapped point count[10]/q count_reg[10]/QN 
add mapped point count[9]/q count_reg[9]/Q 
add mapped point count[9]/q count_reg[9]/QN 
add mapped point count[8]/q count_reg[8]/Q 
add mapped point count[8]/q count_reg[8]/QN 
add mapped point count[7]/q count_reg[7]/Q 
add mapped point count[7]/q count_reg[7]/QN 
add mapped point count[6]/q count_reg[6]/Q 
add mapped point count[6]/q count_reg[6]/QN 
add mapped point count[5]/q count_reg[5]/Q 
add mapped point count[5]/q count_reg[5]/QN 
add mapped point count[4]/q count_reg[4]/Q 
add mapped point count[4]/q count_reg[4]/QN 
add mapped point count[3]/q count_reg[3]/Q 
add mapped point count[3]/q count_reg[3]/QN 
add mapped point count[2]/q count_reg[2]/Q 
add mapped point count[2]/q count_reg[2]/QN 
add mapped point count[1]/q count_reg[1]/Q 
add mapped point count[1]/q count_reg[1]/QN 
add mapped point count[0]/q count_reg[0]/Q 
add mapped point count[0]/q count_reg[0]/QN 



//Black Boxes
add mapped point u_DCT/tposemem/Bisted_RF_2P_ADV64x16/RF_2P_ADV64x16_u0/SRAM_i0 u_DCT/tposemem_Bisted_RF_2P_ADV64x16_RF_2P_ADV64x16_u0_SRAM_i0
add mapped point u_IDCT/tposemem/Bisted_RF_2P_ADV64x16/RF_2P_ADV64x16_u0/SRAM_i0 u_IDCT/tposemem_Bisted_RF_2P_ADV64x16_RF_2P_ADV64x16_u0_SRAM_i0



//Empty Modules as Blackboxes
