============================================================
  Generated by:           Genus(TM) Synthesis Solution 19.10-p002_1
  Generated on:           Jun 03 2020  11:47:26 am
  Module:                 CHIP
  Operating conditions:   slow 
  Interconnect mode:      global
  Area mode:              physical library
============================================================


Path 1: VIOLATED (-7093 ps) Setup Check with Pin d_DoDCT_reg/CK->D
           Mode: func_mode
          Group: I2C_func_mode
     Startpoint: (R) DoDCT
          Clock: (R) CLK1
       Endpoint: (R) d_DoDCT_reg/D
          Clock: (R) CLK1

                     Capture       Launch     
        Clock Edge:+    8000            0     
        Drv Adjust:+       0        10000     
       Src Latency:+       0            0     
       Net Latency:+    2000 (I)     2000 (I) 
           Arrival:=   10000        12000     
                                              
             Setup:-     279                  
       Uncertainty:-     500                  
     Required Time:=    9221                  
      Launch Clock:-   12000                  
       Input Delay:-    3000                  
         Data Path:-    1314                  
             Slack:=   -7093                  

Exceptions/Constraints:
  input_delay             3000            CHIP_func.sdc_line_11_2_1 

#-----------------------------------------------------------------------------------------
# Timing Point   Flags    Arc   Edge   Cell     Fanout  Load Trans Delay Arrival Instance 
#                                                       (fF)  (ps)  (ps)   (ps)  Location 
#-----------------------------------------------------------------------------------------
  DoDCT          -       -      R     (arrival)      1 100.0 10000     0   15000    (-,-) 
  ipad_DoDCT/C   (P)     PAD->C R     PADIN          1 102.4   123  1314   16314    (-,-) 
  d_DoDCT_reg/D  -       -      R     SDFF_X1        1     -     -     0   16314    (-,-) 
#-----------------------------------------------------------------------------------------

(P) : Instance is preserved



Path 2: VIOLATED (-7088 ps) Setup Check with Pin d_X_reg[2]/CK->D
           Mode: func_mode
          Group: I2C_func_mode
     Startpoint: (F) X[2]
          Clock: (R) CLK1
       Endpoint: (F) d_X_reg[2]/D
          Clock: (R) CLK1

                     Capture       Launch     
        Clock Edge:+    8000            0     
        Drv Adjust:+       0        10000     
       Src Latency:+       0            0     
       Net Latency:+    2000 (I)     2000 (I) 
           Arrival:=   10000        12000     
                                              
             Setup:-     274                  
       Uncertainty:-     500                  
     Required Time:=    9226                  
      Launch Clock:-   12000                  
       Input Delay:-    3000                  
         Data Path:-    1314                  
             Slack:=   -7088                  

Exceptions/Constraints:
  input_delay             3000            CHIP_func.sdc_line_11_12_1 

#-----------------------------------------------------------------------------------------
# Timing Point   Flags    Arc   Edge   Cell     Fanout  Load Trans Delay Arrival Instance 
#                                                       (fF)  (ps)  (ps)   (ps)  Location 
#-----------------------------------------------------------------------------------------
  X[2]           -       -      F     (arrival)      1 100.0 10000     0   15000    (-,-) 
  ipad_X2/C      (P)     PAD->C F     PADIN          2 103.9   123  1314   16314    (-,-) 
  d_X_reg[2]/D   -       -      F     SDFFR_X1       2     -     -     0   16314    (-,-) 
#-----------------------------------------------------------------------------------------

(P) : Instance is preserved



Path 3: VIOLATED (-7088 ps) Setup Check with Pin d_X_reg[0]/CK->D
           Mode: func_mode
          Group: I2C_func_mode
     Startpoint: (F) X[0]
          Clock: (R) CLK1
       Endpoint: (F) d_X_reg[0]/D
          Clock: (R) CLK1

                     Capture       Launch     
        Clock Edge:+    8000            0     
        Drv Adjust:+       0        10000     
       Src Latency:+       0            0     
       Net Latency:+    2000 (I)     2000 (I) 
           Arrival:=   10000        12000     
                                              
             Setup:-     274                  
       Uncertainty:-     500                  
     Required Time:=    9226                  
      Launch Clock:-   12000                  
       Input Delay:-    3000                  
         Data Path:-    1314                  
             Slack:=   -7088                  

Exceptions/Constraints:
  input_delay             3000            CHIP_func.sdc_line_11_14_1 

#-----------------------------------------------------------------------------------------
# Timing Point   Flags    Arc   Edge   Cell     Fanout  Load Trans Delay Arrival Instance 
#                                                       (fF)  (ps)  (ps)   (ps)  Location 
#-----------------------------------------------------------------------------------------
  X[0]           -       -      F     (arrival)      1 100.0 10000     0   15000    (-,-) 
  ipad_X0/C      (P)     PAD->C F     PADIN          2 103.8   123  1314   16314    (-,-) 
  d_X_reg[0]/D   -       -      F     SDFFR_X1       2     -     -     0   16314    (-,-) 
#-----------------------------------------------------------------------------------------

(P) : Instance is preserved



Path 4: VIOLATED (-7088 ps) Setup Check with Pin d_X_reg[1]/CK->D
           Mode: func_mode
          Group: I2C_func_mode
     Startpoint: (F) X[1]
          Clock: (R) CLK1
       Endpoint: (F) d_X_reg[1]/D
          Clock: (R) CLK1

                     Capture       Launch     
        Clock Edge:+    8000            0     
        Drv Adjust:+       0        10000     
       Src Latency:+       0            0     
       Net Latency:+    2000 (I)     2000 (I) 
           Arrival:=   10000        12000     
                                              
             Setup:-     274                  
       Uncertainty:-     500                  
     Required Time:=    9226                  
      Launch Clock:-   12000                  
       Input Delay:-    3000                  
         Data Path:-    1314                  
             Slack:=   -7088                  

Exceptions/Constraints:
  input_delay             3000            CHIP_func.sdc_line_11_13_1 

#-----------------------------------------------------------------------------------------
# Timing Point   Flags    Arc   Edge   Cell     Fanout  Load Trans Delay Arrival Instance 
#                                                       (fF)  (ps)  (ps)   (ps)  Location 
#-----------------------------------------------------------------------------------------
  X[1]           -       -      F     (arrival)      1 100.0 10000     0   15000    (-,-) 
  ipad_X1/C      (P)     PAD->C F     PADIN          2 103.9   123  1314   16314    (-,-) 
  d_X_reg[1]/D   -       -      F     SDFFR_X1       2     -     -     0   16314    (-,-) 
#-----------------------------------------------------------------------------------------

(P) : Instance is preserved



Path 5: VIOLATED (-7087 ps) Setup Check with Pin d_X_reg[3]/CK->D
           Mode: func_mode
          Group: I2C_func_mode
     Startpoint: (F) X[3]
          Clock: (R) CLK1
       Endpoint: (F) d_X_reg[3]/D
          Clock: (R) CLK1

                     Capture       Launch     
        Clock Edge:+    8000            0     
        Drv Adjust:+       0        10000     
       Src Latency:+       0            0     
       Net Latency:+    2000 (I)     2000 (I) 
           Arrival:=   10000        12000     
                                              
             Setup:-     274                  
       Uncertainty:-     500                  
     Required Time:=    9226                  
      Launch Clock:-   12000                  
       Input Delay:-    3000                  
         Data Path:-    1314                  
             Slack:=   -7087                  

Exceptions/Constraints:
  input_delay             3000            CHIP_func.sdc_line_11_11_1 

#-----------------------------------------------------------------------------------------
# Timing Point   Flags    Arc   Edge   Cell     Fanout  Load Trans Delay Arrival Instance 
#                                                       (fF)  (ps)  (ps)   (ps)  Location 
#-----------------------------------------------------------------------------------------
  X[3]           -       -      F     (arrival)      1 100.0 10000     0   15000    (-,-) 
  ipad_X3/C      (P)     PAD->C F     PADIN          1 102.4   123  1314   16314    (-,-) 
  d_X_reg[3]/D   -       -      F     SDFFR_X1       1     -     -     0   16314    (-,-) 
#-----------------------------------------------------------------------------------------

(P) : Instance is preserved



Path 6: VIOLATED (-7087 ps) Setup Check with Pin d_X_reg[10]/CK->D
           Mode: func_mode
          Group: I2C_func_mode
     Startpoint: (F) X[10]
          Clock: (R) CLK1
       Endpoint: (F) d_X_reg[10]/D
          Clock: (R) CLK1

                     Capture       Launch     
        Clock Edge:+    8000            0     
        Drv Adjust:+       0        10000     
       Src Latency:+       0            0     
       Net Latency:+    2000 (I)     2000 (I) 
           Arrival:=   10000        12000     
                                              
             Setup:-     274                  
       Uncertainty:-     500                  
     Required Time:=    9226                  
      Launch Clock:-   12000                  
       Input Delay:-    3000                  
         Data Path:-    1314                  
             Slack:=   -7087                  

Exceptions/Constraints:
  input_delay             3000            CHIP_func.sdc_line_11_4_1 

#-----------------------------------------------------------------------------------------
# Timing Point   Flags    Arc   Edge   Cell     Fanout  Load Trans Delay Arrival Instance 
#                                                       (fF)  (ps)  (ps)   (ps)  Location 
#-----------------------------------------------------------------------------------------
  X[10]          -       -      F     (arrival)      1 100.0 10000     0   15000    (-,-) 
  ipad_X10/C     (P)     PAD->C F     PADIN          1 102.4   123  1314   16314    (-,-) 
  d_X_reg[10]/D  -       -      F     SDFFR_X1       1     -     -     0   16314    (-,-) 
#-----------------------------------------------------------------------------------------

(P) : Instance is preserved



Path 7: VIOLATED (-7087 ps) Setup Check with Pin d_X_reg[4]/CK->D
           Mode: func_mode
          Group: I2C_func_mode
     Startpoint: (F) X[4]
          Clock: (R) CLK1
       Endpoint: (F) d_X_reg[4]/D
          Clock: (R) CLK1

                     Capture       Launch     
        Clock Edge:+    8000            0     
        Drv Adjust:+       0        10000     
       Src Latency:+       0            0     
       Net Latency:+    2000 (I)     2000 (I) 
           Arrival:=   10000        12000     
                                              
             Setup:-     274                  
       Uncertainty:-     500                  
     Required Time:=    9226                  
      Launch Clock:-   12000                  
       Input Delay:-    3000                  
         Data Path:-    1314                  
             Slack:=   -7087                  

Exceptions/Constraints:
  input_delay             3000            CHIP_func.sdc_line_11_10_1 

#-----------------------------------------------------------------------------------------
# Timing Point   Flags    Arc   Edge   Cell     Fanout  Load Trans Delay Arrival Instance 
#                                                       (fF)  (ps)  (ps)   (ps)  Location 
#-----------------------------------------------------------------------------------------
  X[4]           -       -      F     (arrival)      1 100.0 10000     0   15000    (-,-) 
  ipad_X4/C      (P)     PAD->C F     PADIN          1 102.4   123  1314   16314    (-,-) 
  d_X_reg[4]/D   -       -      F     SDFFR_X1       1     -     -     0   16314    (-,-) 
#-----------------------------------------------------------------------------------------

(P) : Instance is preserved



Path 8: VIOLATED (-7087 ps) Setup Check with Pin d_Mode_reg/CK->D
           Mode: func_mode
          Group: I2C_func_mode
     Startpoint: (F) Mode
          Clock: (R) CLK1
       Endpoint: (F) d_Mode_reg/D
          Clock: (R) CLK1

                     Capture       Launch     
        Clock Edge:+    8000            0     
        Drv Adjust:+       0        10000     
       Src Latency:+       0            0     
       Net Latency:+    2000 (I)     2000 (I) 
           Arrival:=   10000        12000     
                                              
             Setup:-     274                  
       Uncertainty:-     500                  
     Required Time:=    9226                  
      Launch Clock:-   12000                  
       Input Delay:-    3000                  
         Data Path:-    1314                  
             Slack:=   -7087                  

Exceptions/Constraints:
  input_delay             3000            CHIP_func.sdc_line_11_15_1 

#-----------------------------------------------------------------------------------------
# Timing Point   Flags    Arc   Edge   Cell     Fanout  Load Trans Delay Arrival Instance 
#                                                       (fF)  (ps)  (ps)   (ps)  Location 
#-----------------------------------------------------------------------------------------
  Mode           -       -      F     (arrival)      1 100.0 10000     0   15000    (-,-) 
  ipad_Mode/C    (P)     PAD->C F     PADIN          1 102.4   123  1314   16314    (-,-) 
  d_Mode_reg/D   -       -      F     SDFFR_X1       1     -     -     0   16314    (-,-) 
#-----------------------------------------------------------------------------------------

(P) : Instance is preserved



Path 9: VIOLATED (-7087 ps) Setup Check with Pin d_X_reg[11]/CK->D
           Mode: func_mode
          Group: I2C_func_mode
     Startpoint: (F) X[11]
          Clock: (R) CLK1
       Endpoint: (F) d_X_reg[11]/D
          Clock: (R) CLK1

                     Capture       Launch     
        Clock Edge:+    8000            0     
        Drv Adjust:+       0        10000     
       Src Latency:+       0            0     
       Net Latency:+    2000 (I)     2000 (I) 
           Arrival:=   10000        12000     
                                              
             Setup:-     274                  
       Uncertainty:-     500                  
     Required Time:=    9226                  
      Launch Clock:-   12000                  
       Input Delay:-    3000                  
         Data Path:-    1314                  
             Slack:=   -7087                  

Exceptions/Constraints:
  input_delay             3000            CHIP_func.sdc_line_11_3_1 

#-----------------------------------------------------------------------------------------
# Timing Point   Flags    Arc   Edge   Cell     Fanout  Load Trans Delay Arrival Instance 
#                                                       (fF)  (ps)  (ps)   (ps)  Location 
#-----------------------------------------------------------------------------------------
  X[11]          -       -      F     (arrival)      1 100.0 10000     0   15000    (-,-) 
  ipad_X11/C     (P)     PAD->C F     PADIN          1 102.4   123  1314   16314    (-,-) 
  d_X_reg[11]/D  -       -      F     SDFFR_X1       1     -     -     0   16314    (-,-) 
#-----------------------------------------------------------------------------------------

(P) : Instance is preserved



Path 10: VIOLATED (-7087 ps) Setup Check with Pin d_X_reg[5]/CK->D
           Mode: func_mode
          Group: I2C_func_mode
     Startpoint: (F) X[5]
          Clock: (R) CLK1
       Endpoint: (F) d_X_reg[5]/D
          Clock: (R) CLK1

                     Capture       Launch     
        Clock Edge:+    8000            0     
        Drv Adjust:+       0        10000     
       Src Latency:+       0            0     
       Net Latency:+    2000 (I)     2000 (I) 
           Arrival:=   10000        12000     
                                              
             Setup:-     274                  
       Uncertainty:-     500                  
     Required Time:=    9226                  
      Launch Clock:-   12000                  
       Input Delay:-    3000                  
         Data Path:-    1314                  
             Slack:=   -7087                  

Exceptions/Constraints:
  input_delay             3000            CHIP_func.sdc_line_11_9_1 

#-----------------------------------------------------------------------------------------
# Timing Point   Flags    Arc   Edge   Cell     Fanout  Load Trans Delay Arrival Instance 
#                                                       (fF)  (ps)  (ps)   (ps)  Location 
#-----------------------------------------------------------------------------------------
  X[5]           -       -      F     (arrival)      1 100.0 10000     0   15000    (-,-) 
  ipad_X5/C      (P)     PAD->C F     PADIN          1 102.4   123  1314   16314    (-,-) 
  d_X_reg[5]/D   -       -      F     SDFFR_X1       1     -     -     0   16314    (-,-) 
#-----------------------------------------------------------------------------------------

(P) : Instance is preserved



Path 11: VIOLATED (-7087 ps) Setup Check with Pin d_X_reg[6]/CK->D
           Mode: func_mode
          Group: I2C_func_mode
     Startpoint: (F) X[6]
          Clock: (R) CLK1
       Endpoint: (F) d_X_reg[6]/D
          Clock: (R) CLK1

                     Capture       Launch     
        Clock Edge:+    8000            0     
        Drv Adjust:+       0        10000     
       Src Latency:+       0            0     
       Net Latency:+    2000 (I)     2000 (I) 
           Arrival:=   10000        12000     
                                              
             Setup:-     274                  
       Uncertainty:-     500                  
     Required Time:=    9226                  
      Launch Clock:-   12000                  
       Input Delay:-    3000                  
         Data Path:-    1314                  
             Slack:=   -7087                  

Exceptions/Constraints:
  input_delay             3000            CHIP_func.sdc_line_11_8_1 

#-----------------------------------------------------------------------------------------
# Timing Point   Flags    Arc   Edge   Cell     Fanout  Load Trans Delay Arrival Instance 
#                                                       (fF)  (ps)  (ps)   (ps)  Location 
#-----------------------------------------------------------------------------------------
  X[6]           -       -      F     (arrival)      1 100.0 10000     0   15000    (-,-) 
  ipad_X6/C      (P)     PAD->C F     PADIN          1 102.4   123  1314   16314    (-,-) 
  d_X_reg[6]/D   -       -      F     SDFFR_X1       1     -     -     0   16314    (-,-) 
#-----------------------------------------------------------------------------------------

(P) : Instance is preserved



Path 12: VIOLATED (-7087 ps) Setup Check with Pin d_X_reg[8]/CK->D
           Mode: func_mode
          Group: I2C_func_mode
     Startpoint: (F) X[8]
          Clock: (R) CLK1
       Endpoint: (F) d_X_reg[8]/D
          Clock: (R) CLK1

                     Capture       Launch     
        Clock Edge:+    8000            0     
        Drv Adjust:+       0        10000     
       Src Latency:+       0            0     
       Net Latency:+    2000 (I)     2000 (I) 
           Arrival:=   10000        12000     
                                              
             Setup:-     274                  
       Uncertainty:-     500                  
     Required Time:=    9226                  
      Launch Clock:-   12000                  
       Input Delay:-    3000                  
         Data Path:-    1314                  
             Slack:=   -7087                  

Exceptions/Constraints:
  input_delay             3000            CHIP_func.sdc_line_11_6_1 

#-----------------------------------------------------------------------------------------
# Timing Point   Flags    Arc   Edge   Cell     Fanout  Load Trans Delay Arrival Instance 
#                                                       (fF)  (ps)  (ps)   (ps)  Location 
#-----------------------------------------------------------------------------------------
  X[8]           -       -      F     (arrival)      1 100.0 10000     0   15000    (-,-) 
  ipad_X8/C      (P)     PAD->C F     PADIN          1 102.4   123  1314   16314    (-,-) 
  d_X_reg[8]/D   -       -      F     SDFFR_X1       1     -     -     0   16314    (-,-) 
#-----------------------------------------------------------------------------------------

(P) : Instance is preserved



Path 13: VIOLATED (-7087 ps) Setup Check with Pin d_X_reg[9]/CK->D
           Mode: func_mode
          Group: I2C_func_mode
     Startpoint: (F) X[9]
          Clock: (R) CLK1
       Endpoint: (F) d_X_reg[9]/D
          Clock: (R) CLK1

                     Capture       Launch     
        Clock Edge:+    8000            0     
        Drv Adjust:+       0        10000     
       Src Latency:+       0            0     
       Net Latency:+    2000 (I)     2000 (I) 
           Arrival:=   10000        12000     
                                              
             Setup:-     274                  
       Uncertainty:-     500                  
     Required Time:=    9226                  
      Launch Clock:-   12000                  
       Input Delay:-    3000                  
         Data Path:-    1314                  
             Slack:=   -7087                  

Exceptions/Constraints:
  input_delay             3000            CHIP_func.sdc_line_11_5_1 

#-----------------------------------------------------------------------------------------
# Timing Point   Flags    Arc   Edge   Cell     Fanout  Load Trans Delay Arrival Instance 
#                                                       (fF)  (ps)  (ps)   (ps)  Location 
#-----------------------------------------------------------------------------------------
  X[9]           -       -      F     (arrival)      1 100.0 10000     0   15000    (-,-) 
  ipad_X9/C      (P)     PAD->C F     PADIN          1 102.4   123  1314   16314    (-,-) 
  d_X_reg[9]/D   -       -      F     SDFFR_X1       1     -     -     0   16314    (-,-) 
#-----------------------------------------------------------------------------------------

(P) : Instance is preserved



Path 14: VIOLATED (-7087 ps) Setup Check with Pin d_X_reg[7]/CK->D
           Mode: func_mode
          Group: I2C_func_mode
     Startpoint: (F) X[7]
          Clock: (R) CLK1
       Endpoint: (F) d_X_reg[7]/D
          Clock: (R) CLK1

                     Capture       Launch     
        Clock Edge:+    8000            0     
        Drv Adjust:+       0        10000     
       Src Latency:+       0            0     
       Net Latency:+    2000 (I)     2000 (I) 
           Arrival:=   10000        12000     
                                              
             Setup:-     274                  
       Uncertainty:-     500                  
     Required Time:=    9226                  
      Launch Clock:-   12000                  
       Input Delay:-    3000                  
         Data Path:-    1314                  
             Slack:=   -7087                  

Exceptions/Constraints:
  input_delay             3000            CHIP_func.sdc_line_11_7_1 

#-----------------------------------------------------------------------------------------
# Timing Point   Flags    Arc   Edge   Cell     Fanout  Load Trans Delay Arrival Instance 
#                                                       (fF)  (ps)  (ps)   (ps)  Location 
#-----------------------------------------------------------------------------------------
  X[7]           -       -      F     (arrival)      1 100.0 10000     0   15000    (-,-) 
  ipad_X7/C      (P)     PAD->C F     PADIN          1 102.4   123  1314   16314    (-,-) 
  d_X_reg[7]/D   -       -      F     SDFFR_X1       1     -     -     0   16314    (-,-) 
#-----------------------------------------------------------------------------------------

(P) : Instance is preserved



Path 15: VIOLATED (-7079 ps) Setup Check with Pin d_HALT_reg/CK->D
           Mode: func_mode
          Group: I2C_func_mode
     Startpoint: (F) HALT
          Clock: (R) CLK1
       Endpoint: (F) d_HALT_reg/D
          Clock: (R) CLK1

                     Capture       Launch     
        Clock Edge:+    8000            0     
        Drv Adjust:+       0        10000     
       Src Latency:+       0            0     
       Net Latency:+    2000 (I)     2000 (I) 
           Arrival:=   10000        12000     
                                              
             Setup:-     266                  
       Uncertainty:-     500                  
     Required Time:=    9234                  
      Launch Clock:-   12000                  
       Input Delay:-    3000                  
         Data Path:-    1314                  
             Slack:=   -7079                  

Exceptions/Constraints:
  input_delay             3000            CHIP_func.sdc_line_11 

#-----------------------------------------------------------------------------------------
# Timing Point   Flags    Arc   Edge   Cell     Fanout  Load Trans Delay Arrival Instance 
#                                                       (fF)  (ps)  (ps)   (ps)  Location 
#-----------------------------------------------------------------------------------------
  HALT           -       -      F     (arrival)      1 100.0 10000     0   15000    (-,-) 
  ipad_HALT/C    (P)     PAD->C F     PADIN          1 102.3   123  1314   16314    (-,-) 
  d_HALT_reg/D   -       -      F     SDFFR_X2       1     -     -     0   16314    (-,-) 
#-----------------------------------------------------------------------------------------

(P) : Instance is preserved



Path 16: VIOLATED (-6279 ps) Setup Check with Pin u_IDCT/tposemem_Bisted_RF_2P_ADV64x16_RF_2P_ADV64x16_u0_SRAM_i0/CLKA->CLKB
           Mode: func_mode
          Group: I2C_func_mode
     Startpoint: (F) CLK
          Clock: (F) CLK1
       Endpoint: (R) u_IDCT/tposemem_Bisted_RF_2P_ADV64x16_RF_2P_ADV64x16_u0_SRAM_i0/CLKB
          Clock: (R) CLK1

                     Capture       Launch     
        Clock Edge:+    8000         4000     
        Drv Adjust:+       0        10000     
       Src Latency:+       0            0     
       Net Latency:+    2000 (I)        0 (I) 
           Arrival:=   10000        14000     
                                              
             Setup:-     564                  
       Uncertainty:-     500                  
     Required Time:=    8936                  
      Launch Clock:-   14000                  
       Input Delay:-       0                  
         Data Path:-    1215                  
             Slack:=   -6279                  

Exceptions/Constraints:
  input_delay              0              create_clock_delay_domain_1_CLK1_F_0 

#-----------------------------------------------------------------------------------------------------------------------------------------------
#                            Timing Point                              Flags    Arc   Edge   Cell     Fanout  Load Trans Delay Arrival Instance 
#                                                                                                             (fF)  (ps)  (ps)   (ps)  Location 
#-----------------------------------------------------------------------------------------------------------------------------------------------
  CLK                                                                  -       -      F     (arrival)      1 100.0 10000     0   14000    (-,-) 
  ipad_CLK/C                                                           (i,P)   PAD->C F     PADIN        670   0.0     0  1200   15200    (-,-) 
  u_IDCT/g3872/ZN                                                      (i)     A->ZN  R     INV_X1         6   0.0     0    15   15215    (-,-) 
  u_IDCT/tposemem_Bisted_RF_2P_ADV64x16_RF_2P_ADV64x16_u0_SRAM_i0/CLKB (P)     -      R     rf_2p_hse      6     -     -     0   15215    (-,-) 
#-----------------------------------------------------------------------------------------------------------------------------------------------

(P) : Instance is preserved
(i) : Net is ideal.



Path 17: VIOLATED (-6279 ps) Setup Check with Pin u_DCT/tposemem_Bisted_RF_2P_ADV64x16_RF_2P_ADV64x16_u0_SRAM_i0/CLKA->CLKB
           Mode: func_mode
          Group: I2C_func_mode
     Startpoint: (F) CLK
          Clock: (F) CLK1
       Endpoint: (R) u_DCT/tposemem_Bisted_RF_2P_ADV64x16_RF_2P_ADV64x16_u0_SRAM_i0/CLKB
          Clock: (R) CLK1

                     Capture       Launch     
        Clock Edge:+    8000         4000     
        Drv Adjust:+       0        10000     
       Src Latency:+       0            0     
       Net Latency:+    2000 (I)        0 (I) 
           Arrival:=   10000        14000     
                                              
             Setup:-     564                  
       Uncertainty:-     500                  
     Required Time:=    8936                  
      Launch Clock:-   14000                  
       Input Delay:-       0                  
         Data Path:-    1215                  
             Slack:=   -6279                  

Exceptions/Constraints:
  input_delay              0              create_clock_delay_domain_1_CLK1_F_0 

#----------------------------------------------------------------------------------------------------------------------------------------------
#                            Timing Point                             Flags    Arc   Edge   Cell     Fanout  Load Trans Delay Arrival Instance 
#                                                                                                            (fF)  (ps)  (ps)   (ps)  Location 
#----------------------------------------------------------------------------------------------------------------------------------------------
  CLK                                                                 -       -      F     (arrival)      1 100.0 10000     0   14000    (-,-) 
  ipad_CLK/C                                                          (i,P)   PAD->C F     PADIN        670   0.0     0  1200   15200    (-,-) 
  u_DCT/g3872/ZN                                                      (i)     A->ZN  R     INV_X1         6   0.0     0    15   15215    (-,-) 
  u_DCT/tposemem_Bisted_RF_2P_ADV64x16_RF_2P_ADV64x16_u0_SRAM_i0/CLKB (P)     -      R     rf_2p_hse      6     -     -     0   15215    (-,-) 
#----------------------------------------------------------------------------------------------------------------------------------------------

(P) : Instance is preserved
(i) : Net is ideal.



Path 18: VIOLATED (-6186 ps) Setup Check with Pin u_IDCT/tposemem_Bisted_RF_2P_ADV64x16_RF_2P_ADV64x16_u0_SRAM_i0/CLKB->CLKA
           Mode: func_mode
          Group: I2C_func_mode
     Startpoint: (R) CLK
          Clock: (R) CLK1
       Endpoint: (R) u_IDCT/tposemem_Bisted_RF_2P_ADV64x16_RF_2P_ADV64x16_u0_SRAM_i0/CLKA
          Clock: (F) CLK1

                     Capture       Launch     
        Clock Edge:+    4000            0     
        Drv Adjust:+       0        10000     
       Src Latency:+       0            0     
       Net Latency:+    2000 (I)        0 (I) 
           Arrival:=    6000        10000     
                                              
             Setup:-     486                  
       Uncertainty:-     500                  
     Required Time:=    5014                  
      Launch Clock:-   10000                  
       Input Delay:-       0                  
         Data Path:-    1200                  
             Slack:=   -6186                  

Exceptions/Constraints:
  input_delay              0              create_clock_delay_domain_1_CLK1_R_0 

#-----------------------------------------------------------------------------------------------------------------------------------------------
#                            Timing Point                              Flags    Arc   Edge   Cell     Fanout  Load Trans Delay Arrival Instance 
#                                                                                                             (fF)  (ps)  (ps)   (ps)  Location 
#-----------------------------------------------------------------------------------------------------------------------------------------------
  CLK                                                                  -       -      R     (arrival)      1 100.0 10000     0   10000    (-,-) 
  ipad_CLK/C                                                           (i,P)   PAD->C R     PADIN        670   0.0     0  1200   11200    (-,-) 
  u_IDCT/tposemem_Bisted_RF_2P_ADV64x16_RF_2P_ADV64x16_u0_SRAM_i0/CLKA (P)     -      R     rf_2p_hse    670     -     -     0   11200    (-,-) 
#-----------------------------------------------------------------------------------------------------------------------------------------------

(P) : Instance is preserved
(i) : Net is ideal.



Path 19: VIOLATED (-6186 ps) Setup Check with Pin u_DCT/tposemem_Bisted_RF_2P_ADV64x16_RF_2P_ADV64x16_u0_SRAM_i0/CLKB->CLKA
           Mode: func_mode
          Group: I2C_func_mode
     Startpoint: (R) CLK
          Clock: (R) CLK1
       Endpoint: (R) u_DCT/tposemem_Bisted_RF_2P_ADV64x16_RF_2P_ADV64x16_u0_SRAM_i0/CLKA
          Clock: (F) CLK1

                     Capture       Launch     
        Clock Edge:+    4000            0     
        Drv Adjust:+       0        10000     
       Src Latency:+       0            0     
       Net Latency:+    2000 (I)        0 (I) 
           Arrival:=    6000        10000     
                                              
             Setup:-     486                  
       Uncertainty:-     500                  
     Required Time:=    5014                  
      Launch Clock:-   10000                  
       Input Delay:-       0                  
         Data Path:-    1200                  
             Slack:=   -6186                  

Exceptions/Constraints:
  input_delay              0              create_clock_delay_domain_1_CLK1_R_0 

#----------------------------------------------------------------------------------------------------------------------------------------------
#                            Timing Point                             Flags    Arc   Edge   Cell     Fanout  Load Trans Delay Arrival Instance 
#                                                                                                            (fF)  (ps)  (ps)   (ps)  Location 
#----------------------------------------------------------------------------------------------------------------------------------------------
  CLK                                                                 -       -      R     (arrival)      1 100.0 10000     0   10000    (-,-) 
  ipad_CLK/C                                                          (i,P)   PAD->C R     PADIN        670   0.0     0  1200   11200    (-,-) 
  u_DCT/tposemem_Bisted_RF_2P_ADV64x16_RF_2P_ADV64x16_u0_SRAM_i0/CLKA (P)     -      R     rf_2p_hse    670     -     -     0   11200    (-,-) 
#----------------------------------------------------------------------------------------------------------------------------------------------

(P) : Instance is preserved
(i) : Net is ideal.



Path 20: MET (0 ps) Setup Check with Pin u_DCT/tposemem_Bisted_RF_2P_ADV64x16_RF_2P_ADV64x16_u0_SRAM_i0/CLKB->DB[15]
           Mode: func_mode
          Group: C2C_func_mode
     Startpoint: (R) u_DCT/IDRU8/Count_reg[0]/CK
          Clock: (R) CLK1
       Endpoint: (R) u_DCT/tposemem_Bisted_RF_2P_ADV64x16_RF_2P_ADV64x16_u0_SRAM_i0/DB[15]
          Clock: (F) CLK1

                     Capture       Launch     
        Clock Edge:+    4000            0     
       Src Latency:+       0            0     
       Net Latency:+    2000 (I)     2000 (I) 
           Arrival:=    6000         2000     
                                              
             Setup:-     252                  
       Uncertainty:-     500                  
     Required Time:=    5248                  
      Launch Clock:-    2000                  
         Data Path:-    3248                  
             Slack:=       0                  

#-----------------------------------------------------------------------------------------------------------------------------------------------
#                             Timing Point                              Flags    Arc   Edge   Cell     Fanout Load Trans Delay Arrival Instance 
#                                                                                                             (fF)  (ps)  (ps)   (ps)  Location 
#-----------------------------------------------------------------------------------------------------------------------------------------------
  u_DCT/IDRU8/Count_reg[0]/CK                                           -       -      R     (arrival)     23    -     0     -    2000    (-,-) 
  u_DCT/IDRU8/Count_reg[0]/Q                                            -       CK->Q  F     SDFF_X2        3 10.2    78   360    2360    (-,-) 
  u_DCT/IDRU8/g5849/ZN                                                  -       A->ZN  R     INV_X4         4 11.9    41    85    2444    (-,-) 
  u_DCT/IDRU8/g5847/ZN                                                  -       A->ZN  F     INV_X2         4 19.3    25    52    2497    (-,-) 
  u_DCT/IDRU8/g5815__7344/ZN                                            -       A1->ZN F     AND3_X2        3  9.5    26   114    2611    (-,-) 
  u_DCT/IDRU8/g5807/ZN                                                  -       A->ZN  R     INV_X2         1  7.4    39    62    2672    (-,-) 
  u_DCT/IDRU8/g5805/ZN                                                  -       A->ZN  F     INV_X4        30 64.4    36    66    2739    (-,-) 
  u_DCT/IDRU8/g5712__6083/ZN                                            -       A1->ZN R     AOI22_X1       1  2.9   114   145    2883    (-,-) 
  u_DCT/IDRU8/g5619__7118/ZN                                            -       A2->ZN F     NAND4_X1       4 10.2   113   199    3083    (-,-) 
  u_DCT/IDRU8/add_86_45_g743__8780/ZN                                   -       A1->ZN F     OR2_X1         2  4.8    38   235    3318    (-,-) 
  u_DCT/IDRU8/add_86_45_g686__1309/ZN                                   -       A2->ZN R     NAND2_X1       1  4.3    53    87    3405    (-,-) 
  u_DCT/IDRU8/add_86_45_g684__9682/ZN                                   -       A1->ZN F     NAND2_X2       3  7.6    28    58    3463    (-,-) 
  u_DCT/IDRU8/add_86_45_g680__4296/ZN                                   -       A1->ZN R     NAND3_X1       1  4.2    60    77    3540    (-,-) 
  u_DCT/IDRU8/add_86_45_g679__8780/ZN                                   -       A1->ZN F     NAND3_X2       2  5.5    37    72    3612    (-,-) 
  u_DCT/IDRU8/add_86_45_g677__1857/ZN                                   -       A1->ZN R     NAND2_X1       1  4.3    53    79    3691    (-,-) 
  u_DCT/IDRU8/add_86_45_g675__1840/ZN                                   -       A1->ZN F     NAND2_X2       2  5.5    24    52    3743    (-,-) 
  u_DCT/IDRU8/add_86_45_g674__7344/ZN                                   -       A1->ZN R     NAND2_X1       1  2.9    42    60    3802    (-,-) 
  u_DCT/IDRU8/add_86_45_g672__2703/ZN                                   -       A1->ZN F     NAND2_X1       2  4.8    30    58    3861    (-,-) 
  u_DCT/IDRU8/add_86_45_g671__6083/ZN                                   -       A1->ZN F     AND2_X1        3  6.2    28   119    3980    (-,-) 
  u_DCT/IDRU8/add_86_45_g669__5266/ZN                                   -       A1->ZN R     NAND2_X1       1  4.6    56    76    4056    (-,-) 
  u_DCT/IDRU8/add_86_45_g666__5953/ZN                                   -       A->ZN  F     OAI211_X2      2  6.8    71    97    4153    (-,-) 
  u_DCT/IDRU8/add_86_45_g664__8757/ZN                                   -       A1->ZN R     NAND2_X2       2  6.8    47    92    4244    (-,-) 
  u_DCT/IDRU8/add_86_45_g659__6877/ZN                                   -       B1->ZN F     OAI221_X2      3  7.4    77   100    4344    (-,-) 
  u_DCT/IDRU8/add_86_45_g654__1474/ZN                                   -       B1->ZN R     AOI21_X1       1  2.9   103   146    4491    (-,-) 
  u_DCT/IDRU8/add_86_45_g653__3772/ZN                                   -       B1->ZN F     OAI21_X1       1  3.9    46    80    4571    (-,-) 
  u_DCT/IDRU8/add_86_45_g651__8780/CO                                   -       CI->CO F     FA_X1          1  3.4    51   280    4850    (-,-) 
  u_DCT/IDRU8/add_86_45_g650__9906/ZN                                   -       A->ZN  R     XNOR2_X1       1  2.9    93   137    4987    (-,-) 
  u_DCT/IDRU8/g5247__6877/ZN                                            -       A1->ZN F     NAND2_X1       1  2.8    41    65    5052    (-,-) 
  u_DCT/IDRU8/g5122__7675/ZN                                            -       A1->ZN R     NAND2_X1       1  2.9    46    69    5121    (-,-) 
  u_DCT/g3865/ZN                                                        -       A->ZN  F     INV_X1         1  3.9    17    38    5159    (-,-) 
  u_DCT/g3765/ZN                                                        -       B1->ZN R     OAI21_X2       1  2.6    63    89    5248    (-,-) 
  u_DCT/tposemem_Bisted_RF_2P_ADV64x16_RF_2P_ADV64x16_u0_SRAM_i0/DB[15] (P)     -      R     rf_2p_hse      1    -     -     0    5248    (-,-) 
#-----------------------------------------------------------------------------------------------------------------------------------------------

(P) : Instance is preserved



Path 21: MET (1 ps) Setup Check with Pin u_DCT/tposemem_Bisted_RF_2P_ADV64x16_RF_2P_ADV64x16_u0_SRAM_i0/CLKB->DB[14]
           Mode: func_mode
          Group: C2C_func_mode
     Startpoint: (R) u_DCT/IDRU8/Count_reg[0]/CK
          Clock: (R) CLK1
       Endpoint: (F) u_DCT/tposemem_Bisted_RF_2P_ADV64x16_RF_2P_ADV64x16_u0_SRAM_i0/DB[14]
          Clock: (F) CLK1

                     Capture       Launch     
        Clock Edge:+    4000            0     
       Src Latency:+       0            0     
       Net Latency:+    2000 (I)     2000 (I) 
           Arrival:=    6000         2000     
                                              
             Setup:-     236                  
       Uncertainty:-     500                  
     Required Time:=    5264                  
      Launch Clock:-    2000                  
         Data Path:-    3263                  
             Slack:=       1                  

#-----------------------------------------------------------------------------------------------------------------------------------------------
#                             Timing Point                              Flags    Arc   Edge   Cell     Fanout Load Trans Delay Arrival Instance 
#                                                                                                             (fF)  (ps)  (ps)   (ps)  Location 
#-----------------------------------------------------------------------------------------------------------------------------------------------
  u_DCT/IDRU8/Count_reg[0]/CK                                           -       -      R     (arrival)     23    -     0     -    2000    (-,-) 
  u_DCT/IDRU8/Count_reg[0]/Q                                            -       CK->Q  F     SDFF_X2        3 10.2    78   360    2360    (-,-) 
  u_DCT/IDRU8/g5849/ZN                                                  -       A->ZN  R     INV_X4         4 11.9    41    85    2444    (-,-) 
  u_DCT/IDRU8/g5834__1840/ZN                                            -       A2->ZN R     AND2_X2        7 18.8    87   164    2608    (-,-) 
  u_DCT/IDRU8/g5833/ZN                                                  -       A->ZN  F     INV_X2         7 14.5    32    65    2673    (-,-) 
  u_DCT/IDRU8/g5728__4547/ZN                                            -       B1->ZN R     OAI22_X1       1  2.9   128   169    2842    (-,-) 
  u_DCT/IDRU8/g5872/ZN                                                  -       A->ZN  F     AOI21_X1       1  2.8    38    70    2912    (-,-) 
  u_DCT/IDRU8/g2/ZN                                                     -       A1->ZN R     NAND2_X1       2  6.8    74   100    3013    (-,-) 
  u_DCT/IDRU8/add_86_45_g704__5019/ZN                                   -       A->ZN  F     OAI211_X2      1  4.1    48    94    3107    (-,-) 
  u_DCT/IDRU8/add_86_45_g694__5953/ZN                                   -       A1->ZN R     NAND2_X2       2  5.7    42    73    3180    (-,-) 
  u_DCT/IDRU8/add_86_45_g691__7118/ZN                                   -       A1->ZN F     NAND2_X1       1  4.1    26    55    3235    (-,-) 
  u_DCT/IDRU8/add_86_45_g688__2900/ZN                                   -       A1->ZN R     NAND2_X2       2  5.7    42    60    3295    (-,-) 
  u_DCT/IDRU8/add_86_45_g686__1309/ZN                                   -       A1->ZN F     NAND2_X1       1  4.1    26    55    3350    (-,-) 
  u_DCT/IDRU8/add_86_45_g684__9682/ZN                                   -       A1->ZN R     NAND2_X2       3  7.9    51    70    3420    (-,-) 
  u_DCT/IDRU8/add_86_45_g680__4296/ZN                                   -       A1->ZN F     NAND3_X1       1  4.1    43    77    3497    (-,-) 
  u_DCT/IDRU8/add_86_45_g679__8780/ZN                                   -       A1->ZN R     NAND3_X2       2  5.7    52    76    3573    (-,-) 
  u_DCT/IDRU8/add_86_45_g677__1857/ZN                                   -       A1->ZN F     NAND2_X1       1  4.1    28    59    3631    (-,-) 
  u_DCT/IDRU8/add_86_45_g675__1840/ZN                                   -       A1->ZN R     NAND2_X2       2  5.7    44    62    3693    (-,-) 
  u_DCT/IDRU8/add_86_45_g674__7344/ZN                                   -       A1->ZN F     NAND2_X1       1  2.8    22    49    3742    (-,-) 
  u_DCT/IDRU8/add_86_45_g672__2703/ZN                                   -       A1->ZN R     NAND2_X1       2  5.0    61    76    3818    (-,-) 
  u_DCT/IDRU8/add_86_45_g671__6083/ZN                                   -       A1->ZN R     AND2_X1        3  6.6    64   150    3968    (-,-) 
  u_DCT/IDRU8/add_86_45_g669__5266/ZN                                   -       A1->ZN F     NAND2_X1       1  4.3    38    65    4033    (-,-) 
  u_DCT/IDRU8/add_86_45_g666__5953/ZN                                   -       A->ZN  R     OAI211_X2      2  7.1   114    97    4130    (-,-) 
  u_DCT/IDRU8/add_86_45_g664__8757/ZN                                   -       A1->ZN F     NAND2_X2       2  6.3    40    73    4203    (-,-) 
  u_DCT/IDRU8/add_86_45_g659__6877/ZN                                   -       B1->ZN R     OAI221_X2      3  7.9   172   228    4431    (-,-) 
  u_DCT/IDRU8/add_86_45_g654__1474/ZN                                   -       B1->ZN F     AOI21_X1       1  2.7    52    83    4514    (-,-) 
  u_DCT/IDRU8/add_86_45_g653__3772/ZN                                   -       B1->ZN R     OAI21_X1       1  4.0   111   158    4672    (-,-) 
  u_DCT/IDRU8/add_86_45_g651__8780/S                                    -       CI->S  F     FA_X1          1  2.8    57   344    5016    (-,-) 
  u_DCT/IDRU8/g5266__1857/ZN                                            -       A1->ZN R     NAND2_X1       1  2.9    48    78    5095    (-,-) 
  u_DCT/IDRU8/g5123__7118/ZN                                            -       A1->ZN F     NAND2_X1       1  2.8    40    50    5145    (-,-) 
  u_DCT/g3864/ZN                                                        -       A->ZN  R     INV_X1         1  4.3    43    75    5220    (-,-) 
  u_DCT/g3745/ZN                                                        -       B1->ZN F     OAI21_X2       1  2.6    26    43    5263    (-,-) 
  u_DCT/tposemem_Bisted_RF_2P_ADV64x16_RF_2P_ADV64x16_u0_SRAM_i0/DB[14] (P)     -      F     rf_2p_hse      1    -     -     0    5263    (-,-) 
#-----------------------------------------------------------------------------------------------------------------------------------------------

(P) : Instance is preserved



Path 22: MET (2 ps) Setup Check with Pin u_IDCT/bdeg/mult_d_R_reg[2][27]/CK->D
           Mode: func_mode
          Group: CLK1
     Startpoint: (R) u_IDCT/bdeg/mult_d_mixed_mult_1_12/retime_s1_5_reg/CK
          Clock: (R) CLK1
       Endpoint: (R) u_IDCT/bdeg/mult_d_R_reg[2][27]/D
          Clock: (R) CLK1

                     Capture       Launch     
        Clock Edge:+    8000            0     
       Src Latency:+       0            0     
       Net Latency:+    2000 (I)     2000 (I) 
           Arrival:=   10000         2000     
                                              
             Setup:-     270                  
       Uncertainty:-     500                  
     Required Time:=    9230                  
      Launch Clock:-    2000                  
         Data Path:-    7228                  
             Slack:=       2                  

#-------------------------------------------------------------------------------------------------------------------------------
#                     Timing Point                      Flags    Arc   Edge   Cell     Fanout Load Trans Delay Arrival Instance 
#                                                                                             (fF)  (ps)  (ps)   (ps)  Location 
#-------------------------------------------------------------------------------------------------------------------------------
  u_IDCT/bdeg/mult_d_mixed_mult_1_12/retime_s1_5_reg/CK -       -      R     (arrival)    670    -     0     -    2000    (-,-) 
  u_IDCT/bdeg/mult_d_mixed_mult_1_12/retime_s1_5_reg/QN -       CK->QN F     SDFFRS_X2      5 15.3    38   310    2310    (-,-) 
  u_IDCT/bdeg/mult_d_mixed_mult_1_12/g40914/ZN          -       A->ZN  R     INV_X2        15 41.8   178   215    2525    (-,-) 
  u_IDCT/bdeg/mult_d_mixed_mult_1_12/g40229/ZN          -       A2->ZN F     NOR2_X1        3  7.6    53    98    2623    (-,-) 
  u_IDCT/bdeg/mult_d_mixed_mult_1_12/g40093/ZN          -       A1->ZN R     NAND2_X1       1  2.9    43    76    2699    (-,-) 
  u_IDCT/bdeg/mult_d_mixed_mult_1_12/g40084/ZN          -       A->ZN  F     OAI21_X1       2  5.4    51    73    2772    (-,-) 
  u_IDCT/bdeg/mult_d_mixed_mult_1_12/g39988/ZN          -       A->ZN  R     OAI21_X1       1  2.9    92    94    2866    (-,-) 
  u_IDCT/bdeg/mult_d_mixed_mult_1_12/g39977/ZN          -       A1->ZN F     NAND2_X1       2  6.7    46    91    2958    (-,-) 
  u_IDCT/bdeg/mult_d_mixed_mult_1_12/g39931/ZN          -       A->ZN  R     OAI21_X2       1  2.9    67    78    3036    (-,-) 
  u_IDCT/bdeg/mult_d_mixed_mult_1_12/g39930/ZN          -       A->ZN  F     OAI21_X1       2  6.8    43    92    3127    (-,-) 
  u_IDCT/bdeg/mult_d_mixed_mult_1_12/g39900/ZN          -       A1->ZN R     NAND2_X2       1  4.3    36    64    3191    (-,-) 
  u_IDCT/bdeg/mult_d_mixed_mult_1_12/g39898/ZN          -       A1->ZN F     NAND2_X2       2  5.4    21    45    3236    (-,-) 
  u_IDCT/bdeg/mult_d_mixed_mult_1_12/g41181/ZN          -       A->ZN  R     OAI21_X1       1  2.9    92    77    3313    (-,-) 
  u_IDCT/bdeg/mult_d_mixed_mult_1_12/g39882/ZN          -       A1->ZN F     NAND2_X1       1  4.8    40    79    3392    (-,-) 
  u_IDCT/bdeg/mult_d_mixed_mult_1_12/g41184/CO          -       A->CO  F     FA_X1          2  5.4    58   315    3707    (-,-) 
  u_IDCT/bdeg/mult_d_mixed_mult_1_12/g39876/ZN          -       A->ZN  R     OAI21_X1       1  2.9    92    99    3806    (-,-) 
  u_IDCT/bdeg/mult_d_mixed_mult_1_12/g39874/ZN          -       A1->ZN F     NAND2_X1       2  5.4    42    83    3889    (-,-) 
  u_IDCT/bdeg/mult_d_mixed_mult_1_12/g39872/ZN          -       A->ZN  R     OAI21_X1       1  2.9    92    89    3978    (-,-) 
  u_IDCT/bdeg/mult_d_mixed_mult_1_12/g39870/ZN          -       A1->ZN F     NAND2_X1       2  5.4    42    83    4060    (-,-) 
  u_IDCT/bdeg/mult_d_mixed_mult_1_12/g39868/ZN          -       A->ZN  R     OAI21_X1       1  2.9    92    89    4149    (-,-) 
  u_IDCT/bdeg/mult_d_mixed_mult_1_12/g39866/ZN          -       A1->ZN F     NAND2_X1       1  3.9    37    73    4222    (-,-) 
  u_IDCT/bdeg/mult_d_mixed_mult_1_12/g39864/CO          -       CI->CO F     FA_X1          1  3.9    53   280    4502    (-,-) 
  u_IDCT/bdeg/mult_d_mixed_mult_1_12/g39863/CO          -       CI->CO F     FA_X1          1  3.9    53   287    4790    (-,-) 
  u_IDCT/bdeg/mult_d_mixed_mult_1_12/g39862/CO          -       CI->CO F     FA_X1          1  3.9    53   287    5077    (-,-) 
  u_IDCT/bdeg/mult_d_mixed_mult_1_12/g39861/CO          -       CI->CO F     FA_X1          1  3.9    53   287    5364    (-,-) 
  u_IDCT/bdeg/mult_d_mixed_mult_1_12/g39860/CO          -       CI->CO F     FA_X1          1  3.9    53   287    5651    (-,-) 
  u_IDCT/bdeg/mult_d_mixed_mult_1_12/g39859/CO          -       CI->CO F     FA_X1          1  3.9    53   287    5939    (-,-) 
  u_IDCT/bdeg/mult_d_mixed_mult_1_12/g39858/CO          -       CI->CO F     FA_X1          1  3.9    53   287    6226    (-,-) 
  u_IDCT/bdeg/mult_d_mixed_mult_1_12/g39857/CO          -       CI->CO F     FA_X1          1  3.9    53   287    6513    (-,-) 
  u_IDCT/bdeg/mult_d_mixed_mult_1_12/g39856/CO          -       CI->CO F     FA_X1          1  3.9    53   287    6801    (-,-) 
  u_IDCT/bdeg/mult_d_mixed_mult_1_12/g39855/CO          -       CI->CO F     FA_X1          1  3.9    53   287    7088    (-,-) 
  u_IDCT/bdeg/mult_d_mixed_mult_1_12/g39854/CO          -       CI->CO F     FA_X1          1  3.9    53   287    7375    (-,-) 
  u_IDCT/bdeg/mult_d_mixed_mult_1_12/g39853/CO          -       CI->CO F     FA_X1          1  3.9    53   287    7662    (-,-) 
  u_IDCT/bdeg/mult_d_mixed_mult_1_12/g39852/CO          -       CI->CO F     FA_X1          1  3.9    53   287    7950    (-,-) 
  u_IDCT/bdeg/mult_d_mixed_mult_1_12/g39851/CO          -       CI->CO F     FA_X1          1  3.9    53   287    8237    (-,-) 
  u_IDCT/bdeg/mult_d_mixed_mult_1_12/g39850/CO          -       CI->CO F     FA_X1          1  3.9    53   287    8524    (-,-) 
  u_IDCT/bdeg/mult_d_mixed_mult_1_12/g39849/CO          -       CI->CO F     FA_X1          1  3.9    53   287    8812    (-,-) 
  u_IDCT/bdeg/mult_d_mixed_mult_1_12/g39848/S           -       CI->S  R     FA_X1          1  2.4    40   416    9228    (-,-) 
  u_IDCT/bdeg/mult_d_R_reg[2][27]/D                     -       -      R     SDFF_X1        1    -     -     0    9228    (-,-) 
#-------------------------------------------------------------------------------------------------------------------------------



Path 23: MET (2 ps) Setup Check with Pin u_DCT/bdeg/mult_d_R_reg[2][27]/CK->D
           Mode: func_mode
          Group: CLK1
     Startpoint: (R) u_DCT/bdeg/mult_d_mixed_mult_1_12/retime_s1_5_reg/CK
          Clock: (R) CLK1
       Endpoint: (R) u_DCT/bdeg/mult_d_R_reg[2][27]/D
          Clock: (R) CLK1

                     Capture       Launch     
        Clock Edge:+    8000            0     
       Src Latency:+       0            0     
       Net Latency:+    2000 (I)     2000 (I) 
           Arrival:=   10000         2000     
                                              
             Setup:-     270                  
       Uncertainty:-     500                  
     Required Time:=    9230                  
      Launch Clock:-    2000                  
         Data Path:-    7228                  
             Slack:=       2                  

#------------------------------------------------------------------------------------------------------------------------------
#                    Timing Point                      Flags    Arc   Edge   Cell     Fanout Load Trans Delay Arrival Instance 
#                                                                                            (fF)  (ps)  (ps)   (ps)  Location 
#------------------------------------------------------------------------------------------------------------------------------
  u_DCT/bdeg/mult_d_mixed_mult_1_12/retime_s1_5_reg/CK -       -      R     (arrival)    670    -     0     -    2000    (-,-) 
  u_DCT/bdeg/mult_d_mixed_mult_1_12/retime_s1_5_reg/QN -       CK->QN F     SDFFRS_X2      5 15.3    38   310    2310    (-,-) 
  u_DCT/bdeg/mult_d_mixed_mult_1_12/g40914/ZN          -       A->ZN  R     INV_X2        15 41.8   178   215    2525    (-,-) 
  u_DCT/bdeg/mult_d_mixed_mult_1_12/g40229/ZN          -       A2->ZN F     NOR2_X1        3  7.6    53    98    2623    (-,-) 
  u_DCT/bdeg/mult_d_mixed_mult_1_12/g40093/ZN          -       A1->ZN R     NAND2_X1       1  2.9    43    76    2699    (-,-) 
  u_DCT/bdeg/mult_d_mixed_mult_1_12/g40084/ZN          -       A->ZN  F     OAI21_X1       2  5.4    51    73    2772    (-,-) 
  u_DCT/bdeg/mult_d_mixed_mult_1_12/g39988/ZN          -       A->ZN  R     OAI21_X1       1  2.9    92    94    2866    (-,-) 
  u_DCT/bdeg/mult_d_mixed_mult_1_12/g39977/ZN          -       A1->ZN F     NAND2_X1       2  6.7    46    91    2958    (-,-) 
  u_DCT/bdeg/mult_d_mixed_mult_1_12/g39931/ZN          -       A->ZN  R     OAI21_X2       1  2.9    67    78    3036    (-,-) 
  u_DCT/bdeg/mult_d_mixed_mult_1_12/g39930/ZN          -       A->ZN  F     OAI21_X1       2  6.8    43    92    3127    (-,-) 
  u_DCT/bdeg/mult_d_mixed_mult_1_12/g39900/ZN          -       A1->ZN R     NAND2_X2       1  4.3    36    64    3191    (-,-) 
  u_DCT/bdeg/mult_d_mixed_mult_1_12/g39898/ZN          -       A1->ZN F     NAND2_X2       2  5.4    21    45    3236    (-,-) 
  u_DCT/bdeg/mult_d_mixed_mult_1_12/g41181/ZN          -       A->ZN  R     OAI21_X1       1  2.9    92    77    3313    (-,-) 
  u_DCT/bdeg/mult_d_mixed_mult_1_12/g39882/ZN          -       A1->ZN F     NAND2_X1       1  4.8    40    79    3392    (-,-) 
  u_DCT/bdeg/mult_d_mixed_mult_1_12/g41184/CO          -       A->CO  F     FA_X1          2  5.4    58   315    3707    (-,-) 
  u_DCT/bdeg/mult_d_mixed_mult_1_12/g39876/ZN          -       A->ZN  R     OAI21_X1       1  2.9    92    99    3806    (-,-) 
  u_DCT/bdeg/mult_d_mixed_mult_1_12/g39874/ZN          -       A1->ZN F     NAND2_X1       2  5.4    42    83    3889    (-,-) 
  u_DCT/bdeg/mult_d_mixed_mult_1_12/g39872/ZN          -       A->ZN  R     OAI21_X1       1  2.9    92    89    3978    (-,-) 
  u_DCT/bdeg/mult_d_mixed_mult_1_12/g39870/ZN          -       A1->ZN F     NAND2_X1       2  5.4    42    83    4060    (-,-) 
  u_DCT/bdeg/mult_d_mixed_mult_1_12/g39868/ZN          -       A->ZN  R     OAI21_X1       1  2.9    92    89    4149    (-,-) 
  u_DCT/bdeg/mult_d_mixed_mult_1_12/g39866/ZN          -       A1->ZN F     NAND2_X1       1  3.9    37    73    4222    (-,-) 
  u_DCT/bdeg/mult_d_mixed_mult_1_12/g39864/CO          -       CI->CO F     FA_X1          1  3.9    53   280    4502    (-,-) 
  u_DCT/bdeg/mult_d_mixed_mult_1_12/g39863/CO          -       CI->CO F     FA_X1          1  3.9    53   287    4790    (-,-) 
  u_DCT/bdeg/mult_d_mixed_mult_1_12/g39862/CO          -       CI->CO F     FA_X1          1  3.9    53   287    5077    (-,-) 
  u_DCT/bdeg/mult_d_mixed_mult_1_12/g39861/CO          -       CI->CO F     FA_X1          1  3.9    53   287    5364    (-,-) 
  u_DCT/bdeg/mult_d_mixed_mult_1_12/g39860/CO          -       CI->CO F     FA_X1          1  3.9    53   287    5651    (-,-) 
  u_DCT/bdeg/mult_d_mixed_mult_1_12/g39859/CO          -       CI->CO F     FA_X1          1  3.9    53   287    5939    (-,-) 
  u_DCT/bdeg/mult_d_mixed_mult_1_12/g39858/CO          -       CI->CO F     FA_X1          1  3.9    53   287    6226    (-,-) 
  u_DCT/bdeg/mult_d_mixed_mult_1_12/g39857/CO          -       CI->CO F     FA_X1          1  3.9    53   287    6513    (-,-) 
  u_DCT/bdeg/mult_d_mixed_mult_1_12/g39856/CO          -       CI->CO F     FA_X1          1  3.9    53   287    6801    (-,-) 
  u_DCT/bdeg/mult_d_mixed_mult_1_12/g39855/CO          -       CI->CO F     FA_X1          1  3.9    53   287    7088    (-,-) 
  u_DCT/bdeg/mult_d_mixed_mult_1_12/g39854/CO          -       CI->CO F     FA_X1          1  3.9    53   287    7375    (-,-) 
  u_DCT/bdeg/mult_d_mixed_mult_1_12/g39853/CO          -       CI->CO F     FA_X1          1  3.9    53   287    7662    (-,-) 
  u_DCT/bdeg/mult_d_mixed_mult_1_12/g39852/CO          -       CI->CO F     FA_X1          1  3.9    53   287    7950    (-,-) 
  u_DCT/bdeg/mult_d_mixed_mult_1_12/g39851/CO          -       CI->CO F     FA_X1          1  3.9    53   287    8237    (-,-) 
  u_DCT/bdeg/mult_d_mixed_mult_1_12/g39850/CO          -       CI->CO F     FA_X1          1  3.9    53   287    8524    (-,-) 
  u_DCT/bdeg/mult_d_mixed_mult_1_12/g39849/CO          -       CI->CO F     FA_X1          1  3.9    53   287    8812    (-,-) 
  u_DCT/bdeg/mult_d_mixed_mult_1_12/g39848/S           -       CI->S  R     FA_X1          1  2.4    40   416    9228    (-,-) 
  u_DCT/bdeg/mult_d_R_reg[2][27]/D                     -       -      R     SDFF_X1        1    -     -     0    9228    (-,-) 
#------------------------------------------------------------------------------------------------------------------------------



Path 24: MET (2 ps) Setup Check with Pin u_IDCT/tposemem_Bisted_RF_2P_ADV64x16_RF_2P_ADV64x16_u0_SRAM_i0/CLKB->DB[15]
           Mode: func_mode
          Group: C2C_func_mode
     Startpoint: (R) u_IDCT/IDRU8/Count_reg[0]/CK
          Clock: (R) CLK1
       Endpoint: (R) u_IDCT/tposemem_Bisted_RF_2P_ADV64x16_RF_2P_ADV64x16_u0_SRAM_i0/DB[15]
          Clock: (F) CLK1

                     Capture       Launch     
        Clock Edge:+    4000            0     
       Src Latency:+       0            0     
       Net Latency:+    2000 (I)     2000 (I) 
           Arrival:=    6000         2000     
                                              
             Setup:-     263                  
       Uncertainty:-     500                  
     Required Time:=    5237                  
      Launch Clock:-    2000                  
         Data Path:-    3235                  
             Slack:=       2                  

#------------------------------------------------------------------------------------------------------------------------------------------------
#                             Timing Point                               Flags    Arc   Edge   Cell     Fanout Load Trans Delay Arrival Instance 
#                                                                                                              (fF)  (ps)  (ps)   (ps)  Location 
#------------------------------------------------------------------------------------------------------------------------------------------------
  u_IDCT/IDRU8/Count_reg[0]/CK                                           -       -      R     (arrival)     23    -     0     -    2000    (-,-) 
  u_IDCT/IDRU8/Count_reg[0]/Q                                            -       CK->Q  F     SDFF_X1        4 15.6    73   303    2303    (-,-) 
  u_IDCT/IDRU8/g5740/ZN                                                  -       A->ZN  R     INV_X4         3 20.5    55   102    2405    (-,-) 
  u_IDCT/IDRU8/g5725/ZN                                                  -       A2->ZN F     NAND2_X4       4 18.0    31    64    2469    (-,-) 
  u_IDCT/IDRU8/g5723/ZN                                                  -       A->ZN  R     INV_X8        19 42.7    52    79    2548    (-,-) 
  u_IDCT/IDRU8/g5762/ZN                                                  -       A1->ZN R     AND2_X4       18 40.7    93   172    2720    (-,-) 
  u_IDCT/IDRU8/g5700/ZN                                                  -       A1->ZN F     NAND2_X1       1  2.1    32    59    2779    (-,-) 
  u_IDCT/IDRU8/g5609/ZN                                                  -       A1->ZN F     AND3_X1        1  2.8    22   115    2894    (-,-) 
  u_IDCT/IDRU8/g5576/ZN                                                  -       A1->ZN R     NAND3_X1       4  8.2    93   108    3002    (-,-) 
  u_IDCT/IDRU8/add_86_45_g754/ZN                                         -       A2->ZN R     OR2_X1         2  5.1    52   130    3133    (-,-) 
  u_IDCT/IDRU8/add_86_45_g694/ZN                                         -       A2->ZN F     NAND2_X1       1  4.1    26    60    3193    (-,-) 
  u_IDCT/IDRU8/add_86_45_g692/ZN                                         -       A1->ZN R     NAND2_X2       2  5.7    43    60    3254    (-,-) 
  u_IDCT/IDRU8/add_86_45_g689/ZN                                         -       A1->ZN F     NAND2_X1       1  4.1    26    55    3309    (-,-) 
  u_IDCT/IDRU8/add_86_45_g687/ZN                                         -       A1->ZN R     NAND2_X2       3  7.9    52    70    3379    (-,-) 
  u_IDCT/IDRU8/add_86_45_g683/ZN                                         -       A1->ZN F     NAND3_X1       1  2.8    35    67    3446    (-,-) 
  u_IDCT/IDRU8/add_86_45_g682/ZN                                         -       A1->ZN R     NAND2_X1       2  5.7    65    90    3536    (-,-) 
  u_IDCT/IDRU8/add_86_45_g680/ZN                                         -       A1->ZN F     NAND2_X1       1  2.8    27    56    3591    (-,-) 
  u_IDCT/IDRU8/add_86_45_g678/ZN                                         -       A1->ZN R     NAND2_X1       2  5.7    65    85    3676    (-,-) 
  u_IDCT/IDRU8/add_86_45_g677/ZN                                         -       A1->ZN F     NAND2_X1       1  2.8    27    56    3732    (-,-) 
  u_IDCT/IDRU8/add_86_45_g675/ZN                                         -       A1->ZN R     NAND2_X1       2  5.0    61    79    3811    (-,-) 
  u_IDCT/IDRU8/add_86_45_g674/ZN                                         -       A1->ZN R     AND2_X1        3  6.6    64   150    3961    (-,-) 
  u_IDCT/IDRU8/add_86_45_g672/ZN                                         -       A1->ZN F     NAND2_X1       1  4.1    37    64    4024    (-,-) 
  u_IDCT/IDRU8/add_86_45_g669/ZN                                         -       B->ZN  R     OAI211_X2      2  5.7   102    98    4122    (-,-) 
  u_IDCT/IDRU8/add_86_45_g667/ZN                                         -       A1->ZN F     NAND2_X1       2  4.8    42    83    4205    (-,-) 
  u_IDCT/IDRU8/add_86_45_g663/ZN                                         -       A1->ZN R     NOR2_X1        2  6.6   146   191    4396    (-,-) 
  u_IDCT/IDRU8/add_86_45_g660/ZN                                         -       A1->ZN F     NOR2_X2        1  2.7    35    41    4437    (-,-) 
  u_IDCT/IDRU8/add_86_45_g657/ZN                                         -       B1->ZN R     OAI21_X1       1  2.9    92   128    4565    (-,-) 
  u_IDCT/IDRU8/add_86_45_g654/ZN                                         -       B1->ZN F     AOI21_X1       2  5.4    42    86    4651    (-,-) 
  u_IDCT/IDRU8/add_86_45_g651/ZN                                         -       B1->ZN R     OAI21_X1       1  3.5   102   143    4794    (-,-) 
  u_IDCT/IDRU8/add_86_45_g650/ZN                                         -       A->ZN  R     XNOR2_X1       1  2.9    93   156    4950    (-,-) 
  u_IDCT/IDRU8/g5069/ZN                                                  -       C1->ZN F     AOI221_X1      1  2.8    54    72    5023    (-,-) 
  u_IDCT/IDRU8/g5067/ZN                                                  -       A->ZN  R     INV_X1         1  2.9    35    70    5093    (-,-) 
  u_IDCT/g3865/ZN                                                        -       A->ZN  F     INV_X1         1  2.7    13    29    5122    (-,-) 
  u_IDCT/g3766/ZN                                                        -       B1->ZN R     OAI21_X1       1  2.6    86   113    5235    (-,-) 
  u_IDCT/tposemem_Bisted_RF_2P_ADV64x16_RF_2P_ADV64x16_u0_SRAM_i0/DB[15] (P)     -      R     rf_2p_hse      1    -     -     0    5235    (-,-) 
#------------------------------------------------------------------------------------------------------------------------------------------------

(P) : Instance is preserved



Path 25: MET (2 ps) Setup Check with Pin u_IDCT/tposemem_Bisted_RF_2P_ADV64x16_RF_2P_ADV64x16_u0_SRAM_i0/CLKB->DB[13]
           Mode: func_mode
          Group: C2C_func_mode
     Startpoint: (R) d_DoDCT_reg/CK
          Clock: (R) CLK1
       Endpoint: (F) u_IDCT/tposemem_Bisted_RF_2P_ADV64x16_RF_2P_ADV64x16_u0_SRAM_i0/DB[13]
          Clock: (F) CLK1

                     Capture       Launch     
        Clock Edge:+    4000            0     
       Src Latency:+       0            0     
       Net Latency:+    2000 (I)     2000 (I) 
           Arrival:=    6000         2000     
                                              
             Setup:-     238                  
       Uncertainty:-     500                  
     Required Time:=    5262                  
      Launch Clock:-    2000                  
         Data Path:-    3260                  
             Slack:=       2                  

#------------------------------------------------------------------------------------------------------------------------------------------------
#                             Timing Point                               Flags    Arc   Edge   Cell     Fanout Load Trans Delay Arrival Instance 
#                                                                                                              (fF)  (ps)  (ps)   (ps)  Location 
#------------------------------------------------------------------------------------------------------------------------------------------------
  d_DoDCT_reg/CK                                                         -       -      R     (arrival)    670    -     0     -    2000    (-,-) 
  d_DoDCT_reg/Q                                                          -       CK->Q  F     SDFF_X1        1  4.1    48   242    2242    (-,-) 
  g546/Z                                                                 -       A->Z   F     BUF_X4        11 36.6    30   122    2363    (-,-) 
  g375/ZN                                                                -       A->ZN  R     INV_X8         7 25.1    35    60    2423    (-,-) 
  u_IDCT/IDRU8/g5749/ZN                                                  -       A->ZN  F     INV_X4         4 18.7    16    35    2459    (-,-) 
  u_IDCT/IDRU8/g5721/ZN                                                  -       A3->ZN R     NAND3_X4       2 11.0    50    73    2532    (-,-) 
  u_IDCT/IDRU8/g5715/ZN                                                  -       A->ZN  F     INV_X4        18 37.6    26    56    2588    (-,-) 
  u_IDCT/IDRU8/g5682/ZN                                                  -       A1->ZN R     AOI22_X1       1  2.2   101   127    2714    (-,-) 
  u_IDCT/IDRU8/g5612/ZN                                                  -       A1->ZN R     AND2_X1        1  2.9    37   136    2850    (-,-) 
  u_IDCT/IDRU8/g5573/ZN                                                  -       A2->ZN F     NAND3_X1       4 10.4    85   124    2974    (-,-) 
  u_IDCT/IDRU8/add_86_45_g754/ZN                                         -       A1->ZN F     OR2_X1         2  4.8    38   220    3193    (-,-) 
  u_IDCT/IDRU8/add_86_45_g694/ZN                                         -       A2->ZN R     NAND2_X1       1  4.3    53    87    3280    (-,-) 
  u_IDCT/IDRU8/add_86_45_g692/ZN                                         -       A1->ZN F     NAND2_X2       2  5.5    24    52    3332    (-,-) 
  u_IDCT/IDRU8/add_86_45_g689/ZN                                         -       A1->ZN R     NAND2_X1       1  4.3    53    72    3404    (-,-) 
  u_IDCT/IDRU8/add_86_45_g687/ZN                                         -       A1->ZN F     NAND2_X2       3  7.6    28    58    3462    (-,-) 
  u_IDCT/IDRU8/add_86_45_g683/ZN                                         -       A1->ZN R     NAND3_X1       1  2.9    50    66    3528    (-,-) 
  u_IDCT/IDRU8/add_86_45_g682/ZN                                         -       A1->ZN F     NAND2_X1       2  5.5    37    65    3593    (-,-) 
  u_IDCT/IDRU8/add_86_45_g680/ZN                                         -       A1->ZN R     NAND2_X1       1  2.9    42    67    3660    (-,-) 
  u_IDCT/IDRU8/add_86_45_g678/ZN                                         -       A1->ZN F     NAND2_X1       2  5.5    33    62    3721    (-,-) 
  u_IDCT/IDRU8/add_86_45_g677/ZN                                         -       A1->ZN R     NAND2_X1       1  2.9    42    64    3785    (-,-) 
  u_IDCT/IDRU8/add_86_45_g675/ZN                                         -       A1->ZN F     NAND2_X1       2  4.8    30    58    3844    (-,-) 
  u_IDCT/IDRU8/add_86_45_g674/ZN                                         -       A1->ZN F     AND2_X1        3  6.2    28   119    3963    (-,-) 
  u_IDCT/IDRU8/add_86_45_g672/ZN                                         -       A1->ZN R     NAND2_X1       1  4.4    54    74    4037    (-,-) 
  u_IDCT/IDRU8/add_86_45_g669/ZN                                         -       B->ZN  F     OAI211_X2      2  5.5    68    91    4128    (-,-) 
  u_IDCT/IDRU8/add_86_45_g667/ZN                                         -       A1->ZN R     NAND2_X1       2  5.1    60   104    4232    (-,-) 
  u_IDCT/IDRU8/add_86_45_g663/ZN                                         -       A1->ZN F     NOR2_X1        2  5.9    46    51    4283    (-,-) 
  u_IDCT/IDRU8/add_86_45_g661/ZN                                         -       A1->ZN R     NOR2_X1        2  5.7   130   175    4458    (-,-) 
  u_IDCT/IDRU8/add_86_45_g655/ZN                                         -       B1->ZN F     OAI21_X1       1  3.4    52    82    4540    (-,-) 
  u_IDCT/IDRU8/add_86_45_g653/ZN                                         -       A->ZN  F     XNOR2_X1       1  2.2    36   139    4679    (-,-) 
  u_IDCT/IDRU8/g5182/Z                                                   -       A->Z   F     MUX2_X1        2  3.7    40   242    4922    (-,-) 
  u_IDCT/IDRU8/g5059/Z                                                   -       A->Z   F     MUX2_X1        1  4.1    40   247    5169    (-,-) 
  u_IDCT/g3861/ZN                                                        -       A->ZN  R     INV_X2         1  2.9    24    51    5220    (-,-) 
  u_IDCT/g3746/ZN                                                        -       B1->ZN F     OAI21_X1       1  2.6    30    40    5260    (-,-) 
  u_IDCT/tposemem_Bisted_RF_2P_ADV64x16_RF_2P_ADV64x16_u0_SRAM_i0/DB[13] (P)     -      F     rf_2p_hse      1    -     -     0    5260    (-,-) 
#------------------------------------------------------------------------------------------------------------------------------------------------

(P) : Instance is preserved



Path 26: MET (11 ps) Setup Check with Pin u_DCT/tposemem_Bisted_RF_2P_ADV64x16_RF_2P_ADV64x16_u0_SRAM_i0/CLKB->DB[13]
           Mode: func_mode
          Group: C2C_func_mode
     Startpoint: (R) u_DCT/IDRU8/Count_reg[0]/CK
          Clock: (R) CLK1
       Endpoint: (F) u_DCT/tposemem_Bisted_RF_2P_ADV64x16_RF_2P_ADV64x16_u0_SRAM_i0/DB[13]
          Clock: (F) CLK1

                     Capture       Launch     
        Clock Edge:+    4000            0     
       Src Latency:+       0            0     
       Net Latency:+    2000 (I)     2000 (I) 
           Arrival:=    6000         2000     
                                              
             Setup:-     238                  
       Uncertainty:-     500                  
     Required Time:=    5262                  
      Launch Clock:-    2000                  
         Data Path:-    3251                  
             Slack:=      11                  

#-----------------------------------------------------------------------------------------------------------------------------------------------
#                             Timing Point                              Flags    Arc   Edge   Cell     Fanout Load Trans Delay Arrival Instance 
#                                                                                                             (fF)  (ps)  (ps)   (ps)  Location 
#-----------------------------------------------------------------------------------------------------------------------------------------------
  u_DCT/IDRU8/Count_reg[0]/CK                                           -       -      R     (arrival)     23    -     0     -    2000    (-,-) 
  u_DCT/IDRU8/Count_reg[0]/Q                                            -       CK->Q  F     SDFF_X2        3 10.2    78   360    2360    (-,-) 
  u_DCT/IDRU8/g5849/ZN                                                  -       A->ZN  R     INV_X4         4 11.9    41    85    2444    (-,-) 
  u_DCT/IDRU8/g5834__1840/ZN                                            -       A2->ZN R     AND2_X2        7 18.8    87   164    2608    (-,-) 
  u_DCT/IDRU8/g5833/ZN                                                  -       A->ZN  F     INV_X2         7 14.5    32    65    2673    (-,-) 
  u_DCT/IDRU8/g5728__4547/ZN                                            -       B1->ZN R     OAI22_X1       1  2.9   128   169    2842    (-,-) 
  u_DCT/IDRU8/g5872/ZN                                                  -       A->ZN  F     AOI21_X1       1  2.8    38    70    2912    (-,-) 
  u_DCT/IDRU8/g2/ZN                                                     -       A1->ZN R     NAND2_X1       2  6.8    74   100    3013    (-,-) 
  u_DCT/IDRU8/add_86_45_g704__5019/ZN                                   -       A->ZN  F     OAI211_X2      1  4.1    48    94    3107    (-,-) 
  u_DCT/IDRU8/add_86_45_g694__5953/ZN                                   -       A1->ZN R     NAND2_X2       2  5.7    42    73    3180    (-,-) 
  u_DCT/IDRU8/add_86_45_g691__7118/ZN                                   -       A1->ZN F     NAND2_X1       1  4.1    26    55    3235    (-,-) 
  u_DCT/IDRU8/add_86_45_g688__2900/ZN                                   -       A1->ZN R     NAND2_X2       2  5.7    42    60    3295    (-,-) 
  u_DCT/IDRU8/add_86_45_g686__1309/ZN                                   -       A1->ZN F     NAND2_X1       1  4.1    26    55    3350    (-,-) 
  u_DCT/IDRU8/add_86_45_g684__9682/ZN                                   -       A1->ZN R     NAND2_X2       3  7.9    51    70    3420    (-,-) 
  u_DCT/IDRU8/add_86_45_g680__4296/ZN                                   -       A1->ZN F     NAND3_X1       1  4.1    43    77    3497    (-,-) 
  u_DCT/IDRU8/add_86_45_g679__8780/ZN                                   -       A1->ZN R     NAND3_X2       2  5.7    52    76    3573    (-,-) 
  u_DCT/IDRU8/add_86_45_g677__1857/ZN                                   -       A1->ZN F     NAND2_X1       1  4.1    28    59    3631    (-,-) 
  u_DCT/IDRU8/add_86_45_g675__1840/ZN                                   -       A1->ZN R     NAND2_X2       2  5.7    44    62    3693    (-,-) 
  u_DCT/IDRU8/add_86_45_g674__7344/ZN                                   -       A1->ZN F     NAND2_X1       1  2.8    22    49    3742    (-,-) 
  u_DCT/IDRU8/add_86_45_g672__2703/ZN                                   -       A1->ZN R     NAND2_X1       2  5.0    61    76    3818    (-,-) 
  u_DCT/IDRU8/add_86_45_g671__6083/ZN                                   -       A1->ZN R     AND2_X1        3  6.6    64   150    3968    (-,-) 
  u_DCT/IDRU8/add_86_45_g669__5266/ZN                                   -       A1->ZN F     NAND2_X1       1  4.3    38    65    4033    (-,-) 
  u_DCT/IDRU8/add_86_45_g666__5953/ZN                                   -       A->ZN  R     OAI211_X2      2  7.1   114    97    4130    (-,-) 
  u_DCT/IDRU8/add_86_45_g664__8757/ZN                                   -       A1->ZN F     NAND2_X2       2  6.3    40    73    4203    (-,-) 
  u_DCT/IDRU8/add_86_45_g659__6877/ZN                                   -       B1->ZN R     OAI221_X2      3  7.9   172   228    4431    (-,-) 
  u_DCT/IDRU8/add_86_45_g655__4547/ZN                                   -       B1->ZN F     AOI21_X1       1  3.4    54    91    4522    (-,-) 
  u_DCT/IDRU8/add_86_45_g652__4296/ZN                                   -       A->ZN  F     XNOR2_X1       1  2.2    38   141    4663    (-,-) 
  u_DCT/IDRU8/g5271__1474/Z                                             -       A->Z   F     MUX2_X1        2  3.7    40   244    4907    (-,-) 
  u_DCT/IDRU8/g5121__2391/Z                                             -       A->Z   F     MUX2_X1        1  2.8    37   238    5145    (-,-) 
  u_DCT/g3861/ZN                                                        -       A->ZN  R     INV_X1         1  2.9    33    61    5206    (-,-) 
  u_DCT/g3746/ZN                                                        -       B1->ZN F     OAI21_X1       1  2.6    30    45    5250    (-,-) 
  u_DCT/tposemem_Bisted_RF_2P_ADV64x16_RF_2P_ADV64x16_u0_SRAM_i0/DB[13] (P)     -      F     rf_2p_hse      1    -     -     0    5251    (-,-) 
#-----------------------------------------------------------------------------------------------------------------------------------------------

(P) : Instance is preserved



Path 27: MET (15 ps) Setup Check with Pin u_IDCT/DRU/ToACF_reg[14]/CK->D
           Mode: func_mode
          Group: C2C_func_mode
     Startpoint: (R) u_IDCT/tposemem_Bisted_RF_2P_ADV64x16_BistCtrl_i0_S44_Finish_reg/CK
          Clock: (F) CLK1
       Endpoint: (F) u_IDCT/DRU/ToACF_reg[14]/D
          Clock: (R) CLK1

                     Capture       Launch     
        Clock Edge:+    8000         4000     
       Src Latency:+       0            0     
       Net Latency:+    2000 (I)     2000 (I) 
           Arrival:=   10000         6000     
                                              
             Setup:-     266                  
       Uncertainty:-     500                  
     Required Time:=    9234                  
      Launch Clock:-    6000                  
         Data Path:-    3220                  
             Slack:=      15                  

#---------------------------------------------------------------------------------------------------------------------------------------------
#                            Timing Point                             Flags    Arc   Edge   Cell     Fanout Load Trans Delay Arrival Instance 
#                                                                                                           (fF)  (ps)  (ps)   (ps)  Location 
#---------------------------------------------------------------------------------------------------------------------------------------------
  u_IDCT/tposemem_Bisted_RF_2P_ADV64x16_BistCtrl_i0_S44_Finish_reg/CK -       -      R     (arrival)      6    -     0     -    6000    (-,-) 
  u_IDCT/tposemem_Bisted_RF_2P_ADV64x16_BistCtrl_i0_S44_Finish_reg/Q  -       CK->Q  R     SDFF_X1        1  2.9    38   189    6189    (-,-) 
  u_IDCT/g3780/ZN                                                     -       A2->ZN F     NAND2_X1       2  4.7    33    58    6247    (-,-) 
  u_IDCT/g3770/ZN                                                     -       A2->ZN R     NAND2_X1       2  3.7    48    79    6326    (-,-) 
  u_IDCT/DRU/g2757/ZN                                                 -       A1->ZN R     AND2_X1        6 13.3   119   201    6527    (-,-) 
  u_IDCT/DRU/add_58_47_g1148/ZN                                       -       A2->ZN R     OR2_X1         2  5.1    55   139    6666    (-,-) 
  u_IDCT/DRU/add_58_47_g1126/ZN                                       -       A2->ZN F     NAND2_X1       1  2.8    27    54    6720    (-,-) 
  u_IDCT/DRU/add_58_47_g1125/ZN                                       -       A1->ZN R     NAND2_X1       2  5.7    68    85    6805    (-,-) 
  u_IDCT/DRU/add_58_47_g1123/ZN                                       -       A1->ZN F     NAND2_X1       1  2.8    28    56    6862    (-,-) 
  u_IDCT/DRU/add_58_47_g1121/ZN                                       -       A1->ZN R     NAND2_X1       2  6.0    70    88    6950    (-,-) 
  u_IDCT/DRU/add_58_47_g1120/ZN                                       -       A2->ZN F     NAND2_X1       1  2.7    25    59    7008    (-,-) 
  u_IDCT/DRU/add_58_47_g1118/ZN                                       -       A2->ZN R     NAND2_X1       2  6.0    67    94    7102    (-,-) 
  u_IDCT/DRU/add_58_47_g1117/ZN                                       -       A1->ZN F     NAND2_X1       1  2.8    28    56    7159    (-,-) 
  u_IDCT/DRU/add_58_47_g1115/ZN                                       -       A1->ZN R     NAND2_X1       2  5.7    68    86    7244    (-,-) 
  u_IDCT/DRU/add_58_47_g1114/ZN                                       -       A1->ZN F     NAND2_X1       1  2.8    28    56    7301    (-,-) 
  u_IDCT/DRU/add_58_47_g1112/ZN                                       -       A1->ZN R     NAND2_X1       2  5.7    68    86    7386    (-,-) 
  u_IDCT/DRU/add_58_47_g1111/ZN                                       -       A1->ZN F     NAND2_X1       1  2.8    28    56    7443    (-,-) 
  u_IDCT/DRU/add_58_47_g1109/ZN                                       -       A1->ZN R     NAND2_X1       2  5.7    68    86    7528    (-,-) 
  u_IDCT/DRU/add_58_47_g1108/ZN                                       -       A1->ZN F     NAND2_X1       1  2.8    28    56    7585    (-,-) 
  u_IDCT/DRU/add_58_47_g1106/ZN                                       -       A1->ZN R     NAND2_X1       2  5.7    68    86    7671    (-,-) 
  u_IDCT/DRU/add_58_47_g1105/ZN                                       -       A1->ZN F     NAND2_X1       2  4.8    34    69    7739    (-,-) 
  u_IDCT/DRU/add_58_47_g1102/ZN                                       -       C1->ZN R     OAI211_X1      2  5.7   150   193    7933    (-,-) 
  u_IDCT/DRU/add_58_47_g1100/ZN                                       -       A1->ZN F     NAND2_X1       1  2.8    46    76    8008    (-,-) 
  u_IDCT/DRU/add_58_47_g1098/ZN                                       -       A1->ZN R     NAND2_X1       2  5.7    68    96    8104    (-,-) 
  u_IDCT/DRU/add_58_47_g1097/ZN                                       -       A1->ZN F     NAND2_X1       1  2.8    28    56    8161    (-,-) 
  u_IDCT/DRU/add_58_47_g1095/ZN                                       -       A1->ZN R     NAND2_X1       2  5.7    68    86    8246    (-,-) 
  u_IDCT/DRU/add_58_47_g1094/ZN                                       -       A1->ZN F     NAND2_X1       1  2.8    28    56    8303    (-,-) 
  u_IDCT/DRU/add_58_47_g1092/ZN                                       -       A1->ZN R     NAND2_X1       2  5.7    68    86    8388    (-,-) 
  u_IDCT/DRU/add_58_47_g1091/ZN                                       -       A->ZN  F     INV_X1         1  2.7    20    37    8426    (-,-) 
  u_IDCT/DRU/add_58_47_g1089/ZN                                       -       B1->ZN R     OAI21_X1       1  4.0   111   144    8570    (-,-) 
  u_IDCT/DRU/add_58_47_g1088/S                                        -       CI->S  F     FA_X1          1  2.7    57   343    8913    (-,-) 
  u_IDCT/DRU/g2426/ZN                                                 -       A1->ZN R     AOI222_X1      1  2.9   216   256    9169    (-,-) 
  u_IDCT/DRU/g2409/ZN                                                 -       A->ZN  F     INV_X1         1  2.3    46    50    9220    (-,-) 
  u_IDCT/DRU/ToACF_reg[14]/D                                          -       -      F     SDFF_X1        1    -     -     0    9220    (-,-) 
#---------------------------------------------------------------------------------------------------------------------------------------------



Path 28: MET (17 ps) Setup Check with Pin u_DCT/DRU/ToACF_reg[14]/CK->D
           Mode: func_mode
          Group: C2C_func_mode
     Startpoint: (R) u_DCT/tposemem_Bisted_RF_2P_ADV64x16_BistCtrl_i0_S44_Finish_reg/CK
          Clock: (F) CLK1
       Endpoint: (F) u_DCT/DRU/ToACF_reg[14]/D
          Clock: (R) CLK1

                     Capture       Launch     
        Clock Edge:+    8000         4000     
       Src Latency:+       0            0     
       Net Latency:+    2000 (I)     2000 (I) 
           Arrival:=   10000         6000     
                                              
             Setup:-     266                  
       Uncertainty:-     500                  
     Required Time:=    9234                  
      Launch Clock:-    6000                  
         Data Path:-    3218                  
             Slack:=      17                  

#--------------------------------------------------------------------------------------------------------------------------------------------
#                           Timing Point                             Flags    Arc   Edge   Cell     Fanout Load Trans Delay Arrival Instance 
#                                                                                                          (fF)  (ps)  (ps)   (ps)  Location 
#--------------------------------------------------------------------------------------------------------------------------------------------
  u_DCT/tposemem_Bisted_RF_2P_ADV64x16_BistCtrl_i0_S44_Finish_reg/CK -       -      R     (arrival)      6    -     0     -    6000    (-,-) 
  u_DCT/tposemem_Bisted_RF_2P_ADV64x16_BistCtrl_i0_S44_Finish_reg/Q  -       CK->Q  R     SDFF_X1        1  2.9    38   189    6189    (-,-) 
  u_DCT/g3780/ZN                                                     -       A2->ZN F     NAND2_X1       2  4.7    33    58    6247    (-,-) 
  u_DCT/g3770/ZN                                                     -       A2->ZN R     NAND2_X1       2  3.7    48    79    6326    (-,-) 
  u_DCT/DRU/g2757__8757/ZN                                           -       A1->ZN R     AND2_X1        6 13.1   118   200    6525    (-,-) 
  u_DCT/DRU/add_58_47_g1148__5266/ZN                                 -       A2->ZN R     OR2_X1         2  5.1    55   138    6664    (-,-) 
  u_DCT/DRU/add_58_47_g1126__5019/ZN                                 -       A2->ZN F     NAND2_X1       1  2.8    27    54    6718    (-,-) 
  u_DCT/DRU/add_58_47_g1125__1840/ZN                                 -       A1->ZN R     NAND2_X1       2  5.7    68    85    6803    (-,-) 
  u_DCT/DRU/add_58_47_g1123__5795/ZN                                 -       A1->ZN F     NAND2_X1       1  2.8    28    56    6860    (-,-) 
  u_DCT/DRU/add_58_47_g1121__6083/ZN                                 -       A1->ZN R     NAND2_X1       2  6.0    70    88    6948    (-,-) 
  u_DCT/DRU/add_58_47_g1120__2250/ZN                                 -       A2->ZN F     NAND2_X1       1  2.7    25    59    7006    (-,-) 
  u_DCT/DRU/add_58_47_g1118__7114/ZN                                 -       A2->ZN R     NAND2_X1       2  6.0    67    94    7100    (-,-) 
  u_DCT/DRU/add_58_47_g1117__5703/ZN                                 -       A1->ZN F     NAND2_X1       1  2.8    28    56    7157    (-,-) 
  u_DCT/DRU/add_58_47_g1115__1786/ZN                                 -       A1->ZN R     NAND2_X1       2  5.7    68    86    7242    (-,-) 
  u_DCT/DRU/add_58_47_g1114__8757/ZN                                 -       A1->ZN F     NAND2_X1       1  2.8    28    56    7299    (-,-) 
  u_DCT/DRU/add_58_47_g1112__7675/ZN                                 -       A1->ZN R     NAND2_X1       2  5.7    68    86    7384    (-,-) 
  u_DCT/DRU/add_58_47_g1111__2391/ZN                                 -       A1->ZN F     NAND2_X1       1  2.8    28    56    7441    (-,-) 
  u_DCT/DRU/add_58_47_g1109__6877/ZN                                 -       A1->ZN R     NAND2_X1       2  5.7    68    86    7526    (-,-) 
  u_DCT/DRU/add_58_47_g1108__1309/ZN                                 -       A1->ZN F     NAND2_X1       1  2.8    28    56    7583    (-,-) 
  u_DCT/DRU/add_58_47_g1106__9682/ZN                                 -       A1->ZN R     NAND2_X1       2  5.7    68    86    7668    (-,-) 
  u_DCT/DRU/add_58_47_g1105__4547/ZN                                 -       A1->ZN F     NAND2_X1       2  4.8    34    69    7737    (-,-) 
  u_DCT/DRU/add_58_47_g1102__4296/ZN                                 -       C1->ZN R     OAI211_X1      2  5.7   150   193    7930    (-,-) 
  u_DCT/DRU/add_58_47_g1100__9906/ZN                                 -       A1->ZN F     NAND2_X1       1  2.8    46    76    8006    (-,-) 
  u_DCT/DRU/add_58_47_g1098__5019/ZN                                 -       A1->ZN R     NAND2_X1       2  5.7    68    96    8102    (-,-) 
  u_DCT/DRU/add_58_47_g1097__1840/ZN                                 -       A1->ZN F     NAND2_X1       1  2.8    28    56    8158    (-,-) 
  u_DCT/DRU/add_58_47_g1095__5795/ZN                                 -       A1->ZN R     NAND2_X1       2  5.7    68    86    8244    (-,-) 
  u_DCT/DRU/add_58_47_g1094__2703/ZN                                 -       A1->ZN F     NAND2_X1       1  2.8    28    56    8301    (-,-) 
  u_DCT/DRU/add_58_47_g1092__2250/ZN                                 -       A1->ZN R     NAND2_X1       2  5.7    68    86    8386    (-,-) 
  u_DCT/DRU/add_58_47_g1091/ZN                                       -       A->ZN  F     INV_X1         1  2.7    20    37    8424    (-,-) 
  u_DCT/DRU/add_58_47_g1089__7114/ZN                                 -       B1->ZN R     OAI21_X1       1  4.0   111   144    8568    (-,-) 
  u_DCT/DRU/add_58_47_g1088__5703/S                                  -       CI->S  F     FA_X1          1  2.7    57   343    8911    (-,-) 
  u_DCT/DRU/g2426__4547/ZN                                           -       A1->ZN R     AOI222_X1      1  2.9   216   256    9167    (-,-) 
  u_DCT/DRU/g2409/ZN                                                 -       A->ZN  F     INV_X1         1  2.3    46    50    9217    (-,-) 
  u_DCT/DRU/ToACF_reg[14]/D                                          -       -      F     SDFF_X1        1    -     -     0    9218    (-,-) 
#--------------------------------------------------------------------------------------------------------------------------------------------



Path 29: MET (44 ps) Setup Check with Pin u_IDCT/DRU/ToACF_reg[16]/CK->D
           Mode: func_mode
          Group: C2C_func_mode
     Startpoint: (R) u_IDCT/tposemem_Bisted_RF_2P_ADV64x16_BistCtrl_i0_S44_Finish_reg/CK
          Clock: (F) CLK1
       Endpoint: (R) u_IDCT/DRU/ToACF_reg[16]/D
          Clock: (R) CLK1

                     Capture       Launch     
        Clock Edge:+    8000         4000     
       Src Latency:+       0            0     
       Net Latency:+    2000 (I)     2000 (I) 
           Arrival:=   10000         6000     
                                              
             Setup:-     270                  
       Uncertainty:-     500                  
     Required Time:=    9230                  
      Launch Clock:-    6000                  
         Data Path:-    3186                  
             Slack:=      44                  

#---------------------------------------------------------------------------------------------------------------------------------------------
#                            Timing Point                             Flags    Arc   Edge   Cell     Fanout Load Trans Delay Arrival Instance 
#                                                                                                           (fF)  (ps)  (ps)   (ps)  Location 
#---------------------------------------------------------------------------------------------------------------------------------------------
  u_IDCT/tposemem_Bisted_RF_2P_ADV64x16_BistCtrl_i0_S44_Finish_reg/CK -       -      R     (arrival)      6    -     0     -    6000    (-,-) 
  u_IDCT/tposemem_Bisted_RF_2P_ADV64x16_BistCtrl_i0_S44_Finish_reg/Q  -       CK->Q  F     SDFF_X1        1  2.7    43   230    6230    (-,-) 
  u_IDCT/g3780/ZN                                                     -       A2->ZN R     NAND2_X1       2  5.1    60    97    6327    (-,-) 
  u_IDCT/g3770/ZN                                                     -       A2->ZN F     NAND2_X1       2  3.5    25    60    6387    (-,-) 
  u_IDCT/DRU/g2757/ZN                                                 -       A1->ZN F     AND2_X1        6 12.5    40   136    6523    (-,-) 
  u_IDCT/DRU/add_58_47_g1148/ZN                                       -       A2->ZN F     OR2_X1         2  4.8    39   215    6738    (-,-) 
  u_IDCT/DRU/add_58_47_g1126/ZN                                       -       A2->ZN R     NAND2_X1       1  2.9    42    75    6814    (-,-) 
  u_IDCT/DRU/add_58_47_g1125/ZN                                       -       A1->ZN F     NAND2_X1       2  5.5    34    62    6875    (-,-) 
  u_IDCT/DRU/add_58_47_g1123/ZN                                       -       A1->ZN R     NAND2_X1       1  2.9    42    65    6940    (-,-) 
  u_IDCT/DRU/add_58_47_g1121/ZN                                       -       A1->ZN F     NAND2_X1       2  5.6    34    62    7002    (-,-) 
  u_IDCT/DRU/add_58_47_g1120/ZN                                       -       A2->ZN R     NAND2_X1       1  2.9    42    73    7075    (-,-) 
  u_IDCT/DRU/add_58_47_g1118/ZN                                       -       A2->ZN F     NAND2_X1       2  5.7    38    64    7139    (-,-) 
  u_IDCT/DRU/add_58_47_g1117/ZN                                       -       A1->ZN R     NAND2_X1       1  2.9    42    67    7206    (-,-) 
  u_IDCT/DRU/add_58_47_g1115/ZN                                       -       A1->ZN F     NAND2_X1       2  5.5    34    62    7268    (-,-) 
  u_IDCT/DRU/add_58_47_g1114/ZN                                       -       A1->ZN R     NAND2_X1       1  2.9    42    65    7333    (-,-) 
  u_IDCT/DRU/add_58_47_g1112/ZN                                       -       A1->ZN F     NAND2_X1       2  5.5    34    62    7394    (-,-) 
  u_IDCT/DRU/add_58_47_g1111/ZN                                       -       A1->ZN R     NAND2_X1       1  2.9    42    65    7459    (-,-) 
  u_IDCT/DRU/add_58_47_g1109/ZN                                       -       A1->ZN F     NAND2_X1       2  5.5    34    62    7520    (-,-) 
  u_IDCT/DRU/add_58_47_g1108/ZN                                       -       A1->ZN R     NAND2_X1       1  2.9    42    65    7585    (-,-) 
  u_IDCT/DRU/add_58_47_g1106/ZN                                       -       A1->ZN F     NAND2_X1       2  5.5    34    62    7647    (-,-) 
  u_IDCT/DRU/add_58_47_g1105/ZN                                       -       A1->ZN R     NAND2_X1       2  5.1    60    84    7730    (-,-) 
  u_IDCT/DRU/add_58_47_g1102/ZN                                       -       C1->ZN F     OAI211_X1      2  5.5    72    94    7824    (-,-) 
  u_IDCT/DRU/add_58_47_g1100/ZN                                       -       A1->ZN R     NAND2_X1       1  2.9    44    87    7911    (-,-) 
  u_IDCT/DRU/add_58_47_g1098/ZN                                       -       A1->ZN F     NAND2_X1       2  5.5    34    62    7973    (-,-) 
  u_IDCT/DRU/add_58_47_g1097/ZN                                       -       A1->ZN R     NAND2_X1       1  2.9    42    65    8038    (-,-) 
  u_IDCT/DRU/add_58_47_g1095/ZN                                       -       A1->ZN F     NAND2_X1       2  5.5    34    62    8100    (-,-) 
  u_IDCT/DRU/add_58_47_g1094/ZN                                       -       A1->ZN R     NAND2_X1       1  2.9    42    65    8164    (-,-) 
  u_IDCT/DRU/add_58_47_g1092/ZN                                       -       A1->ZN F     NAND2_X1       2  5.5    34    62    8226    (-,-) 
  u_IDCT/DRU/add_58_47_g1091/ZN                                       -       A->ZN  R     INV_X1         1  2.9    33    59    8285    (-,-) 
  u_IDCT/DRU/add_58_47_g1089/ZN                                       -       B1->ZN F     OAI21_X1       1  3.9    47    51    8336    (-,-) 
  u_IDCT/DRU/add_58_47_g1088/CO                                       -       CI->CO F     FA_X1          1  3.9    53   284    8620    (-,-) 
  u_IDCT/DRU/add_58_47_g1087/CO                                       -       CI->CO F     FA_X1          1  3.4    51   283    8903    (-,-) 
  u_IDCT/DRU/add_58_47_g1086/ZN                                       -       A->ZN  R     XNOR2_X1       1  2.9    93   137    9040    (-,-) 
  u_IDCT/DRU/g2477/ZN                                                 -       A1->ZN F     NAND2_X1       1  2.8    70    65    9105    (-,-) 
  u_IDCT/DRU/g2422/ZN                                                 -       A1->ZN R     NAND2_X1       1  2.4    40    81    9186    (-,-) 
  u_IDCT/DRU/ToACF_reg[16]/D                                          -       -      R     SDFF_X1        1    -     -     0    9186    (-,-) 
#---------------------------------------------------------------------------------------------------------------------------------------------



Path 30: MET (44 ps) Setup Check with Pin u_DCT/DRU/ToACF_reg[15]/CK->D
           Mode: func_mode
          Group: C2C_func_mode
     Startpoint: (R) u_DCT/tposemem_Bisted_RF_2P_ADV64x16_BistCtrl_i0_S44_Finish_reg/CK
          Clock: (F) CLK1
       Endpoint: (F) u_DCT/DRU/ToACF_reg[15]/D
          Clock: (R) CLK1

                     Capture       Launch     
        Clock Edge:+    8000         4000     
       Src Latency:+       0            0     
       Net Latency:+    2000 (I)     2000 (I) 
           Arrival:=   10000         6000     
                                              
             Setup:-     255                  
       Uncertainty:-     500                  
     Required Time:=    9245                  
      Launch Clock:-    6000                  
         Data Path:-    3201                  
             Slack:=      44                  

#--------------------------------------------------------------------------------------------------------------------------------------------
#                           Timing Point                             Flags    Arc   Edge   Cell     Fanout Load Trans Delay Arrival Instance 
#                                                                                                          (fF)  (ps)  (ps)   (ps)  Location 
#--------------------------------------------------------------------------------------------------------------------------------------------
  u_DCT/tposemem_Bisted_RF_2P_ADV64x16_BistCtrl_i0_S44_Finish_reg/CK -       -      R     (arrival)      6    -     0     -    6000    (-,-) 
  u_DCT/tposemem_Bisted_RF_2P_ADV64x16_BistCtrl_i0_S44_Finish_reg/Q  -       CK->Q  R     SDFF_X1        1  2.9    38   189    6189    (-,-) 
  u_DCT/g3780/ZN                                                     -       A2->ZN F     NAND2_X1       2  4.7    33    58    6247    (-,-) 
  u_DCT/g3770/ZN                                                     -       A2->ZN R     NAND2_X1       2  3.7    48    79    6326    (-,-) 
  u_DCT/DRU/g2757__8757/ZN                                           -       A1->ZN R     AND2_X1        6 13.1   118   200    6525    (-,-) 
  u_DCT/DRU/add_58_47_g1148__5266/ZN                                 -       A2->ZN R     OR2_X1         2  5.1    55   138    6664    (-,-) 
  u_DCT/DRU/add_58_47_g1126__5019/ZN                                 -       A2->ZN F     NAND2_X1       1  2.8    27    54    6718    (-,-) 
  u_DCT/DRU/add_58_47_g1125__1840/ZN                                 -       A1->ZN R     NAND2_X1       2  5.7    68    85    6803    (-,-) 
  u_DCT/DRU/add_58_47_g1123__5795/ZN                                 -       A1->ZN F     NAND2_X1       1  2.8    28    56    6860    (-,-) 
  u_DCT/DRU/add_58_47_g1121__6083/ZN                                 -       A1->ZN R     NAND2_X1       2  6.0    70    88    6948    (-,-) 
  u_DCT/DRU/add_58_47_g1120__2250/ZN                                 -       A2->ZN F     NAND2_X1       1  2.7    25    59    7006    (-,-) 
  u_DCT/DRU/add_58_47_g1118__7114/ZN                                 -       A2->ZN R     NAND2_X1       2  6.0    67    94    7100    (-,-) 
  u_DCT/DRU/add_58_47_g1117__5703/ZN                                 -       A1->ZN F     NAND2_X1       1  2.8    28    56    7157    (-,-) 
  u_DCT/DRU/add_58_47_g1115__1786/ZN                                 -       A1->ZN R     NAND2_X1       2  5.7    68    86    7242    (-,-) 
  u_DCT/DRU/add_58_47_g1114__8757/ZN                                 -       A1->ZN F     NAND2_X1       1  2.8    28    56    7299    (-,-) 
  u_DCT/DRU/add_58_47_g1112__7675/ZN                                 -       A1->ZN R     NAND2_X1       2  5.7    68    86    7384    (-,-) 
  u_DCT/DRU/add_58_47_g1111__2391/ZN                                 -       A1->ZN F     NAND2_X1       1  2.8    28    56    7441    (-,-) 
  u_DCT/DRU/add_58_47_g1109__6877/ZN                                 -       A1->ZN R     NAND2_X1       2  5.7    68    86    7526    (-,-) 
  u_DCT/DRU/add_58_47_g1108__1309/ZN                                 -       A1->ZN F     NAND2_X1       1  2.8    28    56    7583    (-,-) 
  u_DCT/DRU/add_58_47_g1106__9682/ZN                                 -       A1->ZN R     NAND2_X1       2  5.7    68    86    7668    (-,-) 
  u_DCT/DRU/add_58_47_g1105__4547/ZN                                 -       A1->ZN F     NAND2_X1       2  4.8    34    69    7737    (-,-) 
  u_DCT/DRU/add_58_47_g1102__4296/ZN                                 -       C1->ZN R     OAI211_X1      2  5.7   150   193    7930    (-,-) 
  u_DCT/DRU/add_58_47_g1100__9906/ZN                                 -       A1->ZN F     NAND2_X1       1  2.8    46    76    8006    (-,-) 
  u_DCT/DRU/add_58_47_g1098__5019/ZN                                 -       A1->ZN R     NAND2_X1       2  5.7    68    96    8102    (-,-) 
  u_DCT/DRU/add_58_47_g1097__1840/ZN                                 -       A1->ZN F     NAND2_X1       1  2.8    28    56    8158    (-,-) 
  u_DCT/DRU/add_58_47_g1095__5795/ZN                                 -       A1->ZN R     NAND2_X1       2  5.7    68    86    8244    (-,-) 
  u_DCT/DRU/add_58_47_g1094__2703/ZN                                 -       A1->ZN F     NAND2_X1       1  2.8    28    56    8301    (-,-) 
  u_DCT/DRU/add_58_47_g1092__2250/ZN                                 -       A1->ZN R     NAND2_X1       2  5.7    68    86    8386    (-,-) 
  u_DCT/DRU/add_58_47_g1091/ZN                                       -       A->ZN  F     INV_X1         1  2.7    20    37    8424    (-,-) 
  u_DCT/DRU/add_58_47_g1089__7114/ZN                                 -       B1->ZN R     OAI21_X1       1  4.0   111   144    8568    (-,-) 
  u_DCT/DRU/add_58_47_g1088__5703/CO                                 -       CI->CO R     FA_X1          1  4.0    54   184    8752    (-,-) 
  u_DCT/DRU/add_58_47_g1087__5953/S                                  -       CI->S  F     FA_X1          1  2.8    57   318    9070    (-,-) 
  u_DCT/DRU/g2479__7118/ZN                                           -       A1->ZN R     NAND2_X1       1  2.9    66    78    9148    (-,-) 
  u_DCT/DRU/g2424__3772/ZN                                           -       A1->ZN F     NAND2_X1       1  2.3    26    52    9201    (-,-) 
  u_DCT/DRU/ToACF_reg[15]/D                                          -       -      F     SDFF_X1        1    -     -     0    9201    (-,-) 
#--------------------------------------------------------------------------------------------------------------------------------------------



Path 31: MET (48 ps) Setup Check with Pin u_IDCT/DRU/ToACF_reg[15]/CK->D
           Mode: func_mode
          Group: C2C_func_mode
     Startpoint: (R) u_IDCT/tposemem_Bisted_RF_2P_ADV64x16_BistCtrl_i0_S44_Finish_reg/CK
          Clock: (F) CLK1
       Endpoint: (F) u_IDCT/DRU/ToACF_reg[15]/D
          Clock: (R) CLK1

                     Capture       Launch     
        Clock Edge:+    8000         4000     
       Src Latency:+       0            0     
       Net Latency:+    2000 (I)     2000 (I) 
           Arrival:=   10000         6000     
                                              
             Setup:-     253                  
       Uncertainty:-     500                  
     Required Time:=    9247                  
      Launch Clock:-    6000                  
         Data Path:-    3198                  
             Slack:=      48                  

#---------------------------------------------------------------------------------------------------------------------------------------------
#                            Timing Point                             Flags    Arc   Edge   Cell     Fanout Load Trans Delay Arrival Instance 
#                                                                                                           (fF)  (ps)  (ps)   (ps)  Location 
#---------------------------------------------------------------------------------------------------------------------------------------------
  u_IDCT/tposemem_Bisted_RF_2P_ADV64x16_BistCtrl_i0_S44_Finish_reg/CK -       -      R     (arrival)      6    -     0     -    6000    (-,-) 
  u_IDCT/tposemem_Bisted_RF_2P_ADV64x16_BistCtrl_i0_S44_Finish_reg/Q  -       CK->Q  R     SDFF_X1        1  2.9    38   189    6189    (-,-) 
  u_IDCT/g3780/ZN                                                     -       A2->ZN F     NAND2_X1       2  4.7    33    58    6247    (-,-) 
  u_IDCT/g3770/ZN                                                     -       A2->ZN R     NAND2_X1       2  3.7    48    79    6326    (-,-) 
  u_IDCT/DRU/g2757/ZN                                                 -       A1->ZN R     AND2_X1        6 13.3   119   201    6527    (-,-) 
  u_IDCT/DRU/add_58_47_g1148/ZN                                       -       A2->ZN R     OR2_X1         2  5.1    55   139    6666    (-,-) 
  u_IDCT/DRU/add_58_47_g1126/ZN                                       -       A2->ZN F     NAND2_X1       1  2.8    27    54    6720    (-,-) 
  u_IDCT/DRU/add_58_47_g1125/ZN                                       -       A1->ZN R     NAND2_X1       2  5.7    68    85    6805    (-,-) 
  u_IDCT/DRU/add_58_47_g1123/ZN                                       -       A1->ZN F     NAND2_X1       1  2.8    28    56    6862    (-,-) 
  u_IDCT/DRU/add_58_47_g1121/ZN                                       -       A1->ZN R     NAND2_X1       2  6.0    70    88    6950    (-,-) 
  u_IDCT/DRU/add_58_47_g1120/ZN                                       -       A2->ZN F     NAND2_X1       1  2.7    25    59    7008    (-,-) 
  u_IDCT/DRU/add_58_47_g1118/ZN                                       -       A2->ZN R     NAND2_X1       2  6.0    67    94    7102    (-,-) 
  u_IDCT/DRU/add_58_47_g1117/ZN                                       -       A1->ZN F     NAND2_X1       1  2.8    28    56    7159    (-,-) 
  u_IDCT/DRU/add_58_47_g1115/ZN                                       -       A1->ZN R     NAND2_X1       2  5.7    68    86    7244    (-,-) 
  u_IDCT/DRU/add_58_47_g1114/ZN                                       -       A1->ZN F     NAND2_X1       1  2.8    28    56    7301    (-,-) 
  u_IDCT/DRU/add_58_47_g1112/ZN                                       -       A1->ZN R     NAND2_X1       2  5.7    68    86    7386    (-,-) 
  u_IDCT/DRU/add_58_47_g1111/ZN                                       -       A1->ZN F     NAND2_X1       1  2.8    28    56    7443    (-,-) 
  u_IDCT/DRU/add_58_47_g1109/ZN                                       -       A1->ZN R     NAND2_X1       2  5.7    68    86    7528    (-,-) 
  u_IDCT/DRU/add_58_47_g1108/ZN                                       -       A1->ZN F     NAND2_X1       1  2.8    28    56    7585    (-,-) 
  u_IDCT/DRU/add_58_47_g1106/ZN                                       -       A1->ZN R     NAND2_X1       2  5.7    68    86    7671    (-,-) 
  u_IDCT/DRU/add_58_47_g1105/ZN                                       -       A1->ZN F     NAND2_X1       2  4.8    34    69    7739    (-,-) 
  u_IDCT/DRU/add_58_47_g1102/ZN                                       -       C1->ZN R     OAI211_X1      2  5.7   150   193    7933    (-,-) 
  u_IDCT/DRU/add_58_47_g1100/ZN                                       -       A1->ZN F     NAND2_X1       1  2.8    46    76    8008    (-,-) 
  u_IDCT/DRU/add_58_47_g1098/ZN                                       -       A1->ZN R     NAND2_X1       2  5.7    68    96    8104    (-,-) 
  u_IDCT/DRU/add_58_47_g1097/ZN                                       -       A1->ZN F     NAND2_X1       1  2.8    28    56    8161    (-,-) 
  u_IDCT/DRU/add_58_47_g1095/ZN                                       -       A1->ZN R     NAND2_X1       2  5.7    68    86    8246    (-,-) 
  u_IDCT/DRU/add_58_47_g1094/ZN                                       -       A1->ZN F     NAND2_X1       1  2.8    28    56    8303    (-,-) 
  u_IDCT/DRU/add_58_47_g1092/ZN                                       -       A1->ZN R     NAND2_X1       2  5.7    68    86    8388    (-,-) 
  u_IDCT/DRU/add_58_47_g1091/ZN                                       -       A->ZN  F     INV_X1         1  2.7    20    37    8426    (-,-) 
  u_IDCT/DRU/add_58_47_g1089/ZN                                       -       B1->ZN R     OAI21_X1       1  4.0   111   144    8570    (-,-) 
  u_IDCT/DRU/add_58_47_g1088/CO                                       -       CI->CO R     FA_X1          1  4.0    54   184    8754    (-,-) 
  u_IDCT/DRU/add_58_47_g1087/S                                        -       CI->S  F     FA_X1          1  2.8    57   318    9072    (-,-) 
  u_IDCT/DRU/g2479/ZN                                                 -       A1->ZN R     NAND2_X1       1  2.9    50    78    9150    (-,-) 
  u_IDCT/DRU/g2424/ZN                                                 -       A1->ZN F     NAND2_X1       1  2.3    22    48    9198    (-,-) 
  u_IDCT/DRU/ToACF_reg[15]/D                                          -       -      F     SDFF_X1        1    -     -     0    9198    (-,-) 
#---------------------------------------------------------------------------------------------------------------------------------------------



Path 32: MET (50 ps) Setup Check with Pin u_DCT/DRU/ToACF_reg[16]/CK->D
           Mode: func_mode
          Group: C2C_func_mode
     Startpoint: (R) u_DCT/tposemem_Bisted_RF_2P_ADV64x16_BistCtrl_i0_S44_Finish_reg/CK
          Clock: (F) CLK1
       Endpoint: (R) u_DCT/DRU/ToACF_reg[16]/D
          Clock: (R) CLK1

                     Capture       Launch     
        Clock Edge:+    8000         4000     
       Src Latency:+       0            0     
       Net Latency:+    2000 (I)     2000 (I) 
           Arrival:=   10000         6000     
                                              
             Setup:-     270                  
       Uncertainty:-     500                  
     Required Time:=    9230                  
      Launch Clock:-    6000                  
         Data Path:-    3181                  
             Slack:=      50                  

#--------------------------------------------------------------------------------------------------------------------------------------------
#                           Timing Point                             Flags    Arc   Edge   Cell     Fanout Load Trans Delay Arrival Instance 
#                                                                                                          (fF)  (ps)  (ps)   (ps)  Location 
#--------------------------------------------------------------------------------------------------------------------------------------------
  u_DCT/tposemem_Bisted_RF_2P_ADV64x16_BistCtrl_i0_S44_Finish_reg/CK -       -      R     (arrival)      6    -     0     -    6000    (-,-) 
  u_DCT/tposemem_Bisted_RF_2P_ADV64x16_BistCtrl_i0_S44_Finish_reg/Q  -       CK->Q  F     SDFF_X1        1  2.7    43   230    6230    (-,-) 
  u_DCT/g3780/ZN                                                     -       A2->ZN R     NAND2_X1       2  5.1    60    97    6327    (-,-) 
  u_DCT/g3770/ZN                                                     -       A2->ZN F     NAND2_X1       2  3.6    26    61    6387    (-,-) 
  u_DCT/DRU/g2757__8757/ZN                                           -       A1->ZN F     AND2_X1        6 12.5    42   136    6524    (-,-) 
  u_DCT/DRU/add_58_47_g1148__5266/ZN                                 -       A2->ZN F     OR2_X1         2  4.8    39   216    6740    (-,-) 
  u_DCT/DRU/add_58_47_g1126__5019/ZN                                 -       A2->ZN R     NAND2_X1       1  2.9    42    75    6816    (-,-) 
  u_DCT/DRU/add_58_47_g1125__1840/ZN                                 -       A1->ZN F     NAND2_X1       2  5.5    34    62    6877    (-,-) 
  u_DCT/DRU/add_58_47_g1123__5795/ZN                                 -       A1->ZN R     NAND2_X1       1  2.9    42    65    6942    (-,-) 
  u_DCT/DRU/add_58_47_g1121__6083/ZN                                 -       A1->ZN F     NAND2_X1       2  5.6    34    62    7004    (-,-) 
  u_DCT/DRU/add_58_47_g1120__2250/ZN                                 -       A2->ZN R     NAND2_X1       1  2.9    42    73    7076    (-,-) 
  u_DCT/DRU/add_58_47_g1118__7114/ZN                                 -       A2->ZN F     NAND2_X1       2  5.7    38    64    7141    (-,-) 
  u_DCT/DRU/add_58_47_g1117__5703/ZN                                 -       A1->ZN R     NAND2_X1       1  2.9    42    67    7208    (-,-) 
  u_DCT/DRU/add_58_47_g1115__1786/ZN                                 -       A1->ZN F     NAND2_X1       2  5.5    34    62    7270    (-,-) 
  u_DCT/DRU/add_58_47_g1114__8757/ZN                                 -       A1->ZN R     NAND2_X1       1  2.9    42    65    7334    (-,-) 
  u_DCT/DRU/add_58_47_g1112__7675/ZN                                 -       A1->ZN F     NAND2_X1       2  5.5    34    62    7396    (-,-) 
  u_DCT/DRU/add_58_47_g1111__2391/ZN                                 -       A1->ZN R     NAND2_X1       1  2.9    42    65    7461    (-,-) 
  u_DCT/DRU/add_58_47_g1109__6877/ZN                                 -       A1->ZN F     NAND2_X1       2  5.5    34    62    7522    (-,-) 
  u_DCT/DRU/add_58_47_g1108__1309/ZN                                 -       A1->ZN R     NAND2_X1       1  2.9    42    65    7587    (-,-) 
  u_DCT/DRU/add_58_47_g1106__9682/ZN                                 -       A1->ZN F     NAND2_X1       2  5.5    34    62    7649    (-,-) 
  u_DCT/DRU/add_58_47_g1105__4547/ZN                                 -       A1->ZN R     NAND2_X1       2  5.1    60    84    7732    (-,-) 
  u_DCT/DRU/add_58_47_g1102__4296/ZN                                 -       C1->ZN F     OAI211_X1      2  5.5    72    94    7826    (-,-) 
  u_DCT/DRU/add_58_47_g1100__9906/ZN                                 -       A1->ZN R     NAND2_X1       1  2.9    44    87    7913    (-,-) 
  u_DCT/DRU/add_58_47_g1098__5019/ZN                                 -       A1->ZN F     NAND2_X1       2  5.5    34    62    7975    (-,-) 
  u_DCT/DRU/add_58_47_g1097__1840/ZN                                 -       A1->ZN R     NAND2_X1       1  2.9    42    65    8040    (-,-) 
  u_DCT/DRU/add_58_47_g1095__5795/ZN                                 -       A1->ZN F     NAND2_X1       2  5.5    34    62    8101    (-,-) 
  u_DCT/DRU/add_58_47_g1094__2703/ZN                                 -       A1->ZN R     NAND2_X1       1  2.9    42    65    8166    (-,-) 
  u_DCT/DRU/add_58_47_g1092__2250/ZN                                 -       A1->ZN F     NAND2_X1       2  5.5    34    62    8228    (-,-) 
  u_DCT/DRU/add_58_47_g1091/ZN                                       -       A->ZN  R     INV_X1         1  2.9    33    59    8287    (-,-) 
  u_DCT/DRU/add_58_47_g1089__7114/ZN                                 -       B1->ZN F     OAI21_X1       1  3.9    47    51    8338    (-,-) 
  u_DCT/DRU/add_58_47_g1088__5703/CO                                 -       CI->CO F     FA_X1          1  3.9    53   284    8622    (-,-) 
  u_DCT/DRU/add_58_47_g1087__5953/CO                                 -       CI->CO F     FA_X1          1  3.4    51   283    8905    (-,-) 
  u_DCT/DRU/add_58_47_g1086__1786/ZN                                 -       A->ZN  R     XNOR2_X1       1  2.9    93   137    9042    (-,-) 
  u_DCT/DRU/g2477__2391/ZN                                           -       A1->ZN F     NAND2_X1       1  2.8    59    65    9106    (-,-) 
  u_DCT/DRU/g2422__8780/ZN                                           -       A1->ZN R     NAND2_X1       1  2.4    38    74    9181    (-,-) 
  u_DCT/DRU/ToACF_reg[16]/D                                          -       -      R     SDFF_X1        1    -     -     0    9181    (-,-) 
#--------------------------------------------------------------------------------------------------------------------------------------------



Path 33: MET (59 ps) Setup Check with Pin u_DCT/DRU/ToBDEG_reg[14]/CK->D
           Mode: func_mode
          Group: C2C_func_mode
     Startpoint: (R) u_DCT/tposemem_Bisted_RF_2P_ADV64x16_BistCtrl_i0_ST_MAL_i0_S17_reg/CK
          Clock: (F) CLK1
       Endpoint: (F) u_DCT/DRU/ToBDEG_reg[14]/D
          Clock: (R) CLK1

                     Capture       Launch     
        Clock Edge:+    8000         4000     
       Src Latency:+       0            0     
       Net Latency:+    2000 (I)     2000 (I) 
           Arrival:=   10000         6000     
                                              
             Setup:-     266                  
       Uncertainty:-     500                  
     Required Time:=    9234                  
      Launch Clock:-    6000                  
         Data Path:-    3175                  
             Slack:=      59                  

#-----------------------------------------------------------------------------------------------------------------------------------------------
#                             Timing Point                              Flags    Arc   Edge   Cell     Fanout Load Trans Delay Arrival Instance 
#                                                                                                             (fF)  (ps)  (ps)   (ps)  Location 
#-----------------------------------------------------------------------------------------------------------------------------------------------
  u_DCT/tposemem_Bisted_RF_2P_ADV64x16_BistCtrl_i0_ST_MAL_i0_S17_reg/CK -       -      R     (arrival)      6    -     0     -    6000    (-,-) 
  u_DCT/tposemem_Bisted_RF_2P_ADV64x16_BistCtrl_i0_ST_MAL_i0_S17_reg/Q  -       CK->Q  F     SDFF_X1        2  4.2    48   242    6242    (-,-) 
  u_DCT/g3832/ZN                                                        -       A2->ZN R     NAND2_X1       2  5.1    60   100    6342    (-,-) 
  u_DCT/g3811/ZN                                                        -       A2->ZN F     NAND2_X1       2  4.3    28    64    6406    (-,-) 
  u_DCT/DRU/g2758__1786/ZN                                              -       A1->ZN F     AND2_X2        6 13.5    31   114    6520    (-,-) 
  u_DCT/DRU/sub_60_47_g1238__1857/ZN                                    -       A2->ZN R     NAND2_X1       3  8.2    85   116    6636    (-,-) 
  u_DCT/DRU/sub_60_47_g1206__5019/ZN                                    -       A1->ZN F     NAND2_X1       1  2.8    32    62    6699    (-,-) 
  u_DCT/DRU/sub_60_47_g1205__1840/ZN                                    -       A1->ZN R     NAND2_X1       2  6.0    70    90    6789    (-,-) 
  u_DCT/DRU/sub_60_47_g1203__7344/ZN                                    -       A1->ZN F     NAND2_X1       1  2.8    28    57    6846    (-,-) 
  u_DCT/DRU/sub_60_47_g1201__2703/ZN                                    -       A1->ZN R     NAND2_X1       2  6.0    70    88    6935    (-,-) 
  u_DCT/DRU/sub_60_47_g1200__6083/ZN                                    -       A2->ZN F     NAND2_X1       1  2.7    26    59    6994    (-,-) 
  u_DCT/DRU/sub_60_47_g1198__5266/ZN                                    -       A2->ZN R     NAND2_X1       2  6.0    67    95    7088    (-,-) 
  u_DCT/DRU/sub_60_47_g1197__7114/ZN                                    -       A2->ZN F     NAND2_X1       1  2.8    26    58    7147    (-,-) 
  u_DCT/DRU/sub_60_47_g1195__5953/ZN                                    -       A1->ZN R     NAND2_X1       2  5.7    68    85    7232    (-,-) 
  u_DCT/DRU/sub_60_47_g1194__1786/ZN                                    -       A1->ZN F     NAND2_X1       1  2.8    28    56    7288    (-,-) 
  u_DCT/DRU/sub_60_47_g1192__7118/ZN                                    -       A1->ZN R     NAND2_X1       2  5.7    68    86    7374    (-,-) 
  u_DCT/DRU/sub_60_47_g1191__7675/ZN                                    -       A1->ZN F     NAND2_X1       1  2.8    28    56    7430    (-,-) 
  u_DCT/DRU/sub_60_47_g1189__2900/ZN                                    -       A1->ZN R     NAND2_X1       2  5.7    68    86    7516    (-,-) 
  u_DCT/DRU/sub_60_47_g1188__6877/ZN                                    -       A1->ZN F     NAND2_X1       1  2.8    28    56    7572    (-,-) 
  u_DCT/DRU/sub_60_47_g1186__2683/ZN                                    -       A1->ZN R     NAND2_X1       2  5.0    63    80    7652    (-,-) 
  u_DCT/DRU/sub_60_47_g1185__9682/ZN                                    -       A1->ZN R     AND2_X1        2  4.4    47   131    7783    (-,-) 
  u_DCT/DRU/sub_60_47_g1182__3772/ZN                                    -       B1->ZN F     AOI21_X1       2  5.4    35    66    7849    (-,-) 
  u_DCT/DRU/sub_60_47_g1179__9906/ZN                                    -       B1->ZN R     OAI21_X1       2  5.7   141   183    8032    (-,-) 
  u_DCT/DRU/sub_60_47_g1178__1857/ZN                                    -       A1->ZN F     NAND2_X1       1  2.8    44    74    8107    (-,-) 
  u_DCT/DRU/sub_60_47_g1176__1840/ZN                                    -       A1->ZN R     NAND2_X1       2  5.7    68    95    8202    (-,-) 
  u_DCT/DRU/sub_60_47_g1175__7344/ZN                                    -       A1->ZN F     NAND2_X1       1  2.8    28    56    8258    (-,-) 
  u_DCT/DRU/sub_60_47_g1173__2703/ZN                                    -       A1->ZN R     NAND2_X1       2  5.7    68    86    8344    (-,-) 
  u_DCT/DRU/sub_60_47_g1172/ZN                                          -       A->ZN  F     INV_X1         1  2.7    20    37    8381    (-,-) 
  u_DCT/DRU/sub_60_47_g1170__2250/ZN                                    -       B1->ZN R     OAI21_X1       1  4.0   111   144    8525    (-,-) 
  u_DCT/DRU/sub_60_47_g1169__5266/S                                     -       CI->S  F     FA_X1          1  2.7    57   343    8868    (-,-) 
  u_DCT/DRU/g2427__9682/ZN                                              -       A1->ZN R     AOI222_X1      1  2.9   216   256    9124    (-,-) 
  u_DCT/DRU/g2410/ZN                                                    -       A->ZN  F     INV_X1         1  2.3    46    50    9175    (-,-) 
  u_DCT/DRU/ToBDEG_reg[14]/D                                            -       -      F     SDFF_X1        1    -     -     0    9175    (-,-) 
#-----------------------------------------------------------------------------------------------------------------------------------------------



Path 34: MET (66 ps) Setup Check with Pin u_IDCT/tposemem_Bisted_RF_2P_ADV64x16_RF_2P_ADV64x16_u0_SRAM_i0/CLKB->DB[12]
           Mode: func_mode
          Group: C2C_func_mode
     Startpoint: (R) u_IDCT/IDRU8/Count_reg[0]/CK
          Clock: (R) CLK1
       Endpoint: (F) u_IDCT/tposemem_Bisted_RF_2P_ADV64x16_RF_2P_ADV64x16_u0_SRAM_i0/DB[12]
          Clock: (F) CLK1

                     Capture       Launch     
        Clock Edge:+    4000            0     
       Src Latency:+       0            0     
       Net Latency:+    2000 (I)     2000 (I) 
           Arrival:=    6000         2000     
                                              
             Setup:-     238                  
       Uncertainty:-     500                  
     Required Time:=    5262                  
      Launch Clock:-    2000                  
         Data Path:-    3196                  
             Slack:=      66                  

#------------------------------------------------------------------------------------------------------------------------------------------------
#                             Timing Point                               Flags    Arc   Edge   Cell     Fanout Load Trans Delay Arrival Instance 
#                                                                                                              (fF)  (ps)  (ps)   (ps)  Location 
#------------------------------------------------------------------------------------------------------------------------------------------------
  u_IDCT/IDRU8/Count_reg[0]/CK                                           -       -      R     (arrival)     23    -     0     -    2000    (-,-) 
  u_IDCT/IDRU8/Count_reg[0]/Q                                            -       CK->Q  F     SDFF_X1        4 15.6    73   303    2303    (-,-) 
  u_IDCT/IDRU8/g5740/ZN                                                  -       A->ZN  R     INV_X4         3 20.5    55   102    2405    (-,-) 
  u_IDCT/IDRU8/g5725/ZN                                                  -       A2->ZN F     NAND2_X4       4 18.0    31    64    2469    (-,-) 
  u_IDCT/IDRU8/g5723/ZN                                                  -       A->ZN  R     INV_X8        19 42.7    52    79    2548    (-,-) 
  u_IDCT/IDRU8/g5762/ZN                                                  -       A1->ZN R     AND2_X4       18 40.7    93   172    2720    (-,-) 
  u_IDCT/IDRU8/g5700/ZN                                                  -       A1->ZN F     NAND2_X1       1  2.1    32    59    2779    (-,-) 
  u_IDCT/IDRU8/g5609/ZN                                                  -       A1->ZN F     AND3_X1        1  2.8    22   115    2894    (-,-) 
  u_IDCT/IDRU8/g5576/ZN                                                  -       A1->ZN R     NAND3_X1       4  8.2    93   108    3002    (-,-) 
  u_IDCT/IDRU8/add_86_45_g754/ZN                                         -       A2->ZN R     OR2_X1         2  5.1    52   130    3133    (-,-) 
  u_IDCT/IDRU8/add_86_45_g694/ZN                                         -       A2->ZN F     NAND2_X1       1  4.1    26    60    3193    (-,-) 
  u_IDCT/IDRU8/add_86_45_g692/ZN                                         -       A1->ZN R     NAND2_X2       2  5.7    43    60    3254    (-,-) 
  u_IDCT/IDRU8/add_86_45_g689/ZN                                         -       A1->ZN F     NAND2_X1       1  4.1    26    55    3309    (-,-) 
  u_IDCT/IDRU8/add_86_45_g687/ZN                                         -       A1->ZN R     NAND2_X2       3  7.9    52    70    3379    (-,-) 
  u_IDCT/IDRU8/add_86_45_g683/ZN                                         -       A1->ZN F     NAND3_X1       1  2.8    35    67    3446    (-,-) 
  u_IDCT/IDRU8/add_86_45_g682/ZN                                         -       A1->ZN R     NAND2_X1       2  5.7    65    90    3536    (-,-) 
  u_IDCT/IDRU8/add_86_45_g680/ZN                                         -       A1->ZN F     NAND2_X1       1  2.8    27    56    3591    (-,-) 
  u_IDCT/IDRU8/add_86_45_g678/ZN                                         -       A1->ZN R     NAND2_X1       2  5.7    65    85    3676    (-,-) 
  u_IDCT/IDRU8/add_86_45_g677/ZN                                         -       A1->ZN F     NAND2_X1       1  2.8    27    56    3732    (-,-) 
  u_IDCT/IDRU8/add_86_45_g675/ZN                                         -       A1->ZN R     NAND2_X1       2  5.0    61    79    3811    (-,-) 
  u_IDCT/IDRU8/add_86_45_g674/ZN                                         -       A1->ZN R     AND2_X1        3  6.6    64   150    3961    (-,-) 
  u_IDCT/IDRU8/add_86_45_g672/ZN                                         -       A1->ZN F     NAND2_X1       1  4.1    37    64    4024    (-,-) 
  u_IDCT/IDRU8/add_86_45_g669/ZN                                         -       B->ZN  R     OAI211_X2      2  5.7   102    98    4122    (-,-) 
  u_IDCT/IDRU8/add_86_45_g667/ZN                                         -       A1->ZN F     NAND2_X1       2  4.8    42    83    4205    (-,-) 
  u_IDCT/IDRU8/add_86_45_g663/ZN                                         -       A1->ZN R     NOR2_X1        2  6.6   146   191    4396    (-,-) 
  u_IDCT/IDRU8/add_86_45_g661/ZN                                         -       A1->ZN F     NOR2_X1        2  5.4    45    72    4468    (-,-) 
  u_IDCT/IDRU8/add_86_45_g656/ZN                                         -       A->ZN  F     XNOR2_X1       1  2.2    41   135    4602    (-,-) 
  u_IDCT/IDRU8/g5181/Z                                                   -       A->Z   F     MUX2_X1        2  4.3    41   249    4852    (-,-) 
  u_IDCT/IDRU8/g5052/Z                                                   -       A->Z   F     MUX2_X1        1  2.8    37   239    5090    (-,-) 
  u_IDCT/g3863/ZN                                                        -       A->ZN  R     INV_X1         1  2.9    33    61    5152    (-,-) 
  u_IDCT/g3732/ZN                                                        -       B1->ZN F     OAI21_X1       1  2.6    30    45    5196    (-,-) 
  u_IDCT/tposemem_Bisted_RF_2P_ADV64x16_RF_2P_ADV64x16_u0_SRAM_i0/DB[12] (P)     -      F     rf_2p_hse      1    -     -     0    5196    (-,-) 
#------------------------------------------------------------------------------------------------------------------------------------------------

(P) : Instance is preserved



Path 35: MET (82 ps) Setup Check with Pin u_IDCT/tposemem_Bisted_RF_2P_ADV64x16_RF_2P_ADV64x16_u0_SRAM_i0/CLKB->DB[14]
           Mode: func_mode
          Group: C2C_func_mode
     Startpoint: (R) u_IDCT/IDRU8/Count_reg[0]/CK
          Clock: (R) CLK1
       Endpoint: (F) u_IDCT/tposemem_Bisted_RF_2P_ADV64x16_RF_2P_ADV64x16_u0_SRAM_i0/DB[14]
          Clock: (F) CLK1

                     Capture       Launch     
        Clock Edge:+    4000            0     
       Src Latency:+       0            0     
       Net Latency:+    2000 (I)     2000 (I) 
           Arrival:=    6000         2000     
                                              
             Setup:-     238                  
       Uncertainty:-     500                  
     Required Time:=    5262                  
      Launch Clock:-    2000                  
         Data Path:-    3180                  
             Slack:=      82                  

#------------------------------------------------------------------------------------------------------------------------------------------------
#                             Timing Point                               Flags    Arc   Edge   Cell     Fanout Load Trans Delay Arrival Instance 
#                                                                                                              (fF)  (ps)  (ps)   (ps)  Location 
#------------------------------------------------------------------------------------------------------------------------------------------------
  u_IDCT/IDRU8/Count_reg[0]/CK                                           -       -      R     (arrival)     23    -     0     -    2000    (-,-) 
  u_IDCT/IDRU8/Count_reg[0]/Q                                            -       CK->Q  F     SDFF_X1        4 15.6    73   303    2303    (-,-) 
  u_IDCT/IDRU8/g5740/ZN                                                  -       A->ZN  R     INV_X4         3 20.5    55   102    2405    (-,-) 
  u_IDCT/IDRU8/g5725/ZN                                                  -       A2->ZN F     NAND2_X4       4 18.0    31    64    2469    (-,-) 
  u_IDCT/IDRU8/g5723/ZN                                                  -       A->ZN  R     INV_X8        19 42.7    52    79    2548    (-,-) 
  u_IDCT/IDRU8/g5762/ZN                                                  -       A1->ZN R     AND2_X4       18 40.7    93   172    2720    (-,-) 
  u_IDCT/IDRU8/g5700/ZN                                                  -       A1->ZN F     NAND2_X1       1  2.1    32    59    2779    (-,-) 
  u_IDCT/IDRU8/g5609/ZN                                                  -       A1->ZN F     AND3_X1        1  2.8    22   115    2894    (-,-) 
  u_IDCT/IDRU8/g5576/ZN                                                  -       A1->ZN R     NAND3_X1       4  8.2    93   108    3002    (-,-) 
  u_IDCT/IDRU8/add_86_45_g754/ZN                                         -       A2->ZN R     OR2_X1         2  5.1    52   130    3133    (-,-) 
  u_IDCT/IDRU8/add_86_45_g694/ZN                                         -       A2->ZN F     NAND2_X1       1  4.1    26    60    3193    (-,-) 
  u_IDCT/IDRU8/add_86_45_g692/ZN                                         -       A1->ZN R     NAND2_X2       2  5.7    43    60    3254    (-,-) 
  u_IDCT/IDRU8/add_86_45_g689/ZN                                         -       A1->ZN F     NAND2_X1       1  4.1    26    55    3309    (-,-) 
  u_IDCT/IDRU8/add_86_45_g687/ZN                                         -       A1->ZN R     NAND2_X2       3  7.9    52    70    3379    (-,-) 
  u_IDCT/IDRU8/add_86_45_g683/ZN                                         -       A1->ZN F     NAND3_X1       1  2.8    35    67    3446    (-,-) 
  u_IDCT/IDRU8/add_86_45_g682/ZN                                         -       A1->ZN R     NAND2_X1       2  5.7    65    90    3536    (-,-) 
  u_IDCT/IDRU8/add_86_45_g680/ZN                                         -       A1->ZN F     NAND2_X1       1  2.8    27    56    3591    (-,-) 
  u_IDCT/IDRU8/add_86_45_g678/ZN                                         -       A1->ZN R     NAND2_X1       2  5.7    65    85    3676    (-,-) 
  u_IDCT/IDRU8/add_86_45_g677/ZN                                         -       A1->ZN F     NAND2_X1       1  2.8    27    56    3732    (-,-) 
  u_IDCT/IDRU8/add_86_45_g675/ZN                                         -       A1->ZN R     NAND2_X1       2  5.0    61    79    3811    (-,-) 
  u_IDCT/IDRU8/add_86_45_g674/ZN                                         -       A1->ZN R     AND2_X1        3  6.6    64   150    3961    (-,-) 
  u_IDCT/IDRU8/add_86_45_g672/ZN                                         -       A1->ZN F     NAND2_X1       1  4.1    37    64    4024    (-,-) 
  u_IDCT/IDRU8/add_86_45_g669/ZN                                         -       B->ZN  R     OAI211_X2      2  5.7   102    98    4122    (-,-) 
  u_IDCT/IDRU8/add_86_45_g667/ZN                                         -       A1->ZN F     NAND2_X1       2  4.8    42    83    4205    (-,-) 
  u_IDCT/IDRU8/add_86_45_g663/ZN                                         -       A1->ZN R     NOR2_X1        2  6.6   146   191    4396    (-,-) 
  u_IDCT/IDRU8/add_86_45_g660/ZN                                         -       A1->ZN F     NOR2_X2        1  2.7    35    41    4437    (-,-) 
  u_IDCT/IDRU8/add_86_45_g657/ZN                                         -       B1->ZN R     OAI21_X1       1  2.9    92   128    4565    (-,-) 
  u_IDCT/IDRU8/add_86_45_g654/ZN                                         -       B1->ZN F     AOI21_X1       2  5.4    42    86    4651    (-,-) 
  u_IDCT/IDRU8/add_86_45_g652/ZN                                         -       A->ZN  F     XNOR2_X1       1  2.7    48   136    4787    (-,-) 
  u_IDCT/IDRU8/g5070/ZN                                                  -       C1->ZN R     AOI221_X1      1  2.9   195   227    5014    (-,-) 
  u_IDCT/IDRU8/g5068/ZN                                                  -       A->ZN  F     INV_X1         1  2.8    44    55    5070    (-,-) 
  u_IDCT/g3864/ZN                                                        -       A->ZN  R     INV_X1         1  2.9    33    65    5135    (-,-) 
  u_IDCT/g3745/ZN                                                        -       B1->ZN F     OAI21_X1       1  2.6    30    45    5180    (-,-) 
  u_IDCT/tposemem_Bisted_RF_2P_ADV64x16_RF_2P_ADV64x16_u0_SRAM_i0/DB[14] (P)     -      F     rf_2p_hse      1    -     -     0    5180    (-,-) 
#------------------------------------------------------------------------------------------------------------------------------------------------

(P) : Instance is preserved



Path 36: MET (87 ps) Setup Check with Pin u_DCT/DRU/ToBDEG_reg[15]/CK->D
           Mode: func_mode
          Group: C2C_func_mode
     Startpoint: (R) u_DCT/tposemem_Bisted_RF_2P_ADV64x16_BistCtrl_i0_ST_MAL_i0_S17_reg/CK
          Clock: (F) CLK1
       Endpoint: (F) u_DCT/DRU/ToBDEG_reg[15]/D
          Clock: (R) CLK1

                     Capture       Launch     
        Clock Edge:+    8000         4000     
       Src Latency:+       0            0     
       Net Latency:+    2000 (I)     2000 (I) 
           Arrival:=   10000         6000     
                                              
             Setup:-     255                  
       Uncertainty:-     500                  
     Required Time:=    9245                  
      Launch Clock:-    6000                  
         Data Path:-    3158                  
             Slack:=      87                  

#-----------------------------------------------------------------------------------------------------------------------------------------------
#                             Timing Point                              Flags    Arc   Edge   Cell     Fanout Load Trans Delay Arrival Instance 
#                                                                                                             (fF)  (ps)  (ps)   (ps)  Location 
#-----------------------------------------------------------------------------------------------------------------------------------------------
  u_DCT/tposemem_Bisted_RF_2P_ADV64x16_BistCtrl_i0_ST_MAL_i0_S17_reg/CK -       -      R     (arrival)      6    -     0     -    6000    (-,-) 
  u_DCT/tposemem_Bisted_RF_2P_ADV64x16_BistCtrl_i0_ST_MAL_i0_S17_reg/Q  -       CK->Q  F     SDFF_X1        2  4.2    48   242    6242    (-,-) 
  u_DCT/g3832/ZN                                                        -       A2->ZN R     NAND2_X1       2  5.1    60   100    6342    (-,-) 
  u_DCT/g3811/ZN                                                        -       A2->ZN F     NAND2_X1       2  4.3    28    64    6406    (-,-) 
  u_DCT/DRU/g2758__1786/ZN                                              -       A1->ZN F     AND2_X2        6 13.5    31   114    6520    (-,-) 
  u_DCT/DRU/sub_60_47_g1238__1857/ZN                                    -       A2->ZN R     NAND2_X1       3  8.2    85   116    6636    (-,-) 
  u_DCT/DRU/sub_60_47_g1206__5019/ZN                                    -       A1->ZN F     NAND2_X1       1  2.8    32    62    6699    (-,-) 
  u_DCT/DRU/sub_60_47_g1205__1840/ZN                                    -       A1->ZN R     NAND2_X1       2  6.0    70    90    6789    (-,-) 
  u_DCT/DRU/sub_60_47_g1203__7344/ZN                                    -       A1->ZN F     NAND2_X1       1  2.8    28    57    6846    (-,-) 
  u_DCT/DRU/sub_60_47_g1201__2703/ZN                                    -       A1->ZN R     NAND2_X1       2  6.0    70    88    6935    (-,-) 
  u_DCT/DRU/sub_60_47_g1200__6083/ZN                                    -       A2->ZN F     NAND2_X1       1  2.7    26    59    6994    (-,-) 
  u_DCT/DRU/sub_60_47_g1198__5266/ZN                                    -       A2->ZN R     NAND2_X1       2  6.0    67    95    7088    (-,-) 
  u_DCT/DRU/sub_60_47_g1197__7114/ZN                                    -       A2->ZN F     NAND2_X1       1  2.8    26    58    7147    (-,-) 
  u_DCT/DRU/sub_60_47_g1195__5953/ZN                                    -       A1->ZN R     NAND2_X1       2  5.7    68    85    7232    (-,-) 
  u_DCT/DRU/sub_60_47_g1194__1786/ZN                                    -       A1->ZN F     NAND2_X1       1  2.8    28    56    7288    (-,-) 
  u_DCT/DRU/sub_60_47_g1192__7118/ZN                                    -       A1->ZN R     NAND2_X1       2  5.7    68    86    7374    (-,-) 
  u_DCT/DRU/sub_60_47_g1191__7675/ZN                                    -       A1->ZN F     NAND2_X1       1  2.8    28    56    7430    (-,-) 
  u_DCT/DRU/sub_60_47_g1189__2900/ZN                                    -       A1->ZN R     NAND2_X1       2  5.7    68    86    7516    (-,-) 
  u_DCT/DRU/sub_60_47_g1188__6877/ZN                                    -       A1->ZN F     NAND2_X1       1  2.8    28    56    7572    (-,-) 
  u_DCT/DRU/sub_60_47_g1186__2683/ZN                                    -       A1->ZN R     NAND2_X1       2  5.0    63    80    7652    (-,-) 
  u_DCT/DRU/sub_60_47_g1185__9682/ZN                                    -       A1->ZN R     AND2_X1        2  4.4    47   131    7783    (-,-) 
  u_DCT/DRU/sub_60_47_g1182__3772/ZN                                    -       B1->ZN F     AOI21_X1       2  5.4    35    66    7849    (-,-) 
  u_DCT/DRU/sub_60_47_g1179__9906/ZN                                    -       B1->ZN R     OAI21_X1       2  5.7   141   183    8032    (-,-) 
  u_DCT/DRU/sub_60_47_g1178__1857/ZN                                    -       A1->ZN F     NAND2_X1       1  2.8    44    74    8107    (-,-) 
  u_DCT/DRU/sub_60_47_g1176__1840/ZN                                    -       A1->ZN R     NAND2_X1       2  5.7    68    95    8202    (-,-) 
  u_DCT/DRU/sub_60_47_g1175__7344/ZN                                    -       A1->ZN F     NAND2_X1       1  2.8    28    56    8258    (-,-) 
  u_DCT/DRU/sub_60_47_g1173__2703/ZN                                    -       A1->ZN R     NAND2_X1       2  5.7    68    86    8344    (-,-) 
  u_DCT/DRU/sub_60_47_g1172/ZN                                          -       A->ZN  F     INV_X1         1  2.7    20    37    8381    (-,-) 
  u_DCT/DRU/sub_60_47_g1170__2250/ZN                                    -       B1->ZN R     OAI21_X1       1  4.0   111   144    8525    (-,-) 
  u_DCT/DRU/sub_60_47_g1169__5266/CO                                    -       CI->CO R     FA_X1          1  4.0    54   184    8709    (-,-) 
  u_DCT/DRU/sub_60_47_g1168__7114/S                                     -       CI->S  F     FA_X1          1  2.8    57   318    9027    (-,-) 
  u_DCT/DRU/g2480__8757/ZN                                              -       A1->ZN R     NAND2_X1       1  2.9    66    78    9106    (-,-) 
  u_DCT/DRU/g2425__1474/ZN                                              -       A1->ZN F     NAND2_X1       1  2.3    26    52    9158    (-,-) 
  u_DCT/DRU/ToBDEG_reg[15]/D                                            -       -      F     SDFF_X1        1    -     -     0    9158    (-,-) 
#-----------------------------------------------------------------------------------------------------------------------------------------------



Path 37: MET (97 ps) Setup Check with Pin u_IDCT/DRU/ToBDEG_reg[14]/CK->D
           Mode: func_mode
          Group: C2C_func_mode
     Startpoint: (R) u_IDCT/tposemem_Bisted_RF_2P_ADV64x16_BistCtrl_i0_ST_MAL_i0_S17_reg/CK
          Clock: (F) CLK1
       Endpoint: (F) u_IDCT/DRU/ToBDEG_reg[14]/D
          Clock: (R) CLK1

                     Capture       Launch     
        Clock Edge:+    8000         4000     
       Src Latency:+       0            0     
       Net Latency:+    2000 (I)     2000 (I) 
           Arrival:=   10000         6000     
                                              
             Setup:-     266                  
       Uncertainty:-     500                  
     Required Time:=    9234                  
      Launch Clock:-    6000                  
         Data Path:-    3137                  
             Slack:=      97                  

#------------------------------------------------------------------------------------------------------------------------------------------------
#                             Timing Point                               Flags    Arc   Edge   Cell     Fanout Load Trans Delay Arrival Instance 
#                                                                                                              (fF)  (ps)  (ps)   (ps)  Location 
#------------------------------------------------------------------------------------------------------------------------------------------------
  u_IDCT/tposemem_Bisted_RF_2P_ADV64x16_BistCtrl_i0_ST_MAL_i0_S17_reg/CK -       -      R     (arrival)      6    -     0     -    6000    (-,-) 
  u_IDCT/tposemem_Bisted_RF_2P_ADV64x16_BistCtrl_i0_ST_MAL_i0_S17_reg/Q  -       CK->Q  F     SDFF_X1        2  4.3    48   243    6243    (-,-) 
  u_IDCT/g3832/ZN                                                        -       A1->ZN R     NAND2_X1       2  5.1    60    92    6335    (-,-) 
  u_IDCT/g3811/ZN                                                        -       A1->ZN F     NAND2_X1       2  4.2    30    62    6397    (-,-) 
  u_IDCT/DRU/g2758/ZN                                                    -       A1->ZN F     AND2_X2        6 13.5    28   115    6513    (-,-) 
  u_IDCT/DRU/sub_60_47_g1238/ZN                                          -       A1->ZN R     NAND2_X1       3  8.2    86   107    6620    (-,-) 
  u_IDCT/DRU/sub_60_47_g1206/ZN                                          -       A2->ZN F     NAND2_X1       1  2.8    26    65    6684    (-,-) 
  u_IDCT/DRU/sub_60_47_g1205/ZN                                          -       A1->ZN R     NAND2_X1       2  5.7    66    85    6769    (-,-) 
  u_IDCT/DRU/sub_60_47_g1203/ZN                                          -       A1->ZN F     NAND2_X1       1  2.8    28    56    6825    (-,-) 
  u_IDCT/DRU/sub_60_47_g1201/ZN                                          -       A1->ZN R     NAND2_X1       2  5.7    66    85    6910    (-,-) 
  u_IDCT/DRU/sub_60_47_g1200/ZN                                          -       A1->ZN F     NAND2_X1       1  2.8    28    56    6966    (-,-) 
  u_IDCT/DRU/sub_60_47_g1198/ZN                                          -       A1->ZN R     NAND2_X1       2  5.7    68    85    7052    (-,-) 
  u_IDCT/DRU/sub_60_47_g1197/ZN                                          -       A1->ZN F     NAND2_X1       1  2.8    28    56    7108    (-,-) 
  u_IDCT/DRU/sub_60_47_g1195/ZN                                          -       A1->ZN R     NAND2_X1       2  5.7    68    86    7194    (-,-) 
  u_IDCT/DRU/sub_60_47_g1194/ZN                                          -       A1->ZN F     NAND2_X1       1  2.8    28    56    7250    (-,-) 
  u_IDCT/DRU/sub_60_47_g1192/ZN                                          -       A1->ZN R     NAND2_X1       2  5.7    68    86    7336    (-,-) 
  u_IDCT/DRU/sub_60_47_g1191/ZN                                          -       A1->ZN F     NAND2_X1       1  2.8    28    56    7392    (-,-) 
  u_IDCT/DRU/sub_60_47_g1189/ZN                                          -       A1->ZN R     NAND2_X1       2  5.7    68    86    7478    (-,-) 
  u_IDCT/DRU/sub_60_47_g1188/ZN                                          -       A1->ZN F     NAND2_X1       1  2.8    28    56    7535    (-,-) 
  u_IDCT/DRU/sub_60_47_g1186/ZN                                          -       A1->ZN R     NAND2_X1       2  5.0    63    80    7614    (-,-) 
  u_IDCT/DRU/sub_60_47_g1185/ZN                                          -       A1->ZN R     AND2_X1        2  4.4    47   131    7746    (-,-) 
  u_IDCT/DRU/sub_60_47_g1182/ZN                                          -       B1->ZN F     AOI21_X1       2  5.4    35    66    7811    (-,-) 
  u_IDCT/DRU/sub_60_47_g1179/ZN                                          -       B1->ZN R     OAI21_X1       2  5.7   141   183    7995    (-,-) 
  u_IDCT/DRU/sub_60_47_g1178/ZN                                          -       A1->ZN F     NAND2_X1       1  2.8    44    74    8069    (-,-) 
  u_IDCT/DRU/sub_60_47_g1176/ZN                                          -       A1->ZN R     NAND2_X1       2  5.7    68    95    8164    (-,-) 
  u_IDCT/DRU/sub_60_47_g1175/ZN                                          -       A1->ZN F     NAND2_X1       1  2.8    28    56    8220    (-,-) 
  u_IDCT/DRU/sub_60_47_g1173/ZN                                          -       A1->ZN R     NAND2_X1       2  5.7    68    86    8306    (-,-) 
  u_IDCT/DRU/sub_60_47_g1172/ZN                                          -       A->ZN  F     INV_X1         1  2.7    20    37    8343    (-,-) 
  u_IDCT/DRU/sub_60_47_g1170/ZN                                          -       B1->ZN R     OAI21_X1       1  4.0   111   144    8487    (-,-) 
  u_IDCT/DRU/sub_60_47_g1169/S                                           -       CI->S  F     FA_X1          1  2.7    57   343    8831    (-,-) 
  u_IDCT/DRU/g2427/ZN                                                    -       A1->ZN R     AOI222_X1      1  2.9   216   256    9087    (-,-) 
  u_IDCT/DRU/g2410/ZN                                                    -       A->ZN  F     INV_X1         1  2.3    46    50    9137    (-,-) 
  u_IDCT/DRU/ToBDEG_reg[14]/D                                            -       -      F     SDFF_X1        1    -     -     0    9137    (-,-) 
#------------------------------------------------------------------------------------------------------------------------------------------------



Path 38: MET (98 ps) Setup Check with Pin u_DCT/DRU/ToBDEG_reg[16]/CK->D
           Mode: func_mode
          Group: C2C_func_mode
     Startpoint: (R) u_DCT/tposemem_Bisted_RF_2P_ADV64x16_BistCtrl_i0_ST_MAL_i0_S17_reg/CK
          Clock: (F) CLK1
       Endpoint: (R) u_DCT/DRU/ToBDEG_reg[16]/D
          Clock: (R) CLK1

                     Capture       Launch     
        Clock Edge:+    8000         4000     
       Src Latency:+       0            0     
       Net Latency:+    2000 (I)     2000 (I) 
           Arrival:=   10000         6000     
                                              
             Setup:-     270                  
       Uncertainty:-     500                  
     Required Time:=    9230                  
      Launch Clock:-    6000                  
         Data Path:-    3132                  
             Slack:=      98                  

#-----------------------------------------------------------------------------------------------------------------------------------------------
#                             Timing Point                              Flags    Arc   Edge   Cell     Fanout Load Trans Delay Arrival Instance 
#                                                                                                             (fF)  (ps)  (ps)   (ps)  Location 
#-----------------------------------------------------------------------------------------------------------------------------------------------
  u_DCT/tposemem_Bisted_RF_2P_ADV64x16_BistCtrl_i0_ST_MAL_i0_S17_reg/CK -       -      R     (arrival)      6    -     0     -    6000    (-,-) 
  u_DCT/tposemem_Bisted_RF_2P_ADV64x16_BistCtrl_i0_ST_MAL_i0_S17_reg/Q  -       CK->Q  F     SDFF_X1        2  4.2    48   242    6242    (-,-) 
  u_DCT/g3832/ZN                                                        -       A2->ZN R     NAND2_X1       2  5.1    60   100    6342    (-,-) 
  u_DCT/g3811/ZN                                                        -       A2->ZN F     NAND2_X1       2  4.3    28    64    6406    (-,-) 
  u_DCT/DRU/g2758__1786/ZN                                              -       A1->ZN F     AND2_X2        6 13.5    31   114    6520    (-,-) 
  u_DCT/DRU/sub_60_47_g1238__1857/ZN                                    -       A2->ZN R     NAND2_X1       3  8.2    85   116    6636    (-,-) 
  u_DCT/DRU/sub_60_47_g1206__5019/ZN                                    -       A1->ZN F     NAND2_X1       1  2.8    32    62    6699    (-,-) 
  u_DCT/DRU/sub_60_47_g1205__1840/ZN                                    -       A1->ZN R     NAND2_X1       2  6.0    70    90    6789    (-,-) 
  u_DCT/DRU/sub_60_47_g1203__7344/ZN                                    -       A1->ZN F     NAND2_X1       1  2.8    28    57    6846    (-,-) 
  u_DCT/DRU/sub_60_47_g1201__2703/ZN                                    -       A1->ZN R     NAND2_X1       2  6.0    70    88    6935    (-,-) 
  u_DCT/DRU/sub_60_47_g1200__6083/ZN                                    -       A2->ZN F     NAND2_X1       1  2.7    26    59    6994    (-,-) 
  u_DCT/DRU/sub_60_47_g1198__5266/ZN                                    -       A2->ZN R     NAND2_X1       2  6.0    67    95    7088    (-,-) 
  u_DCT/DRU/sub_60_47_g1197__7114/ZN                                    -       A2->ZN F     NAND2_X1       1  2.8    26    58    7147    (-,-) 
  u_DCT/DRU/sub_60_47_g1195__5953/ZN                                    -       A1->ZN R     NAND2_X1       2  5.7    68    85    7232    (-,-) 
  u_DCT/DRU/sub_60_47_g1194__1786/ZN                                    -       A1->ZN F     NAND2_X1       1  2.8    28    56    7288    (-,-) 
  u_DCT/DRU/sub_60_47_g1192__7118/ZN                                    -       A1->ZN R     NAND2_X1       2  5.7    68    86    7374    (-,-) 
  u_DCT/DRU/sub_60_47_g1191__7675/ZN                                    -       A1->ZN F     NAND2_X1       1  2.8    28    56    7430    (-,-) 
  u_DCT/DRU/sub_60_47_g1189__2900/ZN                                    -       A1->ZN R     NAND2_X1       2  5.7    68    86    7516    (-,-) 
  u_DCT/DRU/sub_60_47_g1188__6877/ZN                                    -       A1->ZN F     NAND2_X1       1  2.8    28    56    7572    (-,-) 
  u_DCT/DRU/sub_60_47_g1186__2683/ZN                                    -       A1->ZN R     NAND2_X1       2  5.0    63    80    7652    (-,-) 
  u_DCT/DRU/sub_60_47_g1185__9682/ZN                                    -       A1->ZN R     AND2_X1        2  4.4    47   131    7783    (-,-) 
  u_DCT/DRU/sub_60_47_g1182__3772/ZN                                    -       B1->ZN F     AOI21_X1       2  5.4    35    66    7849    (-,-) 
  u_DCT/DRU/sub_60_47_g1179__9906/ZN                                    -       B1->ZN R     OAI21_X1       2  5.7   141   183    8032    (-,-) 
  u_DCT/DRU/sub_60_47_g1178__1857/ZN                                    -       A1->ZN F     NAND2_X1       1  2.8    44    74    8107    (-,-) 
  u_DCT/DRU/sub_60_47_g1176__1840/ZN                                    -       A1->ZN R     NAND2_X1       2  5.7    68    95    8202    (-,-) 
  u_DCT/DRU/sub_60_47_g1175__7344/ZN                                    -       A1->ZN F     NAND2_X1       1  2.8    28    56    8258    (-,-) 
  u_DCT/DRU/sub_60_47_g1173__2703/ZN                                    -       A1->ZN R     NAND2_X1       2  5.7    68    86    8344    (-,-) 
  u_DCT/DRU/sub_60_47_g1172/ZN                                          -       A->ZN  F     INV_X1         1  2.7    20    37    8381    (-,-) 
  u_DCT/DRU/sub_60_47_g1170__2250/ZN                                    -       B1->ZN R     OAI21_X1       1  4.0   111   144    8525    (-,-) 
  u_DCT/DRU/sub_60_47_g1169__5266/CO                                    -       CI->CO R     FA_X1          1  4.0    54   184    8709    (-,-) 
  u_DCT/DRU/sub_60_47_g1168__7114/CO                                    -       CI->CO R     FA_X1          1  3.5    50   150    8859    (-,-) 
  u_DCT/DRU/sub_60_47_g1167__5703/ZN                                    -       A->ZN  R     XNOR2_X1       1  2.9    93   134    8993    (-,-) 
  u_DCT/DRU/g2478__7675/ZN                                              -       A1->ZN F     NAND2_X1       1  2.8    59    65    9058    (-,-) 
  u_DCT/DRU/g2423__4296/ZN                                              -       A1->ZN R     NAND2_X1       1  2.4    38    74    9132    (-,-) 
  u_DCT/DRU/ToBDEG_reg[16]/D                                            -       -      R     SDFF_X1        1    -     -     0    9132    (-,-) 
#-----------------------------------------------------------------------------------------------------------------------------------------------



Path 39: MET (115 ps) Setup Check with Pin u_IDCT/DRU/ToBDEG_reg[16]/CK->D
           Mode: func_mode
          Group: C2C_func_mode
     Startpoint: (R) u_IDCT/tposemem_Bisted_RF_2P_ADV64x16_BistCtrl_i0_S44_Finish_reg/CK
          Clock: (F) CLK1
       Endpoint: (R) u_IDCT/DRU/ToBDEG_reg[16]/D
          Clock: (R) CLK1

                     Capture       Launch     
        Clock Edge:+    8000         4000     
       Src Latency:+       0            0     
       Net Latency:+    2000 (I)     2000 (I) 
           Arrival:=   10000         6000     
                                              
             Setup:-     270                  
       Uncertainty:-     500                  
     Required Time:=    9230                  
      Launch Clock:-    6000                  
         Data Path:-    3115                  
             Slack:=     115                  

#---------------------------------------------------------------------------------------------------------------------------------------------
#                            Timing Point                             Flags    Arc   Edge   Cell     Fanout Load Trans Delay Arrival Instance 
#                                                                                                           (fF)  (ps)  (ps)   (ps)  Location 
#---------------------------------------------------------------------------------------------------------------------------------------------
  u_IDCT/tposemem_Bisted_RF_2P_ADV64x16_BistCtrl_i0_S44_Finish_reg/CK -       -      R     (arrival)      6    -     0     -    6000    (-,-) 
  u_IDCT/tposemem_Bisted_RF_2P_ADV64x16_BistCtrl_i0_S44_Finish_reg/Q  -       CK->Q  R     SDFF_X1        1  2.9    38   189    6189    (-,-) 
  u_IDCT/g3780/ZN                                                     -       A2->ZN F     NAND2_X1       2  4.7    33    58    6247    (-,-) 
  u_IDCT/g3770/ZN                                                     -       A2->ZN R     NAND2_X1       2  3.7    48    79    6326    (-,-) 
  u_IDCT/DRU/g2757/ZN                                                 -       A1->ZN R     AND2_X1        6 13.3   119   201    6527    (-,-) 
  u_IDCT/DRU/sub_60_47_g1227/ZN                                       -       A1->ZN F     NAND2_X1       2  4.8    46    87    6614    (-,-) 
  u_IDCT/DRU/sub_60_47_g1206/ZN                                       -       A1->ZN R     NAND2_X1       1  2.9    42    72    6686    (-,-) 
  u_IDCT/DRU/sub_60_47_g1205/ZN                                       -       A1->ZN F     NAND2_X1       2  5.5    34    62    6747    (-,-) 
  u_IDCT/DRU/sub_60_47_g1203/ZN                                       -       A1->ZN R     NAND2_X1       1  2.9    43    65    6812    (-,-) 
  u_IDCT/DRU/sub_60_47_g1201/ZN                                       -       A1->ZN F     NAND2_X1       2  5.5    34    62    6874    (-,-) 
  u_IDCT/DRU/sub_60_47_g1200/ZN                                       -       A1->ZN R     NAND2_X1       1  2.9    42    65    6939    (-,-) 
  u_IDCT/DRU/sub_60_47_g1198/ZN                                       -       A1->ZN F     NAND2_X1       2  5.5    34    62    7001    (-,-) 
  u_IDCT/DRU/sub_60_47_g1197/ZN                                       -       A1->ZN R     NAND2_X1       1  2.9    42    65    7065    (-,-) 
  u_IDCT/DRU/sub_60_47_g1195/ZN                                       -       A1->ZN F     NAND2_X1       2  5.5    34    62    7127    (-,-) 
  u_IDCT/DRU/sub_60_47_g1194/ZN                                       -       A1->ZN R     NAND2_X1       1  2.9    42    65    7192    (-,-) 
  u_IDCT/DRU/sub_60_47_g1192/ZN                                       -       A1->ZN F     NAND2_X1       2  5.5    34    62    7253    (-,-) 
  u_IDCT/DRU/sub_60_47_g1191/ZN                                       -       A1->ZN R     NAND2_X1       1  2.9    42    65    7318    (-,-) 
  u_IDCT/DRU/sub_60_47_g1189/ZN                                       -       A1->ZN F     NAND2_X1       2  5.5    34    62    7380    (-,-) 
  u_IDCT/DRU/sub_60_47_g1188/ZN                                       -       A1->ZN R     NAND2_X1       1  2.9    42    65    7444    (-,-) 
  u_IDCT/DRU/sub_60_47_g1186/ZN                                       -       A1->ZN F     NAND2_X1       2  4.8    31    58    7502    (-,-) 
  u_IDCT/DRU/sub_60_47_g1185/ZN                                       -       A1->ZN F     AND2_X1        2  4.1    23   112    7614    (-,-) 
  u_IDCT/DRU/sub_60_47_g1182/ZN                                       -       B1->ZN R     AOI21_X1       2  5.7   153   176    7790    (-,-) 
  u_IDCT/DRU/sub_60_47_g1179/ZN                                       -       B1->ZN F     OAI21_X1       2  5.5    57   105    7895    (-,-) 
  u_IDCT/DRU/sub_60_47_g1178/ZN                                       -       A1->ZN R     NAND2_X1       1  2.9    42    78    7973    (-,-) 
  u_IDCT/DRU/sub_60_47_g1176/ZN                                       -       A1->ZN F     NAND2_X1       2  5.5    34    62    8035    (-,-) 
  u_IDCT/DRU/sub_60_47_g1175/ZN                                       -       A1->ZN R     NAND2_X1       1  2.9    42    65    8100    (-,-) 
  u_IDCT/DRU/sub_60_47_g1173/ZN                                       -       A1->ZN F     NAND2_X1       2  5.5    34    62    8161    (-,-) 
  u_IDCT/DRU/sub_60_47_g1172/ZN                                       -       A->ZN  R     INV_X1         1  2.9    33    59    8220    (-,-) 
  u_IDCT/DRU/sub_60_47_g1170/ZN                                       -       B1->ZN F     OAI21_X1       1  3.9    32    51    8271    (-,-) 
  u_IDCT/DRU/sub_60_47_g1169/CO                                       -       CI->CO F     FA_X1          1  3.9    53   278    8549    (-,-) 
  u_IDCT/DRU/sub_60_47_g1168/CO                                       -       CI->CO F     FA_X1          1  3.4    51   283    8832    (-,-) 
  u_IDCT/DRU/sub_60_47_g1167/ZN                                       -       A->ZN  R     XNOR2_X1       1  2.9    93   137    8969    (-,-) 
  u_IDCT/DRU/g2478/ZN                                                 -       A1->ZN F     NAND2_X1       1  2.8    70    65    9034    (-,-) 
  u_IDCT/DRU/g2423/ZN                                                 -       A1->ZN R     NAND2_X1       1  2.4    40    81    9114    (-,-) 
  u_IDCT/DRU/ToBDEG_reg[16]/D                                         -       -      R     SDFF_X1        1    -     -     0    9115    (-,-) 
#---------------------------------------------------------------------------------------------------------------------------------------------



Path 40: MET (130 ps) Setup Check with Pin u_IDCT/DRU/ToBDEG_reg[15]/CK->D
           Mode: func_mode
          Group: C2C_func_mode
     Startpoint: (R) u_IDCT/tposemem_Bisted_RF_2P_ADV64x16_BistCtrl_i0_S44_Finish_reg/CK
          Clock: (F) CLK1
       Endpoint: (R) u_IDCT/DRU/ToBDEG_reg[15]/D
          Clock: (R) CLK1

                     Capture       Launch     
        Clock Edge:+    8000         4000     
       Src Latency:+       0            0     
       Net Latency:+    2000 (I)     2000 (I) 
           Arrival:=   10000         6000     
                                              
             Setup:-     270                  
       Uncertainty:-     500                  
     Required Time:=    9230                  
      Launch Clock:-    6000                  
         Data Path:-    3100                  
             Slack:=     130                  

#---------------------------------------------------------------------------------------------------------------------------------------------
#                            Timing Point                             Flags    Arc   Edge   Cell     Fanout Load Trans Delay Arrival Instance 
#                                                                                                           (fF)  (ps)  (ps)   (ps)  Location 
#---------------------------------------------------------------------------------------------------------------------------------------------
  u_IDCT/tposemem_Bisted_RF_2P_ADV64x16_BistCtrl_i0_S44_Finish_reg/CK -       -      R     (arrival)      6    -     0     -    6000    (-,-) 
  u_IDCT/tposemem_Bisted_RF_2P_ADV64x16_BistCtrl_i0_S44_Finish_reg/Q  -       CK->Q  R     SDFF_X1        1  2.9    38   189    6189    (-,-) 
  u_IDCT/g3780/ZN                                                     -       A2->ZN F     NAND2_X1       2  4.7    33    58    6247    (-,-) 
  u_IDCT/g3770/ZN                                                     -       A2->ZN R     NAND2_X1       2  3.7    48    79    6326    (-,-) 
  u_IDCT/DRU/g2757/ZN                                                 -       A1->ZN R     AND2_X1        6 13.3   119   201    6527    (-,-) 
  u_IDCT/DRU/sub_60_47_g1227/ZN                                       -       A1->ZN F     NAND2_X1       2  4.8    46    87    6614    (-,-) 
  u_IDCT/DRU/sub_60_47_g1206/ZN                                       -       A1->ZN R     NAND2_X1       1  2.9    42    72    6686    (-,-) 
  u_IDCT/DRU/sub_60_47_g1205/ZN                                       -       A1->ZN F     NAND2_X1       2  5.5    34    62    6747    (-,-) 
  u_IDCT/DRU/sub_60_47_g1203/ZN                                       -       A1->ZN R     NAND2_X1       1  2.9    43    65    6812    (-,-) 
  u_IDCT/DRU/sub_60_47_g1201/ZN                                       -       A1->ZN F     NAND2_X1       2  5.5    34    62    6874    (-,-) 
  u_IDCT/DRU/sub_60_47_g1200/ZN                                       -       A1->ZN R     NAND2_X1       1  2.9    42    65    6939    (-,-) 
  u_IDCT/DRU/sub_60_47_g1198/ZN                                       -       A1->ZN F     NAND2_X1       2  5.5    34    62    7001    (-,-) 
  u_IDCT/DRU/sub_60_47_g1197/ZN                                       -       A1->ZN R     NAND2_X1       1  2.9    42    65    7065    (-,-) 
  u_IDCT/DRU/sub_60_47_g1195/ZN                                       -       A1->ZN F     NAND2_X1       2  5.5    34    62    7127    (-,-) 
  u_IDCT/DRU/sub_60_47_g1194/ZN                                       -       A1->ZN R     NAND2_X1       1  2.9    42    65    7192    (-,-) 
  u_IDCT/DRU/sub_60_47_g1192/ZN                                       -       A1->ZN F     NAND2_X1       2  5.5    34    62    7253    (-,-) 
  u_IDCT/DRU/sub_60_47_g1191/ZN                                       -       A1->ZN R     NAND2_X1       1  2.9    42    65    7318    (-,-) 
  u_IDCT/DRU/sub_60_47_g1189/ZN                                       -       A1->ZN F     NAND2_X1       2  5.5    34    62    7380    (-,-) 
  u_IDCT/DRU/sub_60_47_g1188/ZN                                       -       A1->ZN R     NAND2_X1       1  2.9    42    65    7444    (-,-) 
  u_IDCT/DRU/sub_60_47_g1186/ZN                                       -       A1->ZN F     NAND2_X1       2  4.8    31    58    7502    (-,-) 
  u_IDCT/DRU/sub_60_47_g1185/ZN                                       -       A1->ZN F     AND2_X1        2  4.1    23   112    7614    (-,-) 
  u_IDCT/DRU/sub_60_47_g1182/ZN                                       -       B1->ZN R     AOI21_X1       2  5.7   153   176    7790    (-,-) 
  u_IDCT/DRU/sub_60_47_g1179/ZN                                       -       B1->ZN F     OAI21_X1       2  5.5    57   105    7895    (-,-) 
  u_IDCT/DRU/sub_60_47_g1178/ZN                                       -       A1->ZN R     NAND2_X1       1  2.9    42    78    7973    (-,-) 
  u_IDCT/DRU/sub_60_47_g1176/ZN                                       -       A1->ZN F     NAND2_X1       2  5.5    34    62    8035    (-,-) 
  u_IDCT/DRU/sub_60_47_g1175/ZN                                       -       A1->ZN R     NAND2_X1       1  2.9    42    65    8100    (-,-) 
  u_IDCT/DRU/sub_60_47_g1173/ZN                                       -       A1->ZN F     NAND2_X1       2  5.5    34    62    8161    (-,-) 
  u_IDCT/DRU/sub_60_47_g1172/ZN                                       -       A->ZN  R     INV_X1         1  2.9    33    59    8220    (-,-) 
  u_IDCT/DRU/sub_60_47_g1170/ZN                                       -       B1->ZN F     OAI21_X1       1  3.9    32    51    8271    (-,-) 
  u_IDCT/DRU/sub_60_47_g1169/CO                                       -       CI->CO F     FA_X1          1  3.9    53   278    8549    (-,-) 
  u_IDCT/DRU/sub_60_47_g1168/S                                        -       CI->S  R     FA_X1          1  2.9    45   420    8970    (-,-) 
  u_IDCT/DRU/g2480/ZN                                                 -       A1->ZN F     NAND2_X1       1  2.8    70    49    9019    (-,-) 
  u_IDCT/DRU/g2425/ZN                                                 -       A1->ZN R     NAND2_X1       1  2.4    40    81    9099    (-,-) 
  u_IDCT/DRU/ToBDEG_reg[15]/D                                         -       -      R     SDFF_X1        1    -     -     0    9100    (-,-) 
#---------------------------------------------------------------------------------------------------------------------------------------------



Path 41: MET (149 ps) Setup Check with Pin u_IDCT/bdeg/mult_d_mixed_mult_1_12/retime_s2_2_reg/CK->D
           Mode: func_mode
          Group: CLK1
     Startpoint: (R) u_IDCT/bdeg/mult_d_mixed_mult_1_12/retime_s1_5_reg/CK
          Clock: (R) CLK1
       Endpoint: (F) u_IDCT/bdeg/mult_d_mixed_mult_1_12/retime_s2_2_reg/D
          Clock: (R) CLK1

                     Capture       Launch     
        Clock Edge:+    8000            0     
       Src Latency:+       0            0     
       Net Latency:+    2000 (I)     2000 (I) 
           Arrival:=   10000         2000     
                                              
             Setup:-     266                  
       Uncertainty:-     500                  
     Required Time:=    9234                  
      Launch Clock:-    2000                  
         Data Path:-    7085                  
             Slack:=     149                  

#-------------------------------------------------------------------------------------------------------------------------------
#                     Timing Point                      Flags    Arc   Edge   Cell     Fanout Load Trans Delay Arrival Instance 
#                                                                                             (fF)  (ps)  (ps)   (ps)  Location 
#-------------------------------------------------------------------------------------------------------------------------------
  u_IDCT/bdeg/mult_d_mixed_mult_1_12/retime_s1_5_reg/CK -       -      R     (arrival)    670    -     0     -    2000    (-,-) 
  u_IDCT/bdeg/mult_d_mixed_mult_1_12/retime_s1_5_reg/QN -       CK->QN F     SDFFRS_X2      5 15.3    38   310    2310    (-,-) 
  u_IDCT/bdeg/mult_d_mixed_mult_1_12/g40914/ZN          -       A->ZN  R     INV_X2        15 41.8   178   215    2525    (-,-) 
  u_IDCT/bdeg/mult_d_mixed_mult_1_12/g40229/ZN          -       A2->ZN F     NOR2_X1        3  7.6    53    98    2623    (-,-) 
  u_IDCT/bdeg/mult_d_mixed_mult_1_12/g40093/ZN          -       A1->ZN R     NAND2_X1       1  2.9    43    76    2699    (-,-) 
  u_IDCT/bdeg/mult_d_mixed_mult_1_12/g40084/ZN          -       A->ZN  F     OAI21_X1       2  5.4    51    73    2772    (-,-) 
  u_IDCT/bdeg/mult_d_mixed_mult_1_12/g39988/ZN          -       A->ZN  R     OAI21_X1       1  2.9    92    94    2866    (-,-) 
  u_IDCT/bdeg/mult_d_mixed_mult_1_12/g39977/ZN          -       A1->ZN F     NAND2_X1       2  6.7    46    91    2958    (-,-) 
  u_IDCT/bdeg/mult_d_mixed_mult_1_12/g39931/ZN          -       A->ZN  R     OAI21_X2       1  2.9    67    78    3036    (-,-) 
  u_IDCT/bdeg/mult_d_mixed_mult_1_12/g39930/ZN          -       A->ZN  F     OAI21_X1       2  6.8    43    92    3127    (-,-) 
  u_IDCT/bdeg/mult_d_mixed_mult_1_12/g39900/ZN          -       A1->ZN R     NAND2_X2       1  4.3    36    64    3191    (-,-) 
  u_IDCT/bdeg/mult_d_mixed_mult_1_12/g39898/ZN          -       A1->ZN F     NAND2_X2       2  5.4    21    45    3236    (-,-) 
  u_IDCT/bdeg/mult_d_mixed_mult_1_12/g41181/ZN          -       A->ZN  R     OAI21_X1       1  2.9    92    77    3313    (-,-) 
  u_IDCT/bdeg/mult_d_mixed_mult_1_12/g39882/ZN          -       A1->ZN F     NAND2_X1       1  4.8    40    79    3392    (-,-) 
  u_IDCT/bdeg/mult_d_mixed_mult_1_12/g41184/CO          -       A->CO  F     FA_X1          2  5.4    58   315    3707    (-,-) 
  u_IDCT/bdeg/mult_d_mixed_mult_1_12/g39876/ZN          -       A->ZN  R     OAI21_X1       1  2.9    92    99    3806    (-,-) 
  u_IDCT/bdeg/mult_d_mixed_mult_1_12/g39874/ZN          -       A1->ZN F     NAND2_X1       2  5.4    42    83    3889    (-,-) 
  u_IDCT/bdeg/mult_d_mixed_mult_1_12/g39872/ZN          -       A->ZN  R     OAI21_X1       1  2.9    92    89    3978    (-,-) 
  u_IDCT/bdeg/mult_d_mixed_mult_1_12/g39870/ZN          -       A1->ZN F     NAND2_X1       2  5.4    42    83    4060    (-,-) 
  u_IDCT/bdeg/mult_d_mixed_mult_1_12/g39868/ZN          -       A->ZN  R     OAI21_X1       1  2.9    92    89    4149    (-,-) 
  u_IDCT/bdeg/mult_d_mixed_mult_1_12/g39866/ZN          -       A1->ZN F     NAND2_X1       1  3.9    37    73    4222    (-,-) 
  u_IDCT/bdeg/mult_d_mixed_mult_1_12/g39864/CO          -       CI->CO F     FA_X1          1  3.9    53   280    4502    (-,-) 
  u_IDCT/bdeg/mult_d_mixed_mult_1_12/g39863/CO          -       CI->CO F     FA_X1          1  3.9    53   287    4790    (-,-) 
  u_IDCT/bdeg/mult_d_mixed_mult_1_12/g39862/CO          -       CI->CO F     FA_X1          1  3.9    53   287    5077    (-,-) 
  u_IDCT/bdeg/mult_d_mixed_mult_1_12/g39861/CO          -       CI->CO F     FA_X1          1  3.9    53   287    5364    (-,-) 
  u_IDCT/bdeg/mult_d_mixed_mult_1_12/g39860/CO          -       CI->CO F     FA_X1          1  3.9    53   287    5651    (-,-) 
  u_IDCT/bdeg/mult_d_mixed_mult_1_12/g39859/CO          -       CI->CO F     FA_X1          1  3.9    53   287    5939    (-,-) 
  u_IDCT/bdeg/mult_d_mixed_mult_1_12/g39858/CO          -       CI->CO F     FA_X1          1  3.9    53   287    6226    (-,-) 
  u_IDCT/bdeg/mult_d_mixed_mult_1_12/g39857/CO          -       CI->CO F     FA_X1          1  3.9    53   287    6513    (-,-) 
  u_IDCT/bdeg/mult_d_mixed_mult_1_12/g39856/CO          -       CI->CO F     FA_X1          1  3.9    53   287    6801    (-,-) 
  u_IDCT/bdeg/mult_d_mixed_mult_1_12/g39855/CO          -       CI->CO F     FA_X1          1  3.9    53   287    7088    (-,-) 
  u_IDCT/bdeg/mult_d_mixed_mult_1_12/g39854/CO          -       CI->CO F     FA_X1          1  3.9    53   287    7375    (-,-) 
  u_IDCT/bdeg/mult_d_mixed_mult_1_12/g39853/CO          -       CI->CO F     FA_X1          1  3.9    53   287    7662    (-,-) 
  u_IDCT/bdeg/mult_d_mixed_mult_1_12/g39852/CO          -       CI->CO F     FA_X1          1  3.9    53   287    7950    (-,-) 
  u_IDCT/bdeg/mult_d_mixed_mult_1_12/g39851/CO          -       CI->CO F     FA_X1          1  3.9    53   287    8237    (-,-) 
  u_IDCT/bdeg/mult_d_mixed_mult_1_12/g39850/CO          -       CI->CO F     FA_X1          1  3.9    53   287    8524    (-,-) 
  u_IDCT/bdeg/mult_d_mixed_mult_1_12/g39849/CO          -       CI->CO F     FA_X1          1  3.9    53   287    8812    (-,-) 
  u_IDCT/bdeg/mult_d_mixed_mult_1_12/g39848/CO          -       CI->CO F     FA_X1          1  2.3    46   273    9085    (-,-) 
  u_IDCT/bdeg/mult_d_mixed_mult_1_12/retime_s2_2_reg/D  -       -      F     SDFF_X1        1    -     -     0    9085    (-,-) 
#-------------------------------------------------------------------------------------------------------------------------------



Path 42: MET (149 ps) Setup Check with Pin u_DCT/bdeg/mult_d_mixed_mult_1_12/retime_s2_2_reg/CK->D
           Mode: func_mode
          Group: CLK1
     Startpoint: (R) u_DCT/bdeg/mult_d_mixed_mult_1_12/retime_s1_5_reg/CK
          Clock: (R) CLK1
       Endpoint: (F) u_DCT/bdeg/mult_d_mixed_mult_1_12/retime_s2_2_reg/D
          Clock: (R) CLK1

                     Capture       Launch     
        Clock Edge:+    8000            0     
       Src Latency:+       0            0     
       Net Latency:+    2000 (I)     2000 (I) 
           Arrival:=   10000         2000     
                                              
             Setup:-     266                  
       Uncertainty:-     500                  
     Required Time:=    9234                  
      Launch Clock:-    2000                  
         Data Path:-    7085                  
             Slack:=     149                  

#------------------------------------------------------------------------------------------------------------------------------
#                    Timing Point                      Flags    Arc   Edge   Cell     Fanout Load Trans Delay Arrival Instance 
#                                                                                            (fF)  (ps)  (ps)   (ps)  Location 
#------------------------------------------------------------------------------------------------------------------------------
  u_DCT/bdeg/mult_d_mixed_mult_1_12/retime_s1_5_reg/CK -       -      R     (arrival)    670    -     0     -    2000    (-,-) 
  u_DCT/bdeg/mult_d_mixed_mult_1_12/retime_s1_5_reg/QN -       CK->QN F     SDFFRS_X2      5 15.3    38   310    2310    (-,-) 
  u_DCT/bdeg/mult_d_mixed_mult_1_12/g40914/ZN          -       A->ZN  R     INV_X2        15 41.8   178   215    2525    (-,-) 
  u_DCT/bdeg/mult_d_mixed_mult_1_12/g40229/ZN          -       A2->ZN F     NOR2_X1        3  7.6    53    98    2623    (-,-) 
  u_DCT/bdeg/mult_d_mixed_mult_1_12/g40093/ZN          -       A1->ZN R     NAND2_X1       1  2.9    43    76    2699    (-,-) 
  u_DCT/bdeg/mult_d_mixed_mult_1_12/g40084/ZN          -       A->ZN  F     OAI21_X1       2  5.4    51    73    2772    (-,-) 
  u_DCT/bdeg/mult_d_mixed_mult_1_12/g39988/ZN          -       A->ZN  R     OAI21_X1       1  2.9    92    94    2866    (-,-) 
  u_DCT/bdeg/mult_d_mixed_mult_1_12/g39977/ZN          -       A1->ZN F     NAND2_X1       2  6.7    46    91    2958    (-,-) 
  u_DCT/bdeg/mult_d_mixed_mult_1_12/g39931/ZN          -       A->ZN  R     OAI21_X2       1  2.9    67    78    3036    (-,-) 
  u_DCT/bdeg/mult_d_mixed_mult_1_12/g39930/ZN          -       A->ZN  F     OAI21_X1       2  6.8    43    92    3127    (-,-) 
  u_DCT/bdeg/mult_d_mixed_mult_1_12/g39900/ZN          -       A1->ZN R     NAND2_X2       1  4.3    36    64    3191    (-,-) 
  u_DCT/bdeg/mult_d_mixed_mult_1_12/g39898/ZN          -       A1->ZN F     NAND2_X2       2  5.4    21    45    3236    (-,-) 
  u_DCT/bdeg/mult_d_mixed_mult_1_12/g41181/ZN          -       A->ZN  R     OAI21_X1       1  2.9    92    77    3313    (-,-) 
  u_DCT/bdeg/mult_d_mixed_mult_1_12/g39882/ZN          -       A1->ZN F     NAND2_X1       1  4.8    40    79    3392    (-,-) 
  u_DCT/bdeg/mult_d_mixed_mult_1_12/g41184/CO          -       A->CO  F     FA_X1          2  5.4    58   315    3707    (-,-) 
  u_DCT/bdeg/mult_d_mixed_mult_1_12/g39876/ZN          -       A->ZN  R     OAI21_X1       1  2.9    92    99    3806    (-,-) 
  u_DCT/bdeg/mult_d_mixed_mult_1_12/g39874/ZN          -       A1->ZN F     NAND2_X1       2  5.4    42    83    3889    (-,-) 
  u_DCT/bdeg/mult_d_mixed_mult_1_12/g39872/ZN          -       A->ZN  R     OAI21_X1       1  2.9    92    89    3978    (-,-) 
  u_DCT/bdeg/mult_d_mixed_mult_1_12/g39870/ZN          -       A1->ZN F     NAND2_X1       2  5.4    42    83    4060    (-,-) 
  u_DCT/bdeg/mult_d_mixed_mult_1_12/g39868/ZN          -       A->ZN  R     OAI21_X1       1  2.9    92    89    4149    (-,-) 
  u_DCT/bdeg/mult_d_mixed_mult_1_12/g39866/ZN          -       A1->ZN F     NAND2_X1       1  3.9    37    73    4222    (-,-) 
  u_DCT/bdeg/mult_d_mixed_mult_1_12/g39864/CO          -       CI->CO F     FA_X1          1  3.9    53   280    4502    (-,-) 
  u_DCT/bdeg/mult_d_mixed_mult_1_12/g39863/CO          -       CI->CO F     FA_X1          1  3.9    53   287    4790    (-,-) 
  u_DCT/bdeg/mult_d_mixed_mult_1_12/g39862/CO          -       CI->CO F     FA_X1          1  3.9    53   287    5077    (-,-) 
  u_DCT/bdeg/mult_d_mixed_mult_1_12/g39861/CO          -       CI->CO F     FA_X1          1  3.9    53   287    5364    (-,-) 
  u_DCT/bdeg/mult_d_mixed_mult_1_12/g39860/CO          -       CI->CO F     FA_X1          1  3.9    53   287    5651    (-,-) 
  u_DCT/bdeg/mult_d_mixed_mult_1_12/g39859/CO          -       CI->CO F     FA_X1          1  3.9    53   287    5939    (-,-) 
  u_DCT/bdeg/mult_d_mixed_mult_1_12/g39858/CO          -       CI->CO F     FA_X1          1  3.9    53   287    6226    (-,-) 
  u_DCT/bdeg/mult_d_mixed_mult_1_12/g39857/CO          -       CI->CO F     FA_X1          1  3.9    53   287    6513    (-,-) 
  u_DCT/bdeg/mult_d_mixed_mult_1_12/g39856/CO          -       CI->CO F     FA_X1          1  3.9    53   287    6801    (-,-) 
  u_DCT/bdeg/mult_d_mixed_mult_1_12/g39855/CO          -       CI->CO F     FA_X1          1  3.9    53   287    7088    (-,-) 
  u_DCT/bdeg/mult_d_mixed_mult_1_12/g39854/CO          -       CI->CO F     FA_X1          1  3.9    53   287    7375    (-,-) 
  u_DCT/bdeg/mult_d_mixed_mult_1_12/g39853/CO          -       CI->CO F     FA_X1          1  3.9    53   287    7662    (-,-) 
  u_DCT/bdeg/mult_d_mixed_mult_1_12/g39852/CO          -       CI->CO F     FA_X1          1  3.9    53   287    7950    (-,-) 
  u_DCT/bdeg/mult_d_mixed_mult_1_12/g39851/CO          -       CI->CO F     FA_X1          1  3.9    53   287    8237    (-,-) 
  u_DCT/bdeg/mult_d_mixed_mult_1_12/g39850/CO          -       CI->CO F     FA_X1          1  3.9    53   287    8524    (-,-) 
  u_DCT/bdeg/mult_d_mixed_mult_1_12/g39849/CO          -       CI->CO F     FA_X1          1  3.9    53   287    8812    (-,-) 
  u_DCT/bdeg/mult_d_mixed_mult_1_12/g39848/CO          -       CI->CO F     FA_X1          1  2.3    46   273    9085    (-,-) 
  u_DCT/bdeg/mult_d_mixed_mult_1_12/retime_s2_2_reg/D  -       -      F     SDFF_X1        1    -     -     0    9085    (-,-) 
#------------------------------------------------------------------------------------------------------------------------------



Path 43: MET (154 ps) Setup Check with Pin u_DCT/tposemem_Bisted_RF_2P_ADV64x16_RF_2P_ADV64x16_u0_SRAM_i0/CLKB->DB[12]
           Mode: func_mode
          Group: C2C_func_mode
     Startpoint: (R) u_DCT/IDRU8/Count_reg[0]/CK
          Clock: (R) CLK1
       Endpoint: (F) u_DCT/tposemem_Bisted_RF_2P_ADV64x16_RF_2P_ADV64x16_u0_SRAM_i0/DB[12]
          Clock: (F) CLK1

                     Capture       Launch     
        Clock Edge:+    4000            0     
       Src Latency:+       0            0     
       Net Latency:+    2000 (I)     2000 (I) 
           Arrival:=    6000         2000     
                                              
             Setup:-     238                  
       Uncertainty:-     500                  
     Required Time:=    5262                  
      Launch Clock:-    2000                  
         Data Path:-    3108                  
             Slack:=     154                  

#-----------------------------------------------------------------------------------------------------------------------------------------------
#                             Timing Point                              Flags    Arc   Edge   Cell     Fanout Load Trans Delay Arrival Instance 
#                                                                                                             (fF)  (ps)  (ps)   (ps)  Location 
#-----------------------------------------------------------------------------------------------------------------------------------------------
  u_DCT/IDRU8/Count_reg[0]/CK                                           -       -      R     (arrival)     23    -     0     -    2000    (-,-) 
  u_DCT/IDRU8/Count_reg[0]/Q                                            -       CK->Q  F     SDFF_X2        3 10.2    78   360    2360    (-,-) 
  u_DCT/IDRU8/g5849/ZN                                                  -       A->ZN  R     INV_X4         4 11.9    41    85    2444    (-,-) 
  u_DCT/IDRU8/g5834__1840/ZN                                            -       A2->ZN R     AND2_X2        7 18.8    87   164    2608    (-,-) 
  u_DCT/IDRU8/g5833/ZN                                                  -       A->ZN  F     INV_X2         7 14.5    32    65    2673    (-,-) 
  u_DCT/IDRU8/g5728__4547/ZN                                            -       B1->ZN R     OAI22_X1       1  2.9   128   169    2842    (-,-) 
  u_DCT/IDRU8/g5872/ZN                                                  -       A->ZN  F     AOI21_X1       1  2.8    38    70    2912    (-,-) 
  u_DCT/IDRU8/g2/ZN                                                     -       A1->ZN R     NAND2_X1       2  6.8    74   100    3013    (-,-) 
  u_DCT/IDRU8/add_86_45_g704__5019/ZN                                   -       A->ZN  F     OAI211_X2      1  4.1    48    94    3107    (-,-) 
  u_DCT/IDRU8/add_86_45_g694__5953/ZN                                   -       A1->ZN R     NAND2_X2       2  5.7    42    73    3180    (-,-) 
  u_DCT/IDRU8/add_86_45_g691__7118/ZN                                   -       A1->ZN F     NAND2_X1       1  4.1    26    55    3235    (-,-) 
  u_DCT/IDRU8/add_86_45_g688__2900/ZN                                   -       A1->ZN R     NAND2_X2       2  5.7    42    60    3295    (-,-) 
  u_DCT/IDRU8/add_86_45_g686__1309/ZN                                   -       A1->ZN F     NAND2_X1       1  4.1    26    55    3350    (-,-) 
  u_DCT/IDRU8/add_86_45_g684__9682/ZN                                   -       A1->ZN R     NAND2_X2       3  7.9    51    70    3420    (-,-) 
  u_DCT/IDRU8/add_86_45_g680__4296/ZN                                   -       A1->ZN F     NAND3_X1       1  4.1    43    77    3497    (-,-) 
  u_DCT/IDRU8/add_86_45_g679__8780/ZN                                   -       A1->ZN R     NAND3_X2       2  5.7    52    76    3573    (-,-) 
  u_DCT/IDRU8/add_86_45_g677__1857/ZN                                   -       A1->ZN F     NAND2_X1       1  4.1    28    59    3631    (-,-) 
  u_DCT/IDRU8/add_86_45_g675__1840/ZN                                   -       A1->ZN R     NAND2_X2       2  5.7    44    62    3693    (-,-) 
  u_DCT/IDRU8/add_86_45_g674__7344/ZN                                   -       A1->ZN F     NAND2_X1       1  2.8    22    49    3742    (-,-) 
  u_DCT/IDRU8/add_86_45_g672__2703/ZN                                   -       A1->ZN R     NAND2_X1       2  5.0    61    76    3818    (-,-) 
  u_DCT/IDRU8/add_86_45_g671__6083/ZN                                   -       A1->ZN R     AND2_X1        3  6.6    64   150    3968    (-,-) 
  u_DCT/IDRU8/add_86_45_g669__5266/ZN                                   -       A1->ZN F     NAND2_X1       1  4.3    38    65    4033    (-,-) 
  u_DCT/IDRU8/add_86_45_g666__5953/ZN                                   -       A->ZN  R     OAI211_X2      2  7.1   114    97    4130    (-,-) 
  u_DCT/IDRU8/add_86_45_g664__8757/ZN                                   -       A1->ZN F     NAND2_X2       2  6.3    40    73    4203    (-,-) 
  u_DCT/IDRU8/add_86_45_g659__6877/ZN                                   -       B1->ZN R     OAI221_X2      3  7.9   172   228    4431    (-,-) 
  u_DCT/IDRU8/add_86_45_g656__9682/ZN                                   -       A->ZN  F     XNOR2_X1       1  2.2    50    78    4509    (-,-) 
  u_DCT/IDRU8/g5250__7675/Z                                             -       A->Z   F     MUX2_X1        2  4.3    41   254    4763    (-,-) 
  u_DCT/IDRU8/g5113__3772/Z                                             -       A->Z   F     MUX2_X1        1  2.8    37   239    5002    (-,-) 
  u_DCT/g3863/ZN                                                        -       A->ZN  R     INV_X1         1  2.9    33    61    5063    (-,-) 
  u_DCT/g3732/ZN                                                        -       B1->ZN F     OAI21_X1       1  2.6    30    45    5108    (-,-) 
  u_DCT/tposemem_Bisted_RF_2P_ADV64x16_RF_2P_ADV64x16_u0_SRAM_i0/DB[12] (P)     -      F     rf_2p_hse      1    -     -     0    5108    (-,-) 
#-----------------------------------------------------------------------------------------------------------------------------------------------

(P) : Instance is preserved



Path 44: MET (253 ps) Setup Check with Pin u_DCT/tposemem_Bisted_RF_2P_ADV64x16_RF_2P_ADV64x16_u0_SRAM_i0/CLKB->DB[11]
           Mode: func_mode
          Group: C2C_func_mode
     Startpoint: (R) u_DCT/IDRU8/Count_reg[0]/CK
          Clock: (R) CLK1
       Endpoint: (F) u_DCT/tposemem_Bisted_RF_2P_ADV64x16_RF_2P_ADV64x16_u0_SRAM_i0/DB[11]
          Clock: (F) CLK1

                     Capture       Launch     
        Clock Edge:+    4000            0     
       Src Latency:+       0            0     
       Net Latency:+    2000 (I)     2000 (I) 
           Arrival:=    6000         2000     
                                              
             Setup:-     238                  
       Uncertainty:-     500                  
     Required Time:=    5262                  
      Launch Clock:-    2000                  
         Data Path:-    3009                  
             Slack:=     253                  

#-----------------------------------------------------------------------------------------------------------------------------------------------
#                             Timing Point                              Flags    Arc   Edge   Cell     Fanout Load Trans Delay Arrival Instance 
#                                                                                                             (fF)  (ps)  (ps)   (ps)  Location 
#-----------------------------------------------------------------------------------------------------------------------------------------------
  u_DCT/IDRU8/Count_reg[0]/CK                                           -       -      R     (arrival)     23    -     0     -    2000    (-,-) 
  u_DCT/IDRU8/Count_reg[0]/Q                                            -       CK->Q  F     SDFF_X2        3 10.2    78   360    2360    (-,-) 
  u_DCT/IDRU8/g5849/ZN                                                  -       A->ZN  R     INV_X4         4 11.9    41    85    2444    (-,-) 
  u_DCT/IDRU8/g5847/ZN                                                  -       A->ZN  F     INV_X2         4 19.3    25    52    2497    (-,-) 
  u_DCT/IDRU8/g5815__7344/ZN                                            -       A1->ZN F     AND3_X2        3  9.5    26   114    2611    (-,-) 
  u_DCT/IDRU8/g5807/ZN                                                  -       A->ZN  R     INV_X2         1  7.4    39    62    2672    (-,-) 
  u_DCT/IDRU8/g5805/ZN                                                  -       A->ZN  F     INV_X4        30 64.4    36    66    2739    (-,-) 
  u_DCT/IDRU8/g5712__6083/ZN                                            -       A1->ZN R     AOI22_X1       1  2.9   114   145    2883    (-,-) 
  u_DCT/IDRU8/g5619__7118/ZN                                            -       A2->ZN F     NAND4_X1       4 10.2   113   199    3083    (-,-) 
  u_DCT/IDRU8/add_86_45_g743__8780/ZN                                   -       A1->ZN F     OR2_X1         2  4.8    38   235    3318    (-,-) 
  u_DCT/IDRU8/add_86_45_g686__1309/ZN                                   -       A2->ZN R     NAND2_X1       1  4.3    53    87    3405    (-,-) 
  u_DCT/IDRU8/add_86_45_g684__9682/ZN                                   -       A1->ZN F     NAND2_X2       3  7.6    28    58    3463    (-,-) 
  u_DCT/IDRU8/add_86_45_g680__4296/ZN                                   -       A1->ZN R     NAND3_X1       1  4.2    60    77    3540    (-,-) 
  u_DCT/IDRU8/add_86_45_g679__8780/ZN                                   -       A1->ZN F     NAND3_X2       2  5.5    37    72    3612    (-,-) 
  u_DCT/IDRU8/add_86_45_g677__1857/ZN                                   -       A1->ZN R     NAND2_X1       1  4.3    53    79    3691    (-,-) 
  u_DCT/IDRU8/add_86_45_g675__1840/ZN                                   -       A1->ZN F     NAND2_X2       2  5.5    24    52    3743    (-,-) 
  u_DCT/IDRU8/add_86_45_g674__7344/ZN                                   -       A1->ZN R     NAND2_X1       1  2.9    42    60    3802    (-,-) 
  u_DCT/IDRU8/add_86_45_g672__2703/ZN                                   -       A1->ZN F     NAND2_X1       2  4.8    30    58    3861    (-,-) 
  u_DCT/IDRU8/add_86_45_g671__6083/ZN                                   -       A1->ZN F     AND2_X1        3  6.2    28   119    3980    (-,-) 
  u_DCT/IDRU8/add_86_45_g669__5266/ZN                                   -       A1->ZN R     NAND2_X1       1  4.6    56    76    4056    (-,-) 
  u_DCT/IDRU8/add_86_45_g666__5953/ZN                                   -       A->ZN  F     OAI211_X2      2  6.8    71    97    4153    (-,-) 
  u_DCT/IDRU8/add_86_45_g664__8757/ZN                                   -       A1->ZN R     NAND2_X2       2  6.8    47    92    4244    (-,-) 
  u_DCT/IDRU8/add_86_45_g660__2900/ZN                                   -       A1->ZN F     NAND2_X1       1  3.4    28    53    4298    (-,-) 
  u_DCT/IDRU8/add_86_45_g657__2683/ZN                                   -       A->ZN  F     XNOR2_X1       1  2.2    27   125    4423    (-,-) 
  u_DCT/IDRU8/g5253__1786/Z                                             -       A->Z   F     MUX2_X1        2  4.3    41   241    4664    (-,-) 
  u_DCT/IDRU8/g5115__4547/Z                                             -       A->Z   F     MUX2_X1        1  2.8    37   239    4903    (-,-) 
  u_DCT/g3862/ZN                                                        -       A->ZN  R     INV_X1         1  2.9    33    61    4964    (-,-) 
  u_DCT/g3742/ZN                                                        -       B1->ZN F     OAI21_X1       1  2.6    30    45    5009    (-,-) 
  u_DCT/tposemem_Bisted_RF_2P_ADV64x16_RF_2P_ADV64x16_u0_SRAM_i0/DB[11] (P)     -      F     rf_2p_hse      1    -     -     0    5009    (-,-) 
#-----------------------------------------------------------------------------------------------------------------------------------------------

(P) : Instance is preserved



Path 45: MET (289 ps) Setup Check with Pin u_IDCT/bdeg/mult_d_R_reg[2][26]/CK->D
           Mode: func_mode
          Group: CLK1
     Startpoint: (R) u_IDCT/bdeg/mult_d_mixed_mult_1_12/retime_s1_5_reg/CK
          Clock: (R) CLK1
       Endpoint: (R) u_IDCT/bdeg/mult_d_R_reg[2][26]/D
          Clock: (R) CLK1

                     Capture       Launch     
        Clock Edge:+    8000            0     
       Src Latency:+       0            0     
       Net Latency:+    2000 (I)     2000 (I) 
           Arrival:=   10000         2000     
                                              
             Setup:-     270                  
       Uncertainty:-     500                  
     Required Time:=    9230                  
      Launch Clock:-    2000                  
         Data Path:-    6941                  
             Slack:=     289                  

#-------------------------------------------------------------------------------------------------------------------------------
#                     Timing Point                      Flags    Arc   Edge   Cell     Fanout Load Trans Delay Arrival Instance 
#                                                                                             (fF)  (ps)  (ps)   (ps)  Location 
#-------------------------------------------------------------------------------------------------------------------------------
  u_IDCT/bdeg/mult_d_mixed_mult_1_12/retime_s1_5_reg/CK -       -      R     (arrival)    670    -     0     -    2000    (-,-) 
  u_IDCT/bdeg/mult_d_mixed_mult_1_12/retime_s1_5_reg/QN -       CK->QN F     SDFFRS_X2      5 15.3    38   310    2310    (-,-) 
  u_IDCT/bdeg/mult_d_mixed_mult_1_12/g40914/ZN          -       A->ZN  R     INV_X2        15 41.8   178   215    2525    (-,-) 
  u_IDCT/bdeg/mult_d_mixed_mult_1_12/g40229/ZN          -       A2->ZN F     NOR2_X1        3  7.6    53    98    2623    (-,-) 
  u_IDCT/bdeg/mult_d_mixed_mult_1_12/g40093/ZN          -       A1->ZN R     NAND2_X1       1  2.9    43    76    2699    (-,-) 
  u_IDCT/bdeg/mult_d_mixed_mult_1_12/g40084/ZN          -       A->ZN  F     OAI21_X1       2  5.4    51    73    2772    (-,-) 
  u_IDCT/bdeg/mult_d_mixed_mult_1_12/g39988/ZN          -       A->ZN  R     OAI21_X1       1  2.9    92    94    2866    (-,-) 
  u_IDCT/bdeg/mult_d_mixed_mult_1_12/g39977/ZN          -       A1->ZN F     NAND2_X1       2  6.7    46    91    2958    (-,-) 
  u_IDCT/bdeg/mult_d_mixed_mult_1_12/g39931/ZN          -       A->ZN  R     OAI21_X2       1  2.9    67    78    3036    (-,-) 
  u_IDCT/bdeg/mult_d_mixed_mult_1_12/g39930/ZN          -       A->ZN  F     OAI21_X1       2  6.8    43    92    3127    (-,-) 
  u_IDCT/bdeg/mult_d_mixed_mult_1_12/g39900/ZN          -       A1->ZN R     NAND2_X2       1  4.3    36    64    3191    (-,-) 
  u_IDCT/bdeg/mult_d_mixed_mult_1_12/g39898/ZN          -       A1->ZN F     NAND2_X2       2  5.4    21    45    3236    (-,-) 
  u_IDCT/bdeg/mult_d_mixed_mult_1_12/g41181/ZN          -       A->ZN  R     OAI21_X1       1  2.9    92    77    3313    (-,-) 
  u_IDCT/bdeg/mult_d_mixed_mult_1_12/g39882/ZN          -       A1->ZN F     NAND2_X1       1  4.8    40    79    3392    (-,-) 
  u_IDCT/bdeg/mult_d_mixed_mult_1_12/g41184/CO          -       A->CO  F     FA_X1          2  5.4    58   315    3707    (-,-) 
  u_IDCT/bdeg/mult_d_mixed_mult_1_12/g39876/ZN          -       A->ZN  R     OAI21_X1       1  2.9    92    99    3806    (-,-) 
  u_IDCT/bdeg/mult_d_mixed_mult_1_12/g39874/ZN          -       A1->ZN F     NAND2_X1       2  5.4    42    83    3889    (-,-) 
  u_IDCT/bdeg/mult_d_mixed_mult_1_12/g39872/ZN          -       A->ZN  R     OAI21_X1       1  2.9    92    89    3978    (-,-) 
  u_IDCT/bdeg/mult_d_mixed_mult_1_12/g39870/ZN          -       A1->ZN F     NAND2_X1       2  5.4    42    83    4060    (-,-) 
  u_IDCT/bdeg/mult_d_mixed_mult_1_12/g39868/ZN          -       A->ZN  R     OAI21_X1       1  2.9    92    89    4149    (-,-) 
  u_IDCT/bdeg/mult_d_mixed_mult_1_12/g39866/ZN          -       A1->ZN F     NAND2_X1       1  3.9    37    73    4222    (-,-) 
  u_IDCT/bdeg/mult_d_mixed_mult_1_12/g39864/CO          -       CI->CO F     FA_X1          1  3.9    53   280    4502    (-,-) 
  u_IDCT/bdeg/mult_d_mixed_mult_1_12/g39863/CO          -       CI->CO F     FA_X1          1  3.9    53   287    4790    (-,-) 
  u_IDCT/bdeg/mult_d_mixed_mult_1_12/g39862/CO          -       CI->CO F     FA_X1          1  3.9    53   287    5077    (-,-) 
  u_IDCT/bdeg/mult_d_mixed_mult_1_12/g39861/CO          -       CI->CO F     FA_X1          1  3.9    53   287    5364    (-,-) 
  u_IDCT/bdeg/mult_d_mixed_mult_1_12/g39860/CO          -       CI->CO F     FA_X1          1  3.9    53   287    5651    (-,-) 
  u_IDCT/bdeg/mult_d_mixed_mult_1_12/g39859/CO          -       CI->CO F     FA_X1          1  3.9    53   287    5939    (-,-) 
  u_IDCT/bdeg/mult_d_mixed_mult_1_12/g39858/CO          -       CI->CO F     FA_X1          1  3.9    53   287    6226    (-,-) 
  u_IDCT/bdeg/mult_d_mixed_mult_1_12/g39857/CO          -       CI->CO F     FA_X1          1  3.9    53   287    6513    (-,-) 
  u_IDCT/bdeg/mult_d_mixed_mult_1_12/g39856/CO          -       CI->CO F     FA_X1          1  3.9    53   287    6801    (-,-) 
  u_IDCT/bdeg/mult_d_mixed_mult_1_12/g39855/CO          -       CI->CO F     FA_X1          1  3.9    53   287    7088    (-,-) 
  u_IDCT/bdeg/mult_d_mixed_mult_1_12/g39854/CO          -       CI->CO F     FA_X1          1  3.9    53   287    7375    (-,-) 
  u_IDCT/bdeg/mult_d_mixed_mult_1_12/g39853/CO          -       CI->CO F     FA_X1          1  3.9    53   287    7662    (-,-) 
  u_IDCT/bdeg/mult_d_mixed_mult_1_12/g39852/CO          -       CI->CO F     FA_X1          1  3.9    53   287    7950    (-,-) 
  u_IDCT/bdeg/mult_d_mixed_mult_1_12/g39851/CO          -       CI->CO F     FA_X1          1  3.9    53   287    8237    (-,-) 
  u_IDCT/bdeg/mult_d_mixed_mult_1_12/g39850/CO          -       CI->CO F     FA_X1          1  3.9    53   287    8524    (-,-) 
  u_IDCT/bdeg/mult_d_mixed_mult_1_12/g39849/S           -       CI->S  R     FA_X1          1  2.4    40   416    8941    (-,-) 
  u_IDCT/bdeg/mult_d_R_reg[2][26]/D                     -       -      R     SDFF_X1        1    -     -     0    8941    (-,-) 
#-------------------------------------------------------------------------------------------------------------------------------



Path 46: MET (289 ps) Setup Check with Pin u_DCT/bdeg/mult_d_R_reg[2][26]/CK->D
           Mode: func_mode
          Group: CLK1
     Startpoint: (R) u_DCT/bdeg/mult_d_mixed_mult_1_12/retime_s1_5_reg/CK
          Clock: (R) CLK1
       Endpoint: (R) u_DCT/bdeg/mult_d_R_reg[2][26]/D
          Clock: (R) CLK1

                     Capture       Launch     
        Clock Edge:+    8000            0     
       Src Latency:+       0            0     
       Net Latency:+    2000 (I)     2000 (I) 
           Arrival:=   10000         2000     
                                              
             Setup:-     270                  
       Uncertainty:-     500                  
     Required Time:=    9230                  
      Launch Clock:-    2000                  
         Data Path:-    6941                  
             Slack:=     289                  

#------------------------------------------------------------------------------------------------------------------------------
#                    Timing Point                      Flags    Arc   Edge   Cell     Fanout Load Trans Delay Arrival Instance 
#                                                                                            (fF)  (ps)  (ps)   (ps)  Location 
#------------------------------------------------------------------------------------------------------------------------------
  u_DCT/bdeg/mult_d_mixed_mult_1_12/retime_s1_5_reg/CK -       -      R     (arrival)    670    -     0     -    2000    (-,-) 
  u_DCT/bdeg/mult_d_mixed_mult_1_12/retime_s1_5_reg/QN -       CK->QN F     SDFFRS_X2      5 15.3    38   310    2310    (-,-) 
  u_DCT/bdeg/mult_d_mixed_mult_1_12/g40914/ZN          -       A->ZN  R     INV_X2        15 41.8   178   215    2525    (-,-) 
  u_DCT/bdeg/mult_d_mixed_mult_1_12/g40229/ZN          -       A2->ZN F     NOR2_X1        3  7.6    53    98    2623    (-,-) 
  u_DCT/bdeg/mult_d_mixed_mult_1_12/g40093/ZN          -       A1->ZN R     NAND2_X1       1  2.9    43    76    2699    (-,-) 
  u_DCT/bdeg/mult_d_mixed_mult_1_12/g40084/ZN          -       A->ZN  F     OAI21_X1       2  5.4    51    73    2772    (-,-) 
  u_DCT/bdeg/mult_d_mixed_mult_1_12/g39988/ZN          -       A->ZN  R     OAI21_X1       1  2.9    92    94    2866    (-,-) 
  u_DCT/bdeg/mult_d_mixed_mult_1_12/g39977/ZN          -       A1->ZN F     NAND2_X1       2  6.7    46    91    2958    (-,-) 
  u_DCT/bdeg/mult_d_mixed_mult_1_12/g39931/ZN          -       A->ZN  R     OAI21_X2       1  2.9    67    78    3036    (-,-) 
  u_DCT/bdeg/mult_d_mixed_mult_1_12/g39930/ZN          -       A->ZN  F     OAI21_X1       2  6.8    43    92    3127    (-,-) 
  u_DCT/bdeg/mult_d_mixed_mult_1_12/g39900/ZN          -       A1->ZN R     NAND2_X2       1  4.3    36    64    3191    (-,-) 
  u_DCT/bdeg/mult_d_mixed_mult_1_12/g39898/ZN          -       A1->ZN F     NAND2_X2       2  5.4    21    45    3236    (-,-) 
  u_DCT/bdeg/mult_d_mixed_mult_1_12/g41181/ZN          -       A->ZN  R     OAI21_X1       1  2.9    92    77    3313    (-,-) 
  u_DCT/bdeg/mult_d_mixed_mult_1_12/g39882/ZN          -       A1->ZN F     NAND2_X1       1  4.8    40    79    3392    (-,-) 
  u_DCT/bdeg/mult_d_mixed_mult_1_12/g41184/CO          -       A->CO  F     FA_X1          2  5.4    58   315    3707    (-,-) 
  u_DCT/bdeg/mult_d_mixed_mult_1_12/g39876/ZN          -       A->ZN  R     OAI21_X1       1  2.9    92    99    3806    (-,-) 
  u_DCT/bdeg/mult_d_mixed_mult_1_12/g39874/ZN          -       A1->ZN F     NAND2_X1       2  5.4    42    83    3889    (-,-) 
  u_DCT/bdeg/mult_d_mixed_mult_1_12/g39872/ZN          -       A->ZN  R     OAI21_X1       1  2.9    92    89    3978    (-,-) 
  u_DCT/bdeg/mult_d_mixed_mult_1_12/g39870/ZN          -       A1->ZN F     NAND2_X1       2  5.4    42    83    4060    (-,-) 
  u_DCT/bdeg/mult_d_mixed_mult_1_12/g39868/ZN          -       A->ZN  R     OAI21_X1       1  2.9    92    89    4149    (-,-) 
  u_DCT/bdeg/mult_d_mixed_mult_1_12/g39866/ZN          -       A1->ZN F     NAND2_X1       1  3.9    37    73    4222    (-,-) 
  u_DCT/bdeg/mult_d_mixed_mult_1_12/g39864/CO          -       CI->CO F     FA_X1          1  3.9    53   280    4502    (-,-) 
  u_DCT/bdeg/mult_d_mixed_mult_1_12/g39863/CO          -       CI->CO F     FA_X1          1  3.9    53   287    4790    (-,-) 
  u_DCT/bdeg/mult_d_mixed_mult_1_12/g39862/CO          -       CI->CO F     FA_X1          1  3.9    53   287    5077    (-,-) 
  u_DCT/bdeg/mult_d_mixed_mult_1_12/g39861/CO          -       CI->CO F     FA_X1          1  3.9    53   287    5364    (-,-) 
  u_DCT/bdeg/mult_d_mixed_mult_1_12/g39860/CO          -       CI->CO F     FA_X1          1  3.9    53   287    5651    (-,-) 
  u_DCT/bdeg/mult_d_mixed_mult_1_12/g39859/CO          -       CI->CO F     FA_X1          1  3.9    53   287    5939    (-,-) 
  u_DCT/bdeg/mult_d_mixed_mult_1_12/g39858/CO          -       CI->CO F     FA_X1          1  3.9    53   287    6226    (-,-) 
  u_DCT/bdeg/mult_d_mixed_mult_1_12/g39857/CO          -       CI->CO F     FA_X1          1  3.9    53   287    6513    (-,-) 
  u_DCT/bdeg/mult_d_mixed_mult_1_12/g39856/CO          -       CI->CO F     FA_X1          1  3.9    53   287    6801    (-,-) 
  u_DCT/bdeg/mult_d_mixed_mult_1_12/g39855/CO          -       CI->CO F     FA_X1          1  3.9    53   287    7088    (-,-) 
  u_DCT/bdeg/mult_d_mixed_mult_1_12/g39854/CO          -       CI->CO F     FA_X1          1  3.9    53   287    7375    (-,-) 
  u_DCT/bdeg/mult_d_mixed_mult_1_12/g39853/CO          -       CI->CO F     FA_X1          1  3.9    53   287    7662    (-,-) 
  u_DCT/bdeg/mult_d_mixed_mult_1_12/g39852/CO          -       CI->CO F     FA_X1          1  3.9    53   287    7950    (-,-) 
  u_DCT/bdeg/mult_d_mixed_mult_1_12/g39851/CO          -       CI->CO F     FA_X1          1  3.9    53   287    8237    (-,-) 
  u_DCT/bdeg/mult_d_mixed_mult_1_12/g39850/CO          -       CI->CO F     FA_X1          1  3.9    53   287    8524    (-,-) 
  u_DCT/bdeg/mult_d_mixed_mult_1_12/g39849/S           -       CI->S  R     FA_X1          1  2.4    40   416    8941    (-,-) 
  u_DCT/bdeg/mult_d_R_reg[2][26]/D                     -       -      R     SDFF_X1        1    -     -     0    8941    (-,-) 
#------------------------------------------------------------------------------------------------------------------------------



Path 47: MET (291 ps) Setup Check with Pin u_DCT/tposemem_Bisted_RF_2P_ADV64x16_RF_2P_ADV64x16_u0_SRAM_i0/CLKB->DB[9]
           Mode: func_mode
          Group: C2C_func_mode
     Startpoint: (R) u_DCT/IDRU8/Count_reg[0]/CK
          Clock: (R) CLK1
       Endpoint: (F) u_DCT/tposemem_Bisted_RF_2P_ADV64x16_RF_2P_ADV64x16_u0_SRAM_i0/DB[9]
          Clock: (F) CLK1

                     Capture       Launch     
        Clock Edge:+    4000            0     
       Src Latency:+       0            0     
       Net Latency:+    2000 (I)     2000 (I) 
           Arrival:=    6000         2000     
                                              
             Setup:-     238                  
       Uncertainty:-     500                  
     Required Time:=    5262                  
      Launch Clock:-    2000                  
         Data Path:-    2971                  
             Slack:=     291                  

#----------------------------------------------------------------------------------------------------------------------------------------------
#                            Timing Point                              Flags    Arc   Edge   Cell     Fanout Load Trans Delay Arrival Instance 
#                                                                                                            (fF)  (ps)  (ps)   (ps)  Location 
#----------------------------------------------------------------------------------------------------------------------------------------------
  u_DCT/IDRU8/Count_reg[0]/CK                                          -       -      R     (arrival)     23    -     0     -    2000    (-,-) 
  u_DCT/IDRU8/Count_reg[0]/Q                                           -       CK->Q  F     SDFF_X2        3 10.2    78   360    2360    (-,-) 
  u_DCT/IDRU8/g5849/ZN                                                 -       A->ZN  R     INV_X4         4 11.9    41    85    2444    (-,-) 
  u_DCT/IDRU8/g5847/ZN                                                 -       A->ZN  F     INV_X2         4 19.3    25    52    2497    (-,-) 
  u_DCT/IDRU8/g5815__7344/ZN                                           -       A1->ZN F     AND3_X2        3  9.5    26   114    2611    (-,-) 
  u_DCT/IDRU8/g5807/ZN                                                 -       A->ZN  R     INV_X2         1  7.4    39    62    2672    (-,-) 
  u_DCT/IDRU8/g5805/ZN                                                 -       A->ZN  F     INV_X4        30 64.4    36    66    2739    (-,-) 
  u_DCT/IDRU8/g5712__6083/ZN                                           -       A1->ZN R     AOI22_X1       1  2.9   114   145    2883    (-,-) 
  u_DCT/IDRU8/g5619__7118/ZN                                           -       A2->ZN F     NAND4_X1       4 10.2   113   199    3083    (-,-) 
  u_DCT/IDRU8/add_86_45_g743__8780/ZN                                  -       A1->ZN F     OR2_X1         2  4.8    38   235    3318    (-,-) 
  u_DCT/IDRU8/add_86_45_g686__1309/ZN                                  -       A2->ZN R     NAND2_X1       1  4.3    53    87    3405    (-,-) 
  u_DCT/IDRU8/add_86_45_g684__9682/ZN                                  -       A1->ZN F     NAND2_X2       3  7.6    28    58    3463    (-,-) 
  u_DCT/IDRU8/add_86_45_g680__4296/ZN                                  -       A1->ZN R     NAND3_X1       1  4.2    60    77    3540    (-,-) 
  u_DCT/IDRU8/add_86_45_g679__8780/ZN                                  -       A1->ZN F     NAND3_X2       2  5.5    37    72    3612    (-,-) 
  u_DCT/IDRU8/add_86_45_g677__1857/ZN                                  -       A1->ZN R     NAND2_X1       1  4.3    53    79    3691    (-,-) 
  u_DCT/IDRU8/add_86_45_g675__1840/ZN                                  -       A1->ZN F     NAND2_X2       2  5.5    24    52    3743    (-,-) 
  u_DCT/IDRU8/add_86_45_g674__7344/ZN                                  -       A1->ZN R     NAND2_X1       1  2.9    42    60    3802    (-,-) 
  u_DCT/IDRU8/add_86_45_g672__2703/ZN                                  -       A1->ZN F     NAND2_X1       2  4.8    30    58    3861    (-,-) 
  u_DCT/IDRU8/add_86_45_g671__6083/ZN                                  -       A1->ZN F     AND2_X1        3  6.2    28   119    3980    (-,-) 
  u_DCT/IDRU8/add_86_45_g667__5703/ZN                                  -       B1->ZN R     AOI21_X1       2  5.7   153   178    4158    (-,-) 
  u_DCT/IDRU8/add_86_45_g661__2391/ZN                                  -       B1->ZN F     OAI21_X1       1  3.4    53    87    4245    (-,-) 
  u_DCT/IDRU8/add_86_45_g658__1309/ZN                                  -       A->ZN  F     XNOR2_X1       1  2.2    36   140    4384    (-,-) 
  u_DCT/IDRU8/g5249__2391/Z                                            -       A->Z   F     MUX2_X1        2  3.7    40   243    4627    (-,-) 
  u_DCT/IDRU8/g5111__8780/Z                                            -       A->Z   F     MUX2_X1        1  2.8    37   238    4865    (-,-) 
  u_DCT/g3857/ZN                                                       -       A->ZN  R     INV_X1         1  2.9    33    61    4926    (-,-) 
  u_DCT/g3743/ZN                                                       -       B1->ZN F     OAI21_X1       1  2.6    30    45    4971    (-,-) 
  u_DCT/tposemem_Bisted_RF_2P_ADV64x16_RF_2P_ADV64x16_u0_SRAM_i0/DB[9] (P)     -      F     rf_2p_hse      1    -     -     0    4971    (-,-) 
#----------------------------------------------------------------------------------------------------------------------------------------------

(P) : Instance is preserved



Path 48: MET (308 ps) Setup Check with Pin u_IDCT/tposemem_Bisted_RF_2P_ADV64x16_RF_2P_ADV64x16_u0_SRAM_i0/CLKB->DB[9]
           Mode: func_mode
          Group: C2C_func_mode
     Startpoint: (R) d_DoDCT_reg/CK
          Clock: (R) CLK1
       Endpoint: (F) u_IDCT/tposemem_Bisted_RF_2P_ADV64x16_RF_2P_ADV64x16_u0_SRAM_i0/DB[9]
          Clock: (F) CLK1

                     Capture       Launch     
        Clock Edge:+    4000            0     
       Src Latency:+       0            0     
       Net Latency:+    2000 (I)     2000 (I) 
           Arrival:=    6000         2000     
                                              
             Setup:-     238                  
       Uncertainty:-     500                  
     Required Time:=    5262                  
      Launch Clock:-    2000                  
         Data Path:-    2954                  
             Slack:=     308                  

#-----------------------------------------------------------------------------------------------------------------------------------------------
#                             Timing Point                              Flags    Arc   Edge   Cell     Fanout Load Trans Delay Arrival Instance 
#                                                                                                             (fF)  (ps)  (ps)   (ps)  Location 
#-----------------------------------------------------------------------------------------------------------------------------------------------
  d_DoDCT_reg/CK                                                        -       -      R     (arrival)    670    -     0     -    2000    (-,-) 
  d_DoDCT_reg/Q                                                         -       CK->Q  F     SDFF_X1        1  4.1    48   242    2242    (-,-) 
  g546/Z                                                                -       A->Z   F     BUF_X4        11 36.6    30   122    2363    (-,-) 
  g375/ZN                                                               -       A->ZN  R     INV_X8         7 25.1    35    60    2423    (-,-) 
  u_IDCT/IDRU8/g5749/ZN                                                 -       A->ZN  F     INV_X4         4 18.7    16    35    2459    (-,-) 
  u_IDCT/IDRU8/g5721/ZN                                                 -       A3->ZN R     NAND3_X4       2 11.0    50    73    2532    (-,-) 
  u_IDCT/IDRU8/g5715/ZN                                                 -       A->ZN  F     INV_X4        18 37.6    26    56    2588    (-,-) 
  u_IDCT/IDRU8/g5682/ZN                                                 -       A1->ZN R     AOI22_X1       1  2.2   101   127    2714    (-,-) 
  u_IDCT/IDRU8/g5612/ZN                                                 -       A1->ZN R     AND2_X1        1  2.9    37   136    2850    (-,-) 
  u_IDCT/IDRU8/g5573/ZN                                                 -       A2->ZN F     NAND3_X1       4 10.4    85   124    2974    (-,-) 
  u_IDCT/IDRU8/add_86_45_g754/ZN                                        -       A1->ZN F     OR2_X1         2  4.8    38   220    3193    (-,-) 
  u_IDCT/IDRU8/add_86_45_g694/ZN                                        -       A2->ZN R     NAND2_X1       1  4.3    53    87    3280    (-,-) 
  u_IDCT/IDRU8/add_86_45_g692/ZN                                        -       A1->ZN F     NAND2_X2       2  5.5    24    52    3332    (-,-) 
  u_IDCT/IDRU8/add_86_45_g689/ZN                                        -       A1->ZN R     NAND2_X1       1  4.3    53    72    3404    (-,-) 
  u_IDCT/IDRU8/add_86_45_g687/ZN                                        -       A1->ZN F     NAND2_X2       3  7.6    28    58    3462    (-,-) 
  u_IDCT/IDRU8/add_86_45_g683/ZN                                        -       A1->ZN R     NAND3_X1       1  2.9    50    66    3528    (-,-) 
  u_IDCT/IDRU8/add_86_45_g682/ZN                                        -       A1->ZN F     NAND2_X1       2  5.5    37    65    3593    (-,-) 
  u_IDCT/IDRU8/add_86_45_g680/ZN                                        -       A1->ZN R     NAND2_X1       1  2.9    42    67    3660    (-,-) 
  u_IDCT/IDRU8/add_86_45_g678/ZN                                        -       A1->ZN F     NAND2_X1       2  5.5    33    62    3721    (-,-) 
  u_IDCT/IDRU8/add_86_45_g677/ZN                                        -       A1->ZN R     NAND2_X1       1  2.9    42    64    3785    (-,-) 
  u_IDCT/IDRU8/add_86_45_g675/ZN                                        -       A1->ZN F     NAND2_X1       2  4.8    30    58    3844    (-,-) 
  u_IDCT/IDRU8/add_86_45_g674/ZN                                        -       A1->ZN F     AND2_X1        3  6.2    28   119    3963    (-,-) 
  u_IDCT/IDRU8/add_86_45_g670/ZN                                        -       B1->ZN R     AOI21_X1       2  5.7   153   178    4140    (-,-) 
  u_IDCT/IDRU8/add_86_45_g664/ZN                                        -       B1->ZN F     OAI21_X1       1  3.4    53    87    4227    (-,-) 
  u_IDCT/IDRU8/add_86_45_g659/ZN                                        -       A->ZN  F     XNOR2_X1       1  2.2    36   140    4367    (-,-) 
  u_IDCT/IDRU8/g5183/Z                                                  -       A->Z   F     MUX2_X1        2  3.7    40   243    4610    (-,-) 
  u_IDCT/IDRU8/g5050/Z                                                  -       A->Z   F     MUX2_X1        1  2.8    37   238    4848    (-,-) 
  u_IDCT/g3857/ZN                                                       -       A->ZN  R     INV_X1         1  2.9    33    61    4909    (-,-) 
  u_IDCT/g3743/ZN                                                       -       B1->ZN F     OAI21_X1       1  2.6    30    45    4954    (-,-) 
  u_IDCT/tposemem_Bisted_RF_2P_ADV64x16_RF_2P_ADV64x16_u0_SRAM_i0/DB[9] (P)     -      F     rf_2p_hse      1    -     -     0    4954    (-,-) 
#-----------------------------------------------------------------------------------------------------------------------------------------------

(P) : Instance is preserved



Path 49: MET (331 ps) Setup Check with Pin u_IDCT/bdeg/mult_e_retime_s1_7_reg/CK->D
           Mode: func_mode
          Group: CLK1
     Startpoint: (R) u_IDCT/DRU/ToBDEG_reg[0]/CK
          Clock: (R) CLK1
       Endpoint: (R) u_IDCT/bdeg/mult_e_retime_s1_7_reg/D
          Clock: (R) CLK1

                     Capture       Launch     
        Clock Edge:+    8000            0     
       Src Latency:+       0            0     
       Net Latency:+    2000 (I)     2000 (I) 
           Arrival:=   10000         2000     
                                              
             Setup:-     270                  
       Uncertainty:-     500                  
     Required Time:=    9230                  
      Launch Clock:-    2000                  
         Data Path:-    6899                  
             Slack:=     331                  

#----------------------------------------------------------------------------------------------------------------------
#                Timing Point                  Flags    Arc   Edge   Cell     Fanout Load Trans Delay Arrival Instance 
#                                                                                    (fF)  (ps)  (ps)   (ps)  Location 
#----------------------------------------------------------------------------------------------------------------------
  u_IDCT/DRU/ToBDEG_reg[0]/CK                  -       -      R     (arrival)   2017    -     0     -    2000    (-,-) 
  u_IDCT/DRU/ToBDEG_reg[0]/Q                   -       CK->Q  F     SDFF_X1        9 21.2    83   323    2323    (-,-) 
  u_IDCT/bdeg/mult_e_mixed_mult_1_12/g38280/ZN -       A->ZN  R     INV_X1         5 16.3   140   202    2525    (-,-) 
  u_IDCT/bdeg/mult_e_mixed_mult_1_12/g38100/CO -       B->CO  R     HA_X1          1  2.9    36   145    2670    (-,-) 
  u_IDCT/bdeg/mult_e_mixed_mult_1_12/g38098/ZN -       A->ZN  F     INV_X1         2  5.6    18    38    2709    (-,-) 
  u_IDCT/bdeg/mult_e_mixed_mult_1_12/g38087/ZN -       B->ZN  F     XNOR2_X1       1  4.8    65   140    2849    (-,-) 
  u_IDCT/bdeg/mult_e_mixed_mult_1_12/g37990/S  -       A->S   F     FA_X1          1  4.8    63   434    3283    (-,-) 
  u_IDCT/bdeg/mult_e_mixed_mult_1_12/g37907/CO -       A->CO  F     FA_X1          1  3.9    53   315    3599    (-,-) 
  u_IDCT/bdeg/mult_e_mixed_mult_1_12/g37906/CO -       CI->CO F     FA_X1          1  3.9    53   287    3886    (-,-) 
  u_IDCT/bdeg/mult_e_mixed_mult_1_12/g37905/CO -       CI->CO F     FA_X1          1  3.9    53   287    4173    (-,-) 
  u_IDCT/bdeg/mult_e_mixed_mult_1_12/g37904/CO -       CI->CO F     FA_X1          1  3.9    53   287    4461    (-,-) 
  u_IDCT/bdeg/mult_e_mixed_mult_1_12/g37903/CO -       CI->CO F     FA_X1          1  3.9    53   287    4748    (-,-) 
  u_IDCT/bdeg/mult_e_mixed_mult_1_12/g37902/CO -       CI->CO F     FA_X1          1  3.9    53   287    5035    (-,-) 
  u_IDCT/bdeg/mult_e_mixed_mult_1_12/g37901/CO -       CI->CO F     FA_X1          1  3.9    53   287    5322    (-,-) 
  u_IDCT/bdeg/mult_e_mixed_mult_1_12/g37900/CO -       CI->CO F     FA_X1          1  3.9    53   287    5610    (-,-) 
  u_IDCT/bdeg/mult_e_mixed_mult_1_12/g37899/CO -       CI->CO F     FA_X1          1  3.9    53   287    5897    (-,-) 
  u_IDCT/bdeg/mult_e_mixed_mult_1_12/g37898/CO -       CI->CO F     FA_X1          1  3.9    53   287    6184    (-,-) 
  u_IDCT/bdeg/mult_e_mixed_mult_1_12/g37897/CO -       CI->CO F     FA_X1          1  3.9    53   287    6472    (-,-) 
  u_IDCT/bdeg/mult_e_mixed_mult_1_12/g37896/CO -       CI->CO F     FA_X1          1  3.9    53   287    6759    (-,-) 
  u_IDCT/bdeg/mult_e_mixed_mult_1_12/g37895/CO -       CI->CO F     FA_X1          1  3.9    53   287    7046    (-,-) 
  u_IDCT/bdeg/mult_e_mixed_mult_1_12/g37894/CO -       CI->CO F     FA_X1          1  3.9    53   287    7334    (-,-) 
  u_IDCT/bdeg/mult_e_mixed_mult_1_12/g37893/CO -       CI->CO F     FA_X1          1  3.9    53   287    7621    (-,-) 
  u_IDCT/bdeg/mult_e_mixed_mult_1_12/g37892/CO -       CI->CO F     FA_X1          1  3.9    53   287    7908    (-,-) 
  u_IDCT/bdeg/mult_e_mixed_mult_1_12/g37891/CO -       CI->CO F     FA_X1          1  3.9    53   287    8196    (-,-) 
  u_IDCT/bdeg/mult_e_mixed_mult_1_12/g37890/CO -       CI->CO F     FA_X1          1  3.9    53   287    8483    (-,-) 
  u_IDCT/bdeg/mult_e_mixed_mult_1_12/g37889/S  -       CI->S  R     FA_X1          1  2.4    40   416    8899    (-,-) 
  u_IDCT/bdeg/mult_e_retime_s1_7_reg/D         -       -      R     SDFF_X1        1    -     -     0    8899    (-,-) 
#----------------------------------------------------------------------------------------------------------------------



Path 50: MET (331 ps) Setup Check with Pin u_DCT/bdeg/mult_e_retime_s1_7_reg/CK->D
           Mode: func_mode
          Group: CLK1
     Startpoint: (R) u_DCT/DRU/ToBDEG_reg[0]/CK
          Clock: (R) CLK1
       Endpoint: (R) u_DCT/bdeg/mult_e_retime_s1_7_reg/D
          Clock: (R) CLK1

                     Capture       Launch     
        Clock Edge:+    8000            0     
       Src Latency:+       0            0     
       Net Latency:+    2000 (I)     2000 (I) 
           Arrival:=   10000         2000     
                                              
             Setup:-     270                  
       Uncertainty:-     500                  
     Required Time:=    9230                  
      Launch Clock:-    2000                  
         Data Path:-    6899                  
             Slack:=     331                  

#---------------------------------------------------------------------------------------------------------------------
#                Timing Point                 Flags    Arc   Edge   Cell     Fanout Load Trans Delay Arrival Instance 
#                                                                                   (fF)  (ps)  (ps)   (ps)  Location 
#---------------------------------------------------------------------------------------------------------------------
  u_DCT/DRU/ToBDEG_reg[0]/CK                  -       -      R     (arrival)   2017    -     0     -    2000    (-,-) 
  u_DCT/DRU/ToBDEG_reg[0]/Q                   -       CK->Q  F     SDFF_X1        9 21.2    83   323    2323    (-,-) 
  u_DCT/bdeg/mult_e_mixed_mult_1_12/g38280/ZN -       A->ZN  R     INV_X1         5 16.3   140   202    2525    (-,-) 
  u_DCT/bdeg/mult_e_mixed_mult_1_12/g38100/CO -       B->CO  R     HA_X1          1  2.9    36   145    2670    (-,-) 
  u_DCT/bdeg/mult_e_mixed_mult_1_12/g38098/ZN -       A->ZN  F     INV_X1         2  5.6    18    38    2709    (-,-) 
  u_DCT/bdeg/mult_e_mixed_mult_1_12/g38087/ZN -       B->ZN  F     XNOR2_X1       1  4.8    65   140    2849    (-,-) 
  u_DCT/bdeg/mult_e_mixed_mult_1_12/g37990/S  -       A->S   F     FA_X1          1  4.8    63   434    3283    (-,-) 
  u_DCT/bdeg/mult_e_mixed_mult_1_12/g37907/CO -       A->CO  F     FA_X1          1  3.9    53   315    3599    (-,-) 
  u_DCT/bdeg/mult_e_mixed_mult_1_12/g37906/CO -       CI->CO F     FA_X1          1  3.9    53   287    3886    (-,-) 
  u_DCT/bdeg/mult_e_mixed_mult_1_12/g37905/CO -       CI->CO F     FA_X1          1  3.9    53   287    4173    (-,-) 
  u_DCT/bdeg/mult_e_mixed_mult_1_12/g37904/CO -       CI->CO F     FA_X1          1  3.9    53   287    4461    (-,-) 
  u_DCT/bdeg/mult_e_mixed_mult_1_12/g37903/CO -       CI->CO F     FA_X1          1  3.9    53   287    4748    (-,-) 
  u_DCT/bdeg/mult_e_mixed_mult_1_12/g37902/CO -       CI->CO F     FA_X1          1  3.9    53   287    5035    (-,-) 
  u_DCT/bdeg/mult_e_mixed_mult_1_12/g37901/CO -       CI->CO F     FA_X1          1  3.9    53   287    5322    (-,-) 
  u_DCT/bdeg/mult_e_mixed_mult_1_12/g37900/CO -       CI->CO F     FA_X1          1  3.9    53   287    5610    (-,-) 
  u_DCT/bdeg/mult_e_mixed_mult_1_12/g37899/CO -       CI->CO F     FA_X1          1  3.9    53   287    5897    (-,-) 
  u_DCT/bdeg/mult_e_mixed_mult_1_12/g37898/CO -       CI->CO F     FA_X1          1  3.9    53   287    6184    (-,-) 
  u_DCT/bdeg/mult_e_mixed_mult_1_12/g37897/CO -       CI->CO F     FA_X1          1  3.9    53   287    6472    (-,-) 
  u_DCT/bdeg/mult_e_mixed_mult_1_12/g37896/CO -       CI->CO F     FA_X1          1  3.9    53   287    6759    (-,-) 
  u_DCT/bdeg/mult_e_mixed_mult_1_12/g37895/CO -       CI->CO F     FA_X1          1  3.9    53   287    7046    (-,-) 
  u_DCT/bdeg/mult_e_mixed_mult_1_12/g37894/CO -       CI->CO F     FA_X1          1  3.9    53   287    7334    (-,-) 
  u_DCT/bdeg/mult_e_mixed_mult_1_12/g37893/CO -       CI->CO F     FA_X1          1  3.9    53   287    7621    (-,-) 
  u_DCT/bdeg/mult_e_mixed_mult_1_12/g37892/CO -       CI->CO F     FA_X1          1  3.9    53   287    7908    (-,-) 
  u_DCT/bdeg/mult_e_mixed_mult_1_12/g37891/CO -       CI->CO F     FA_X1          1  3.9    53   287    8196    (-,-) 
  u_DCT/bdeg/mult_e_mixed_mult_1_12/g37890/CO -       CI->CO F     FA_X1          1  3.9    53   287    8483    (-,-) 
  u_DCT/bdeg/mult_e_mixed_mult_1_12/g37889/S  -       CI->S  R     FA_X1          1  2.4    40   416    8899    (-,-) 
  u_DCT/bdeg/mult_e_retime_s1_7_reg/D         -       -      R     SDFF_X1        1    -     -     0    8899    (-,-) 
#---------------------------------------------------------------------------------------------------------------------


