============================================================
  Generated by:           Genus(TM) Synthesis Solution 19.10-p002_1
  Generated on:           Jun 03 2020  11:44:20 am
  Module:                 CHIP
  Operating conditions:   slow 
  Interconnect mode:      global
  Area mode:              physical library
============================================================


Path 1: MET (39562 ps) Setup Check with Pin u_IDCT/tposemem_Bisted_RF_2P_ADV64x16_RF_2P_ADV64x16_u0_SRAM_i0/CLKA->CLKB
           Mode: scan_mode
          Group: I2C_scan_mode
     Startpoint: (F) CLK
          Clock: (F) CLK1
       Endpoint: (R) u_IDCT/tposemem_Bisted_RF_2P_ADV64x16_RF_2P_ADV64x16_u0_SRAM_i0/CLKB
          Clock: (R) CLK1

                     Capture       Launch     
        Clock Edge:+  100000        50000     
        Drv Adjust:+       0        10000     
       Src Latency:+       0            0     
       Net Latency:+    2000 (I)        0 (I) 
           Arrival:=  102000        60000     
                                              
             Setup:-     564                  
       Uncertainty:-     500                  
     Required Time:=  100936                  
      Launch Clock:-   60000                  
       Input Delay:-       0                  
         Data Path:-    1374                  
             Slack:=   39562                  

Exceptions/Constraints:
  input_delay              0              create_clock_delay_domain_1_CLK1_F_0_1 

#---------------------------------------------------------------------------------------------------------------------------------------------------
#                            Timing Point                              Flags    Arc    Edge     Cell      Fanout  Load Trans Delay Arrival Instance 
#                                                                                                                 (fF)  (ps)  (ps)   (ps)  Location 
#---------------------------------------------------------------------------------------------------------------------------------------------------
  CLK                                                                  -       -       F     (arrival)         1 100.0 10000     0   60000    (-,-) 
  ipad_CLK/C                                                           (i,u,P) PAD->C  F     PADIN          1022   0.0     0  1352   61352    (-,-) 
  u_IDCT/tposemem_Bisted_RF_2P_ADV64x16_RF_2P_ADV64x16_u0_g2/z         (i,u)   in_0->z R     unmapped_not      6   0.0     0    22   61374    (-,-) 
  u_IDCT/tposemem_Bisted_RF_2P_ADV64x16_RF_2P_ADV64x16_u0_SRAM_i0/CLKB (P)     -       R     rf_2p_hse         6     -     -     0   61374    (-,-) 
#---------------------------------------------------------------------------------------------------------------------------------------------------

(P) : Instance is preserved
(u) : Net has unmapped pin(s).
(i) : Net is ideal.



Path 2: MET (39562 ps) Setup Check with Pin u_DCT/tposemem_Bisted_RF_2P_ADV64x16_RF_2P_ADV64x16_u0_SRAM_i0/CLKA->CLKB
           Mode: scan_mode
          Group: I2C_scan_mode
     Startpoint: (F) CLK
          Clock: (F) CLK1
       Endpoint: (R) u_DCT/tposemem_Bisted_RF_2P_ADV64x16_RF_2P_ADV64x16_u0_SRAM_i0/CLKB
          Clock: (R) CLK1

                     Capture       Launch     
        Clock Edge:+  100000        50000     
        Drv Adjust:+       0        10000     
       Src Latency:+       0            0     
       Net Latency:+    2000 (I)        0 (I) 
           Arrival:=  102000        60000     
                                              
             Setup:-     564                  
       Uncertainty:-     500                  
     Required Time:=  100936                  
      Launch Clock:-   60000                  
       Input Delay:-       0                  
         Data Path:-    1374                  
             Slack:=   39562                  

Exceptions/Constraints:
  input_delay              0              create_clock_delay_domain_1_CLK1_F_0_1 

#--------------------------------------------------------------------------------------------------------------------------------------------------
#                            Timing Point                             Flags    Arc    Edge     Cell      Fanout  Load Trans Delay Arrival Instance 
#                                                                                                                (fF)  (ps)  (ps)   (ps)  Location 
#--------------------------------------------------------------------------------------------------------------------------------------------------
  CLK                                                                 -       -       F     (arrival)         1 100.0 10000     0   60000    (-,-) 
  ipad_CLK/C                                                          (i,u,P) PAD->C  F     PADIN          1022   0.0     0  1352   61352    (-,-) 
  u_DCT/tposemem_Bisted_RF_2P_ADV64x16_RF_2P_ADV64x16_u0_g2/z         (i,u)   in_0->z R     unmapped_not      6   0.0     0    22   61374    (-,-) 
  u_DCT/tposemem_Bisted_RF_2P_ADV64x16_RF_2P_ADV64x16_u0_SRAM_i0/CLKB (P)     -       R     rf_2p_hse         6     -     -     0   61374    (-,-) 
#--------------------------------------------------------------------------------------------------------------------------------------------------

(P) : Instance is preserved
(u) : Net has unmapped pin(s).
(i) : Net is ideal.



Path 3: MET (39659 ps) Setup Check with Pin u_IDCT/tposemem_Bisted_RF_2P_ADV64x16_RF_2P_ADV64x16_u0_SRAM_i0/CLKB->CLKA
           Mode: scan_mode
          Group: I2C_scan_mode
     Startpoint: (R) CLK
          Clock: (R) CLK1
       Endpoint: (R) u_IDCT/tposemem_Bisted_RF_2P_ADV64x16_RF_2P_ADV64x16_u0_SRAM_i0/CLKA
          Clock: (F) CLK1

                     Capture       Launch     
        Clock Edge:+   50000            0     
        Drv Adjust:+       0        10000     
       Src Latency:+       0            0     
       Net Latency:+    2000 (I)        0 (I) 
           Arrival:=   52000        10000     
                                              
             Setup:-     486                  
       Uncertainty:-     500                  
     Required Time:=   51014                  
      Launch Clock:-   10000                  
       Input Delay:-       0                  
         Data Path:-    1355                  
             Slack:=   39659                  

Exceptions/Constraints:
  input_delay              0              create_clock_delay_domain_1_CLK1_R_0_1 

#-----------------------------------------------------------------------------------------------------------------------------------------------
#                            Timing Point                              Flags    Arc   Edge   Cell     Fanout  Load Trans Delay Arrival Instance 
#                                                                                                             (fF)  (ps)  (ps)   (ps)  Location 
#-----------------------------------------------------------------------------------------------------------------------------------------------
  CLK                                                                  -       -      R     (arrival)      1 100.0 10000     0   10000    (-,-) 
  ipad_CLK/C                                                           (i,u,P) PAD->C R     PADIN       1022   0.0     0  1355   11355    (-,-) 
  u_IDCT/tposemem_Bisted_RF_2P_ADV64x16_RF_2P_ADV64x16_u0_SRAM_i0/CLKA (P)     -      R     rf_2p_hse   1022     -     -     0   11355    (-,-) 
#-----------------------------------------------------------------------------------------------------------------------------------------------

(P) : Instance is preserved
(u) : Net has unmapped pin(s).
(i) : Net is ideal.



Path 4: MET (39659 ps) Setup Check with Pin u_DCT/tposemem_Bisted_RF_2P_ADV64x16_RF_2P_ADV64x16_u0_SRAM_i0/CLKB->CLKA
           Mode: scan_mode
          Group: I2C_scan_mode
     Startpoint: (R) CLK
          Clock: (R) CLK1
       Endpoint: (R) u_DCT/tposemem_Bisted_RF_2P_ADV64x16_RF_2P_ADV64x16_u0_SRAM_i0/CLKA
          Clock: (F) CLK1

                     Capture       Launch     
        Clock Edge:+   50000            0     
        Drv Adjust:+       0        10000     
       Src Latency:+       0            0     
       Net Latency:+    2000 (I)        0 (I) 
           Arrival:=   52000        10000     
                                              
             Setup:-     486                  
       Uncertainty:-     500                  
     Required Time:=   51014                  
      Launch Clock:-   10000                  
       Input Delay:-       0                  
         Data Path:-    1355                  
             Slack:=   39659                  

Exceptions/Constraints:
  input_delay              0              create_clock_delay_domain_1_CLK1_R_0_1 

#----------------------------------------------------------------------------------------------------------------------------------------------
#                            Timing Point                             Flags    Arc   Edge   Cell     Fanout  Load Trans Delay Arrival Instance 
#                                                                                                            (fF)  (ps)  (ps)   (ps)  Location 
#----------------------------------------------------------------------------------------------------------------------------------------------
  CLK                                                                 -       -      R     (arrival)      1 100.0 10000     0   10000    (-,-) 
  ipad_CLK/C                                                          (i,u,P) PAD->C R     PADIN       1022   0.0     0  1355   11355    (-,-) 
  u_DCT/tposemem_Bisted_RF_2P_ADV64x16_RF_2P_ADV64x16_u0_SRAM_i0/CLKA (P)     -      R     rf_2p_hse   1022     -     -     0   11355    (-,-) 
#----------------------------------------------------------------------------------------------------------------------------------------------

(P) : Instance is preserved
(u) : Net has unmapped pin(s).
(i) : Net is ideal.



Path 5: MET (46823 ps) Setup Check with Pin u_IDCT/tposemem_Bisted_RF_2P_ADV64x16_RF_2P_ADV64x16_u0_SRAM_i0/CLKB->DB[15]
           Mode: scan_mode
          Group: C2C_scan_mode
     Startpoint: (R) d_DoDCT_reg/clk
          Clock: (R) CLK1
       Endpoint: (F) u_IDCT/tposemem_Bisted_RF_2P_ADV64x16_RF_2P_ADV64x16_u0_SRAM_i0/DB[15]
          Clock: (F) CLK1

                     Capture       Launch     
        Clock Edge:+   50000            0     
       Src Latency:+       0            0     
       Net Latency:+    2000 (I)     2000 (I) 
           Arrival:=   52000         2000     
                                              
             Setup:-     223                  
       Uncertainty:-     500                  
     Required Time:=   51277                  
      Launch Clock:-    2000                  
         Data Path:-    2454                  
             Slack:=   46823                  

#---------------------------------------------------------------------------------------------------------------------------------------------------------
#                             Timing Point                               Flags    Arc    Edge       Cell         Fanout Load Trans Delay Arrival Instance 
#                                                                                                                       (fF)  (ps)  (ps)   (ps)  Location 
#---------------------------------------------------------------------------------------------------------------------------------------------------------
  d_DoDCT_reg/clk                                                        -       -       R     (arrival)           1022    -     0     -    2000    (-,-) 
  d_DoDCT_reg/q                                                          (u)     clk->q  R     unmapped_d_flop      118 45.1     0   506    2506    (-,-) 
  g172/z                                                                 (u)     in_0->z F     unmapped_not         119 41.8     0   161    2667    (-,-) 
  u_IDCT/IDRU8/g2860/z                                                   (u)     in_1->z F     unmapped_or2          19 72.2     0   154    2821    (-,-) 
  u_IDCT/IDRU8/g2728/z                                                   (u)     in_0->z F     unmapped_complex2      1  3.8     0    60    2881    (-,-) 
  u_IDCT/IDRU8/g2690/z                                                   (u)     in_1->z R     unmapped_nand2         1  4.1     0    60    2942    (-,-) 
  u_IDCT/IDRU8/g2576/z                                                   (u)     in_0->z R     unmapped_complex2      1  4.1     0    60    3002    (-,-) 
  u_IDCT/IDRU8/g2519/z                                                   (u)     in_1->z R     unmapped_or2           1  4.1     0    60    3062    (-,-) 
  u_IDCT/IDRU8/g2489/z                                                   (u)     in_0->z R     unmapped_complex2      4 16.4     0   104    3166    (-,-) 
  u_IDCT/IDRU8/add_86_45/g398/z                                          (u)     in_0->z R     unmapped_or2           1  4.1     0    60    3226    (-,-) 
  u_IDCT/IDRU8/add_86_45/g367/z                                          (u)     in_1->z F     unmapped_complex2      1  3.8     0    60    3286    (-,-) 
  u_IDCT/IDRU8/add_86_45/g42/z                                           (u)     in_1->z R     unmapped_nand2         4 16.4     0   104    3390    (-,-) 
  u_IDCT/IDRU8/add_86_45/g347/z                                          (u)     in_0->z F     unmapped_complex2      1  3.8     0    60    3450    (-,-) 
  u_IDCT/IDRU8/add_86_45/g336/z                                          (u)     in_0->z R     unmapped_complex2      5 20.5     0   110    3561    (-,-) 
  u_IDCT/IDRU8/add_86_45/g332/z                                          (u)     in_0->z F     unmapped_complex2      2  7.6     0    76    3636    (-,-) 
  u_IDCT/IDRU8/add_86_45/g314/z                                          (u)     in_1->z F     unmapped_or2           1  3.8     0    60    3696    (-,-) 
  u_IDCT/IDRU8/add_86_45/g313/z                                          (u)     in_0->z R     unmapped_complex2     10 41.0     0   126    3822    (-,-) 
  u_IDCT/IDRU8/add_86_45/g295/z                                          (u)     in_0->z F     unmapped_complex2      1  3.8     0    60    3883    (-,-) 
  u_IDCT/IDRU8/add_86_45/g288/z                                          (u)     in_0->z R     unmapped_complex2      3 12.3     0    90    3973    (-,-) 
  u_IDCT/IDRU8/add_86_45/g266/z                                          (u)     in_1->z F     unmapped_nand2         1  3.8     0    60    4033    (-,-) 
  u_IDCT/IDRU8/add_86_45/g159/z                                          (u)     in_1->z R     unmapped_nand2         2  8.2     0    76    4109    (-,-) 
  u_IDCT/IDRU8/add_86_45/g261/z                                          (u)     in_0->z R     unmapped_or2           1  4.1     0    60    4169    (-,-) 
  u_IDCT/IDRU8/add_86_45/g262/z                                          (u)     in_1->z F     unmapped_nand2         1  3.8     0    60    4229    (-,-) 
  u_IDCT/IDRU8/g2895/z                                                   (u)     in_0->z R     unmapped_complex2      1  4.1     0    60    4289    (-,-) 
  u_IDCT/IDRU8/g2314/z                                                   (u)     in_1->z F     unmapped_complex2      1  3.8     0    60    4350    (-,-) 
  u_IDCT/g822/z                                                          (u)     in_0->z R     unmapped_complex2      1  4.1     0    60    4410    (-,-) 
  u_IDCT/g733/z                                                          (u)     in_0->z F     unmapped_nand2         1  2.6     0    44    4454    (-,-) 
  u_IDCT/tposemem_Bisted_RF_2P_ADV64x16_RF_2P_ADV64x16_u0_SRAM_i0/DB[15] (P)     -       F     rf_2p_hse              1    -     -     0    4454    (-,-) 
#---------------------------------------------------------------------------------------------------------------------------------------------------------

(P) : Instance is preserved
(u) : Net has unmapped pin(s).



Path 6: MET (46838 ps) Setup Check with Pin u_IDCT/tposemem_Bisted_RF_2P_ADV64x16_RF_2P_ADV64x16_u0_SRAM_i0/CLKB->DB[7]
           Mode: scan_mode
          Group: C2C_scan_mode
     Startpoint: (R) d_DoDCT_reg/clk
          Clock: (R) CLK1
       Endpoint: (F) u_IDCT/tposemem_Bisted_RF_2P_ADV64x16_RF_2P_ADV64x16_u0_SRAM_i0/DB[7]
          Clock: (F) CLK1

                     Capture       Launch     
        Clock Edge:+   50000            0     
       Src Latency:+       0            0     
       Net Latency:+    2000 (I)     2000 (I) 
           Arrival:=   52000         2000     
                                              
             Setup:-     223                  
       Uncertainty:-     500                  
     Required Time:=   51277                  
      Launch Clock:-    2000                  
         Data Path:-    2439                  
             Slack:=   46838                  

#--------------------------------------------------------------------------------------------------------------------------------------------------------
#                             Timing Point                              Flags    Arc    Edge       Cell         Fanout Load Trans Delay Arrival Instance 
#                                                                                                                      (fF)  (ps)  (ps)   (ps)  Location 
#--------------------------------------------------------------------------------------------------------------------------------------------------------
  d_DoDCT_reg/clk                                                       -       -       R     (arrival)           1022    -     0     -    2000    (-,-) 
  d_DoDCT_reg/q                                                         (u)     clk->q  R     unmapped_d_flop      118 45.1     0   506    2506    (-,-) 
  g172/z                                                                (u)     in_0->z F     unmapped_not         119 41.8     0   161    2667    (-,-) 
  u_IDCT/IDRU8/g2860/z                                                  (u)     in_1->z F     unmapped_or2          19 72.2     0   154    2821    (-,-) 
  u_IDCT/IDRU8/g2728/z                                                  (u)     in_0->z F     unmapped_complex2      1  3.8     0    60    2881    (-,-) 
  u_IDCT/IDRU8/g2690/z                                                  (u)     in_1->z R     unmapped_nand2         1  4.1     0    60    2942    (-,-) 
  u_IDCT/IDRU8/g2576/z                                                  (u)     in_0->z R     unmapped_complex2      1  4.1     0    60    3002    (-,-) 
  u_IDCT/IDRU8/g2519/z                                                  (u)     in_1->z R     unmapped_or2           1  4.1     0    60    3062    (-,-) 
  u_IDCT/IDRU8/g2489/z                                                  (u)     in_0->z R     unmapped_complex2      4 16.4     0   104    3166    (-,-) 
  u_IDCT/IDRU8/add_86_45/g398/z                                         (u)     in_0->z R     unmapped_or2           1  4.1     0    60    3226    (-,-) 
  u_IDCT/IDRU8/add_86_45/g367/z                                         (u)     in_1->z F     unmapped_complex2      1  3.8     0    60    3286    (-,-) 
  u_IDCT/IDRU8/add_86_45/g42/z                                          (u)     in_1->z R     unmapped_nand2         4 16.4     0   104    3390    (-,-) 
  u_IDCT/IDRU8/add_86_45/g347/z                                         (u)     in_0->z F     unmapped_complex2      1  3.8     0    60    3450    (-,-) 
  u_IDCT/IDRU8/add_86_45/g336/z                                         (u)     in_0->z R     unmapped_complex2      5 20.5     0   110    3561    (-,-) 
  u_IDCT/IDRU8/add_86_45/g332/z                                         (u)     in_0->z F     unmapped_complex2      2  7.6     0    76    3636    (-,-) 
  u_IDCT/IDRU8/add_86_45/g314/z                                         (u)     in_1->z F     unmapped_or2           1  3.8     0    60    3696    (-,-) 
  u_IDCT/IDRU8/add_86_45/g313/z                                         (u)     in_0->z R     unmapped_complex2     10 41.0     0   126    3822    (-,-) 
  u_IDCT/IDRU8/add_86_45/g303/z                                         (u)     in_1->z F     unmapped_nand2         1  3.8     0    60    3883    (-,-) 
  u_IDCT/IDRU8/add_86_45/g140/z                                         (u)     in_1->z R     unmapped_nand2         2  8.2     0    76    3958    (-,-) 
  u_IDCT/IDRU8/add_86_45/g271/z                                         (u)     in_0->z R     unmapped_or2           1  4.1     0    60    4018    (-,-) 
  u_IDCT/IDRU8/add_86_45/g272/z                                         (u)     in_1->z F     unmapped_nand2         1  3.8     0    60    4079    (-,-) 
  u_IDCT/IDRU8/g2936/z                                                  (u)     in_0->z R     unmapped_complex2      1  4.1     0    60    4139    (-,-) 
  u_IDCT/IDRU8/g2915/z                                                  (u)     in_0->z F     unmapped_nand2         2  7.6     0    76    4214    (-,-) 
  u_IDCT/IDRU8/g2468/z                                                  (u)     in_0->z R     unmapped_complex2      1  4.1     0    60    4274    (-,-) 
  u_IDCT/IDRU8/g2298/z                                                  (u)     in_0->z F     unmapped_nand2         1  3.8     0    60    4335    (-,-) 
  u_IDCT/g759/z                                                         (u)     in_0->z R     unmapped_complex2      1  4.1     0    60    4395    (-,-) 
  u_IDCT/g703/z                                                         (u)     in_1->z F     unmapped_nand2         1  2.6     0    44    4439    (-,-) 
  u_IDCT/tposemem_Bisted_RF_2P_ADV64x16_RF_2P_ADV64x16_u0_SRAM_i0/DB[7] (P)     -       F     rf_2p_hse              1    -     -     0    4439    (-,-) 
#--------------------------------------------------------------------------------------------------------------------------------------------------------

(P) : Instance is preserved
(u) : Net has unmapped pin(s).



Path 7: MET (46838 ps) Setup Check with Pin u_IDCT/tposemem_Bisted_RF_2P_ADV64x16_RF_2P_ADV64x16_u0_SRAM_i0/CLKB->DB[8]
           Mode: scan_mode
          Group: C2C_scan_mode
     Startpoint: (R) d_DoDCT_reg/clk
          Clock: (R) CLK1
       Endpoint: (F) u_IDCT/tposemem_Bisted_RF_2P_ADV64x16_RF_2P_ADV64x16_u0_SRAM_i0/DB[8]
          Clock: (F) CLK1

                     Capture       Launch     
        Clock Edge:+   50000            0     
       Src Latency:+       0            0     
       Net Latency:+    2000 (I)     2000 (I) 
           Arrival:=   52000         2000     
                                              
             Setup:-     223                  
       Uncertainty:-     500                  
     Required Time:=   51277                  
      Launch Clock:-    2000                  
         Data Path:-    2439                  
             Slack:=   46838                  

#--------------------------------------------------------------------------------------------------------------------------------------------------------
#                             Timing Point                              Flags    Arc    Edge       Cell         Fanout Load Trans Delay Arrival Instance 
#                                                                                                                      (fF)  (ps)  (ps)   (ps)  Location 
#--------------------------------------------------------------------------------------------------------------------------------------------------------
  d_DoDCT_reg/clk                                                       -       -       R     (arrival)           1022    -     0     -    2000    (-,-) 
  d_DoDCT_reg/q                                                         (u)     clk->q  R     unmapped_d_flop      118 45.1     0   506    2506    (-,-) 
  g172/z                                                                (u)     in_0->z F     unmapped_not         119 41.8     0   161    2667    (-,-) 
  u_IDCT/IDRU8/g2860/z                                                  (u)     in_1->z F     unmapped_or2          19 72.2     0   154    2821    (-,-) 
  u_IDCT/IDRU8/g2728/z                                                  (u)     in_0->z F     unmapped_complex2      1  3.8     0    60    2881    (-,-) 
  u_IDCT/IDRU8/g2690/z                                                  (u)     in_1->z R     unmapped_nand2         1  4.1     0    60    2942    (-,-) 
  u_IDCT/IDRU8/g2576/z                                                  (u)     in_0->z R     unmapped_complex2      1  4.1     0    60    3002    (-,-) 
  u_IDCT/IDRU8/g2519/z                                                  (u)     in_1->z R     unmapped_or2           1  4.1     0    60    3062    (-,-) 
  u_IDCT/IDRU8/g2489/z                                                  (u)     in_0->z R     unmapped_complex2      4 16.4     0   104    3166    (-,-) 
  u_IDCT/IDRU8/add_86_45/g398/z                                         (u)     in_0->z R     unmapped_or2           1  4.1     0    60    3226    (-,-) 
  u_IDCT/IDRU8/add_86_45/g367/z                                         (u)     in_1->z F     unmapped_complex2      1  3.8     0    60    3286    (-,-) 
  u_IDCT/IDRU8/add_86_45/g42/z                                          (u)     in_1->z R     unmapped_nand2         4 16.4     0   104    3390    (-,-) 
  u_IDCT/IDRU8/add_86_45/g347/z                                         (u)     in_0->z F     unmapped_complex2      1  3.8     0    60    3450    (-,-) 
  u_IDCT/IDRU8/add_86_45/g336/z                                         (u)     in_0->z R     unmapped_complex2      5 20.5     0   110    3561    (-,-) 
  u_IDCT/IDRU8/add_86_45/g332/z                                         (u)     in_0->z F     unmapped_complex2      2  7.6     0    76    3636    (-,-) 
  u_IDCT/IDRU8/add_86_45/g314/z                                         (u)     in_1->z F     unmapped_or2           1  3.8     0    60    3696    (-,-) 
  u_IDCT/IDRU8/add_86_45/g313/z                                         (u)     in_0->z R     unmapped_complex2     10 41.0     0   126    3822    (-,-) 
  u_IDCT/IDRU8/add_86_45/g296/z                                         (u)     in_0->z F     unmapped_complex2      1  3.8     0    60    3883    (-,-) 
  u_IDCT/IDRU8/add_86_45/g291/z                                         (u)     in_0->z R     unmapped_complex2      2  8.2     0    76    3958    (-,-) 
  u_IDCT/IDRU8/add_86_45/g277/z                                         (u)     in_0->z R     unmapped_or2           1  4.1     0    60    4018    (-,-) 
  u_IDCT/IDRU8/add_86_45/g278/z                                         (u)     in_1->z F     unmapped_nand2         1  3.8     0    60    4079    (-,-) 
  u_IDCT/IDRU8/g2934/z                                                  (u)     in_0->z R     unmapped_complex2      1  4.1     0    60    4139    (-,-) 
  u_IDCT/IDRU8/g2918/z                                                  (u)     in_0->z F     unmapped_nand2         2  7.6     0    76    4214    (-,-) 
  u_IDCT/IDRU8/g2470/z                                                  (u)     in_0->z R     unmapped_complex2      1  4.1     0    60    4274    (-,-) 
  u_IDCT/IDRU8/g2295/z                                                  (u)     in_0->z F     unmapped_nand2         1  3.8     0    60    4335    (-,-) 
  u_IDCT/g808/z                                                         (u)     in_0->z R     unmapped_complex2      1  4.1     0    60    4395    (-,-) 
  u_IDCT/g712/z                                                         (u)     in_0->z F     unmapped_nand2         1  2.6     0    44    4439    (-,-) 
  u_IDCT/tposemem_Bisted_RF_2P_ADV64x16_RF_2P_ADV64x16_u0_SRAM_i0/DB[8] (P)     -       F     rf_2p_hse              1    -     -     0    4439    (-,-) 
#--------------------------------------------------------------------------------------------------------------------------------------------------------

(P) : Instance is preserved
(u) : Net has unmapped pin(s).



Path 8: MET (46838 ps) Setup Check with Pin u_IDCT/tposemem_Bisted_RF_2P_ADV64x16_RF_2P_ADV64x16_u0_SRAM_i0/CLKB->DB[9]
           Mode: scan_mode
          Group: C2C_scan_mode
     Startpoint: (R) d_DoDCT_reg/clk
          Clock: (R) CLK1
       Endpoint: (F) u_IDCT/tposemem_Bisted_RF_2P_ADV64x16_RF_2P_ADV64x16_u0_SRAM_i0/DB[9]
          Clock: (F) CLK1

                     Capture       Launch     
        Clock Edge:+   50000            0     
       Src Latency:+       0            0     
       Net Latency:+    2000 (I)     2000 (I) 
           Arrival:=   52000         2000     
                                              
             Setup:-     223                  
       Uncertainty:-     500                  
     Required Time:=   51277                  
      Launch Clock:-    2000                  
         Data Path:-    2439                  
             Slack:=   46838                  

#--------------------------------------------------------------------------------------------------------------------------------------------------------
#                             Timing Point                              Flags    Arc    Edge       Cell         Fanout Load Trans Delay Arrival Instance 
#                                                                                                                      (fF)  (ps)  (ps)   (ps)  Location 
#--------------------------------------------------------------------------------------------------------------------------------------------------------
  d_DoDCT_reg/clk                                                       -       -       R     (arrival)           1022    -     0     -    2000    (-,-) 
  d_DoDCT_reg/q                                                         (u)     clk->q  R     unmapped_d_flop      118 45.1     0   506    2506    (-,-) 
  g172/z                                                                (u)     in_0->z F     unmapped_not         119 41.8     0   161    2667    (-,-) 
  u_IDCT/IDRU8/g2860/z                                                  (u)     in_1->z F     unmapped_or2          19 72.2     0   154    2821    (-,-) 
  u_IDCT/IDRU8/g2728/z                                                  (u)     in_0->z F     unmapped_complex2      1  3.8     0    60    2881    (-,-) 
  u_IDCT/IDRU8/g2690/z                                                  (u)     in_1->z R     unmapped_nand2         1  4.1     0    60    2942    (-,-) 
  u_IDCT/IDRU8/g2576/z                                                  (u)     in_0->z R     unmapped_complex2      1  4.1     0    60    3002    (-,-) 
  u_IDCT/IDRU8/g2519/z                                                  (u)     in_1->z R     unmapped_or2           1  4.1     0    60    3062    (-,-) 
  u_IDCT/IDRU8/g2489/z                                                  (u)     in_0->z R     unmapped_complex2      4 16.4     0   104    3166    (-,-) 
  u_IDCT/IDRU8/add_86_45/g398/z                                         (u)     in_0->z R     unmapped_or2           1  4.1     0    60    3226    (-,-) 
  u_IDCT/IDRU8/add_86_45/g367/z                                         (u)     in_1->z F     unmapped_complex2      1  3.8     0    60    3286    (-,-) 
  u_IDCT/IDRU8/add_86_45/g42/z                                          (u)     in_1->z R     unmapped_nand2         4 16.4     0   104    3390    (-,-) 
  u_IDCT/IDRU8/add_86_45/g347/z                                         (u)     in_0->z F     unmapped_complex2      1  3.8     0    60    3450    (-,-) 
  u_IDCT/IDRU8/add_86_45/g336/z                                         (u)     in_0->z R     unmapped_complex2      5 20.5     0   110    3561    (-,-) 
  u_IDCT/IDRU8/add_86_45/g332/z                                         (u)     in_0->z F     unmapped_complex2      2  7.6     0    76    3636    (-,-) 
  u_IDCT/IDRU8/add_86_45/g314/z                                         (u)     in_1->z F     unmapped_or2           1  3.8     0    60    3696    (-,-) 
  u_IDCT/IDRU8/add_86_45/g313/z                                         (u)     in_0->z R     unmapped_complex2     10 41.0     0   126    3822    (-,-) 
  u_IDCT/IDRU8/add_86_45/g254/z                                         (u)     in_0->z F     unmapped_complex2      1  3.8     0    60    3883    (-,-) 
  u_IDCT/IDRU8/add_86_45/g293/z                                         (u)     in_0->z R     unmapped_complex2      2  8.2     0    76    3958    (-,-) 
  u_IDCT/IDRU8/add_86_45/g264/z                                         (u)     in_0->z R     unmapped_or2           1  4.1     0    60    4018    (-,-) 
  u_IDCT/IDRU8/add_86_45/g265/z                                         (u)     in_1->z F     unmapped_nand2         1  3.8     0    60    4079    (-,-) 
  u_IDCT/IDRU8/g2956/z                                                  (u)     in_0->z R     unmapped_complex2      1  4.1     0    60    4139    (-,-) 
  u_IDCT/IDRU8/g2928/z                                                  (u)     in_0->z F     unmapped_nand2         2  7.6     0    76    4214    (-,-) 
  u_IDCT/IDRU8/g2413/z                                                  (u)     in_0->z R     unmapped_complex2      1  4.1     0    60    4274    (-,-) 
  u_IDCT/IDRU8/g2292/z                                                  (u)     in_0->z F     unmapped_nand2         1  3.8     0    60    4335    (-,-) 
  u_IDCT/g810/z                                                         (u)     in_0->z R     unmapped_complex2      1  4.1     0    60    4395    (-,-) 
  u_IDCT/g723/z                                                         (u)     in_0->z F     unmapped_nand2         1  2.6     0    44    4439    (-,-) 
  u_IDCT/tposemem_Bisted_RF_2P_ADV64x16_RF_2P_ADV64x16_u0_SRAM_i0/DB[9] (P)     -       F     rf_2p_hse              1    -     -     0    4439    (-,-) 
#--------------------------------------------------------------------------------------------------------------------------------------------------------

(P) : Instance is preserved
(u) : Net has unmapped pin(s).



Path 9: MET (46838 ps) Setup Check with Pin u_IDCT/tposemem_Bisted_RF_2P_ADV64x16_RF_2P_ADV64x16_u0_SRAM_i0/CLKB->DB[10]
           Mode: scan_mode
          Group: C2C_scan_mode
     Startpoint: (R) d_DoDCT_reg/clk
          Clock: (R) CLK1
       Endpoint: (F) u_IDCT/tposemem_Bisted_RF_2P_ADV64x16_RF_2P_ADV64x16_u0_SRAM_i0/DB[10]
          Clock: (F) CLK1

                     Capture       Launch     
        Clock Edge:+   50000            0     
       Src Latency:+       0            0     
       Net Latency:+    2000 (I)     2000 (I) 
           Arrival:=   52000         2000     
                                              
             Setup:-     223                  
       Uncertainty:-     500                  
     Required Time:=   51277                  
      Launch Clock:-    2000                  
         Data Path:-    2439                  
             Slack:=   46838                  

#---------------------------------------------------------------------------------------------------------------------------------------------------------
#                             Timing Point                               Flags    Arc    Edge       Cell         Fanout Load Trans Delay Arrival Instance 
#                                                                                                                       (fF)  (ps)  (ps)   (ps)  Location 
#---------------------------------------------------------------------------------------------------------------------------------------------------------
  d_DoDCT_reg/clk                                                        -       -       R     (arrival)           1022    -     0     -    2000    (-,-) 
  d_DoDCT_reg/q                                                          (u)     clk->q  R     unmapped_d_flop      118 45.1     0   506    2506    (-,-) 
  g172/z                                                                 (u)     in_0->z F     unmapped_not         119 41.8     0   161    2667    (-,-) 
  u_IDCT/IDRU8/g2860/z                                                   (u)     in_1->z F     unmapped_or2          19 72.2     0   154    2821    (-,-) 
  u_IDCT/IDRU8/g2728/z                                                   (u)     in_0->z F     unmapped_complex2      1  3.8     0    60    2881    (-,-) 
  u_IDCT/IDRU8/g2690/z                                                   (u)     in_1->z R     unmapped_nand2         1  4.1     0    60    2942    (-,-) 
  u_IDCT/IDRU8/g2576/z                                                   (u)     in_0->z R     unmapped_complex2      1  4.1     0    60    3002    (-,-) 
  u_IDCT/IDRU8/g2519/z                                                   (u)     in_1->z R     unmapped_or2           1  4.1     0    60    3062    (-,-) 
  u_IDCT/IDRU8/g2489/z                                                   (u)     in_0->z R     unmapped_complex2      4 16.4     0   104    3166    (-,-) 
  u_IDCT/IDRU8/add_86_45/g398/z                                          (u)     in_0->z R     unmapped_or2           1  4.1     0    60    3226    (-,-) 
  u_IDCT/IDRU8/add_86_45/g367/z                                          (u)     in_1->z F     unmapped_complex2      1  3.8     0    60    3286    (-,-) 
  u_IDCT/IDRU8/add_86_45/g42/z                                           (u)     in_1->z R     unmapped_nand2         4 16.4     0   104    3390    (-,-) 
  u_IDCT/IDRU8/add_86_45/g347/z                                          (u)     in_0->z F     unmapped_complex2      1  3.8     0    60    3450    (-,-) 
  u_IDCT/IDRU8/add_86_45/g336/z                                          (u)     in_0->z R     unmapped_complex2      5 20.5     0   110    3561    (-,-) 
  u_IDCT/IDRU8/add_86_45/g332/z                                          (u)     in_0->z F     unmapped_complex2      2  7.6     0    76    3636    (-,-) 
  u_IDCT/IDRU8/add_86_45/g314/z                                          (u)     in_1->z F     unmapped_or2           1  3.8     0    60    3696    (-,-) 
  u_IDCT/IDRU8/add_86_45/g313/z                                          (u)     in_0->z R     unmapped_complex2     10 41.0     0   126    3822    (-,-) 
  u_IDCT/IDRU8/add_86_45/g255/z                                          (u)     in_0->z F     unmapped_complex2      1  3.8     0    60    3883    (-,-) 
  u_IDCT/IDRU8/add_86_45/g290/z                                          (u)     in_0->z R     unmapped_complex2      2  8.2     0    76    3958    (-,-) 
  u_IDCT/IDRU8/add_86_45/g283/z                                          (u)     in_0->z R     unmapped_or2           1  4.1     0    60    4018    (-,-) 
  u_IDCT/IDRU8/add_86_45/g284/z                                          (u)     in_1->z F     unmapped_nand2         1  3.8     0    60    4079    (-,-) 
  u_IDCT/IDRU8/g2929/z                                                   (u)     in_0->z R     unmapped_complex2      1  4.1     0    60    4139    (-,-) 
  u_IDCT/IDRU8/g2926/z                                                   (u)     in_0->z F     unmapped_nand2         2  7.6     0    76    4214    (-,-) 
  u_IDCT/IDRU8/g2415/z                                                   (u)     in_0->z R     unmapped_complex2      1  4.1     0    60    4274    (-,-) 
  u_IDCT/IDRU8/g2290/z                                                   (u)     in_0->z F     unmapped_nand2         1  3.8     0    60    4335    (-,-) 
  u_IDCT/g812/z                                                          (u)     in_0->z R     unmapped_complex2      1  4.1     0    60    4395    (-,-) 
  u_IDCT/g736/z                                                          (u)     in_0->z F     unmapped_nand2         1  2.6     0    44    4439    (-,-) 
  u_IDCT/tposemem_Bisted_RF_2P_ADV64x16_RF_2P_ADV64x16_u0_SRAM_i0/DB[10] (P)     -       F     rf_2p_hse              1    -     -     0    4439    (-,-) 
#---------------------------------------------------------------------------------------------------------------------------------------------------------

(P) : Instance is preserved
(u) : Net has unmapped pin(s).



Path 10: MET (46838 ps) Setup Check with Pin u_IDCT/tposemem_Bisted_RF_2P_ADV64x16_RF_2P_ADV64x16_u0_SRAM_i0/CLKB->DB[11]
           Mode: scan_mode
          Group: C2C_scan_mode
     Startpoint: (R) d_DoDCT_reg/clk
          Clock: (R) CLK1
       Endpoint: (F) u_IDCT/tposemem_Bisted_RF_2P_ADV64x16_RF_2P_ADV64x16_u0_SRAM_i0/DB[11]
          Clock: (F) CLK1

                     Capture       Launch     
        Clock Edge:+   50000            0     
       Src Latency:+       0            0     
       Net Latency:+    2000 (I)     2000 (I) 
           Arrival:=   52000         2000     
                                              
             Setup:-     223                  
       Uncertainty:-     500                  
     Required Time:=   51277                  
      Launch Clock:-    2000                  
         Data Path:-    2439                  
             Slack:=   46838                  

#---------------------------------------------------------------------------------------------------------------------------------------------------------
#                             Timing Point                               Flags    Arc    Edge       Cell         Fanout Load Trans Delay Arrival Instance 
#                                                                                                                       (fF)  (ps)  (ps)   (ps)  Location 
#---------------------------------------------------------------------------------------------------------------------------------------------------------
  d_DoDCT_reg/clk                                                        -       -       R     (arrival)           1022    -     0     -    2000    (-,-) 
  d_DoDCT_reg/q                                                          (u)     clk->q  R     unmapped_d_flop      118 45.1     0   506    2506    (-,-) 
  g172/z                                                                 (u)     in_0->z F     unmapped_not         119 41.8     0   161    2667    (-,-) 
  u_IDCT/IDRU8/g2860/z                                                   (u)     in_1->z F     unmapped_or2          19 72.2     0   154    2821    (-,-) 
  u_IDCT/IDRU8/g2728/z                                                   (u)     in_0->z F     unmapped_complex2      1  3.8     0    60    2881    (-,-) 
  u_IDCT/IDRU8/g2690/z                                                   (u)     in_1->z R     unmapped_nand2         1  4.1     0    60    2942    (-,-) 
  u_IDCT/IDRU8/g2576/z                                                   (u)     in_0->z R     unmapped_complex2      1  4.1     0    60    3002    (-,-) 
  u_IDCT/IDRU8/g2519/z                                                   (u)     in_1->z R     unmapped_or2           1  4.1     0    60    3062    (-,-) 
  u_IDCT/IDRU8/g2489/z                                                   (u)     in_0->z R     unmapped_complex2      4 16.4     0   104    3166    (-,-) 
  u_IDCT/IDRU8/add_86_45/g398/z                                          (u)     in_0->z R     unmapped_or2           1  4.1     0    60    3226    (-,-) 
  u_IDCT/IDRU8/add_86_45/g367/z                                          (u)     in_1->z F     unmapped_complex2      1  3.8     0    60    3286    (-,-) 
  u_IDCT/IDRU8/add_86_45/g42/z                                           (u)     in_1->z R     unmapped_nand2         4 16.4     0   104    3390    (-,-) 
  u_IDCT/IDRU8/add_86_45/g347/z                                          (u)     in_0->z F     unmapped_complex2      1  3.8     0    60    3450    (-,-) 
  u_IDCT/IDRU8/add_86_45/g336/z                                          (u)     in_0->z R     unmapped_complex2      5 20.5     0   110    3561    (-,-) 
  u_IDCT/IDRU8/add_86_45/g332/z                                          (u)     in_0->z F     unmapped_complex2      2  7.6     0    76    3636    (-,-) 
  u_IDCT/IDRU8/add_86_45/g314/z                                          (u)     in_1->z F     unmapped_or2           1  3.8     0    60    3696    (-,-) 
  u_IDCT/IDRU8/add_86_45/g313/z                                          (u)     in_0->z R     unmapped_complex2     10 41.0     0   126    3822    (-,-) 
  u_IDCT/IDRU8/add_86_45/g298/z                                          (u)     in_0->z F     unmapped_complex2      1  3.8     0    60    3883    (-,-) 
  u_IDCT/IDRU8/add_86_45/g294/z                                          (u)     in_0->z R     unmapped_complex2      2  8.2     0    76    3958    (-,-) 
  u_IDCT/IDRU8/add_86_45/g268/z                                          (u)     in_0->z R     unmapped_or2           1  4.1     0    60    4018    (-,-) 
  u_IDCT/IDRU8/add_86_45/g269/z                                          (u)     in_1->z F     unmapped_nand2         1  3.8     0    60    4079    (-,-) 
  u_IDCT/IDRU8/g2969/z                                                   (u)     in_0->z R     unmapped_complex2      1  4.1     0    60    4139    (-,-) 
  u_IDCT/IDRU8/g2893/z                                                   (u)     in_0->z F     unmapped_nand2         2  7.6     0    76    4214    (-,-) 
  u_IDCT/IDRU8/g2416/z                                                   (u)     in_0->z R     unmapped_complex2      1  4.1     0    60    4274    (-,-) 
  u_IDCT/IDRU8/g2294/z                                                   (u)     in_0->z F     unmapped_nand2         1  3.8     0    60    4335    (-,-) 
  u_IDCT/g814/z                                                          (u)     in_0->z R     unmapped_complex2      1  4.1     0    60    4395    (-,-) 
  u_IDCT/g742/z                                                          (u)     in_0->z F     unmapped_nand2         1  2.6     0    44    4439    (-,-) 
  u_IDCT/tposemem_Bisted_RF_2P_ADV64x16_RF_2P_ADV64x16_u0_SRAM_i0/DB[11] (P)     -       F     rf_2p_hse              1    -     -     0    4439    (-,-) 
#---------------------------------------------------------------------------------------------------------------------------------------------------------

(P) : Instance is preserved
(u) : Net has unmapped pin(s).



Path 11: MET (46838 ps) Setup Check with Pin u_IDCT/tposemem_Bisted_RF_2P_ADV64x16_RF_2P_ADV64x16_u0_SRAM_i0/CLKB->DB[12]
           Mode: scan_mode
          Group: C2C_scan_mode
     Startpoint: (R) d_DoDCT_reg/clk
          Clock: (R) CLK1
       Endpoint: (F) u_IDCT/tposemem_Bisted_RF_2P_ADV64x16_RF_2P_ADV64x16_u0_SRAM_i0/DB[12]
          Clock: (F) CLK1

                     Capture       Launch     
        Clock Edge:+   50000            0     
       Src Latency:+       0            0     
       Net Latency:+    2000 (I)     2000 (I) 
           Arrival:=   52000         2000     
                                              
             Setup:-     223                  
       Uncertainty:-     500                  
     Required Time:=   51277                  
      Launch Clock:-    2000                  
         Data Path:-    2439                  
             Slack:=   46838                  

#---------------------------------------------------------------------------------------------------------------------------------------------------------
#                             Timing Point                               Flags    Arc    Edge       Cell         Fanout Load Trans Delay Arrival Instance 
#                                                                                                                       (fF)  (ps)  (ps)   (ps)  Location 
#---------------------------------------------------------------------------------------------------------------------------------------------------------
  d_DoDCT_reg/clk                                                        -       -       R     (arrival)           1022    -     0     -    2000    (-,-) 
  d_DoDCT_reg/q                                                          (u)     clk->q  R     unmapped_d_flop      118 45.1     0   506    2506    (-,-) 
  g172/z                                                                 (u)     in_0->z F     unmapped_not         119 41.8     0   161    2667    (-,-) 
  u_IDCT/IDRU8/g2860/z                                                   (u)     in_1->z F     unmapped_or2          19 72.2     0   154    2821    (-,-) 
  u_IDCT/IDRU8/g2728/z                                                   (u)     in_0->z F     unmapped_complex2      1  3.8     0    60    2881    (-,-) 
  u_IDCT/IDRU8/g2690/z                                                   (u)     in_1->z R     unmapped_nand2         1  4.1     0    60    2942    (-,-) 
  u_IDCT/IDRU8/g2576/z                                                   (u)     in_0->z R     unmapped_complex2      1  4.1     0    60    3002    (-,-) 
  u_IDCT/IDRU8/g2519/z                                                   (u)     in_1->z R     unmapped_or2           1  4.1     0    60    3062    (-,-) 
  u_IDCT/IDRU8/g2489/z                                                   (u)     in_0->z R     unmapped_complex2      4 16.4     0   104    3166    (-,-) 
  u_IDCT/IDRU8/add_86_45/g398/z                                          (u)     in_0->z R     unmapped_or2           1  4.1     0    60    3226    (-,-) 
  u_IDCT/IDRU8/add_86_45/g367/z                                          (u)     in_1->z F     unmapped_complex2      1  3.8     0    60    3286    (-,-) 
  u_IDCT/IDRU8/add_86_45/g42/z                                           (u)     in_1->z R     unmapped_nand2         4 16.4     0   104    3390    (-,-) 
  u_IDCT/IDRU8/add_86_45/g347/z                                          (u)     in_0->z F     unmapped_complex2      1  3.8     0    60    3450    (-,-) 
  u_IDCT/IDRU8/add_86_45/g336/z                                          (u)     in_0->z R     unmapped_complex2      5 20.5     0   110    3561    (-,-) 
  u_IDCT/IDRU8/add_86_45/g332/z                                          (u)     in_0->z F     unmapped_complex2      2  7.6     0    76    3636    (-,-) 
  u_IDCT/IDRU8/add_86_45/g314/z                                          (u)     in_1->z F     unmapped_or2           1  3.8     0    60    3696    (-,-) 
  u_IDCT/IDRU8/add_86_45/g313/z                                          (u)     in_0->z R     unmapped_complex2     10 41.0     0   126    3822    (-,-) 
  u_IDCT/IDRU8/add_86_45/g302/z                                          (u)     in_0->z F     unmapped_complex2      1  3.8     0    60    3883    (-,-) 
  u_IDCT/IDRU8/add_86_45/g292/z                                          (u)     in_0->z R     unmapped_complex2      2  8.2     0    76    3958    (-,-) 
  u_IDCT/IDRU8/add_86_45/g286/z                                          (u)     in_0->z R     unmapped_or2           1  4.1     0    60    4018    (-,-) 
  u_IDCT/IDRU8/add_86_45/g287/z                                          (u)     in_1->z F     unmapped_nand2         1  3.8     0    60    4079    (-,-) 
  u_IDCT/IDRU8/g2942/z                                                   (u)     in_0->z R     unmapped_complex2      1  4.1     0    60    4139    (-,-) 
  u_IDCT/IDRU8/g2913/z                                                   (u)     in_0->z F     unmapped_nand2         2  7.6     0    76    4214    (-,-) 
  u_IDCT/IDRU8/g2418/z                                                   (u)     in_0->z R     unmapped_complex2      1  4.1     0    60    4274    (-,-) 
  u_IDCT/IDRU8/g2299/z                                                   (u)     in_0->z F     unmapped_nand2         1  3.8     0    60    4335    (-,-) 
  u_IDCT/g816/z                                                          (u)     in_0->z R     unmapped_complex2      1  4.1     0    60    4395    (-,-) 
  u_IDCT/g750/z                                                          (u)     in_0->z F     unmapped_nand2         1  2.6     0    44    4439    (-,-) 
  u_IDCT/tposemem_Bisted_RF_2P_ADV64x16_RF_2P_ADV64x16_u0_SRAM_i0/DB[12] (P)     -       F     rf_2p_hse              1    -     -     0    4439    (-,-) 
#---------------------------------------------------------------------------------------------------------------------------------------------------------

(P) : Instance is preserved
(u) : Net has unmapped pin(s).



Path 12: MET (46838 ps) Setup Check with Pin u_IDCT/tposemem_Bisted_RF_2P_ADV64x16_RF_2P_ADV64x16_u0_SRAM_i0/CLKB->DB[13]
           Mode: scan_mode
          Group: C2C_scan_mode
     Startpoint: (R) d_DoDCT_reg/clk
          Clock: (R) CLK1
       Endpoint: (F) u_IDCT/tposemem_Bisted_RF_2P_ADV64x16_RF_2P_ADV64x16_u0_SRAM_i0/DB[13]
          Clock: (F) CLK1

                     Capture       Launch     
        Clock Edge:+   50000            0     
       Src Latency:+       0            0     
       Net Latency:+    2000 (I)     2000 (I) 
           Arrival:=   52000         2000     
                                              
             Setup:-     223                  
       Uncertainty:-     500                  
     Required Time:=   51277                  
      Launch Clock:-    2000                  
         Data Path:-    2439                  
             Slack:=   46838                  

#---------------------------------------------------------------------------------------------------------------------------------------------------------
#                             Timing Point                               Flags    Arc    Edge       Cell         Fanout Load Trans Delay Arrival Instance 
#                                                                                                                       (fF)  (ps)  (ps)   (ps)  Location 
#---------------------------------------------------------------------------------------------------------------------------------------------------------
  d_DoDCT_reg/clk                                                        -       -       R     (arrival)           1022    -     0     -    2000    (-,-) 
  d_DoDCT_reg/q                                                          (u)     clk->q  R     unmapped_d_flop      118 45.1     0   506    2506    (-,-) 
  g172/z                                                                 (u)     in_0->z F     unmapped_not         119 41.8     0   161    2667    (-,-) 
  u_IDCT/IDRU8/g2860/z                                                   (u)     in_1->z F     unmapped_or2          19 72.2     0   154    2821    (-,-) 
  u_IDCT/IDRU8/g2728/z                                                   (u)     in_0->z F     unmapped_complex2      1  3.8     0    60    2881    (-,-) 
  u_IDCT/IDRU8/g2690/z                                                   (u)     in_1->z R     unmapped_nand2         1  4.1     0    60    2942    (-,-) 
  u_IDCT/IDRU8/g2576/z                                                   (u)     in_0->z R     unmapped_complex2      1  4.1     0    60    3002    (-,-) 
  u_IDCT/IDRU8/g2519/z                                                   (u)     in_1->z R     unmapped_or2           1  4.1     0    60    3062    (-,-) 
  u_IDCT/IDRU8/g2489/z                                                   (u)     in_0->z R     unmapped_complex2      4 16.4     0   104    3166    (-,-) 
  u_IDCT/IDRU8/add_86_45/g398/z                                          (u)     in_0->z R     unmapped_or2           1  4.1     0    60    3226    (-,-) 
  u_IDCT/IDRU8/add_86_45/g367/z                                          (u)     in_1->z F     unmapped_complex2      1  3.8     0    60    3286    (-,-) 
  u_IDCT/IDRU8/add_86_45/g42/z                                           (u)     in_1->z R     unmapped_nand2         4 16.4     0   104    3390    (-,-) 
  u_IDCT/IDRU8/add_86_45/g347/z                                          (u)     in_0->z F     unmapped_complex2      1  3.8     0    60    3450    (-,-) 
  u_IDCT/IDRU8/add_86_45/g336/z                                          (u)     in_0->z R     unmapped_complex2      5 20.5     0   110    3561    (-,-) 
  u_IDCT/IDRU8/add_86_45/g332/z                                          (u)     in_0->z F     unmapped_complex2      2  7.6     0    76    3636    (-,-) 
  u_IDCT/IDRU8/add_86_45/g314/z                                          (u)     in_1->z F     unmapped_or2           1  3.8     0    60    3696    (-,-) 
  u_IDCT/IDRU8/add_86_45/g313/z                                          (u)     in_0->z R     unmapped_complex2     10 41.0     0   126    3822    (-,-) 
  u_IDCT/IDRU8/add_86_45/g297/z                                          (u)     in_0->z F     unmapped_complex2      1  3.8     0    60    3883    (-,-) 
  u_IDCT/IDRU8/add_86_45/g289/z                                          (u)     in_0->z R     unmapped_complex2      2  8.2     0    76    3958    (-,-) 
  u_IDCT/IDRU8/add_86_45/g280/z                                          (u)     in_0->z R     unmapped_or2           1  4.1     0    60    4018    (-,-) 
  u_IDCT/IDRU8/add_86_45/g281/z                                          (u)     in_1->z F     unmapped_nand2         1  3.8     0    60    4079    (-,-) 
  u_IDCT/IDRU8/g2931/z                                                   (u)     in_0->z R     unmapped_complex2      1  4.1     0    60    4139    (-,-) 
  u_IDCT/IDRU8/g2925/z                                                   (u)     in_0->z F     unmapped_nand2         2  7.6     0    76    4214    (-,-) 
  u_IDCT/IDRU8/g2433/z                                                   (u)     in_0->z R     unmapped_complex2      1  4.1     0    60    4274    (-,-) 
  u_IDCT/IDRU8/g2301/z                                                   (u)     in_0->z F     unmapped_nand2         1  3.8     0    60    4335    (-,-) 
  u_IDCT/g818/z                                                          (u)     in_0->z R     unmapped_complex2      1  4.1     0    60    4395    (-,-) 
  u_IDCT/g702/z                                                          (u)     in_0->z F     unmapped_nand2         1  2.6     0    44    4439    (-,-) 
  u_IDCT/tposemem_Bisted_RF_2P_ADV64x16_RF_2P_ADV64x16_u0_SRAM_i0/DB[13] (P)     -       F     rf_2p_hse              1    -     -     0    4439    (-,-) 
#---------------------------------------------------------------------------------------------------------------------------------------------------------

(P) : Instance is preserved
(u) : Net has unmapped pin(s).



Path 13: MET (46909 ps) Setup Check with Pin u_DCT/tposemem_Bisted_RF_2P_ADV64x16_RF_2P_ADV64x16_u0_SRAM_i0/CLKB->DB[15]
           Mode: scan_mode
          Group: C2C_scan_mode
     Startpoint: (R) d_DoDCT_reg/clk
          Clock: (R) CLK1
       Endpoint: (F) u_DCT/tposemem_Bisted_RF_2P_ADV64x16_RF_2P_ADV64x16_u0_SRAM_i0/DB[15]
          Clock: (F) CLK1

                     Capture       Launch     
        Clock Edge:+   50000            0     
       Src Latency:+       0            0     
       Net Latency:+    2000 (I)     2000 (I) 
           Arrival:=   52000         2000     
                                              
             Setup:-     223                  
       Uncertainty:-     500                  
     Required Time:=   51277                  
      Launch Clock:-    2000                  
         Data Path:-    2368                  
             Slack:=   46909                  

#--------------------------------------------------------------------------------------------------------------------------------------------------------
#                             Timing Point                              Flags    Arc    Edge       Cell         Fanout Load Trans Delay Arrival Instance 
#                                                                                                                      (fF)  (ps)  (ps)   (ps)  Location 
#--------------------------------------------------------------------------------------------------------------------------------------------------------
  d_DoDCT_reg/clk                                                       -       -       R     (arrival)           1022    -     0     -    2000    (-,-) 
  d_DoDCT_reg/q                                                         (u)     clk->q  F     unmapped_d_flop      118 41.8     0   506    2506    (-,-) 
  u_DCT/IDRU8/g2883/z                                                   (u)     in_1->z F     unmapped_complex2      2  7.6     0    76    2582    (-,-) 
  u_DCT/IDRU8/g2860/z                                                   (u)     in_0->z F     unmapped_complex2     19 72.2     0   154    2736    (-,-) 
  u_DCT/IDRU8/g2728/z                                                   (u)     in_0->z F     unmapped_complex2      1  3.8     0    60    2796    (-,-) 
  u_DCT/IDRU8/g2690/z                                                   (u)     in_1->z R     unmapped_nand2         1  4.1     0    60    2856    (-,-) 
  u_DCT/IDRU8/g2576/z                                                   (u)     in_0->z R     unmapped_complex2      1  4.1     0    60    2916    (-,-) 
  u_DCT/IDRU8/g2519/z                                                   (u)     in_1->z R     unmapped_or2           1  4.1     0    60    2976    (-,-) 
  u_DCT/IDRU8/g2489/z                                                   (u)     in_0->z R     unmapped_complex2      4 16.4     0   104    3080    (-,-) 
  u_DCT/IDRU8/add_86_45/g398/z                                          (u)     in_0->z R     unmapped_or2           1  4.1     0    60    3140    (-,-) 
  u_DCT/IDRU8/add_86_45/g367/z                                          (u)     in_1->z F     unmapped_complex2      1  3.8     0    60    3201    (-,-) 
  u_DCT/IDRU8/add_86_45/g42/z                                           (u)     in_1->z R     unmapped_nand2         4 16.4     0   104    3304    (-,-) 
  u_DCT/IDRU8/add_86_45/g347/z                                          (u)     in_0->z F     unmapped_complex2      1  3.8     0    60    3365    (-,-) 
  u_DCT/IDRU8/add_86_45/g336/z                                          (u)     in_0->z R     unmapped_complex2      5 20.5     0   110    3475    (-,-) 
  u_DCT/IDRU8/add_86_45/g332/z                                          (u)     in_0->z F     unmapped_complex2      2  7.6     0    76    3551    (-,-) 
  u_DCT/IDRU8/add_86_45/g314/z                                          (u)     in_1->z F     unmapped_or2           1  3.8     0    60    3611    (-,-) 
  u_DCT/IDRU8/add_86_45/g313/z                                          (u)     in_0->z R     unmapped_complex2     10 41.0     0   126    3737    (-,-) 
  u_DCT/IDRU8/add_86_45/g295/z                                          (u)     in_0->z F     unmapped_complex2      1  3.8     0    60    3797    (-,-) 
  u_DCT/IDRU8/add_86_45/g288/z                                          (u)     in_0->z R     unmapped_complex2      3 12.3     0    90    3887    (-,-) 
  u_DCT/IDRU8/add_86_45/g266/z                                          (u)     in_1->z F     unmapped_nand2         1  3.8     0    60    3948    (-,-) 
  u_DCT/IDRU8/add_86_45/g159/z                                          (u)     in_1->z R     unmapped_nand2         2  8.2     0    76    4023    (-,-) 
  u_DCT/IDRU8/add_86_45/g261/z                                          (u)     in_0->z R     unmapped_or2           1  4.1     0    60    4083    (-,-) 
  u_DCT/IDRU8/add_86_45/g262/z                                          (u)     in_1->z F     unmapped_nand2         1  3.8     0    60    4144    (-,-) 
  u_DCT/IDRU8/g2895/z                                                   (u)     in_0->z R     unmapped_complex2      1  4.1     0    60    4204    (-,-) 
  u_DCT/IDRU8/g2314/z                                                   (u)     in_1->z F     unmapped_complex2      1  3.8     0    60    4264    (-,-) 
  u_DCT/g822/z                                                          (u)     in_0->z R     unmapped_complex2      1  4.1     0    60    4324    (-,-) 
  u_DCT/g733/z                                                          (u)     in_0->z F     unmapped_nand2         1  2.6     0    44    4368    (-,-) 
  u_DCT/tposemem_Bisted_RF_2P_ADV64x16_RF_2P_ADV64x16_u0_SRAM_i0/DB[15] (P)     -       F     rf_2p_hse              1    -     -     0    4368    (-,-) 
#--------------------------------------------------------------------------------------------------------------------------------------------------------

(P) : Instance is preserved
(u) : Net has unmapped pin(s).



Path 14: MET (46924 ps) Setup Check with Pin u_DCT/tposemem_Bisted_RF_2P_ADV64x16_RF_2P_ADV64x16_u0_SRAM_i0/CLKB->DB[7]
           Mode: scan_mode
          Group: C2C_scan_mode
     Startpoint: (R) d_DoDCT_reg/clk
          Clock: (R) CLK1
       Endpoint: (F) u_DCT/tposemem_Bisted_RF_2P_ADV64x16_RF_2P_ADV64x16_u0_SRAM_i0/DB[7]
          Clock: (F) CLK1

                     Capture       Launch     
        Clock Edge:+   50000            0     
       Src Latency:+       0            0     
       Net Latency:+    2000 (I)     2000 (I) 
           Arrival:=   52000         2000     
                                              
             Setup:-     223                  
       Uncertainty:-     500                  
     Required Time:=   51277                  
      Launch Clock:-    2000                  
         Data Path:-    2353                  
             Slack:=   46924                  

#-------------------------------------------------------------------------------------------------------------------------------------------------------
#                            Timing Point                              Flags    Arc    Edge       Cell         Fanout Load Trans Delay Arrival Instance 
#                                                                                                                     (fF)  (ps)  (ps)   (ps)  Location 
#-------------------------------------------------------------------------------------------------------------------------------------------------------
  d_DoDCT_reg/clk                                                      -       -       R     (arrival)           1022    -     0     -    2000    (-,-) 
  d_DoDCT_reg/q                                                        (u)     clk->q  F     unmapped_d_flop      118 41.8     0   506    2506    (-,-) 
  u_DCT/IDRU8/g2883/z                                                  (u)     in_1->z F     unmapped_complex2      2  7.6     0    76    2582    (-,-) 
  u_DCT/IDRU8/g2860/z                                                  (u)     in_0->z F     unmapped_complex2     19 72.2     0   154    2736    (-,-) 
  u_DCT/IDRU8/g2728/z                                                  (u)     in_0->z F     unmapped_complex2      1  3.8     0    60    2796    (-,-) 
  u_DCT/IDRU8/g2690/z                                                  (u)     in_1->z R     unmapped_nand2         1  4.1     0    60    2856    (-,-) 
  u_DCT/IDRU8/g2576/z                                                  (u)     in_0->z R     unmapped_complex2      1  4.1     0    60    2916    (-,-) 
  u_DCT/IDRU8/g2519/z                                                  (u)     in_1->z R     unmapped_or2           1  4.1     0    60    2976    (-,-) 
  u_DCT/IDRU8/g2489/z                                                  (u)     in_0->z R     unmapped_complex2      4 16.4     0   104    3080    (-,-) 
  u_DCT/IDRU8/add_86_45/g398/z                                         (u)     in_0->z R     unmapped_or2           1  4.1     0    60    3140    (-,-) 
  u_DCT/IDRU8/add_86_45/g367/z                                         (u)     in_1->z F     unmapped_complex2      1  3.8     0    60    3201    (-,-) 
  u_DCT/IDRU8/add_86_45/g42/z                                          (u)     in_1->z R     unmapped_nand2         4 16.4     0   104    3304    (-,-) 
  u_DCT/IDRU8/add_86_45/g347/z                                         (u)     in_0->z F     unmapped_complex2      1  3.8     0    60    3365    (-,-) 
  u_DCT/IDRU8/add_86_45/g336/z                                         (u)     in_0->z R     unmapped_complex2      5 20.5     0   110    3475    (-,-) 
  u_DCT/IDRU8/add_86_45/g332/z                                         (u)     in_0->z F     unmapped_complex2      2  7.6     0    76    3551    (-,-) 
  u_DCT/IDRU8/add_86_45/g314/z                                         (u)     in_1->z F     unmapped_or2           1  3.8     0    60    3611    (-,-) 
  u_DCT/IDRU8/add_86_45/g313/z                                         (u)     in_0->z R     unmapped_complex2     10 41.0     0   126    3737    (-,-) 
  u_DCT/IDRU8/add_86_45/g303/z                                         (u)     in_1->z F     unmapped_nand2         1  3.8     0    60    3797    (-,-) 
  u_DCT/IDRU8/add_86_45/g140/z                                         (u)     in_1->z R     unmapped_nand2         2  8.2     0    76    3873    (-,-) 
  u_DCT/IDRU8/add_86_45/g271/z                                         (u)     in_0->z R     unmapped_or2           1  4.1     0    60    3933    (-,-) 
  u_DCT/IDRU8/add_86_45/g272/z                                         (u)     in_1->z F     unmapped_nand2         1  3.8     0    60    3993    (-,-) 
  u_DCT/IDRU8/g2936/z                                                  (u)     in_0->z R     unmapped_complex2      1  4.1     0    60    4053    (-,-) 
  u_DCT/IDRU8/g2915/z                                                  (u)     in_0->z F     unmapped_nand2         2  7.6     0    76    4129    (-,-) 
  u_DCT/IDRU8/g2468/z                                                  (u)     in_0->z R     unmapped_complex2      1  4.1     0    60    4189    (-,-) 
  u_DCT/IDRU8/g2298/z                                                  (u)     in_0->z F     unmapped_nand2         1  3.8     0    60    4249    (-,-) 
  u_DCT/g759/z                                                         (u)     in_0->z R     unmapped_complex2      1  4.1     0    60    4309    (-,-) 
  u_DCT/g703/z                                                         (u)     in_1->z F     unmapped_nand2         1  2.6     0    44    4353    (-,-) 
  u_DCT/tposemem_Bisted_RF_2P_ADV64x16_RF_2P_ADV64x16_u0_SRAM_i0/DB[7] (P)     -       F     rf_2p_hse              1    -     -     0    4353    (-,-) 
#-------------------------------------------------------------------------------------------------------------------------------------------------------

(P) : Instance is preserved
(u) : Net has unmapped pin(s).



Path 15: MET (46924 ps) Setup Check with Pin u_DCT/tposemem_Bisted_RF_2P_ADV64x16_RF_2P_ADV64x16_u0_SRAM_i0/CLKB->DB[8]
           Mode: scan_mode
          Group: C2C_scan_mode
     Startpoint: (R) d_DoDCT_reg/clk
          Clock: (R) CLK1
       Endpoint: (F) u_DCT/tposemem_Bisted_RF_2P_ADV64x16_RF_2P_ADV64x16_u0_SRAM_i0/DB[8]
          Clock: (F) CLK1

                     Capture       Launch     
        Clock Edge:+   50000            0     
       Src Latency:+       0            0     
       Net Latency:+    2000 (I)     2000 (I) 
           Arrival:=   52000         2000     
                                              
             Setup:-     223                  
       Uncertainty:-     500                  
     Required Time:=   51277                  
      Launch Clock:-    2000                  
         Data Path:-    2353                  
             Slack:=   46924                  

#-------------------------------------------------------------------------------------------------------------------------------------------------------
#                            Timing Point                              Flags    Arc    Edge       Cell         Fanout Load Trans Delay Arrival Instance 
#                                                                                                                     (fF)  (ps)  (ps)   (ps)  Location 
#-------------------------------------------------------------------------------------------------------------------------------------------------------
  d_DoDCT_reg/clk                                                      -       -       R     (arrival)           1022    -     0     -    2000    (-,-) 
  d_DoDCT_reg/q                                                        (u)     clk->q  F     unmapped_d_flop      118 41.8     0   506    2506    (-,-) 
  u_DCT/IDRU8/g2883/z                                                  (u)     in_1->z F     unmapped_complex2      2  7.6     0    76    2582    (-,-) 
  u_DCT/IDRU8/g2860/z                                                  (u)     in_0->z F     unmapped_complex2     19 72.2     0   154    2736    (-,-) 
  u_DCT/IDRU8/g2728/z                                                  (u)     in_0->z F     unmapped_complex2      1  3.8     0    60    2796    (-,-) 
  u_DCT/IDRU8/g2690/z                                                  (u)     in_1->z R     unmapped_nand2         1  4.1     0    60    2856    (-,-) 
  u_DCT/IDRU8/g2576/z                                                  (u)     in_0->z R     unmapped_complex2      1  4.1     0    60    2916    (-,-) 
  u_DCT/IDRU8/g2519/z                                                  (u)     in_1->z R     unmapped_or2           1  4.1     0    60    2976    (-,-) 
  u_DCT/IDRU8/g2489/z                                                  (u)     in_0->z R     unmapped_complex2      4 16.4     0   104    3080    (-,-) 
  u_DCT/IDRU8/add_86_45/g398/z                                         (u)     in_0->z R     unmapped_or2           1  4.1     0    60    3140    (-,-) 
  u_DCT/IDRU8/add_86_45/g367/z                                         (u)     in_1->z F     unmapped_complex2      1  3.8     0    60    3201    (-,-) 
  u_DCT/IDRU8/add_86_45/g42/z                                          (u)     in_1->z R     unmapped_nand2         4 16.4     0   104    3304    (-,-) 
  u_DCT/IDRU8/add_86_45/g347/z                                         (u)     in_0->z F     unmapped_complex2      1  3.8     0    60    3365    (-,-) 
  u_DCT/IDRU8/add_86_45/g336/z                                         (u)     in_0->z R     unmapped_complex2      5 20.5     0   110    3475    (-,-) 
  u_DCT/IDRU8/add_86_45/g332/z                                         (u)     in_0->z F     unmapped_complex2      2  7.6     0    76    3551    (-,-) 
  u_DCT/IDRU8/add_86_45/g314/z                                         (u)     in_1->z F     unmapped_or2           1  3.8     0    60    3611    (-,-) 
  u_DCT/IDRU8/add_86_45/g313/z                                         (u)     in_0->z R     unmapped_complex2     10 41.0     0   126    3737    (-,-) 
  u_DCT/IDRU8/add_86_45/g296/z                                         (u)     in_0->z F     unmapped_complex2      1  3.8     0    60    3797    (-,-) 
  u_DCT/IDRU8/add_86_45/g291/z                                         (u)     in_0->z R     unmapped_complex2      2  8.2     0    76    3873    (-,-) 
  u_DCT/IDRU8/add_86_45/g277/z                                         (u)     in_0->z R     unmapped_or2           1  4.1     0    60    3933    (-,-) 
  u_DCT/IDRU8/add_86_45/g278/z                                         (u)     in_1->z F     unmapped_nand2         1  3.8     0    60    3993    (-,-) 
  u_DCT/IDRU8/g2934/z                                                  (u)     in_0->z R     unmapped_complex2      1  4.1     0    60    4053    (-,-) 
  u_DCT/IDRU8/g2918/z                                                  (u)     in_0->z F     unmapped_nand2         2  7.6     0    76    4129    (-,-) 
  u_DCT/IDRU8/g2470/z                                                  (u)     in_0->z R     unmapped_complex2      1  4.1     0    60    4189    (-,-) 
  u_DCT/IDRU8/g2295/z                                                  (u)     in_0->z F     unmapped_nand2         1  3.8     0    60    4249    (-,-) 
  u_DCT/g808/z                                                         (u)     in_0->z R     unmapped_complex2      1  4.1     0    60    4309    (-,-) 
  u_DCT/g712/z                                                         (u)     in_0->z F     unmapped_nand2         1  2.6     0    44    4353    (-,-) 
  u_DCT/tposemem_Bisted_RF_2P_ADV64x16_RF_2P_ADV64x16_u0_SRAM_i0/DB[8] (P)     -       F     rf_2p_hse              1    -     -     0    4353    (-,-) 
#-------------------------------------------------------------------------------------------------------------------------------------------------------

(P) : Instance is preserved
(u) : Net has unmapped pin(s).



Path 16: MET (46924 ps) Setup Check with Pin u_DCT/tposemem_Bisted_RF_2P_ADV64x16_RF_2P_ADV64x16_u0_SRAM_i0/CLKB->DB[9]
           Mode: scan_mode
          Group: C2C_scan_mode
     Startpoint: (R) d_DoDCT_reg/clk
          Clock: (R) CLK1
       Endpoint: (F) u_DCT/tposemem_Bisted_RF_2P_ADV64x16_RF_2P_ADV64x16_u0_SRAM_i0/DB[9]
          Clock: (F) CLK1

                     Capture       Launch     
        Clock Edge:+   50000            0     
       Src Latency:+       0            0     
       Net Latency:+    2000 (I)     2000 (I) 
           Arrival:=   52000         2000     
                                              
             Setup:-     223                  
       Uncertainty:-     500                  
     Required Time:=   51277                  
      Launch Clock:-    2000                  
         Data Path:-    2353                  
             Slack:=   46924                  

#-------------------------------------------------------------------------------------------------------------------------------------------------------
#                            Timing Point                              Flags    Arc    Edge       Cell         Fanout Load Trans Delay Arrival Instance 
#                                                                                                                     (fF)  (ps)  (ps)   (ps)  Location 
#-------------------------------------------------------------------------------------------------------------------------------------------------------
  d_DoDCT_reg/clk                                                      -       -       R     (arrival)           1022    -     0     -    2000    (-,-) 
  d_DoDCT_reg/q                                                        (u)     clk->q  F     unmapped_d_flop      118 41.8     0   506    2506    (-,-) 
  u_DCT/IDRU8/g2883/z                                                  (u)     in_1->z F     unmapped_complex2      2  7.6     0    76    2582    (-,-) 
  u_DCT/IDRU8/g2860/z                                                  (u)     in_0->z F     unmapped_complex2     19 72.2     0   154    2736    (-,-) 
  u_DCT/IDRU8/g2728/z                                                  (u)     in_0->z F     unmapped_complex2      1  3.8     0    60    2796    (-,-) 
  u_DCT/IDRU8/g2690/z                                                  (u)     in_1->z R     unmapped_nand2         1  4.1     0    60    2856    (-,-) 
  u_DCT/IDRU8/g2576/z                                                  (u)     in_0->z R     unmapped_complex2      1  4.1     0    60    2916    (-,-) 
  u_DCT/IDRU8/g2519/z                                                  (u)     in_1->z R     unmapped_or2           1  4.1     0    60    2976    (-,-) 
  u_DCT/IDRU8/g2489/z                                                  (u)     in_0->z R     unmapped_complex2      4 16.4     0   104    3080    (-,-) 
  u_DCT/IDRU8/add_86_45/g398/z                                         (u)     in_0->z R     unmapped_or2           1  4.1     0    60    3140    (-,-) 
  u_DCT/IDRU8/add_86_45/g367/z                                         (u)     in_1->z F     unmapped_complex2      1  3.8     0    60    3201    (-,-) 
  u_DCT/IDRU8/add_86_45/g42/z                                          (u)     in_1->z R     unmapped_nand2         4 16.4     0   104    3304    (-,-) 
  u_DCT/IDRU8/add_86_45/g347/z                                         (u)     in_0->z F     unmapped_complex2      1  3.8     0    60    3365    (-,-) 
  u_DCT/IDRU8/add_86_45/g336/z                                         (u)     in_0->z R     unmapped_complex2      5 20.5     0   110    3475    (-,-) 
  u_DCT/IDRU8/add_86_45/g332/z                                         (u)     in_0->z F     unmapped_complex2      2  7.6     0    76    3551    (-,-) 
  u_DCT/IDRU8/add_86_45/g314/z                                         (u)     in_1->z F     unmapped_or2           1  3.8     0    60    3611    (-,-) 
  u_DCT/IDRU8/add_86_45/g313/z                                         (u)     in_0->z R     unmapped_complex2     10 41.0     0   126    3737    (-,-) 
  u_DCT/IDRU8/add_86_45/g254/z                                         (u)     in_0->z F     unmapped_complex2      1  3.8     0    60    3797    (-,-) 
  u_DCT/IDRU8/add_86_45/g293/z                                         (u)     in_0->z R     unmapped_complex2      2  8.2     0    76    3873    (-,-) 
  u_DCT/IDRU8/add_86_45/g264/z                                         (u)     in_0->z R     unmapped_or2           1  4.1     0    60    3933    (-,-) 
  u_DCT/IDRU8/add_86_45/g265/z                                         (u)     in_1->z F     unmapped_nand2         1  3.8     0    60    3993    (-,-) 
  u_DCT/IDRU8/g2956/z                                                  (u)     in_0->z R     unmapped_complex2      1  4.1     0    60    4053    (-,-) 
  u_DCT/IDRU8/g2928/z                                                  (u)     in_0->z F     unmapped_nand2         2  7.6     0    76    4129    (-,-) 
  u_DCT/IDRU8/g2413/z                                                  (u)     in_0->z R     unmapped_complex2      1  4.1     0    60    4189    (-,-) 
  u_DCT/IDRU8/g2292/z                                                  (u)     in_0->z F     unmapped_nand2         1  3.8     0    60    4249    (-,-) 
  u_DCT/g810/z                                                         (u)     in_0->z R     unmapped_complex2      1  4.1     0    60    4309    (-,-) 
  u_DCT/g723/z                                                         (u)     in_0->z F     unmapped_nand2         1  2.6     0    44    4353    (-,-) 
  u_DCT/tposemem_Bisted_RF_2P_ADV64x16_RF_2P_ADV64x16_u0_SRAM_i0/DB[9] (P)     -       F     rf_2p_hse              1    -     -     0    4353    (-,-) 
#-------------------------------------------------------------------------------------------------------------------------------------------------------

(P) : Instance is preserved
(u) : Net has unmapped pin(s).



Path 17: MET (46924 ps) Setup Check with Pin u_DCT/tposemem_Bisted_RF_2P_ADV64x16_RF_2P_ADV64x16_u0_SRAM_i0/CLKB->DB[10]
           Mode: scan_mode
          Group: C2C_scan_mode
     Startpoint: (R) d_DoDCT_reg/clk
          Clock: (R) CLK1
       Endpoint: (F) u_DCT/tposemem_Bisted_RF_2P_ADV64x16_RF_2P_ADV64x16_u0_SRAM_i0/DB[10]
          Clock: (F) CLK1

                     Capture       Launch     
        Clock Edge:+   50000            0     
       Src Latency:+       0            0     
       Net Latency:+    2000 (I)     2000 (I) 
           Arrival:=   52000         2000     
                                              
             Setup:-     223                  
       Uncertainty:-     500                  
     Required Time:=   51277                  
      Launch Clock:-    2000                  
         Data Path:-    2353                  
             Slack:=   46924                  

#--------------------------------------------------------------------------------------------------------------------------------------------------------
#                             Timing Point                              Flags    Arc    Edge       Cell         Fanout Load Trans Delay Arrival Instance 
#                                                                                                                      (fF)  (ps)  (ps)   (ps)  Location 
#--------------------------------------------------------------------------------------------------------------------------------------------------------
  d_DoDCT_reg/clk                                                       -       -       R     (arrival)           1022    -     0     -    2000    (-,-) 
  d_DoDCT_reg/q                                                         (u)     clk->q  F     unmapped_d_flop      118 41.8     0   506    2506    (-,-) 
  u_DCT/IDRU8/g2883/z                                                   (u)     in_1->z F     unmapped_complex2      2  7.6     0    76    2582    (-,-) 
  u_DCT/IDRU8/g2860/z                                                   (u)     in_0->z F     unmapped_complex2     19 72.2     0   154    2736    (-,-) 
  u_DCT/IDRU8/g2728/z                                                   (u)     in_0->z F     unmapped_complex2      1  3.8     0    60    2796    (-,-) 
  u_DCT/IDRU8/g2690/z                                                   (u)     in_1->z R     unmapped_nand2         1  4.1     0    60    2856    (-,-) 
  u_DCT/IDRU8/g2576/z                                                   (u)     in_0->z R     unmapped_complex2      1  4.1     0    60    2916    (-,-) 
  u_DCT/IDRU8/g2519/z                                                   (u)     in_1->z R     unmapped_or2           1  4.1     0    60    2976    (-,-) 
  u_DCT/IDRU8/g2489/z                                                   (u)     in_0->z R     unmapped_complex2      4 16.4     0   104    3080    (-,-) 
  u_DCT/IDRU8/add_86_45/g398/z                                          (u)     in_0->z R     unmapped_or2           1  4.1     0    60    3140    (-,-) 
  u_DCT/IDRU8/add_86_45/g367/z                                          (u)     in_1->z F     unmapped_complex2      1  3.8     0    60    3201    (-,-) 
  u_DCT/IDRU8/add_86_45/g42/z                                           (u)     in_1->z R     unmapped_nand2         4 16.4     0   104    3304    (-,-) 
  u_DCT/IDRU8/add_86_45/g347/z                                          (u)     in_0->z F     unmapped_complex2      1  3.8     0    60    3365    (-,-) 
  u_DCT/IDRU8/add_86_45/g336/z                                          (u)     in_0->z R     unmapped_complex2      5 20.5     0   110    3475    (-,-) 
  u_DCT/IDRU8/add_86_45/g332/z                                          (u)     in_0->z F     unmapped_complex2      2  7.6     0    76    3551    (-,-) 
  u_DCT/IDRU8/add_86_45/g314/z                                          (u)     in_1->z F     unmapped_or2           1  3.8     0    60    3611    (-,-) 
  u_DCT/IDRU8/add_86_45/g313/z                                          (u)     in_0->z R     unmapped_complex2     10 41.0     0   126    3737    (-,-) 
  u_DCT/IDRU8/add_86_45/g255/z                                          (u)     in_0->z F     unmapped_complex2      1  3.8     0    60    3797    (-,-) 
  u_DCT/IDRU8/add_86_45/g290/z                                          (u)     in_0->z R     unmapped_complex2      2  8.2     0    76    3873    (-,-) 
  u_DCT/IDRU8/add_86_45/g283/z                                          (u)     in_0->z R     unmapped_or2           1  4.1     0    60    3933    (-,-) 
  u_DCT/IDRU8/add_86_45/g284/z                                          (u)     in_1->z F     unmapped_nand2         1  3.8     0    60    3993    (-,-) 
  u_DCT/IDRU8/g2929/z                                                   (u)     in_0->z R     unmapped_complex2      1  4.1     0    60    4053    (-,-) 
  u_DCT/IDRU8/g2926/z                                                   (u)     in_0->z F     unmapped_nand2         2  7.6     0    76    4129    (-,-) 
  u_DCT/IDRU8/g2415/z                                                   (u)     in_0->z R     unmapped_complex2      1  4.1     0    60    4189    (-,-) 
  u_DCT/IDRU8/g2290/z                                                   (u)     in_0->z F     unmapped_nand2         1  3.8     0    60    4249    (-,-) 
  u_DCT/g812/z                                                          (u)     in_0->z R     unmapped_complex2      1  4.1     0    60    4309    (-,-) 
  u_DCT/g736/z                                                          (u)     in_0->z F     unmapped_nand2         1  2.6     0    44    4353    (-,-) 
  u_DCT/tposemem_Bisted_RF_2P_ADV64x16_RF_2P_ADV64x16_u0_SRAM_i0/DB[10] (P)     -       F     rf_2p_hse              1    -     -     0    4353    (-,-) 
#--------------------------------------------------------------------------------------------------------------------------------------------------------

(P) : Instance is preserved
(u) : Net has unmapped pin(s).



Path 18: MET (46924 ps) Setup Check with Pin u_DCT/tposemem_Bisted_RF_2P_ADV64x16_RF_2P_ADV64x16_u0_SRAM_i0/CLKB->DB[11]
           Mode: scan_mode
          Group: C2C_scan_mode
     Startpoint: (R) d_DoDCT_reg/clk
          Clock: (R) CLK1
       Endpoint: (F) u_DCT/tposemem_Bisted_RF_2P_ADV64x16_RF_2P_ADV64x16_u0_SRAM_i0/DB[11]
          Clock: (F) CLK1

                     Capture       Launch     
        Clock Edge:+   50000            0     
       Src Latency:+       0            0     
       Net Latency:+    2000 (I)     2000 (I) 
           Arrival:=   52000         2000     
                                              
             Setup:-     223                  
       Uncertainty:-     500                  
     Required Time:=   51277                  
      Launch Clock:-    2000                  
         Data Path:-    2353                  
             Slack:=   46924                  

#--------------------------------------------------------------------------------------------------------------------------------------------------------
#                             Timing Point                              Flags    Arc    Edge       Cell         Fanout Load Trans Delay Arrival Instance 
#                                                                                                                      (fF)  (ps)  (ps)   (ps)  Location 
#--------------------------------------------------------------------------------------------------------------------------------------------------------
  d_DoDCT_reg/clk                                                       -       -       R     (arrival)           1022    -     0     -    2000    (-,-) 
  d_DoDCT_reg/q                                                         (u)     clk->q  F     unmapped_d_flop      118 41.8     0   506    2506    (-,-) 
  u_DCT/IDRU8/g2883/z                                                   (u)     in_1->z F     unmapped_complex2      2  7.6     0    76    2582    (-,-) 
  u_DCT/IDRU8/g2860/z                                                   (u)     in_0->z F     unmapped_complex2     19 72.2     0   154    2736    (-,-) 
  u_DCT/IDRU8/g2728/z                                                   (u)     in_0->z F     unmapped_complex2      1  3.8     0    60    2796    (-,-) 
  u_DCT/IDRU8/g2690/z                                                   (u)     in_1->z R     unmapped_nand2         1  4.1     0    60    2856    (-,-) 
  u_DCT/IDRU8/g2576/z                                                   (u)     in_0->z R     unmapped_complex2      1  4.1     0    60    2916    (-,-) 
  u_DCT/IDRU8/g2519/z                                                   (u)     in_1->z R     unmapped_or2           1  4.1     0    60    2976    (-,-) 
  u_DCT/IDRU8/g2489/z                                                   (u)     in_0->z R     unmapped_complex2      4 16.4     0   104    3080    (-,-) 
  u_DCT/IDRU8/add_86_45/g398/z                                          (u)     in_0->z R     unmapped_or2           1  4.1     0    60    3140    (-,-) 
  u_DCT/IDRU8/add_86_45/g367/z                                          (u)     in_1->z F     unmapped_complex2      1  3.8     0    60    3201    (-,-) 
  u_DCT/IDRU8/add_86_45/g42/z                                           (u)     in_1->z R     unmapped_nand2         4 16.4     0   104    3304    (-,-) 
  u_DCT/IDRU8/add_86_45/g347/z                                          (u)     in_0->z F     unmapped_complex2      1  3.8     0    60    3365    (-,-) 
  u_DCT/IDRU8/add_86_45/g336/z                                          (u)     in_0->z R     unmapped_complex2      5 20.5     0   110    3475    (-,-) 
  u_DCT/IDRU8/add_86_45/g332/z                                          (u)     in_0->z F     unmapped_complex2      2  7.6     0    76    3551    (-,-) 
  u_DCT/IDRU8/add_86_45/g314/z                                          (u)     in_1->z F     unmapped_or2           1  3.8     0    60    3611    (-,-) 
  u_DCT/IDRU8/add_86_45/g313/z                                          (u)     in_0->z R     unmapped_complex2     10 41.0     0   126    3737    (-,-) 
  u_DCT/IDRU8/add_86_45/g298/z                                          (u)     in_0->z F     unmapped_complex2      1  3.8     0    60    3797    (-,-) 
  u_DCT/IDRU8/add_86_45/g294/z                                          (u)     in_0->z R     unmapped_complex2      2  8.2     0    76    3873    (-,-) 
  u_DCT/IDRU8/add_86_45/g268/z                                          (u)     in_0->z R     unmapped_or2           1  4.1     0    60    3933    (-,-) 
  u_DCT/IDRU8/add_86_45/g269/z                                          (u)     in_1->z F     unmapped_nand2         1  3.8     0    60    3993    (-,-) 
  u_DCT/IDRU8/g2969/z                                                   (u)     in_0->z R     unmapped_complex2      1  4.1     0    60    4053    (-,-) 
  u_DCT/IDRU8/g2893/z                                                   (u)     in_0->z F     unmapped_nand2         2  7.6     0    76    4129    (-,-) 
  u_DCT/IDRU8/g2416/z                                                   (u)     in_0->z R     unmapped_complex2      1  4.1     0    60    4189    (-,-) 
  u_DCT/IDRU8/g2294/z                                                   (u)     in_0->z F     unmapped_nand2         1  3.8     0    60    4249    (-,-) 
  u_DCT/g814/z                                                          (u)     in_0->z R     unmapped_complex2      1  4.1     0    60    4309    (-,-) 
  u_DCT/g742/z                                                          (u)     in_0->z F     unmapped_nand2         1  2.6     0    44    4353    (-,-) 
  u_DCT/tposemem_Bisted_RF_2P_ADV64x16_RF_2P_ADV64x16_u0_SRAM_i0/DB[11] (P)     -       F     rf_2p_hse              1    -     -     0    4353    (-,-) 
#--------------------------------------------------------------------------------------------------------------------------------------------------------

(P) : Instance is preserved
(u) : Net has unmapped pin(s).



Path 19: MET (46924 ps) Setup Check with Pin u_DCT/tposemem_Bisted_RF_2P_ADV64x16_RF_2P_ADV64x16_u0_SRAM_i0/CLKB->DB[12]
           Mode: scan_mode
          Group: C2C_scan_mode
     Startpoint: (R) d_DoDCT_reg/clk
          Clock: (R) CLK1
       Endpoint: (F) u_DCT/tposemem_Bisted_RF_2P_ADV64x16_RF_2P_ADV64x16_u0_SRAM_i0/DB[12]
          Clock: (F) CLK1

                     Capture       Launch     
        Clock Edge:+   50000            0     
       Src Latency:+       0            0     
       Net Latency:+    2000 (I)     2000 (I) 
           Arrival:=   52000         2000     
                                              
             Setup:-     223                  
       Uncertainty:-     500                  
     Required Time:=   51277                  
      Launch Clock:-    2000                  
         Data Path:-    2353                  
             Slack:=   46924                  

#--------------------------------------------------------------------------------------------------------------------------------------------------------
#                             Timing Point                              Flags    Arc    Edge       Cell         Fanout Load Trans Delay Arrival Instance 
#                                                                                                                      (fF)  (ps)  (ps)   (ps)  Location 
#--------------------------------------------------------------------------------------------------------------------------------------------------------
  d_DoDCT_reg/clk                                                       -       -       R     (arrival)           1022    -     0     -    2000    (-,-) 
  d_DoDCT_reg/q                                                         (u)     clk->q  F     unmapped_d_flop      118 41.8     0   506    2506    (-,-) 
  u_DCT/IDRU8/g2883/z                                                   (u)     in_1->z F     unmapped_complex2      2  7.6     0    76    2582    (-,-) 
  u_DCT/IDRU8/g2860/z                                                   (u)     in_0->z F     unmapped_complex2     19 72.2     0   154    2736    (-,-) 
  u_DCT/IDRU8/g2728/z                                                   (u)     in_0->z F     unmapped_complex2      1  3.8     0    60    2796    (-,-) 
  u_DCT/IDRU8/g2690/z                                                   (u)     in_1->z R     unmapped_nand2         1  4.1     0    60    2856    (-,-) 
  u_DCT/IDRU8/g2576/z                                                   (u)     in_0->z R     unmapped_complex2      1  4.1     0    60    2916    (-,-) 
  u_DCT/IDRU8/g2519/z                                                   (u)     in_1->z R     unmapped_or2           1  4.1     0    60    2976    (-,-) 
  u_DCT/IDRU8/g2489/z                                                   (u)     in_0->z R     unmapped_complex2      4 16.4     0   104    3080    (-,-) 
  u_DCT/IDRU8/add_86_45/g398/z                                          (u)     in_0->z R     unmapped_or2           1  4.1     0    60    3140    (-,-) 
  u_DCT/IDRU8/add_86_45/g367/z                                          (u)     in_1->z F     unmapped_complex2      1  3.8     0    60    3201    (-,-) 
  u_DCT/IDRU8/add_86_45/g42/z                                           (u)     in_1->z R     unmapped_nand2         4 16.4     0   104    3304    (-,-) 
  u_DCT/IDRU8/add_86_45/g347/z                                          (u)     in_0->z F     unmapped_complex2      1  3.8     0    60    3365    (-,-) 
  u_DCT/IDRU8/add_86_45/g336/z                                          (u)     in_0->z R     unmapped_complex2      5 20.5     0   110    3475    (-,-) 
  u_DCT/IDRU8/add_86_45/g332/z                                          (u)     in_0->z F     unmapped_complex2      2  7.6     0    76    3551    (-,-) 
  u_DCT/IDRU8/add_86_45/g314/z                                          (u)     in_1->z F     unmapped_or2           1  3.8     0    60    3611    (-,-) 
  u_DCT/IDRU8/add_86_45/g313/z                                          (u)     in_0->z R     unmapped_complex2     10 41.0     0   126    3737    (-,-) 
  u_DCT/IDRU8/add_86_45/g302/z                                          (u)     in_0->z F     unmapped_complex2      1  3.8     0    60    3797    (-,-) 
  u_DCT/IDRU8/add_86_45/g292/z                                          (u)     in_0->z R     unmapped_complex2      2  8.2     0    76    3873    (-,-) 
  u_DCT/IDRU8/add_86_45/g286/z                                          (u)     in_0->z R     unmapped_or2           1  4.1     0    60    3933    (-,-) 
  u_DCT/IDRU8/add_86_45/g287/z                                          (u)     in_1->z F     unmapped_nand2         1  3.8     0    60    3993    (-,-) 
  u_DCT/IDRU8/g2942/z                                                   (u)     in_0->z R     unmapped_complex2      1  4.1     0    60    4053    (-,-) 
  u_DCT/IDRU8/g2913/z                                                   (u)     in_0->z F     unmapped_nand2         2  7.6     0    76    4129    (-,-) 
  u_DCT/IDRU8/g2418/z                                                   (u)     in_0->z R     unmapped_complex2      1  4.1     0    60    4189    (-,-) 
  u_DCT/IDRU8/g2299/z                                                   (u)     in_0->z F     unmapped_nand2         1  3.8     0    60    4249    (-,-) 
  u_DCT/g816/z                                                          (u)     in_0->z R     unmapped_complex2      1  4.1     0    60    4309    (-,-) 
  u_DCT/g750/z                                                          (u)     in_0->z F     unmapped_nand2         1  2.6     0    44    4353    (-,-) 
  u_DCT/tposemem_Bisted_RF_2P_ADV64x16_RF_2P_ADV64x16_u0_SRAM_i0/DB[12] (P)     -       F     rf_2p_hse              1    -     -     0    4353    (-,-) 
#--------------------------------------------------------------------------------------------------------------------------------------------------------

(P) : Instance is preserved
(u) : Net has unmapped pin(s).



Path 20: MET (46924 ps) Setup Check with Pin u_DCT/tposemem_Bisted_RF_2P_ADV64x16_RF_2P_ADV64x16_u0_SRAM_i0/CLKB->DB[13]
           Mode: scan_mode
          Group: C2C_scan_mode
     Startpoint: (R) d_DoDCT_reg/clk
          Clock: (R) CLK1
       Endpoint: (F) u_DCT/tposemem_Bisted_RF_2P_ADV64x16_RF_2P_ADV64x16_u0_SRAM_i0/DB[13]
          Clock: (F) CLK1

                     Capture       Launch     
        Clock Edge:+   50000            0     
       Src Latency:+       0            0     
       Net Latency:+    2000 (I)     2000 (I) 
           Arrival:=   52000         2000     
                                              
             Setup:-     223                  
       Uncertainty:-     500                  
     Required Time:=   51277                  
      Launch Clock:-    2000                  
         Data Path:-    2353                  
             Slack:=   46924                  

#--------------------------------------------------------------------------------------------------------------------------------------------------------
#                             Timing Point                              Flags    Arc    Edge       Cell         Fanout Load Trans Delay Arrival Instance 
#                                                                                                                      (fF)  (ps)  (ps)   (ps)  Location 
#--------------------------------------------------------------------------------------------------------------------------------------------------------
  d_DoDCT_reg/clk                                                       -       -       R     (arrival)           1022    -     0     -    2000    (-,-) 
  d_DoDCT_reg/q                                                         (u)     clk->q  F     unmapped_d_flop      118 41.8     0   506    2506    (-,-) 
  u_DCT/IDRU8/g2883/z                                                   (u)     in_1->z F     unmapped_complex2      2  7.6     0    76    2582    (-,-) 
  u_DCT/IDRU8/g2860/z                                                   (u)     in_0->z F     unmapped_complex2     19 72.2     0   154    2736    (-,-) 
  u_DCT/IDRU8/g2728/z                                                   (u)     in_0->z F     unmapped_complex2      1  3.8     0    60    2796    (-,-) 
  u_DCT/IDRU8/g2690/z                                                   (u)     in_1->z R     unmapped_nand2         1  4.1     0    60    2856    (-,-) 
  u_DCT/IDRU8/g2576/z                                                   (u)     in_0->z R     unmapped_complex2      1  4.1     0    60    2916    (-,-) 
  u_DCT/IDRU8/g2519/z                                                   (u)     in_1->z R     unmapped_or2           1  4.1     0    60    2976    (-,-) 
  u_DCT/IDRU8/g2489/z                                                   (u)     in_0->z R     unmapped_complex2      4 16.4     0   104    3080    (-,-) 
  u_DCT/IDRU8/add_86_45/g398/z                                          (u)     in_0->z R     unmapped_or2           1  4.1     0    60    3140    (-,-) 
  u_DCT/IDRU8/add_86_45/g367/z                                          (u)     in_1->z F     unmapped_complex2      1  3.8     0    60    3201    (-,-) 
  u_DCT/IDRU8/add_86_45/g42/z                                           (u)     in_1->z R     unmapped_nand2         4 16.4     0   104    3304    (-,-) 
  u_DCT/IDRU8/add_86_45/g347/z                                          (u)     in_0->z F     unmapped_complex2      1  3.8     0    60    3365    (-,-) 
  u_DCT/IDRU8/add_86_45/g336/z                                          (u)     in_0->z R     unmapped_complex2      5 20.5     0   110    3475    (-,-) 
  u_DCT/IDRU8/add_86_45/g332/z                                          (u)     in_0->z F     unmapped_complex2      2  7.6     0    76    3551    (-,-) 
  u_DCT/IDRU8/add_86_45/g314/z                                          (u)     in_1->z F     unmapped_or2           1  3.8     0    60    3611    (-,-) 
  u_DCT/IDRU8/add_86_45/g313/z                                          (u)     in_0->z R     unmapped_complex2     10 41.0     0   126    3737    (-,-) 
  u_DCT/IDRU8/add_86_45/g297/z                                          (u)     in_0->z F     unmapped_complex2      1  3.8     0    60    3797    (-,-) 
  u_DCT/IDRU8/add_86_45/g289/z                                          (u)     in_0->z R     unmapped_complex2      2  8.2     0    76    3873    (-,-) 
  u_DCT/IDRU8/add_86_45/g280/z                                          (u)     in_0->z R     unmapped_or2           1  4.1     0    60    3933    (-,-) 
  u_DCT/IDRU8/add_86_45/g281/z                                          (u)     in_1->z F     unmapped_nand2         1  3.8     0    60    3993    (-,-) 
  u_DCT/IDRU8/g2931/z                                                   (u)     in_0->z R     unmapped_complex2      1  4.1     0    60    4053    (-,-) 
  u_DCT/IDRU8/g2925/z                                                   (u)     in_0->z F     unmapped_nand2         2  7.6     0    76    4129    (-,-) 
  u_DCT/IDRU8/g2433/z                                                   (u)     in_0->z R     unmapped_complex2      1  4.1     0    60    4189    (-,-) 
  u_DCT/IDRU8/g2301/z                                                   (u)     in_0->z F     unmapped_nand2         1  3.8     0    60    4249    (-,-) 
  u_DCT/g818/z                                                          (u)     in_0->z R     unmapped_complex2      1  4.1     0    60    4309    (-,-) 
  u_DCT/g702/z                                                          (u)     in_0->z F     unmapped_nand2         1  2.6     0    44    4353    (-,-) 
  u_DCT/tposemem_Bisted_RF_2P_ADV64x16_RF_2P_ADV64x16_u0_SRAM_i0/DB[13] (P)     -       F     rf_2p_hse              1    -     -     0    4353    (-,-) 
#--------------------------------------------------------------------------------------------------------------------------------------------------------

(P) : Instance is preserved
(u) : Net has unmapped pin(s).



Path 21: MET (46959 ps) Setup Check with Pin u_IDCT/tposemem_Bisted_RF_2P_ADV64x16_RF_2P_ADV64x16_u0_SRAM_i0/CLKB->DB[14]
           Mode: scan_mode
          Group: C2C_scan_mode
     Startpoint: (R) d_DoDCT_reg/clk
          Clock: (R) CLK1
       Endpoint: (F) u_IDCT/tposemem_Bisted_RF_2P_ADV64x16_RF_2P_ADV64x16_u0_SRAM_i0/DB[14]
          Clock: (F) CLK1

                     Capture       Launch     
        Clock Edge:+   50000            0     
       Src Latency:+       0            0     
       Net Latency:+    2000 (I)     2000 (I) 
           Arrival:=   52000         2000     
                                              
             Setup:-     223                  
       Uncertainty:-     500                  
     Required Time:=   51277                  
      Launch Clock:-    2000                  
         Data Path:-    2318                  
             Slack:=   46959                  

#---------------------------------------------------------------------------------------------------------------------------------------------------------
#                             Timing Point                               Flags    Arc    Edge       Cell         Fanout Load Trans Delay Arrival Instance 
#                                                                                                                       (fF)  (ps)  (ps)   (ps)  Location 
#---------------------------------------------------------------------------------------------------------------------------------------------------------
  d_DoDCT_reg/clk                                                        -       -       R     (arrival)           1022    -     0     -    2000    (-,-) 
  d_DoDCT_reg/q                                                          (u)     clk->q  R     unmapped_d_flop      118 45.1     0   506    2506    (-,-) 
  g172/z                                                                 (u)     in_0->z F     unmapped_not         119 41.8     0   161    2667    (-,-) 
  u_IDCT/IDRU8/g2860/z                                                   (u)     in_1->z F     unmapped_or2          19 72.2     0   154    2821    (-,-) 
  u_IDCT/IDRU8/g2728/z                                                   (u)     in_0->z F     unmapped_complex2      1  3.8     0    60    2881    (-,-) 
  u_IDCT/IDRU8/g2690/z                                                   (u)     in_1->z R     unmapped_nand2         1  4.1     0    60    2942    (-,-) 
  u_IDCT/IDRU8/g2576/z                                                   (u)     in_0->z R     unmapped_complex2      1  4.1     0    60    3002    (-,-) 
  u_IDCT/IDRU8/g2519/z                                                   (u)     in_1->z R     unmapped_or2           1  4.1     0    60    3062    (-,-) 
  u_IDCT/IDRU8/g2489/z                                                   (u)     in_0->z R     unmapped_complex2      4 16.4     0   104    3166    (-,-) 
  u_IDCT/IDRU8/add_86_45/g398/z                                          (u)     in_0->z R     unmapped_or2           1  4.1     0    60    3226    (-,-) 
  u_IDCT/IDRU8/add_86_45/g367/z                                          (u)     in_1->z F     unmapped_complex2      1  3.8     0    60    3286    (-,-) 
  u_IDCT/IDRU8/add_86_45/g42/z                                           (u)     in_1->z R     unmapped_nand2         4 16.4     0   104    3390    (-,-) 
  u_IDCT/IDRU8/add_86_45/g347/z                                          (u)     in_0->z F     unmapped_complex2      1  3.8     0    60    3450    (-,-) 
  u_IDCT/IDRU8/add_86_45/g336/z                                          (u)     in_0->z R     unmapped_complex2      5 20.5     0   110    3561    (-,-) 
  u_IDCT/IDRU8/add_86_45/g332/z                                          (u)     in_0->z F     unmapped_complex2      2  7.6     0    76    3636    (-,-) 
  u_IDCT/IDRU8/add_86_45/g314/z                                          (u)     in_1->z F     unmapped_or2           1  3.8     0    60    3696    (-,-) 
  u_IDCT/IDRU8/add_86_45/g313/z                                          (u)     in_0->z R     unmapped_complex2     10 41.0     0   126    3822    (-,-) 
  u_IDCT/IDRU8/add_86_45/g295/z                                          (u)     in_0->z F     unmapped_complex2      1  3.8     0    60    3883    (-,-) 
  u_IDCT/IDRU8/add_86_45/g288/z                                          (u)     in_0->z R     unmapped_complex2      3 12.3     0    90    3973    (-,-) 
  u_IDCT/IDRU8/add_86_45/g274/z                                          (u)     in_0->z R     unmapped_or2           1  4.1     0    60    4033    (-,-) 
  u_IDCT/IDRU8/add_86_45/g275/z                                          (u)     in_1->z F     unmapped_nand2         1  3.8     0    60    4093    (-,-) 
  u_IDCT/IDRU8/g2901/z                                                   (u)     in_0->z R     unmapped_complex2      1  4.1     0    60    4154    (-,-) 
  u_IDCT/IDRU8/g2311/z                                                   (u)     in_1->z F     unmapped_complex2      1  3.8     0    60    4214    (-,-) 
  u_IDCT/g820/z                                                          (u)     in_0->z R     unmapped_complex2      1  4.1     0    60    4274    (-,-) 
  u_IDCT/g714/z                                                          (u)     in_0->z F     unmapped_nand2         1  2.6     0    44    4318    (-,-) 
  u_IDCT/tposemem_Bisted_RF_2P_ADV64x16_RF_2P_ADV64x16_u0_SRAM_i0/DB[14] (P)     -       F     rf_2p_hse              1    -     -     0    4318    (-,-) 
#---------------------------------------------------------------------------------------------------------------------------------------------------------

(P) : Instance is preserved
(u) : Net has unmapped pin(s).



Path 22: MET (46974 ps) Setup Check with Pin u_IDCT/tposemem_Bisted_RF_2P_ADV64x16_RF_2P_ADV64x16_u0_SRAM_i0/CLKB->DB[6]
           Mode: scan_mode
          Group: C2C_scan_mode
     Startpoint: (R) d_DoDCT_reg/clk
          Clock: (R) CLK1
       Endpoint: (F) u_IDCT/tposemem_Bisted_RF_2P_ADV64x16_RF_2P_ADV64x16_u0_SRAM_i0/DB[6]
          Clock: (F) CLK1

                     Capture       Launch     
        Clock Edge:+   50000            0     
       Src Latency:+       0            0     
       Net Latency:+    2000 (I)     2000 (I) 
           Arrival:=   52000         2000     
                                              
             Setup:-     223                  
       Uncertainty:-     500                  
     Required Time:=   51277                  
      Launch Clock:-    2000                  
         Data Path:-    2303                  
             Slack:=   46974                  

#--------------------------------------------------------------------------------------------------------------------------------------------------------
#                             Timing Point                              Flags    Arc    Edge       Cell         Fanout Load Trans Delay Arrival Instance 
#                                                                                                                      (fF)  (ps)  (ps)   (ps)  Location 
#--------------------------------------------------------------------------------------------------------------------------------------------------------
  d_DoDCT_reg/clk                                                       -       -       R     (arrival)           1022    -     0     -    2000    (-,-) 
  d_DoDCT_reg/q                                                         (u)     clk->q  R     unmapped_d_flop      118 45.1     0   506    2506    (-,-) 
  g172/z                                                                (u)     in_0->z F     unmapped_not         119 41.8     0   161    2667    (-,-) 
  u_IDCT/IDRU8/g2860/z                                                  (u)     in_1->z F     unmapped_or2          19 72.2     0   154    2821    (-,-) 
  u_IDCT/IDRU8/g2728/z                                                  (u)     in_0->z F     unmapped_complex2      1  3.8     0    60    2881    (-,-) 
  u_IDCT/IDRU8/g2690/z                                                  (u)     in_1->z R     unmapped_nand2         1  4.1     0    60    2942    (-,-) 
  u_IDCT/IDRU8/g2576/z                                                  (u)     in_0->z R     unmapped_complex2      1  4.1     0    60    3002    (-,-) 
  u_IDCT/IDRU8/g2519/z                                                  (u)     in_1->z R     unmapped_or2           1  4.1     0    60    3062    (-,-) 
  u_IDCT/IDRU8/g2489/z                                                  (u)     in_0->z R     unmapped_complex2      4 16.4     0   104    3166    (-,-) 
  u_IDCT/IDRU8/add_86_45/g398/z                                         (u)     in_0->z R     unmapped_or2           1  4.1     0    60    3226    (-,-) 
  u_IDCT/IDRU8/add_86_45/g367/z                                         (u)     in_1->z F     unmapped_complex2      1  3.8     0    60    3286    (-,-) 
  u_IDCT/IDRU8/add_86_45/g42/z                                          (u)     in_1->z R     unmapped_nand2         4 16.4     0   104    3390    (-,-) 
  u_IDCT/IDRU8/add_86_45/g347/z                                         (u)     in_0->z F     unmapped_complex2      1  3.8     0    60    3450    (-,-) 
  u_IDCT/IDRU8/add_86_45/g336/z                                         (u)     in_0->z R     unmapped_complex2      5 20.5     0   110    3561    (-,-) 
  u_IDCT/IDRU8/add_86_45/g332/z                                         (u)     in_0->z F     unmapped_complex2      2  7.6     0    76    3636    (-,-) 
  u_IDCT/IDRU8/add_86_45/g314/z                                         (u)     in_1->z F     unmapped_or2           1  3.8     0    60    3696    (-,-) 
  u_IDCT/IDRU8/add_86_45/g313/z                                         (u)     in_0->z R     unmapped_complex2     10 41.0     0   126    3822    (-,-) 
  u_IDCT/IDRU8/add_86_45/g300/z                                         (u)     in_0->z R     unmapped_or2           1  4.1     0    60    3883    (-,-) 
  u_IDCT/IDRU8/add_86_45/g301/z                                         (u)     in_1->z F     unmapped_nand2         1  3.8     0    60    3943    (-,-) 
  u_IDCT/IDRU8/g2938/z                                                  (u)     in_0->z R     unmapped_complex2      1  4.1     0    60    4003    (-,-) 
  u_IDCT/IDRU8/g2914/z                                                  (u)     in_0->z F     unmapped_nand2         2  7.6     0    76    4079    (-,-) 
  u_IDCT/IDRU8/g2467/z                                                  (u)     in_0->z R     unmapped_complex2      1  4.1     0    60    4139    (-,-) 
  u_IDCT/IDRU8/g2300/z                                                  (u)     in_0->z F     unmapped_nand2         1  3.8     0    60    4199    (-,-) 
  u_IDCT/g758/z                                                         (u)     in_0->z R     unmapped_complex2      1  4.1     0    60    4259    (-,-) 
  u_IDCT/g701/z                                                         (u)     in_1->z F     unmapped_nand2         1  2.6     0    44    4303    (-,-) 
  u_IDCT/tposemem_Bisted_RF_2P_ADV64x16_RF_2P_ADV64x16_u0_SRAM_i0/DB[6] (P)     -       F     rf_2p_hse              1    -     -     0    4303    (-,-) 
#--------------------------------------------------------------------------------------------------------------------------------------------------------

(P) : Instance is preserved
(u) : Net has unmapped pin(s).



Path 23: MET (47004 ps) Setup Check with Pin u_IDCT/DRU/ToBDEG_reg[16]/clk->d
           Mode: scan_mode
          Group: C2C_scan_mode
     Startpoint: (R) u_IDCT/tposemem_Bisted_RF_2P_ADV64x16_BistCtrl_i0_ST_MAL_i0_S17_reg/clk
          Clock: (F) CLK1
       Endpoint: (R) u_IDCT/DRU/ToBDEG_reg[16]/d
          Clock: (R) CLK1

                     Capture       Launch     
        Clock Edge:+  100000        50000     
       Src Latency:+       0            0     
       Net Latency:+    2000 (I)     2000 (I) 
           Arrival:=  102000        52000     
                                              
             Setup:-     260                  
       Uncertainty:-     500                  
     Required Time:=  101240                  
      Launch Clock:-   52000                  
         Data Path:-    2235                  
             Slack:=   47004                  

#----------------------------------------------------------------------------------------------------------------------------------------------------------
#                              Timing Point                               Flags    Arc    Edge       Cell         Fanout Load Trans Delay Arrival Instance 
#                                                                                                                        (fF)  (ps)  (ps)   (ps)  Location 
#----------------------------------------------------------------------------------------------------------------------------------------------------------
  u_IDCT/tposemem_Bisted_RF_2P_ADV64x16_BistCtrl_i0_ST_MAL_i0_S17_reg/clk -       -       R     (arrival)              6    -     0     -   52000    (-,-) 
  u_IDCT/tposemem_Bisted_RF_2P_ADV64x16_BistCtrl_i0_ST_MAL_i0_S17_reg/q   (u)     clk->q  R     unmapped_d_flop        1  4.1     0    16   52016    (-,-) 
  u_IDCT/g794/z                                                           (u)     in_1->z F     unmapped_nand2         2  7.6     0    76   52092    (-,-) 
  u_IDCT/g728/z                                                           (u)     in_1->z R     unmapped_nand2         2  8.2     0    76   52167    (-,-) 
  u_IDCT/DRU/g1363/z                                                      (u)     in_1->z R     unmapped_and2          7 28.7     0   117   52284    (-,-) 
  u_IDCT/DRU/sub_60_47/g750/z                                             (u)     in_1->z F     unmapped_complex2      4 15.2     0   104   52388    (-,-) 
  u_IDCT/DRU/sub_60_47/g729/z                                             (u)     in_1->z R     unmapped_nand2         1  4.1     0    60   52448    (-,-) 
  u_IDCT/DRU/sub_60_47/g708/z                                             (u)     in_0->z F     unmapped_nand2         3 11.4     0    90   52539    (-,-) 
  u_IDCT/DRU/sub_60_47/g706/z                                             (u)     in_1->z R     unmapped_nand2         1  4.1     0    60   52599    (-,-) 
  u_IDCT/DRU/sub_60_47/g701/z                                             (u)     in_1->z F     unmapped_nand2         3 11.4     0    90   52689    (-,-) 
  u_IDCT/DRU/sub_60_47/g696/z                                             (u)     in_0->z R     unmapped_nand2         1  4.1     0    60   52749    (-,-) 
  u_IDCT/DRU/sub_60_47/g694/z                                             (u)     in_1->z F     unmapped_nand2         4 15.2     0   104   52853    (-,-) 
  u_IDCT/DRU/sub_60_47/g690/z                                             (u)     in_0->z R     unmapped_complex2      1  4.1     0    60   52913    (-,-) 
  u_IDCT/DRU/sub_60_47/g687/z                                             (u)     in_0->z F     unmapped_complex2      3 11.4     0    90   53004    (-,-) 
  u_IDCT/DRU/sub_60_47/g686/z                                             (u)     in_1->z R     unmapped_nand2         1  4.1     0    60   53064    (-,-) 
  u_IDCT/DRU/sub_60_47/g679/z                                             (u)     in_1->z F     unmapped_nand2         3 11.4     0    90   53154    (-,-) 
  u_IDCT/DRU/sub_60_47/g675/z                                             (u)     in_0->z R     unmapped_nand2         1  4.1     0    60   53214    (-,-) 
  u_IDCT/DRU/sub_60_47/g674/z                                             (u)     in_1->z F     unmapped_nand2         4 15.2     0   104   53318    (-,-) 
  u_IDCT/DRU/sub_60_47/g670/z                                             (u)     in_0->z R     unmapped_complex2      2  8.2     0    76   53394    (-,-) 
  u_IDCT/DRU/sub_60_47/g666/z                                             (u)     in_0->z R     unmapped_or2           1  4.1     0    60   53454    (-,-) 
  u_IDCT/DRU/sub_60_47/g661/z                                             (u)     in_0->z F     unmapped_complex2      4 15.2     0   104   53558    (-,-) 
  u_IDCT/DRU/sub_60_47/g652/z                                             (u)     in_0->z R     unmapped_complex2      1  4.1     0    60   53618    (-,-) 
  u_IDCT/DRU/sub_60_47/g647/z                                             (u)     in_0->z F     unmapped_complex2      3 11.4     0    90   53708    (-,-) 
  u_IDCT/DRU/sub_60_47/g646/z                                             (u)     in_1->z R     unmapped_nand2         1  4.1     0    60   53769    (-,-) 
  u_IDCT/DRU/sub_60_47/g639/z                                             (u)     in_1->z F     unmapped_nand2         3 11.4     0    90   53859    (-,-) 
  u_IDCT/DRU/sub_60_47/g638/z                                             (u)     in_0->z R     unmapped_nand2         1  4.1     0    60   53919    (-,-) 
  u_IDCT/DRU/sub_60_47/g634/z                                             (u)     in_1->z F     unmapped_nand2         2  7.6     0    76   53995    (-,-) 
  u_IDCT/DRU/sub_60_47/g632/z                                             (u)     in_0->z F     unmapped_or2           1  3.8     0    60   54055    (-,-) 
  u_IDCT/DRU/sub_60_47/g633/z                                             (u)     in_1->z R     unmapped_nand2         1  4.1     0    60   54115    (-,-) 
  u_IDCT/DRU/g1261/z                                                      (u)     in_1->z F     unmapped_nand2         1  3.8     0    60   54175    (-,-) 
  u_IDCT/DRU/g1100/z                                                      (u)     in_1->z R     unmapped_nand2         1  4.1     0    60   54235    (-,-) 
  u_IDCT/DRU/ToBDEG_reg[16]/d                                             -       -       R     unmapped_d_flop        1    -     -     0   54235    (-,-) 
#----------------------------------------------------------------------------------------------------------------------------------------------------------

(u) : Net has unmapped pin(s).



Path 24: MET (47004 ps) Setup Check with Pin u_DCT/DRU/ToBDEG_reg[16]/clk->d
           Mode: scan_mode
          Group: C2C_scan_mode
     Startpoint: (R) u_DCT/tposemem_Bisted_RF_2P_ADV64x16_BistCtrl_i0_ST_MAL_i0_S17_reg/clk
          Clock: (F) CLK1
       Endpoint: (R) u_DCT/DRU/ToBDEG_reg[16]/d
          Clock: (R) CLK1

                     Capture       Launch     
        Clock Edge:+  100000        50000     
       Src Latency:+       0            0     
       Net Latency:+    2000 (I)     2000 (I) 
           Arrival:=  102000        52000     
                                              
             Setup:-     260                  
       Uncertainty:-     500                  
     Required Time:=  101240                  
      Launch Clock:-   52000                  
         Data Path:-    2235                  
             Slack:=   47004                  

#---------------------------------------------------------------------------------------------------------------------------------------------------------
#                             Timing Point                               Flags    Arc    Edge       Cell         Fanout Load Trans Delay Arrival Instance 
#                                                                                                                       (fF)  (ps)  (ps)   (ps)  Location 
#---------------------------------------------------------------------------------------------------------------------------------------------------------
  u_DCT/tposemem_Bisted_RF_2P_ADV64x16_BistCtrl_i0_ST_MAL_i0_S17_reg/clk -       -       R     (arrival)              6    -     0     -   52000    (-,-) 
  u_DCT/tposemem_Bisted_RF_2P_ADV64x16_BistCtrl_i0_ST_MAL_i0_S17_reg/q   (u)     clk->q  R     unmapped_d_flop        1  4.1     0    16   52016    (-,-) 
  u_DCT/g794/z                                                           (u)     in_1->z F     unmapped_nand2         2  7.6     0    76   52092    (-,-) 
  u_DCT/g728/z                                                           (u)     in_1->z R     unmapped_nand2         2  8.2     0    76   52167    (-,-) 
  u_DCT/DRU/g1363/z                                                      (u)     in_1->z R     unmapped_and2          7 28.7     0   117   52284    (-,-) 
  u_DCT/DRU/sub_60_47/g750/z                                             (u)     in_1->z F     unmapped_complex2      4 15.2     0   104   52388    (-,-) 
  u_DCT/DRU/sub_60_47/g729/z                                             (u)     in_1->z R     unmapped_nand2         1  4.1     0    60   52448    (-,-) 
  u_DCT/DRU/sub_60_47/g708/z                                             (u)     in_0->z F     unmapped_nand2         3 11.4     0    90   52539    (-,-) 
  u_DCT/DRU/sub_60_47/g706/z                                             (u)     in_1->z R     unmapped_nand2         1  4.1     0    60   52599    (-,-) 
  u_DCT/DRU/sub_60_47/g701/z                                             (u)     in_1->z F     unmapped_nand2         3 11.4     0    90   52689    (-,-) 
  u_DCT/DRU/sub_60_47/g696/z                                             (u)     in_0->z R     unmapped_nand2         1  4.1     0    60   52749    (-,-) 
  u_DCT/DRU/sub_60_47/g694/z                                             (u)     in_1->z F     unmapped_nand2         4 15.2     0   104   52853    (-,-) 
  u_DCT/DRU/sub_60_47/g690/z                                             (u)     in_0->z R     unmapped_complex2      1  4.1     0    60   52913    (-,-) 
  u_DCT/DRU/sub_60_47/g687/z                                             (u)     in_0->z F     unmapped_complex2      3 11.4     0    90   53004    (-,-) 
  u_DCT/DRU/sub_60_47/g686/z                                             (u)     in_1->z R     unmapped_nand2         1  4.1     0    60   53064    (-,-) 
  u_DCT/DRU/sub_60_47/g679/z                                             (u)     in_1->z F     unmapped_nand2         3 11.4     0    90   53154    (-,-) 
  u_DCT/DRU/sub_60_47/g675/z                                             (u)     in_0->z R     unmapped_nand2         1  4.1     0    60   53214    (-,-) 
  u_DCT/DRU/sub_60_47/g674/z                                             (u)     in_1->z F     unmapped_nand2         4 15.2     0   104   53318    (-,-) 
  u_DCT/DRU/sub_60_47/g670/z                                             (u)     in_0->z R     unmapped_complex2      2  8.2     0    76   53394    (-,-) 
  u_DCT/DRU/sub_60_47/g666/z                                             (u)     in_0->z R     unmapped_or2           1  4.1     0    60   53454    (-,-) 
  u_DCT/DRU/sub_60_47/g661/z                                             (u)     in_0->z F     unmapped_complex2      4 15.2     0   104   53558    (-,-) 
  u_DCT/DRU/sub_60_47/g652/z                                             (u)     in_0->z R     unmapped_complex2      1  4.1     0    60   53618    (-,-) 
  u_DCT/DRU/sub_60_47/g647/z                                             (u)     in_0->z F     unmapped_complex2      3 11.4     0    90   53708    (-,-) 
  u_DCT/DRU/sub_60_47/g646/z                                             (u)     in_1->z R     unmapped_nand2         1  4.1     0    60   53769    (-,-) 
  u_DCT/DRU/sub_60_47/g639/z                                             (u)     in_1->z F     unmapped_nand2         3 11.4     0    90   53859    (-,-) 
  u_DCT/DRU/sub_60_47/g638/z                                             (u)     in_0->z R     unmapped_nand2         1  4.1     0    60   53919    (-,-) 
  u_DCT/DRU/sub_60_47/g634/z                                             (u)     in_1->z F     unmapped_nand2         2  7.6     0    76   53995    (-,-) 
  u_DCT/DRU/sub_60_47/g632/z                                             (u)     in_0->z F     unmapped_or2           1  3.8     0    60   54055    (-,-) 
  u_DCT/DRU/sub_60_47/g633/z                                             (u)     in_1->z R     unmapped_nand2         1  4.1     0    60   54115    (-,-) 
  u_DCT/DRU/g1261/z                                                      (u)     in_1->z F     unmapped_nand2         1  3.8     0    60   54175    (-,-) 
  u_DCT/DRU/g1100/z                                                      (u)     in_1->z R     unmapped_nand2         1  4.1     0    60   54235    (-,-) 
  u_DCT/DRU/ToBDEG_reg[16]/d                                             -       -       R     unmapped_d_flop        1    -     -     0   54235    (-,-) 
#---------------------------------------------------------------------------------------------------------------------------------------------------------

(u) : Net has unmapped pin(s).



Path 25: MET (47018 ps) Setup Check with Pin u_IDCT/DRU/ToACF_reg[16]/clk->d
           Mode: scan_mode
          Group: C2C_scan_mode
     Startpoint: (R) u_IDCT/tposemem_Bisted_RF_2P_ADV64x16_BistCtrl_i0_ST_MAL_i0_S17_reg/clk
          Clock: (F) CLK1
       Endpoint: (R) u_IDCT/DRU/ToACF_reg[16]/d
          Clock: (R) CLK1

                     Capture       Launch     
        Clock Edge:+  100000        50000     
       Src Latency:+       0            0     
       Net Latency:+    2000 (I)     2000 (I) 
           Arrival:=  102000        52000     
                                              
             Setup:-     260                  
       Uncertainty:-     500                  
     Required Time:=  101240                  
      Launch Clock:-   52000                  
         Data Path:-    2222                  
             Slack:=   47018                  

#----------------------------------------------------------------------------------------------------------------------------------------------------------
#                              Timing Point                               Flags    Arc    Edge       Cell         Fanout Load Trans Delay Arrival Instance 
#                                                                                                                        (fF)  (ps)  (ps)   (ps)  Location 
#----------------------------------------------------------------------------------------------------------------------------------------------------------
  u_IDCT/tposemem_Bisted_RF_2P_ADV64x16_BistCtrl_i0_ST_MAL_i0_S17_reg/clk -       -       R     (arrival)              6    -     0     -   52000    (-,-) 
  u_IDCT/tposemem_Bisted_RF_2P_ADV64x16_BistCtrl_i0_ST_MAL_i0_S17_reg/q   (u)     clk->q  F     unmapped_d_flop        1  3.8     0    16   52016    (-,-) 
  u_IDCT/g794/z                                                           (u)     in_1->z R     unmapped_nand2         2  8.2     0    76   52092    (-,-) 
  u_IDCT/g728/z                                                           (u)     in_1->z F     unmapped_nand2         2  7.6     0    76   52167    (-,-) 
  u_IDCT/DRU/g1363/z                                                      (u)     in_1->z F     unmapped_and2          7 26.6     0   117   52284    (-,-) 
  u_IDCT/DRU/add_58_47/g2/z                                               (u)     in_1->z R     unmapped_nand2         3 12.3     0    90   52374    (-,-) 
  u_IDCT/DRU/add_58_47/g638/z                                             (u)     in_0->z R     unmapped_complex2      1  4.1     0    60   52435    (-,-) 
  u_IDCT/DRU/add_58_47/g637/z                                             (u)     in_0->z F     unmapped_nand2         3 11.4     0    90   52525    (-,-) 
  u_IDCT/DRU/add_58_47/g629/z                                             (u)     in_1->z R     unmapped_nand2         1  4.1     0    60   52585    (-,-) 
  u_IDCT/DRU/add_58_47/g628/z                                             (u)     in_1->z F     unmapped_nand2         3 11.4     0    90   52676    (-,-) 
  u_IDCT/DRU/add_58_47/g622/z                                             (u)     in_0->z R     unmapped_nand2         1  4.1     0    60   52736    (-,-) 
  u_IDCT/DRU/add_58_47/g620/z                                             (u)     in_1->z F     unmapped_nand2         4 15.2     0   104   52840    (-,-) 
  u_IDCT/DRU/add_58_47/g618/z                                             (u)     in_0->z R     unmapped_complex2      1  4.1     0    60   52900    (-,-) 
  u_IDCT/DRU/add_58_47/g613/z                                             (u)     in_0->z F     unmapped_complex2      3 11.4     0    90   52990    (-,-) 
  u_IDCT/DRU/add_58_47/g612/z                                             (u)     in_1->z R     unmapped_nand2         1  4.1     0    60   53050    (-,-) 
  u_IDCT/DRU/add_58_47/g605/z                                             (u)     in_1->z F     unmapped_nand2         3 11.4     0    90   53141    (-,-) 
  u_IDCT/DRU/add_58_47/g604/z                                             (u)     in_0->z R     unmapped_nand2         1  4.1     0    60   53201    (-,-) 
  u_IDCT/DRU/add_58_47/g600/z                                             (u)     in_1->z F     unmapped_nand2         4 15.2     0   104   53305    (-,-) 
  u_IDCT/DRU/add_58_47/g599/z                                             (u)     in_0->z R     unmapped_complex2      2  8.2     0    76   53380    (-,-) 
  u_IDCT/DRU/add_58_47/g593/z                                             (u)     in_0->z R     unmapped_or2           1  4.1     0    60   53440    (-,-) 
  u_IDCT/DRU/add_58_47/g591/z                                             (u)     in_0->z F     unmapped_complex2      4 15.2     0   104   53544    (-,-) 
  u_IDCT/DRU/add_58_47/g583/z                                             (u)     in_0->z R     unmapped_complex2      1  4.1     0    60   53604    (-,-) 
  u_IDCT/DRU/add_58_47/g576/z                                             (u)     in_0->z F     unmapped_complex2      3 11.4     0    90   53695    (-,-) 
  u_IDCT/DRU/add_58_47/g566/z                                             (u)     in_1->z R     unmapped_nand2         1  4.1     0    60   53755    (-,-) 
  u_IDCT/DRU/add_58_47/g565/z                                             (u)     in_1->z F     unmapped_nand2         3 11.4     0    90   53845    (-,-) 
  u_IDCT/DRU/add_58_47/g561/z                                             (u)     in_0->z R     unmapped_nand2         1  4.1     0    60   53906    (-,-) 
  u_IDCT/DRU/add_58_47/g560/z                                             (u)     in_1->z F     unmapped_nand2         2  7.6     0    76   53981    (-,-) 
  u_IDCT/DRU/add_58_47/g558/z                                             (u)     in_0->z F     unmapped_or2           1  3.8     0    60   54041    (-,-) 
  u_IDCT/DRU/add_58_47/g559/z                                             (u)     in_1->z R     unmapped_nand2         1  4.1     0    60   54101    (-,-) 
  u_IDCT/DRU/g1264/z                                                      (u)     in_1->z F     unmapped_nand2         1  3.8     0    60   54162    (-,-) 
  u_IDCT/DRU/g1098/z                                                      (u)     in_1->z R     unmapped_nand2         1  4.1     0    60   54222    (-,-) 
  u_IDCT/DRU/ToACF_reg[16]/d                                              -       -       R     unmapped_d_flop        1    -     -     0   54222    (-,-) 
#----------------------------------------------------------------------------------------------------------------------------------------------------------

(u) : Net has unmapped pin(s).



Path 26: MET (47018 ps) Setup Check with Pin u_DCT/DRU/ToACF_reg[16]/clk->d
           Mode: scan_mode
          Group: C2C_scan_mode
     Startpoint: (R) u_DCT/tposemem_Bisted_RF_2P_ADV64x16_BistCtrl_i0_ST_MAL_i0_S17_reg/clk
          Clock: (F) CLK1
       Endpoint: (R) u_DCT/DRU/ToACF_reg[16]/d
          Clock: (R) CLK1

                     Capture       Launch     
        Clock Edge:+  100000        50000     
       Src Latency:+       0            0     
       Net Latency:+    2000 (I)     2000 (I) 
           Arrival:=  102000        52000     
                                              
             Setup:-     260                  
       Uncertainty:-     500                  
     Required Time:=  101240                  
      Launch Clock:-   52000                  
         Data Path:-    2222                  
             Slack:=   47018                  

#---------------------------------------------------------------------------------------------------------------------------------------------------------
#                             Timing Point                               Flags    Arc    Edge       Cell         Fanout Load Trans Delay Arrival Instance 
#                                                                                                                       (fF)  (ps)  (ps)   (ps)  Location 
#---------------------------------------------------------------------------------------------------------------------------------------------------------
  u_DCT/tposemem_Bisted_RF_2P_ADV64x16_BistCtrl_i0_ST_MAL_i0_S17_reg/clk -       -       R     (arrival)              6    -     0     -   52000    (-,-) 
  u_DCT/tposemem_Bisted_RF_2P_ADV64x16_BistCtrl_i0_ST_MAL_i0_S17_reg/q   (u)     clk->q  F     unmapped_d_flop        1  3.8     0    16   52016    (-,-) 
  u_DCT/g794/z                                                           (u)     in_1->z R     unmapped_nand2         2  8.2     0    76   52092    (-,-) 
  u_DCT/g728/z                                                           (u)     in_1->z F     unmapped_nand2         2  7.6     0    76   52167    (-,-) 
  u_DCT/DRU/g1363/z                                                      (u)     in_1->z F     unmapped_and2          7 26.6     0   117   52284    (-,-) 
  u_DCT/DRU/add_58_47/g2/z                                               (u)     in_1->z R     unmapped_nand2         3 12.3     0    90   52374    (-,-) 
  u_DCT/DRU/add_58_47/g638/z                                             (u)     in_0->z R     unmapped_complex2      1  4.1     0    60   52435    (-,-) 
  u_DCT/DRU/add_58_47/g637/z                                             (u)     in_0->z F     unmapped_nand2         3 11.4     0    90   52525    (-,-) 
  u_DCT/DRU/add_58_47/g629/z                                             (u)     in_1->z R     unmapped_nand2         1  4.1     0    60   52585    (-,-) 
  u_DCT/DRU/add_58_47/g628/z                                             (u)     in_1->z F     unmapped_nand2         3 11.4     0    90   52676    (-,-) 
  u_DCT/DRU/add_58_47/g622/z                                             (u)     in_0->z R     unmapped_nand2         1  4.1     0    60   52736    (-,-) 
  u_DCT/DRU/add_58_47/g620/z                                             (u)     in_1->z F     unmapped_nand2         4 15.2     0   104   52840    (-,-) 
  u_DCT/DRU/add_58_47/g618/z                                             (u)     in_0->z R     unmapped_complex2      1  4.1     0    60   52900    (-,-) 
  u_DCT/DRU/add_58_47/g613/z                                             (u)     in_0->z F     unmapped_complex2      3 11.4     0    90   52990    (-,-) 
  u_DCT/DRU/add_58_47/g612/z                                             (u)     in_1->z R     unmapped_nand2         1  4.1     0    60   53050    (-,-) 
  u_DCT/DRU/add_58_47/g605/z                                             (u)     in_1->z F     unmapped_nand2         3 11.4     0    90   53141    (-,-) 
  u_DCT/DRU/add_58_47/g604/z                                             (u)     in_0->z R     unmapped_nand2         1  4.1     0    60   53201    (-,-) 
  u_DCT/DRU/add_58_47/g600/z                                             (u)     in_1->z F     unmapped_nand2         4 15.2     0   104   53305    (-,-) 
  u_DCT/DRU/add_58_47/g599/z                                             (u)     in_0->z R     unmapped_complex2      2  8.2     0    76   53380    (-,-) 
  u_DCT/DRU/add_58_47/g593/z                                             (u)     in_0->z R     unmapped_or2           1  4.1     0    60   53440    (-,-) 
  u_DCT/DRU/add_58_47/g591/z                                             (u)     in_0->z F     unmapped_complex2      4 15.2     0   104   53544    (-,-) 
  u_DCT/DRU/add_58_47/g583/z                                             (u)     in_0->z R     unmapped_complex2      1  4.1     0    60   53604    (-,-) 
  u_DCT/DRU/add_58_47/g576/z                                             (u)     in_0->z F     unmapped_complex2      3 11.4     0    90   53695    (-,-) 
  u_DCT/DRU/add_58_47/g566/z                                             (u)     in_1->z R     unmapped_nand2         1  4.1     0    60   53755    (-,-) 
  u_DCT/DRU/add_58_47/g565/z                                             (u)     in_1->z F     unmapped_nand2         3 11.4     0    90   53845    (-,-) 
  u_DCT/DRU/add_58_47/g561/z                                             (u)     in_0->z R     unmapped_nand2         1  4.1     0    60   53906    (-,-) 
  u_DCT/DRU/add_58_47/g560/z                                             (u)     in_1->z F     unmapped_nand2         2  7.6     0    76   53981    (-,-) 
  u_DCT/DRU/add_58_47/g558/z                                             (u)     in_0->z F     unmapped_or2           1  3.8     0    60   54041    (-,-) 
  u_DCT/DRU/add_58_47/g559/z                                             (u)     in_1->z R     unmapped_nand2         1  4.1     0    60   54101    (-,-) 
  u_DCT/DRU/g1264/z                                                      (u)     in_1->z F     unmapped_nand2         1  3.8     0    60   54162    (-,-) 
  u_DCT/DRU/g1098/z                                                      (u)     in_1->z R     unmapped_nand2         1  4.1     0    60   54222    (-,-) 
  u_DCT/DRU/ToACF_reg[16]/d                                              -       -       R     unmapped_d_flop        1    -     -     0   54222    (-,-) 
#---------------------------------------------------------------------------------------------------------------------------------------------------------

(u) : Net has unmapped pin(s).



Path 27: MET (47044 ps) Setup Check with Pin u_DCT/tposemem_Bisted_RF_2P_ADV64x16_RF_2P_ADV64x16_u0_SRAM_i0/CLKB->DB[14]
           Mode: scan_mode
          Group: C2C_scan_mode
     Startpoint: (R) d_DoDCT_reg/clk
          Clock: (R) CLK1
       Endpoint: (F) u_DCT/tposemem_Bisted_RF_2P_ADV64x16_RF_2P_ADV64x16_u0_SRAM_i0/DB[14]
          Clock: (F) CLK1

                     Capture       Launch     
        Clock Edge:+   50000            0     
       Src Latency:+       0            0     
       Net Latency:+    2000 (I)     2000 (I) 
           Arrival:=   52000         2000     
                                              
             Setup:-     223                  
       Uncertainty:-     500                  
     Required Time:=   51277                  
      Launch Clock:-    2000                  
         Data Path:-    2232                  
             Slack:=   47044                  

#--------------------------------------------------------------------------------------------------------------------------------------------------------
#                             Timing Point                              Flags    Arc    Edge       Cell         Fanout Load Trans Delay Arrival Instance 
#                                                                                                                      (fF)  (ps)  (ps)   (ps)  Location 
#--------------------------------------------------------------------------------------------------------------------------------------------------------
  d_DoDCT_reg/clk                                                       -       -       R     (arrival)           1022    -     0     -    2000    (-,-) 
  d_DoDCT_reg/q                                                         (u)     clk->q  F     unmapped_d_flop      118 41.8     0   506    2506    (-,-) 
  u_DCT/IDRU8/g2883/z                                                   (u)     in_1->z F     unmapped_complex2      2  7.6     0    76    2582    (-,-) 
  u_DCT/IDRU8/g2860/z                                                   (u)     in_0->z F     unmapped_complex2     19 72.2     0   154    2736    (-,-) 
  u_DCT/IDRU8/g2728/z                                                   (u)     in_0->z F     unmapped_complex2      1  3.8     0    60    2796    (-,-) 
  u_DCT/IDRU8/g2690/z                                                   (u)     in_1->z R     unmapped_nand2         1  4.1     0    60    2856    (-,-) 
  u_DCT/IDRU8/g2576/z                                                   (u)     in_0->z R     unmapped_complex2      1  4.1     0    60    2916    (-,-) 
  u_DCT/IDRU8/g2519/z                                                   (u)     in_1->z R     unmapped_or2           1  4.1     0    60    2976    (-,-) 
  u_DCT/IDRU8/g2489/z                                                   (u)     in_0->z R     unmapped_complex2      4 16.4     0   104    3080    (-,-) 
  u_DCT/IDRU8/add_86_45/g398/z                                          (u)     in_0->z R     unmapped_or2           1  4.1     0    60    3140    (-,-) 
  u_DCT/IDRU8/add_86_45/g367/z                                          (u)     in_1->z F     unmapped_complex2      1  3.8     0    60    3201    (-,-) 
  u_DCT/IDRU8/add_86_45/g42/z                                           (u)     in_1->z R     unmapped_nand2         4 16.4     0   104    3304    (-,-) 
  u_DCT/IDRU8/add_86_45/g347/z                                          (u)     in_0->z F     unmapped_complex2      1  3.8     0    60    3365    (-,-) 
  u_DCT/IDRU8/add_86_45/g336/z                                          (u)     in_0->z R     unmapped_complex2      5 20.5     0   110    3475    (-,-) 
  u_DCT/IDRU8/add_86_45/g332/z                                          (u)     in_0->z F     unmapped_complex2      2  7.6     0    76    3551    (-,-) 
  u_DCT/IDRU8/add_86_45/g314/z                                          (u)     in_1->z F     unmapped_or2           1  3.8     0    60    3611    (-,-) 
  u_DCT/IDRU8/add_86_45/g313/z                                          (u)     in_0->z R     unmapped_complex2     10 41.0     0   126    3737    (-,-) 
  u_DCT/IDRU8/add_86_45/g295/z                                          (u)     in_0->z F     unmapped_complex2      1  3.8     0    60    3797    (-,-) 
  u_DCT/IDRU8/add_86_45/g288/z                                          (u)     in_0->z R     unmapped_complex2      3 12.3     0    90    3887    (-,-) 
  u_DCT/IDRU8/add_86_45/g274/z                                          (u)     in_0->z R     unmapped_or2           1  4.1     0    60    3948    (-,-) 
  u_DCT/IDRU8/add_86_45/g275/z                                          (u)     in_1->z F     unmapped_nand2         1  3.8     0    60    4008    (-,-) 
  u_DCT/IDRU8/g2901/z                                                   (u)     in_0->z R     unmapped_complex2      1  4.1     0    60    4068    (-,-) 
  u_DCT/IDRU8/g2311/z                                                   (u)     in_1->z F     unmapped_complex2      1  3.8     0    60    4128    (-,-) 
  u_DCT/g820/z                                                          (u)     in_0->z R     unmapped_complex2      1  4.1     0    60    4188    (-,-) 
  u_DCT/g714/z                                                          (u)     in_0->z F     unmapped_nand2         1  2.6     0    44    4232    (-,-) 
  u_DCT/tposemem_Bisted_RF_2P_ADV64x16_RF_2P_ADV64x16_u0_SRAM_i0/DB[14] (P)     -       F     rf_2p_hse              1    -     -     0    4232    (-,-) 
#--------------------------------------------------------------------------------------------------------------------------------------------------------

(P) : Instance is preserved
(u) : Net has unmapped pin(s).



Path 28: MET (47059 ps) Setup Check with Pin u_DCT/tposemem_Bisted_RF_2P_ADV64x16_RF_2P_ADV64x16_u0_SRAM_i0/CLKB->DB[6]
           Mode: scan_mode
          Group: C2C_scan_mode
     Startpoint: (R) d_DoDCT_reg/clk
          Clock: (R) CLK1
       Endpoint: (F) u_DCT/tposemem_Bisted_RF_2P_ADV64x16_RF_2P_ADV64x16_u0_SRAM_i0/DB[6]
          Clock: (F) CLK1

                     Capture       Launch     
        Clock Edge:+   50000            0     
       Src Latency:+       0            0     
       Net Latency:+    2000 (I)     2000 (I) 
           Arrival:=   52000         2000     
                                              
             Setup:-     223                  
       Uncertainty:-     500                  
     Required Time:=   51277                  
      Launch Clock:-    2000                  
         Data Path:-    2218                  
             Slack:=   47059                  

#-------------------------------------------------------------------------------------------------------------------------------------------------------
#                            Timing Point                              Flags    Arc    Edge       Cell         Fanout Load Trans Delay Arrival Instance 
#                                                                                                                     (fF)  (ps)  (ps)   (ps)  Location 
#-------------------------------------------------------------------------------------------------------------------------------------------------------
  d_DoDCT_reg/clk                                                      -       -       R     (arrival)           1022    -     0     -    2000    (-,-) 
  d_DoDCT_reg/q                                                        (u)     clk->q  F     unmapped_d_flop      118 41.8     0   506    2506    (-,-) 
  u_DCT/IDRU8/g2883/z                                                  (u)     in_1->z F     unmapped_complex2      2  7.6     0    76    2582    (-,-) 
  u_DCT/IDRU8/g2860/z                                                  (u)     in_0->z F     unmapped_complex2     19 72.2     0   154    2736    (-,-) 
  u_DCT/IDRU8/g2728/z                                                  (u)     in_0->z F     unmapped_complex2      1  3.8     0    60    2796    (-,-) 
  u_DCT/IDRU8/g2690/z                                                  (u)     in_1->z R     unmapped_nand2         1  4.1     0    60    2856    (-,-) 
  u_DCT/IDRU8/g2576/z                                                  (u)     in_0->z R     unmapped_complex2      1  4.1     0    60    2916    (-,-) 
  u_DCT/IDRU8/g2519/z                                                  (u)     in_1->z R     unmapped_or2           1  4.1     0    60    2976    (-,-) 
  u_DCT/IDRU8/g2489/z                                                  (u)     in_0->z R     unmapped_complex2      4 16.4     0   104    3080    (-,-) 
  u_DCT/IDRU8/add_86_45/g398/z                                         (u)     in_0->z R     unmapped_or2           1  4.1     0    60    3140    (-,-) 
  u_DCT/IDRU8/add_86_45/g367/z                                         (u)     in_1->z F     unmapped_complex2      1  3.8     0    60    3201    (-,-) 
  u_DCT/IDRU8/add_86_45/g42/z                                          (u)     in_1->z R     unmapped_nand2         4 16.4     0   104    3304    (-,-) 
  u_DCT/IDRU8/add_86_45/g347/z                                         (u)     in_0->z F     unmapped_complex2      1  3.8     0    60    3365    (-,-) 
  u_DCT/IDRU8/add_86_45/g336/z                                         (u)     in_0->z R     unmapped_complex2      5 20.5     0   110    3475    (-,-) 
  u_DCT/IDRU8/add_86_45/g332/z                                         (u)     in_0->z F     unmapped_complex2      2  7.6     0    76    3551    (-,-) 
  u_DCT/IDRU8/add_86_45/g314/z                                         (u)     in_1->z F     unmapped_or2           1  3.8     0    60    3611    (-,-) 
  u_DCT/IDRU8/add_86_45/g313/z                                         (u)     in_0->z R     unmapped_complex2     10 41.0     0   126    3737    (-,-) 
  u_DCT/IDRU8/add_86_45/g300/z                                         (u)     in_0->z R     unmapped_or2           1  4.1     0    60    3797    (-,-) 
  u_DCT/IDRU8/add_86_45/g301/z                                         (u)     in_1->z F     unmapped_nand2         1  3.8     0    60    3857    (-,-) 
  u_DCT/IDRU8/g2938/z                                                  (u)     in_0->z R     unmapped_complex2      1  4.1     0    60    3918    (-,-) 
  u_DCT/IDRU8/g2914/z                                                  (u)     in_0->z F     unmapped_nand2         2  7.6     0    76    3993    (-,-) 
  u_DCT/IDRU8/g2467/z                                                  (u)     in_0->z R     unmapped_complex2      1  4.1     0    60    4053    (-,-) 
  u_DCT/IDRU8/g2300/z                                                  (u)     in_0->z F     unmapped_nand2         1  3.8     0    60    4113    (-,-) 
  u_DCT/g758/z                                                         (u)     in_0->z R     unmapped_complex2      1  4.1     0    60    4174    (-,-) 
  u_DCT/g701/z                                                         (u)     in_1->z F     unmapped_nand2         1  2.6     0    44    4218    (-,-) 
  u_DCT/tposemem_Bisted_RF_2P_ADV64x16_RF_2P_ADV64x16_u0_SRAM_i0/DB[6] (P)     -       F     rf_2p_hse              1    -     -     0    4218    (-,-) 
#-------------------------------------------------------------------------------------------------------------------------------------------------------

(P) : Instance is preserved
(u) : Net has unmapped pin(s).



Path 29: MET (47084 ps) Setup Check with Pin u_IDCT/tposemem_Bisted_RF_2P_ADV64x16_RF_2P_ADV64x16_u0_SRAM_i0/CLKB->DB[4]
           Mode: scan_mode
          Group: C2C_scan_mode
     Startpoint: (R) d_DoDCT_reg/clk
          Clock: (R) CLK1
       Endpoint: (F) u_IDCT/tposemem_Bisted_RF_2P_ADV64x16_RF_2P_ADV64x16_u0_SRAM_i0/DB[4]
          Clock: (F) CLK1

                     Capture       Launch     
        Clock Edge:+   50000            0     
       Src Latency:+       0            0     
       Net Latency:+    2000 (I)     2000 (I) 
           Arrival:=   52000         2000     
                                              
             Setup:-     223                  
       Uncertainty:-     500                  
     Required Time:=   51277                  
      Launch Clock:-    2000                  
         Data Path:-    2192                  
             Slack:=   47084                  

#--------------------------------------------------------------------------------------------------------------------------------------------------------
#                             Timing Point                              Flags    Arc    Edge       Cell         Fanout Load Trans Delay Arrival Instance 
#                                                                                                                      (fF)  (ps)  (ps)   (ps)  Location 
#--------------------------------------------------------------------------------------------------------------------------------------------------------
  d_DoDCT_reg/clk                                                       -       -       R     (arrival)           1022    -     0     -    2000    (-,-) 
  d_DoDCT_reg/q                                                         (u)     clk->q  R     unmapped_d_flop      118 45.1     0   506    2506    (-,-) 
  g172/z                                                                (u)     in_0->z F     unmapped_not         119 41.8     0   161    2667    (-,-) 
  u_IDCT/IDRU8/g2860/z                                                  (u)     in_1->z F     unmapped_or2          19 72.2     0   154    2821    (-,-) 
  u_IDCT/IDRU8/g2728/z                                                  (u)     in_0->z F     unmapped_complex2      1  3.8     0    60    2881    (-,-) 
  u_IDCT/IDRU8/g2690/z                                                  (u)     in_1->z R     unmapped_nand2         1  4.1     0    60    2942    (-,-) 
  u_IDCT/IDRU8/g2576/z                                                  (u)     in_0->z R     unmapped_complex2      1  4.1     0    60    3002    (-,-) 
  u_IDCT/IDRU8/g2519/z                                                  (u)     in_1->z R     unmapped_or2           1  4.1     0    60    3062    (-,-) 
  u_IDCT/IDRU8/g2489/z                                                  (u)     in_0->z R     unmapped_complex2      4 16.4     0   104    3166    (-,-) 
  u_IDCT/IDRU8/add_86_45/g398/z                                         (u)     in_0->z R     unmapped_or2           1  4.1     0    60    3226    (-,-) 
  u_IDCT/IDRU8/add_86_45/g367/z                                         (u)     in_1->z F     unmapped_complex2      1  3.8     0    60    3286    (-,-) 
  u_IDCT/IDRU8/add_86_45/g42/z                                          (u)     in_1->z R     unmapped_nand2         4 16.4     0   104    3390    (-,-) 
  u_IDCT/IDRU8/add_86_45/g347/z                                         (u)     in_0->z F     unmapped_complex2      1  3.8     0    60    3450    (-,-) 
  u_IDCT/IDRU8/add_86_45/g336/z                                         (u)     in_0->z R     unmapped_complex2      5 20.5     0   110    3561    (-,-) 
  u_IDCT/IDRU8/add_86_45/g332/z                                         (u)     in_0->z F     unmapped_complex2      2  7.6     0    76    3636    (-,-) 
  u_IDCT/IDRU8/add_86_45/g318/z                                         (u)     in_0->z R     unmapped_complex2      2  8.2     0    76    3712    (-,-) 
  u_IDCT/IDRU8/add_86_45/g308/z                                         (u)     in_0->z R     unmapped_or2           1  4.1     0    60    3772    (-,-) 
  u_IDCT/IDRU8/add_86_45/g309/z                                         (u)     in_1->z F     unmapped_nand2         1  3.8     0    60    3832    (-,-) 
  u_IDCT/IDRU8/g2944/z                                                  (u)     in_0->z R     unmapped_complex2      1  4.1     0    60    3892    (-,-) 
  u_IDCT/IDRU8/g2911/z                                                  (u)     in_0->z F     unmapped_nand2         2  7.6     0    76    3968    (-,-) 
  u_IDCT/IDRU8/g2461/z                                                  (u)     in_0->z R     unmapped_complex2      1  4.1     0    60    4028    (-,-) 
  u_IDCT/IDRU8/g2305/z                                                  (u)     in_0->z F     unmapped_nand2         1  3.8     0    60    4088    (-,-) 
  u_IDCT/g761/z                                                         (u)     in_0->z R     unmapped_complex2      1  4.1     0    60    4148    (-,-) 
  u_IDCT/g708/z                                                         (u)     in_1->z F     unmapped_nand2         1  2.6     0    44    4192    (-,-) 
  u_IDCT/tposemem_Bisted_RF_2P_ADV64x16_RF_2P_ADV64x16_u0_SRAM_i0/DB[4] (P)     -       F     rf_2p_hse              1    -     -     0    4192    (-,-) 
#--------------------------------------------------------------------------------------------------------------------------------------------------------

(P) : Instance is preserved
(u) : Net has unmapped pin(s).



Path 30: MET (47100 ps) Setup Check with Pin u_IDCT/tposemem_Bisted_RF_2P_ADV64x16_RF_2P_ADV64x16_u0_SRAM_i0/CLKB->DB[3]
           Mode: scan_mode
          Group: C2C_scan_mode
     Startpoint: (R) d_DoDCT_reg/clk
          Clock: (R) CLK1
       Endpoint: (F) u_IDCT/tposemem_Bisted_RF_2P_ADV64x16_RF_2P_ADV64x16_u0_SRAM_i0/DB[3]
          Clock: (F) CLK1

                     Capture       Launch     
        Clock Edge:+   50000            0     
       Src Latency:+       0            0     
       Net Latency:+    2000 (I)     2000 (I) 
           Arrival:=   52000         2000     
                                              
             Setup:-     223                  
       Uncertainty:-     500                  
     Required Time:=   51277                  
      Launch Clock:-    2000                  
         Data Path:-    2177                  
             Slack:=   47100                  

#--------------------------------------------------------------------------------------------------------------------------------------------------------
#                             Timing Point                              Flags    Arc    Edge       Cell         Fanout Load Trans Delay Arrival Instance 
#                                                                                                                      (fF)  (ps)  (ps)   (ps)  Location 
#--------------------------------------------------------------------------------------------------------------------------------------------------------
  d_DoDCT_reg/clk                                                       -       -       R     (arrival)           1022    -     0     -    2000    (-,-) 
  d_DoDCT_reg/q                                                         (u)     clk->q  R     unmapped_d_flop      118 45.1     0   506    2506    (-,-) 
  g172/z                                                                (u)     in_0->z F     unmapped_not         119 41.8     0   161    2667    (-,-) 
  u_IDCT/IDRU8/g2860/z                                                  (u)     in_1->z F     unmapped_or2          19 72.2     0   154    2821    (-,-) 
  u_IDCT/IDRU8/g2728/z                                                  (u)     in_0->z F     unmapped_complex2      1  3.8     0    60    2881    (-,-) 
  u_IDCT/IDRU8/g2690/z                                                  (u)     in_1->z R     unmapped_nand2         1  4.1     0    60    2942    (-,-) 
  u_IDCT/IDRU8/g2576/z                                                  (u)     in_0->z R     unmapped_complex2      1  4.1     0    60    3002    (-,-) 
  u_IDCT/IDRU8/g2519/z                                                  (u)     in_1->z R     unmapped_or2           1  4.1     0    60    3062    (-,-) 
  u_IDCT/IDRU8/g2489/z                                                  (u)     in_0->z R     unmapped_complex2      4 16.4     0   104    3166    (-,-) 
  u_IDCT/IDRU8/add_86_45/g398/z                                         (u)     in_0->z R     unmapped_or2           1  4.1     0    60    3226    (-,-) 
  u_IDCT/IDRU8/add_86_45/g367/z                                         (u)     in_1->z F     unmapped_complex2      1  3.8     0    60    3286    (-,-) 
  u_IDCT/IDRU8/add_86_45/g42/z                                          (u)     in_1->z R     unmapped_nand2         4 16.4     0   104    3390    (-,-) 
  u_IDCT/IDRU8/add_86_45/g347/z                                         (u)     in_0->z F     unmapped_complex2      1  3.8     0    60    3450    (-,-) 
  u_IDCT/IDRU8/add_86_45/g336/z                                         (u)     in_0->z R     unmapped_complex2      5 20.5     0   110    3561    (-,-) 
  u_IDCT/IDRU8/add_86_45/g331/z                                         (u)     in_1->z F     unmapped_nand2         1  3.8     0    60    3621    (-,-) 
  u_IDCT/IDRU8/add_86_45/g112/z                                         (u)     in_1->z R     unmapped_nand2         2  8.2     0    76    3696    (-,-) 
  u_IDCT/IDRU8/add_86_45/g305/z                                         (u)     in_0->z R     unmapped_or2           1  4.1     0    60    3757    (-,-) 
  u_IDCT/IDRU8/add_86_45/g306/z                                         (u)     in_1->z F     unmapped_nand2         1  3.8     0    60    3817    (-,-) 
  u_IDCT/IDRU8/g2946/z                                                  (u)     in_0->z R     unmapped_complex2      1  4.1     0    60    3877    (-,-) 
  u_IDCT/IDRU8/g2908/z                                                  (u)     in_0->z F     unmapped_nand2         2  7.6     0    76    3953    (-,-) 
  u_IDCT/IDRU8/g2458/z                                                  (u)     in_0->z R     unmapped_complex2      1  4.1     0    60    4013    (-,-) 
  u_IDCT/IDRU8/g2306/z                                                  (u)     in_0->z F     unmapped_nand2         1  3.8     0    60    4073    (-,-) 
  u_IDCT/g763/z                                                         (u)     in_0->z R     unmapped_complex2      1  4.1     0    60    4133    (-,-) 
  u_IDCT/g711/z                                                         (u)     in_1->z F     unmapped_nand2         1  2.6     0    44    4177    (-,-) 
  u_IDCT/tposemem_Bisted_RF_2P_ADV64x16_RF_2P_ADV64x16_u0_SRAM_i0/DB[3] (P)     -       F     rf_2p_hse              1    -     -     0    4177    (-,-) 
#--------------------------------------------------------------------------------------------------------------------------------------------------------

(P) : Instance is preserved
(u) : Net has unmapped pin(s).



Path 31: MET (47100 ps) Setup Check with Pin u_IDCT/tposemem_Bisted_RF_2P_ADV64x16_RF_2P_ADV64x16_u0_SRAM_i0/CLKB->DB[5]
           Mode: scan_mode
          Group: C2C_scan_mode
     Startpoint: (R) d_DoDCT_reg/clk
          Clock: (R) CLK1
       Endpoint: (F) u_IDCT/tposemem_Bisted_RF_2P_ADV64x16_RF_2P_ADV64x16_u0_SRAM_i0/DB[5]
          Clock: (F) CLK1

                     Capture       Launch     
        Clock Edge:+   50000            0     
       Src Latency:+       0            0     
       Net Latency:+    2000 (I)     2000 (I) 
           Arrival:=   52000         2000     
                                              
             Setup:-     223                  
       Uncertainty:-     500                  
     Required Time:=   51277                  
      Launch Clock:-    2000                  
         Data Path:-    2177                  
             Slack:=   47100                  

#--------------------------------------------------------------------------------------------------------------------------------------------------------
#                             Timing Point                              Flags    Arc    Edge       Cell         Fanout Load Trans Delay Arrival Instance 
#                                                                                                                      (fF)  (ps)  (ps)   (ps)  Location 
#--------------------------------------------------------------------------------------------------------------------------------------------------------
  d_DoDCT_reg/clk                                                       -       -       R     (arrival)           1022    -     0     -    2000    (-,-) 
  d_DoDCT_reg/q                                                         (u)     clk->q  R     unmapped_d_flop      118 45.1     0   506    2506    (-,-) 
  g172/z                                                                (u)     in_0->z F     unmapped_not         119 41.8     0   161    2667    (-,-) 
  u_IDCT/IDRU8/g2860/z                                                  (u)     in_1->z F     unmapped_or2          19 72.2     0   154    2821    (-,-) 
  u_IDCT/IDRU8/g2728/z                                                  (u)     in_0->z F     unmapped_complex2      1  3.8     0    60    2881    (-,-) 
  u_IDCT/IDRU8/g2690/z                                                  (u)     in_1->z R     unmapped_nand2         1  4.1     0    60    2942    (-,-) 
  u_IDCT/IDRU8/g2576/z                                                  (u)     in_0->z R     unmapped_complex2      1  4.1     0    60    3002    (-,-) 
  u_IDCT/IDRU8/g2519/z                                                  (u)     in_1->z R     unmapped_or2           1  4.1     0    60    3062    (-,-) 
  u_IDCT/IDRU8/g2489/z                                                  (u)     in_0->z R     unmapped_complex2      4 16.4     0   104    3166    (-,-) 
  u_IDCT/IDRU8/add_86_45/g398/z                                         (u)     in_0->z R     unmapped_or2           1  4.1     0    60    3226    (-,-) 
  u_IDCT/IDRU8/add_86_45/g367/z                                         (u)     in_1->z F     unmapped_complex2      1  3.8     0    60    3286    (-,-) 
  u_IDCT/IDRU8/add_86_45/g42/z                                          (u)     in_1->z R     unmapped_nand2         4 16.4     0   104    3390    (-,-) 
  u_IDCT/IDRU8/add_86_45/g347/z                                         (u)     in_0->z F     unmapped_complex2      1  3.8     0    60    3450    (-,-) 
  u_IDCT/IDRU8/add_86_45/g336/z                                         (u)     in_0->z R     unmapped_complex2      5 20.5     0   110    3561    (-,-) 
  u_IDCT/IDRU8/add_86_45/g247/z                                         (u)     in_0->z F     unmapped_complex2      1  3.8     0    60    3621    (-,-) 
  u_IDCT/IDRU8/add_86_45/g316/z                                         (u)     in_0->z R     unmapped_complex2      2  8.2     0    76    3696    (-,-) 
  u_IDCT/IDRU8/add_86_45/g311/z                                         (u)     in_0->z R     unmapped_or2           1  4.1     0    60    3757    (-,-) 
  u_IDCT/IDRU8/add_86_45/g312/z                                         (u)     in_1->z F     unmapped_nand2         1  3.8     0    60    3817    (-,-) 
  u_IDCT/IDRU8/g2940/z                                                  (u)     in_0->z R     unmapped_complex2      1  4.1     0    60    3877    (-,-) 
  u_IDCT/IDRU8/g2912/z                                                  (u)     in_0->z F     unmapped_nand2         2  7.6     0    76    3953    (-,-) 
  u_IDCT/IDRU8/g2464/z                                                  (u)     in_0->z R     unmapped_complex2      1  4.1     0    60    4013    (-,-) 
  u_IDCT/IDRU8/g2303/z                                                  (u)     in_0->z F     unmapped_nand2         1  3.8     0    60    4073    (-,-) 
  u_IDCT/g760/z                                                         (u)     in_0->z R     unmapped_complex2      1  4.1     0    60    4133    (-,-) 
  u_IDCT/g706/z                                                         (u)     in_1->z F     unmapped_nand2         1  2.6     0    44    4177    (-,-) 
  u_IDCT/tposemem_Bisted_RF_2P_ADV64x16_RF_2P_ADV64x16_u0_SRAM_i0/DB[5] (P)     -       F     rf_2p_hse              1    -     -     0    4177    (-,-) 
#--------------------------------------------------------------------------------------------------------------------------------------------------------

(P) : Instance is preserved
(u) : Net has unmapped pin(s).



Path 32: MET (47140 ps) Setup Check with Pin u_IDCT/DRU/ToBDEG_reg[15]/clk->d
           Mode: scan_mode
          Group: C2C_scan_mode
     Startpoint: (R) u_IDCT/tposemem_Bisted_RF_2P_ADV64x16_BistCtrl_i0_ST_MAL_i0_S17_reg/clk
          Clock: (F) CLK1
       Endpoint: (R) u_IDCT/DRU/ToBDEG_reg[15]/d
          Clock: (R) CLK1

                     Capture       Launch     
        Clock Edge:+  100000        50000     
       Src Latency:+       0            0     
       Net Latency:+    2000 (I)     2000 (I) 
           Arrival:=  102000        52000     
                                              
             Setup:-     260                  
       Uncertainty:-     500                  
     Required Time:=  101240                  
      Launch Clock:-   52000                  
         Data Path:-    2100                  
             Slack:=   47140                  

#----------------------------------------------------------------------------------------------------------------------------------------------------------
#                              Timing Point                               Flags    Arc    Edge       Cell         Fanout Load Trans Delay Arrival Instance 
#                                                                                                                        (fF)  (ps)  (ps)   (ps)  Location 
#----------------------------------------------------------------------------------------------------------------------------------------------------------
  u_IDCT/tposemem_Bisted_RF_2P_ADV64x16_BistCtrl_i0_ST_MAL_i0_S17_reg/clk -       -       R     (arrival)              6    -     0     -   52000    (-,-) 
  u_IDCT/tposemem_Bisted_RF_2P_ADV64x16_BistCtrl_i0_ST_MAL_i0_S17_reg/q   (u)     clk->q  R     unmapped_d_flop        1  4.1     0    16   52016    (-,-) 
  u_IDCT/g794/z                                                           (u)     in_1->z F     unmapped_nand2         2  7.6     0    76   52092    (-,-) 
  u_IDCT/g728/z                                                           (u)     in_1->z R     unmapped_nand2         2  8.2     0    76   52167    (-,-) 
  u_IDCT/DRU/g1363/z                                                      (u)     in_1->z R     unmapped_and2          7 28.7     0   117   52284    (-,-) 
  u_IDCT/DRU/sub_60_47/g750/z                                             (u)     in_1->z F     unmapped_complex2      4 15.2     0   104   52388    (-,-) 
  u_IDCT/DRU/sub_60_47/g729/z                                             (u)     in_1->z R     unmapped_nand2         1  4.1     0    60   52448    (-,-) 
  u_IDCT/DRU/sub_60_47/g708/z                                             (u)     in_0->z F     unmapped_nand2         3 11.4     0    90   52539    (-,-) 
  u_IDCT/DRU/sub_60_47/g706/z                                             (u)     in_1->z R     unmapped_nand2         1  4.1     0    60   52599    (-,-) 
  u_IDCT/DRU/sub_60_47/g701/z                                             (u)     in_1->z F     unmapped_nand2         3 11.4     0    90   52689    (-,-) 
  u_IDCT/DRU/sub_60_47/g696/z                                             (u)     in_0->z R     unmapped_nand2         1  4.1     0    60   52749    (-,-) 
  u_IDCT/DRU/sub_60_47/g694/z                                             (u)     in_1->z F     unmapped_nand2         4 15.2     0   104   52853    (-,-) 
  u_IDCT/DRU/sub_60_47/g690/z                                             (u)     in_0->z R     unmapped_complex2      1  4.1     0    60   52913    (-,-) 
  u_IDCT/DRU/sub_60_47/g687/z                                             (u)     in_0->z F     unmapped_complex2      3 11.4     0    90   53004    (-,-) 
  u_IDCT/DRU/sub_60_47/g686/z                                             (u)     in_1->z R     unmapped_nand2         1  4.1     0    60   53064    (-,-) 
  u_IDCT/DRU/sub_60_47/g679/z                                             (u)     in_1->z F     unmapped_nand2         3 11.4     0    90   53154    (-,-) 
  u_IDCT/DRU/sub_60_47/g675/z                                             (u)     in_0->z R     unmapped_nand2         1  4.1     0    60   53214    (-,-) 
  u_IDCT/DRU/sub_60_47/g674/z                                             (u)     in_1->z F     unmapped_nand2         4 15.2     0   104   53318    (-,-) 
  u_IDCT/DRU/sub_60_47/g670/z                                             (u)     in_0->z R     unmapped_complex2      2  8.2     0    76   53394    (-,-) 
  u_IDCT/DRU/sub_60_47/g666/z                                             (u)     in_0->z R     unmapped_or2           1  4.1     0    60   53454    (-,-) 
  u_IDCT/DRU/sub_60_47/g661/z                                             (u)     in_0->z F     unmapped_complex2      4 15.2     0   104   53558    (-,-) 
  u_IDCT/DRU/sub_60_47/g652/z                                             (u)     in_0->z R     unmapped_complex2      1  4.1     0    60   53618    (-,-) 
  u_IDCT/DRU/sub_60_47/g647/z                                             (u)     in_0->z F     unmapped_complex2      3 11.4     0    90   53708    (-,-) 
  u_IDCT/DRU/sub_60_47/g646/z                                             (u)     in_1->z R     unmapped_nand2         1  4.1     0    60   53769    (-,-) 
  u_IDCT/DRU/sub_60_47/g639/z                                             (u)     in_1->z F     unmapped_nand2         3 11.4     0    90   53859    (-,-) 
  u_IDCT/DRU/sub_60_47/g636/z                                             (u)     in_0->z F     unmapped_or2           1  3.8     0    60   53919    (-,-) 
  u_IDCT/DRU/sub_60_47/g637/z                                             (u)     in_1->z R     unmapped_nand2         1  4.1     0    60   53979    (-,-) 
  u_IDCT/DRU/g1257/z                                                      (u)     in_1->z F     unmapped_nand2         1  3.8     0    60   54040    (-,-) 
  u_IDCT/DRU/g1105/z                                                      (u)     in_1->z R     unmapped_nand2         1  4.1     0    60   54100    (-,-) 
  u_IDCT/DRU/ToBDEG_reg[15]/d                                             -       -       R     unmapped_d_flop        1    -     -     0   54100    (-,-) 
#----------------------------------------------------------------------------------------------------------------------------------------------------------

(u) : Net has unmapped pin(s).



Path 33: MET (47140 ps) Setup Check with Pin u_DCT/DRU/ToBDEG_reg[15]/clk->d
           Mode: scan_mode
          Group: C2C_scan_mode
     Startpoint: (R) u_DCT/tposemem_Bisted_RF_2P_ADV64x16_BistCtrl_i0_ST_MAL_i0_S17_reg/clk
          Clock: (F) CLK1
       Endpoint: (R) u_DCT/DRU/ToBDEG_reg[15]/d
          Clock: (R) CLK1

                     Capture       Launch     
        Clock Edge:+  100000        50000     
       Src Latency:+       0            0     
       Net Latency:+    2000 (I)     2000 (I) 
           Arrival:=  102000        52000     
                                              
             Setup:-     260                  
       Uncertainty:-     500                  
     Required Time:=  101240                  
      Launch Clock:-   52000                  
         Data Path:-    2100                  
             Slack:=   47140                  

#---------------------------------------------------------------------------------------------------------------------------------------------------------
#                             Timing Point                               Flags    Arc    Edge       Cell         Fanout Load Trans Delay Arrival Instance 
#                                                                                                                       (fF)  (ps)  (ps)   (ps)  Location 
#---------------------------------------------------------------------------------------------------------------------------------------------------------
  u_DCT/tposemem_Bisted_RF_2P_ADV64x16_BistCtrl_i0_ST_MAL_i0_S17_reg/clk -       -       R     (arrival)              6    -     0     -   52000    (-,-) 
  u_DCT/tposemem_Bisted_RF_2P_ADV64x16_BistCtrl_i0_ST_MAL_i0_S17_reg/q   (u)     clk->q  R     unmapped_d_flop        1  4.1     0    16   52016    (-,-) 
  u_DCT/g794/z                                                           (u)     in_1->z F     unmapped_nand2         2  7.6     0    76   52092    (-,-) 
  u_DCT/g728/z                                                           (u)     in_1->z R     unmapped_nand2         2  8.2     0    76   52167    (-,-) 
  u_DCT/DRU/g1363/z                                                      (u)     in_1->z R     unmapped_and2          7 28.7     0   117   52284    (-,-) 
  u_DCT/DRU/sub_60_47/g750/z                                             (u)     in_1->z F     unmapped_complex2      4 15.2     0   104   52388    (-,-) 
  u_DCT/DRU/sub_60_47/g729/z                                             (u)     in_1->z R     unmapped_nand2         1  4.1     0    60   52448    (-,-) 
  u_DCT/DRU/sub_60_47/g708/z                                             (u)     in_0->z F     unmapped_nand2         3 11.4     0    90   52539    (-,-) 
  u_DCT/DRU/sub_60_47/g706/z                                             (u)     in_1->z R     unmapped_nand2         1  4.1     0    60   52599    (-,-) 
  u_DCT/DRU/sub_60_47/g701/z                                             (u)     in_1->z F     unmapped_nand2         3 11.4     0    90   52689    (-,-) 
  u_DCT/DRU/sub_60_47/g696/z                                             (u)     in_0->z R     unmapped_nand2         1  4.1     0    60   52749    (-,-) 
  u_DCT/DRU/sub_60_47/g694/z                                             (u)     in_1->z F     unmapped_nand2         4 15.2     0   104   52853    (-,-) 
  u_DCT/DRU/sub_60_47/g690/z                                             (u)     in_0->z R     unmapped_complex2      1  4.1     0    60   52913    (-,-) 
  u_DCT/DRU/sub_60_47/g687/z                                             (u)     in_0->z F     unmapped_complex2      3 11.4     0    90   53004    (-,-) 
  u_DCT/DRU/sub_60_47/g686/z                                             (u)     in_1->z R     unmapped_nand2         1  4.1     0    60   53064    (-,-) 
  u_DCT/DRU/sub_60_47/g679/z                                             (u)     in_1->z F     unmapped_nand2         3 11.4     0    90   53154    (-,-) 
  u_DCT/DRU/sub_60_47/g675/z                                             (u)     in_0->z R     unmapped_nand2         1  4.1     0    60   53214    (-,-) 
  u_DCT/DRU/sub_60_47/g674/z                                             (u)     in_1->z F     unmapped_nand2         4 15.2     0   104   53318    (-,-) 
  u_DCT/DRU/sub_60_47/g670/z                                             (u)     in_0->z R     unmapped_complex2      2  8.2     0    76   53394    (-,-) 
  u_DCT/DRU/sub_60_47/g666/z                                             (u)     in_0->z R     unmapped_or2           1  4.1     0    60   53454    (-,-) 
  u_DCT/DRU/sub_60_47/g661/z                                             (u)     in_0->z F     unmapped_complex2      4 15.2     0   104   53558    (-,-) 
  u_DCT/DRU/sub_60_47/g652/z                                             (u)     in_0->z R     unmapped_complex2      1  4.1     0    60   53618    (-,-) 
  u_DCT/DRU/sub_60_47/g647/z                                             (u)     in_0->z F     unmapped_complex2      3 11.4     0    90   53708    (-,-) 
  u_DCT/DRU/sub_60_47/g646/z                                             (u)     in_1->z R     unmapped_nand2         1  4.1     0    60   53769    (-,-) 
  u_DCT/DRU/sub_60_47/g639/z                                             (u)     in_1->z F     unmapped_nand2         3 11.4     0    90   53859    (-,-) 
  u_DCT/DRU/sub_60_47/g636/z                                             (u)     in_0->z F     unmapped_or2           1  3.8     0    60   53919    (-,-) 
  u_DCT/DRU/sub_60_47/g637/z                                             (u)     in_1->z R     unmapped_nand2         1  4.1     0    60   53979    (-,-) 
  u_DCT/DRU/g1257/z                                                      (u)     in_1->z F     unmapped_nand2         1  3.8     0    60   54040    (-,-) 
  u_DCT/DRU/g1105/z                                                      (u)     in_1->z R     unmapped_nand2         1  4.1     0    60   54100    (-,-) 
  u_DCT/DRU/ToBDEG_reg[15]/d                                             -       -       R     unmapped_d_flop        1    -     -     0   54100    (-,-) 
#---------------------------------------------------------------------------------------------------------------------------------------------------------

(u) : Net has unmapped pin(s).



Path 34: MET (47154 ps) Setup Check with Pin u_IDCT/DRU/ToACF_reg[15]/clk->d
           Mode: scan_mode
          Group: C2C_scan_mode
     Startpoint: (R) u_IDCT/tposemem_Bisted_RF_2P_ADV64x16_BistCtrl_i0_ST_MAL_i0_S17_reg/clk
          Clock: (F) CLK1
       Endpoint: (R) u_IDCT/DRU/ToACF_reg[15]/d
          Clock: (R) CLK1

                     Capture       Launch     
        Clock Edge:+  100000        50000     
       Src Latency:+       0            0     
       Net Latency:+    2000 (I)     2000 (I) 
           Arrival:=  102000        52000     
                                              
             Setup:-     260                  
       Uncertainty:-     500                  
     Required Time:=  101240                  
      Launch Clock:-   52000                  
         Data Path:-    2086                  
             Slack:=   47154                  

#----------------------------------------------------------------------------------------------------------------------------------------------------------
#                              Timing Point                               Flags    Arc    Edge       Cell         Fanout Load Trans Delay Arrival Instance 
#                                                                                                                        (fF)  (ps)  (ps)   (ps)  Location 
#----------------------------------------------------------------------------------------------------------------------------------------------------------
  u_IDCT/tposemem_Bisted_RF_2P_ADV64x16_BistCtrl_i0_ST_MAL_i0_S17_reg/clk -       -       R     (arrival)              6    -     0     -   52000    (-,-) 
  u_IDCT/tposemem_Bisted_RF_2P_ADV64x16_BistCtrl_i0_ST_MAL_i0_S17_reg/q   (u)     clk->q  F     unmapped_d_flop        1  3.8     0    16   52016    (-,-) 
  u_IDCT/g794/z                                                           (u)     in_1->z R     unmapped_nand2         2  8.2     0    76   52092    (-,-) 
  u_IDCT/g728/z                                                           (u)     in_1->z F     unmapped_nand2         2  7.6     0    76   52167    (-,-) 
  u_IDCT/DRU/g1363/z                                                      (u)     in_1->z F     unmapped_and2          7 26.6     0   117   52284    (-,-) 
  u_IDCT/DRU/add_58_47/g2/z                                               (u)     in_1->z R     unmapped_nand2         3 12.3     0    90   52374    (-,-) 
  u_IDCT/DRU/add_58_47/g638/z                                             (u)     in_0->z R     unmapped_complex2      1  4.1     0    60   52435    (-,-) 
  u_IDCT/DRU/add_58_47/g637/z                                             (u)     in_0->z F     unmapped_nand2         3 11.4     0    90   52525    (-,-) 
  u_IDCT/DRU/add_58_47/g629/z                                             (u)     in_1->z R     unmapped_nand2         1  4.1     0    60   52585    (-,-) 
  u_IDCT/DRU/add_58_47/g628/z                                             (u)     in_1->z F     unmapped_nand2         3 11.4     0    90   52676    (-,-) 
  u_IDCT/DRU/add_58_47/g622/z                                             (u)     in_0->z R     unmapped_nand2         1  4.1     0    60   52736    (-,-) 
  u_IDCT/DRU/add_58_47/g620/z                                             (u)     in_1->z F     unmapped_nand2         4 15.2     0   104   52840    (-,-) 
  u_IDCT/DRU/add_58_47/g618/z                                             (u)     in_0->z R     unmapped_complex2      1  4.1     0    60   52900    (-,-) 
  u_IDCT/DRU/add_58_47/g613/z                                             (u)     in_0->z F     unmapped_complex2      3 11.4     0    90   52990    (-,-) 
  u_IDCT/DRU/add_58_47/g612/z                                             (u)     in_1->z R     unmapped_nand2         1  4.1     0    60   53050    (-,-) 
  u_IDCT/DRU/add_58_47/g605/z                                             (u)     in_1->z F     unmapped_nand2         3 11.4     0    90   53141    (-,-) 
  u_IDCT/DRU/add_58_47/g604/z                                             (u)     in_0->z R     unmapped_nand2         1  4.1     0    60   53201    (-,-) 
  u_IDCT/DRU/add_58_47/g600/z                                             (u)     in_1->z F     unmapped_nand2         4 15.2     0   104   53305    (-,-) 
  u_IDCT/DRU/add_58_47/g599/z                                             (u)     in_0->z R     unmapped_complex2      2  8.2     0    76   53380    (-,-) 
  u_IDCT/DRU/add_58_47/g593/z                                             (u)     in_0->z R     unmapped_or2           1  4.1     0    60   53440    (-,-) 
  u_IDCT/DRU/add_58_47/g591/z                                             (u)     in_0->z F     unmapped_complex2      4 15.2     0   104   53544    (-,-) 
  u_IDCT/DRU/add_58_47/g583/z                                             (u)     in_0->z R     unmapped_complex2      1  4.1     0    60   53604    (-,-) 
  u_IDCT/DRU/add_58_47/g576/z                                             (u)     in_0->z F     unmapped_complex2      3 11.4     0    90   53695    (-,-) 
  u_IDCT/DRU/add_58_47/g566/z                                             (u)     in_1->z R     unmapped_nand2         1  4.1     0    60   53755    (-,-) 
  u_IDCT/DRU/add_58_47/g565/z                                             (u)     in_1->z F     unmapped_nand2         3 11.4     0    90   53845    (-,-) 
  u_IDCT/DRU/add_58_47/g563/z                                             (u)     in_0->z F     unmapped_or2           1  3.8     0    60   53906    (-,-) 
  u_IDCT/DRU/add_58_47/g564/z                                             (u)     in_1->z R     unmapped_nand2         1  4.1     0    60   53966    (-,-) 
  u_IDCT/DRU/g1258/z                                                      (u)     in_1->z F     unmapped_nand2         1  3.8     0    60   54026    (-,-) 
  u_IDCT/DRU/g1102/z                                                      (u)     in_1->z R     unmapped_nand2         1  4.1     0    60   54086    (-,-) 
  u_IDCT/DRU/ToACF_reg[15]/d                                              -       -       R     unmapped_d_flop        1    -     -     0   54086    (-,-) 
#----------------------------------------------------------------------------------------------------------------------------------------------------------

(u) : Net has unmapped pin(s).



Path 35: MET (47154 ps) Setup Check with Pin u_DCT/DRU/ToACF_reg[15]/clk->d
           Mode: scan_mode
          Group: C2C_scan_mode
     Startpoint: (R) u_DCT/tposemem_Bisted_RF_2P_ADV64x16_BistCtrl_i0_ST_MAL_i0_S17_reg/clk
          Clock: (F) CLK1
       Endpoint: (R) u_DCT/DRU/ToACF_reg[15]/d
          Clock: (R) CLK1

                     Capture       Launch     
        Clock Edge:+  100000        50000     
       Src Latency:+       0            0     
       Net Latency:+    2000 (I)     2000 (I) 
           Arrival:=  102000        52000     
                                              
             Setup:-     260                  
       Uncertainty:-     500                  
     Required Time:=  101240                  
      Launch Clock:-   52000                  
         Data Path:-    2086                  
             Slack:=   47154                  

#---------------------------------------------------------------------------------------------------------------------------------------------------------
#                             Timing Point                               Flags    Arc    Edge       Cell         Fanout Load Trans Delay Arrival Instance 
#                                                                                                                       (fF)  (ps)  (ps)   (ps)  Location 
#---------------------------------------------------------------------------------------------------------------------------------------------------------
  u_DCT/tposemem_Bisted_RF_2P_ADV64x16_BistCtrl_i0_ST_MAL_i0_S17_reg/clk -       -       R     (arrival)              6    -     0     -   52000    (-,-) 
  u_DCT/tposemem_Bisted_RF_2P_ADV64x16_BistCtrl_i0_ST_MAL_i0_S17_reg/q   (u)     clk->q  F     unmapped_d_flop        1  3.8     0    16   52016    (-,-) 
  u_DCT/g794/z                                                           (u)     in_1->z R     unmapped_nand2         2  8.2     0    76   52092    (-,-) 
  u_DCT/g728/z                                                           (u)     in_1->z F     unmapped_nand2         2  7.6     0    76   52167    (-,-) 
  u_DCT/DRU/g1363/z                                                      (u)     in_1->z F     unmapped_and2          7 26.6     0   117   52284    (-,-) 
  u_DCT/DRU/add_58_47/g2/z                                               (u)     in_1->z R     unmapped_nand2         3 12.3     0    90   52374    (-,-) 
  u_DCT/DRU/add_58_47/g638/z                                             (u)     in_0->z R     unmapped_complex2      1  4.1     0    60   52435    (-,-) 
  u_DCT/DRU/add_58_47/g637/z                                             (u)     in_0->z F     unmapped_nand2         3 11.4     0    90   52525    (-,-) 
  u_DCT/DRU/add_58_47/g629/z                                             (u)     in_1->z R     unmapped_nand2         1  4.1     0    60   52585    (-,-) 
  u_DCT/DRU/add_58_47/g628/z                                             (u)     in_1->z F     unmapped_nand2         3 11.4     0    90   52676    (-,-) 
  u_DCT/DRU/add_58_47/g622/z                                             (u)     in_0->z R     unmapped_nand2         1  4.1     0    60   52736    (-,-) 
  u_DCT/DRU/add_58_47/g620/z                                             (u)     in_1->z F     unmapped_nand2         4 15.2     0   104   52840    (-,-) 
  u_DCT/DRU/add_58_47/g618/z                                             (u)     in_0->z R     unmapped_complex2      1  4.1     0    60   52900    (-,-) 
  u_DCT/DRU/add_58_47/g613/z                                             (u)     in_0->z F     unmapped_complex2      3 11.4     0    90   52990    (-,-) 
  u_DCT/DRU/add_58_47/g612/z                                             (u)     in_1->z R     unmapped_nand2         1  4.1     0    60   53050    (-,-) 
  u_DCT/DRU/add_58_47/g605/z                                             (u)     in_1->z F     unmapped_nand2         3 11.4     0    90   53141    (-,-) 
  u_DCT/DRU/add_58_47/g604/z                                             (u)     in_0->z R     unmapped_nand2         1  4.1     0    60   53201    (-,-) 
  u_DCT/DRU/add_58_47/g600/z                                             (u)     in_1->z F     unmapped_nand2         4 15.2     0   104   53305    (-,-) 
  u_DCT/DRU/add_58_47/g599/z                                             (u)     in_0->z R     unmapped_complex2      2  8.2     0    76   53380    (-,-) 
  u_DCT/DRU/add_58_47/g593/z                                             (u)     in_0->z R     unmapped_or2           1  4.1     0    60   53440    (-,-) 
  u_DCT/DRU/add_58_47/g591/z                                             (u)     in_0->z F     unmapped_complex2      4 15.2     0   104   53544    (-,-) 
  u_DCT/DRU/add_58_47/g583/z                                             (u)     in_0->z R     unmapped_complex2      1  4.1     0    60   53604    (-,-) 
  u_DCT/DRU/add_58_47/g576/z                                             (u)     in_0->z F     unmapped_complex2      3 11.4     0    90   53695    (-,-) 
  u_DCT/DRU/add_58_47/g566/z                                             (u)     in_1->z R     unmapped_nand2         1  4.1     0    60   53755    (-,-) 
  u_DCT/DRU/add_58_47/g565/z                                             (u)     in_1->z F     unmapped_nand2         3 11.4     0    90   53845    (-,-) 
  u_DCT/DRU/add_58_47/g563/z                                             (u)     in_0->z F     unmapped_or2           1  3.8     0    60   53906    (-,-) 
  u_DCT/DRU/add_58_47/g564/z                                             (u)     in_1->z R     unmapped_nand2         1  4.1     0    60   53966    (-,-) 
  u_DCT/DRU/g1258/z                                                      (u)     in_1->z F     unmapped_nand2         1  3.8     0    60   54026    (-,-) 
  u_DCT/DRU/g1102/z                                                      (u)     in_1->z R     unmapped_nand2         1  4.1     0    60   54086    (-,-) 
  u_DCT/DRU/ToACF_reg[15]/d                                              -       -       R     unmapped_d_flop        1    -     -     0   54086    (-,-) 
#---------------------------------------------------------------------------------------------------------------------------------------------------------

(u) : Net has unmapped pin(s).



Path 36: MET (47170 ps) Setup Check with Pin u_DCT/tposemem_Bisted_RF_2P_ADV64x16_RF_2P_ADV64x16_u0_SRAM_i0/CLKB->DB[4]
           Mode: scan_mode
          Group: C2C_scan_mode
     Startpoint: (R) d_DoDCT_reg/clk
          Clock: (R) CLK1
       Endpoint: (F) u_DCT/tposemem_Bisted_RF_2P_ADV64x16_RF_2P_ADV64x16_u0_SRAM_i0/DB[4]
          Clock: (F) CLK1

                     Capture       Launch     
        Clock Edge:+   50000            0     
       Src Latency:+       0            0     
       Net Latency:+    2000 (I)     2000 (I) 
           Arrival:=   52000         2000     
                                              
             Setup:-     223                  
       Uncertainty:-     500                  
     Required Time:=   51277                  
      Launch Clock:-    2000                  
         Data Path:-    2107                  
             Slack:=   47170                  

#-------------------------------------------------------------------------------------------------------------------------------------------------------
#                            Timing Point                              Flags    Arc    Edge       Cell         Fanout Load Trans Delay Arrival Instance 
#                                                                                                                     (fF)  (ps)  (ps)   (ps)  Location 
#-------------------------------------------------------------------------------------------------------------------------------------------------------
  d_DoDCT_reg/clk                                                      -       -       R     (arrival)           1022    -     0     -    2000    (-,-) 
  d_DoDCT_reg/q                                                        (u)     clk->q  F     unmapped_d_flop      118 41.8     0   506    2506    (-,-) 
  u_DCT/IDRU8/g2883/z                                                  (u)     in_1->z F     unmapped_complex2      2  7.6     0    76    2582    (-,-) 
  u_DCT/IDRU8/g2860/z                                                  (u)     in_0->z F     unmapped_complex2     19 72.2     0   154    2736    (-,-) 
  u_DCT/IDRU8/g2728/z                                                  (u)     in_0->z F     unmapped_complex2      1  3.8     0    60    2796    (-,-) 
  u_DCT/IDRU8/g2690/z                                                  (u)     in_1->z R     unmapped_nand2         1  4.1     0    60    2856    (-,-) 
  u_DCT/IDRU8/g2576/z                                                  (u)     in_0->z R     unmapped_complex2      1  4.1     0    60    2916    (-,-) 
  u_DCT/IDRU8/g2519/z                                                  (u)     in_1->z R     unmapped_or2           1  4.1     0    60    2976    (-,-) 
  u_DCT/IDRU8/g2489/z                                                  (u)     in_0->z R     unmapped_complex2      4 16.4     0   104    3080    (-,-) 
  u_DCT/IDRU8/add_86_45/g398/z                                         (u)     in_0->z R     unmapped_or2           1  4.1     0    60    3140    (-,-) 
  u_DCT/IDRU8/add_86_45/g367/z                                         (u)     in_1->z F     unmapped_complex2      1  3.8     0    60    3201    (-,-) 
  u_DCT/IDRU8/add_86_45/g42/z                                          (u)     in_1->z R     unmapped_nand2         4 16.4     0   104    3304    (-,-) 
  u_DCT/IDRU8/add_86_45/g347/z                                         (u)     in_0->z F     unmapped_complex2      1  3.8     0    60    3365    (-,-) 
  u_DCT/IDRU8/add_86_45/g336/z                                         (u)     in_0->z R     unmapped_complex2      5 20.5     0   110    3475    (-,-) 
  u_DCT/IDRU8/add_86_45/g332/z                                         (u)     in_0->z F     unmapped_complex2      2  7.6     0    76    3551    (-,-) 
  u_DCT/IDRU8/add_86_45/g318/z                                         (u)     in_0->z R     unmapped_complex2      2  8.2     0    76    3626    (-,-) 
  u_DCT/IDRU8/add_86_45/g308/z                                         (u)     in_0->z R     unmapped_or2           1  4.1     0    60    3686    (-,-) 
  u_DCT/IDRU8/add_86_45/g309/z                                         (u)     in_1->z F     unmapped_nand2         1  3.8     0    60    3747    (-,-) 
  u_DCT/IDRU8/g2944/z                                                  (u)     in_0->z R     unmapped_complex2      1  4.1     0    60    3807    (-,-) 
  u_DCT/IDRU8/g2911/z                                                  (u)     in_0->z F     unmapped_nand2         2  7.6     0    76    3882    (-,-) 
  u_DCT/IDRU8/g2461/z                                                  (u)     in_0->z R     unmapped_complex2      1  4.1     0    60    3942    (-,-) 
  u_DCT/IDRU8/g2305/z                                                  (u)     in_0->z F     unmapped_nand2         1  3.8     0    60    4003    (-,-) 
  u_DCT/g761/z                                                         (u)     in_0->z R     unmapped_complex2      1  4.1     0    60    4063    (-,-) 
  u_DCT/g708/z                                                         (u)     in_1->z F     unmapped_nand2         1  2.6     0    44    4107    (-,-) 
  u_DCT/tposemem_Bisted_RF_2P_ADV64x16_RF_2P_ADV64x16_u0_SRAM_i0/DB[4] (P)     -       F     rf_2p_hse              1    -     -     0    4107    (-,-) 
#-------------------------------------------------------------------------------------------------------------------------------------------------------

(P) : Instance is preserved
(u) : Net has unmapped pin(s).



Path 37: MET (47185 ps) Setup Check with Pin u_DCT/tposemem_Bisted_RF_2P_ADV64x16_RF_2P_ADV64x16_u0_SRAM_i0/CLKB->DB[3]
           Mode: scan_mode
          Group: C2C_scan_mode
     Startpoint: (R) d_DoDCT_reg/clk
          Clock: (R) CLK1
       Endpoint: (F) u_DCT/tposemem_Bisted_RF_2P_ADV64x16_RF_2P_ADV64x16_u0_SRAM_i0/DB[3]
          Clock: (F) CLK1

                     Capture       Launch     
        Clock Edge:+   50000            0     
       Src Latency:+       0            0     
       Net Latency:+    2000 (I)     2000 (I) 
           Arrival:=   52000         2000     
                                              
             Setup:-     223                  
       Uncertainty:-     500                  
     Required Time:=   51277                  
      Launch Clock:-    2000                  
         Data Path:-    2092                  
             Slack:=   47185                  

#-------------------------------------------------------------------------------------------------------------------------------------------------------
#                            Timing Point                              Flags    Arc    Edge       Cell         Fanout Load Trans Delay Arrival Instance 
#                                                                                                                     (fF)  (ps)  (ps)   (ps)  Location 
#-------------------------------------------------------------------------------------------------------------------------------------------------------
  d_DoDCT_reg/clk                                                      -       -       R     (arrival)           1022    -     0     -    2000    (-,-) 
  d_DoDCT_reg/q                                                        (u)     clk->q  F     unmapped_d_flop      118 41.8     0   506    2506    (-,-) 
  u_DCT/IDRU8/g2883/z                                                  (u)     in_1->z F     unmapped_complex2      2  7.6     0    76    2582    (-,-) 
  u_DCT/IDRU8/g2860/z                                                  (u)     in_0->z F     unmapped_complex2     19 72.2     0   154    2736    (-,-) 
  u_DCT/IDRU8/g2728/z                                                  (u)     in_0->z F     unmapped_complex2      1  3.8     0    60    2796    (-,-) 
  u_DCT/IDRU8/g2690/z                                                  (u)     in_1->z R     unmapped_nand2         1  4.1     0    60    2856    (-,-) 
  u_DCT/IDRU8/g2576/z                                                  (u)     in_0->z R     unmapped_complex2      1  4.1     0    60    2916    (-,-) 
  u_DCT/IDRU8/g2519/z                                                  (u)     in_1->z R     unmapped_or2           1  4.1     0    60    2976    (-,-) 
  u_DCT/IDRU8/g2489/z                                                  (u)     in_0->z R     unmapped_complex2      4 16.4     0   104    3080    (-,-) 
  u_DCT/IDRU8/add_86_45/g398/z                                         (u)     in_0->z R     unmapped_or2           1  4.1     0    60    3140    (-,-) 
  u_DCT/IDRU8/add_86_45/g367/z                                         (u)     in_1->z F     unmapped_complex2      1  3.8     0    60    3201    (-,-) 
  u_DCT/IDRU8/add_86_45/g42/z                                          (u)     in_1->z R     unmapped_nand2         4 16.4     0   104    3304    (-,-) 
  u_DCT/IDRU8/add_86_45/g347/z                                         (u)     in_0->z F     unmapped_complex2      1  3.8     0    60    3365    (-,-) 
  u_DCT/IDRU8/add_86_45/g336/z                                         (u)     in_0->z R     unmapped_complex2      5 20.5     0   110    3475    (-,-) 
  u_DCT/IDRU8/add_86_45/g331/z                                         (u)     in_1->z F     unmapped_nand2         1  3.8     0    60    3535    (-,-) 
  u_DCT/IDRU8/add_86_45/g112/z                                         (u)     in_1->z R     unmapped_nand2         2  8.2     0    76    3611    (-,-) 
  u_DCT/IDRU8/add_86_45/g305/z                                         (u)     in_0->z R     unmapped_or2           1  4.1     0    60    3671    (-,-) 
  u_DCT/IDRU8/add_86_45/g306/z                                         (u)     in_1->z F     unmapped_nand2         1  3.8     0    60    3731    (-,-) 
  u_DCT/IDRU8/g2946/z                                                  (u)     in_0->z R     unmapped_complex2      1  4.1     0    60    3792    (-,-) 
  u_DCT/IDRU8/g2908/z                                                  (u)     in_0->z F     unmapped_nand2         2  7.6     0    76    3867    (-,-) 
  u_DCT/IDRU8/g2458/z                                                  (u)     in_0->z R     unmapped_complex2      1  4.1     0    60    3927    (-,-) 
  u_DCT/IDRU8/g2306/z                                                  (u)     in_0->z F     unmapped_nand2         1  3.8     0    60    3987    (-,-) 
  u_DCT/g763/z                                                         (u)     in_0->z R     unmapped_complex2      1  4.1     0    60    4048    (-,-) 
  u_DCT/g711/z                                                         (u)     in_1->z F     unmapped_nand2         1  2.6     0    44    4092    (-,-) 
  u_DCT/tposemem_Bisted_RF_2P_ADV64x16_RF_2P_ADV64x16_u0_SRAM_i0/DB[3] (P)     -       F     rf_2p_hse              1    -     -     0    4092    (-,-) 
#-------------------------------------------------------------------------------------------------------------------------------------------------------

(P) : Instance is preserved
(u) : Net has unmapped pin(s).



Path 38: MET (47185 ps) Setup Check with Pin u_DCT/tposemem_Bisted_RF_2P_ADV64x16_RF_2P_ADV64x16_u0_SRAM_i0/CLKB->DB[5]
           Mode: scan_mode
          Group: C2C_scan_mode
     Startpoint: (R) d_DoDCT_reg/clk
          Clock: (R) CLK1
       Endpoint: (F) u_DCT/tposemem_Bisted_RF_2P_ADV64x16_RF_2P_ADV64x16_u0_SRAM_i0/DB[5]
          Clock: (F) CLK1

                     Capture       Launch     
        Clock Edge:+   50000            0     
       Src Latency:+       0            0     
       Net Latency:+    2000 (I)     2000 (I) 
           Arrival:=   52000         2000     
                                              
             Setup:-     223                  
       Uncertainty:-     500                  
     Required Time:=   51277                  
      Launch Clock:-    2000                  
         Data Path:-    2092                  
             Slack:=   47185                  

#-------------------------------------------------------------------------------------------------------------------------------------------------------
#                            Timing Point                              Flags    Arc    Edge       Cell         Fanout Load Trans Delay Arrival Instance 
#                                                                                                                     (fF)  (ps)  (ps)   (ps)  Location 
#-------------------------------------------------------------------------------------------------------------------------------------------------------
  d_DoDCT_reg/clk                                                      -       -       R     (arrival)           1022    -     0     -    2000    (-,-) 
  d_DoDCT_reg/q                                                        (u)     clk->q  F     unmapped_d_flop      118 41.8     0   506    2506    (-,-) 
  u_DCT/IDRU8/g2883/z                                                  (u)     in_1->z F     unmapped_complex2      2  7.6     0    76    2582    (-,-) 
  u_DCT/IDRU8/g2860/z                                                  (u)     in_0->z F     unmapped_complex2     19 72.2     0   154    2736    (-,-) 
  u_DCT/IDRU8/g2728/z                                                  (u)     in_0->z F     unmapped_complex2      1  3.8     0    60    2796    (-,-) 
  u_DCT/IDRU8/g2690/z                                                  (u)     in_1->z R     unmapped_nand2         1  4.1     0    60    2856    (-,-) 
  u_DCT/IDRU8/g2576/z                                                  (u)     in_0->z R     unmapped_complex2      1  4.1     0    60    2916    (-,-) 
  u_DCT/IDRU8/g2519/z                                                  (u)     in_1->z R     unmapped_or2           1  4.1     0    60    2976    (-,-) 
  u_DCT/IDRU8/g2489/z                                                  (u)     in_0->z R     unmapped_complex2      4 16.4     0   104    3080    (-,-) 
  u_DCT/IDRU8/add_86_45/g398/z                                         (u)     in_0->z R     unmapped_or2           1  4.1     0    60    3140    (-,-) 
  u_DCT/IDRU8/add_86_45/g367/z                                         (u)     in_1->z F     unmapped_complex2      1  3.8     0    60    3201    (-,-) 
  u_DCT/IDRU8/add_86_45/g42/z                                          (u)     in_1->z R     unmapped_nand2         4 16.4     0   104    3304    (-,-) 
  u_DCT/IDRU8/add_86_45/g347/z                                         (u)     in_0->z F     unmapped_complex2      1  3.8     0    60    3365    (-,-) 
  u_DCT/IDRU8/add_86_45/g336/z                                         (u)     in_0->z R     unmapped_complex2      5 20.5     0   110    3475    (-,-) 
  u_DCT/IDRU8/add_86_45/g247/z                                         (u)     in_0->z F     unmapped_complex2      1  3.8     0    60    3535    (-,-) 
  u_DCT/IDRU8/add_86_45/g316/z                                         (u)     in_0->z R     unmapped_complex2      2  8.2     0    76    3611    (-,-) 
  u_DCT/IDRU8/add_86_45/g311/z                                         (u)     in_0->z R     unmapped_or2           1  4.1     0    60    3671    (-,-) 
  u_DCT/IDRU8/add_86_45/g312/z                                         (u)     in_1->z F     unmapped_nand2         1  3.8     0    60    3731    (-,-) 
  u_DCT/IDRU8/g2940/z                                                  (u)     in_0->z R     unmapped_complex2      1  4.1     0    60    3792    (-,-) 
  u_DCT/IDRU8/g2912/z                                                  (u)     in_0->z F     unmapped_nand2         2  7.6     0    76    3867    (-,-) 
  u_DCT/IDRU8/g2464/z                                                  (u)     in_0->z R     unmapped_complex2      1  4.1     0    60    3927    (-,-) 
  u_DCT/IDRU8/g2303/z                                                  (u)     in_0->z F     unmapped_nand2         1  3.8     0    60    3987    (-,-) 
  u_DCT/g760/z                                                         (u)     in_0->z R     unmapped_complex2      1  4.1     0    60    4048    (-,-) 
  u_DCT/g706/z                                                         (u)     in_1->z F     unmapped_nand2         1  2.6     0    44    4092    (-,-) 
  u_DCT/tposemem_Bisted_RF_2P_ADV64x16_RF_2P_ADV64x16_u0_SRAM_i0/DB[5] (P)     -       F     rf_2p_hse              1    -     -     0    4092    (-,-) 
#-------------------------------------------------------------------------------------------------------------------------------------------------------

(P) : Instance is preserved
(u) : Net has unmapped pin(s).



Path 39: MET (47235 ps) Setup Check with Pin u_IDCT/tposemem_Bisted_RF_2P_ADV64x16_RF_2P_ADV64x16_u0_SRAM_i0/CLKB->DB[2]
           Mode: scan_mode
          Group: C2C_scan_mode
     Startpoint: (R) d_DoDCT_reg/clk
          Clock: (R) CLK1
       Endpoint: (F) u_IDCT/tposemem_Bisted_RF_2P_ADV64x16_RF_2P_ADV64x16_u0_SRAM_i0/DB[2]
          Clock: (F) CLK1

                     Capture       Launch     
        Clock Edge:+   50000            0     
       Src Latency:+       0            0     
       Net Latency:+    2000 (I)     2000 (I) 
           Arrival:=   52000         2000     
                                              
             Setup:-     223                  
       Uncertainty:-     500                  
     Required Time:=   51277                  
      Launch Clock:-    2000                  
         Data Path:-    2042                  
             Slack:=   47235                  

#--------------------------------------------------------------------------------------------------------------------------------------------------------
#                             Timing Point                              Flags    Arc    Edge       Cell         Fanout Load Trans Delay Arrival Instance 
#                                                                                                                      (fF)  (ps)  (ps)   (ps)  Location 
#--------------------------------------------------------------------------------------------------------------------------------------------------------
  d_DoDCT_reg/clk                                                       -       -       R     (arrival)           1022    -     0     -    2000    (-,-) 
  d_DoDCT_reg/q                                                         (u)     clk->q  R     unmapped_d_flop      118 45.1     0   506    2506    (-,-) 
  g172/z                                                                (u)     in_0->z F     unmapped_not         119 41.8     0   161    2667    (-,-) 
  u_IDCT/IDRU8/g2860/z                                                  (u)     in_1->z F     unmapped_or2          19 72.2     0   154    2821    (-,-) 
  u_IDCT/IDRU8/g2728/z                                                  (u)     in_0->z F     unmapped_complex2      1  3.8     0    60    2881    (-,-) 
  u_IDCT/IDRU8/g2690/z                                                  (u)     in_1->z R     unmapped_nand2         1  4.1     0    60    2942    (-,-) 
  u_IDCT/IDRU8/g2576/z                                                  (u)     in_0->z R     unmapped_complex2      1  4.1     0    60    3002    (-,-) 
  u_IDCT/IDRU8/g2519/z                                                  (u)     in_1->z R     unmapped_or2           1  4.1     0    60    3062    (-,-) 
  u_IDCT/IDRU8/g2489/z                                                  (u)     in_0->z R     unmapped_complex2      4 16.4     0   104    3166    (-,-) 
  u_IDCT/IDRU8/add_86_45/g398/z                                         (u)     in_0->z R     unmapped_or2           1  4.1     0    60    3226    (-,-) 
  u_IDCT/IDRU8/add_86_45/g367/z                                         (u)     in_1->z F     unmapped_complex2      1  3.8     0    60    3286    (-,-) 
  u_IDCT/IDRU8/add_86_45/g42/z                                          (u)     in_1->z R     unmapped_nand2         4 16.4     0   104    3390    (-,-) 
  u_IDCT/IDRU8/add_86_45/g347/z                                         (u)     in_0->z F     unmapped_complex2      1  3.8     0    60    3450    (-,-) 
  u_IDCT/IDRU8/add_86_45/g336/z                                         (u)     in_0->z R     unmapped_complex2      5 20.5     0   110    3561    (-,-) 
  u_IDCT/IDRU8/add_86_45/g326/z                                         (u)     in_0->z R     unmapped_or2           1  4.1     0    60    3621    (-,-) 
  u_IDCT/IDRU8/add_86_45/g327/z                                         (u)     in_1->z F     unmapped_nand2         1  3.8     0    60    3681    (-,-) 
  u_IDCT/IDRU8/g2948/z                                                  (u)     in_0->z R     unmapped_complex2      1  4.1     0    60    3741    (-,-) 
  u_IDCT/IDRU8/g2907/z                                                  (u)     in_0->z F     unmapped_nand2         2  7.6     0    76    3817    (-,-) 
  u_IDCT/IDRU8/g2455/z                                                  (u)     in_0->z R     unmapped_complex2      1  4.1     0    60    3877    (-,-) 
  u_IDCT/IDRU8/g2302/z                                                  (u)     in_0->z F     unmapped_nand2         1  3.8     0    60    3937    (-,-) 
  u_IDCT/g764/z                                                         (u)     in_0->z R     unmapped_complex2      1  4.1     0    60    3998    (-,-) 
  u_IDCT/g713/z                                                         (u)     in_1->z F     unmapped_nand2         1  2.6     0    44    4042    (-,-) 
  u_IDCT/tposemem_Bisted_RF_2P_ADV64x16_RF_2P_ADV64x16_u0_SRAM_i0/DB[2] (P)     -       F     rf_2p_hse              1    -     -     0    4042    (-,-) 
#--------------------------------------------------------------------------------------------------------------------------------------------------------

(P) : Instance is preserved
(u) : Net has unmapped pin(s).



Path 40: MET (47291 ps) Setup Check with Pin u_IDCT/DRU/ToBDEG_reg[14]/clk->d
           Mode: scan_mode
          Group: C2C_scan_mode
     Startpoint: (R) u_IDCT/tposemem_Bisted_RF_2P_ADV64x16_BistCtrl_i0_ST_MAL_i0_S17_reg/clk
          Clock: (F) CLK1
       Endpoint: (R) u_IDCT/DRU/ToBDEG_reg[14]/d
          Clock: (R) CLK1

                     Capture       Launch     
        Clock Edge:+  100000        50000     
       Src Latency:+       0            0     
       Net Latency:+    2000 (I)     2000 (I) 
           Arrival:=  102000        52000     
                                              
             Setup:-     260                  
       Uncertainty:-     500                  
     Required Time:=  101240                  
      Launch Clock:-   52000                  
         Data Path:-    1949                  
             Slack:=   47291                  

#----------------------------------------------------------------------------------------------------------------------------------------------------------
#                              Timing Point                               Flags    Arc    Edge       Cell         Fanout Load Trans Delay Arrival Instance 
#                                                                                                                        (fF)  (ps)  (ps)   (ps)  Location 
#----------------------------------------------------------------------------------------------------------------------------------------------------------
  u_IDCT/tposemem_Bisted_RF_2P_ADV64x16_BistCtrl_i0_ST_MAL_i0_S17_reg/clk -       -       R     (arrival)              6    -     0     -   52000    (-,-) 
  u_IDCT/tposemem_Bisted_RF_2P_ADV64x16_BistCtrl_i0_ST_MAL_i0_S17_reg/q   (u)     clk->q  R     unmapped_d_flop        1  4.1     0    16   52016    (-,-) 
  u_IDCT/g794/z                                                           (u)     in_1->z F     unmapped_nand2         2  7.6     0    76   52092    (-,-) 
  u_IDCT/g728/z                                                           (u)     in_1->z R     unmapped_nand2         2  8.2     0    76   52167    (-,-) 
  u_IDCT/DRU/g1363/z                                                      (u)     in_1->z R     unmapped_and2          7 28.7     0   117   52284    (-,-) 
  u_IDCT/DRU/sub_60_47/g750/z                                             (u)     in_1->z F     unmapped_complex2      4 15.2     0   104   52388    (-,-) 
  u_IDCT/DRU/sub_60_47/g729/z                                             (u)     in_1->z R     unmapped_nand2         1  4.1     0    60   52448    (-,-) 
  u_IDCT/DRU/sub_60_47/g708/z                                             (u)     in_0->z F     unmapped_nand2         3 11.4     0    90   52539    (-,-) 
  u_IDCT/DRU/sub_60_47/g706/z                                             (u)     in_1->z R     unmapped_nand2         1  4.1     0    60   52599    (-,-) 
  u_IDCT/DRU/sub_60_47/g701/z                                             (u)     in_1->z F     unmapped_nand2         3 11.4     0    90   52689    (-,-) 
  u_IDCT/DRU/sub_60_47/g696/z                                             (u)     in_0->z R     unmapped_nand2         1  4.1     0    60   52749    (-,-) 
  u_IDCT/DRU/sub_60_47/g694/z                                             (u)     in_1->z F     unmapped_nand2         4 15.2     0   104   52853    (-,-) 
  u_IDCT/DRU/sub_60_47/g690/z                                             (u)     in_0->z R     unmapped_complex2      1  4.1     0    60   52913    (-,-) 
  u_IDCT/DRU/sub_60_47/g687/z                                             (u)     in_0->z F     unmapped_complex2      3 11.4     0    90   53004    (-,-) 
  u_IDCT/DRU/sub_60_47/g686/z                                             (u)     in_1->z R     unmapped_nand2         1  4.1     0    60   53064    (-,-) 
  u_IDCT/DRU/sub_60_47/g679/z                                             (u)     in_1->z F     unmapped_nand2         3 11.4     0    90   53154    (-,-) 
  u_IDCT/DRU/sub_60_47/g675/z                                             (u)     in_0->z R     unmapped_nand2         1  4.1     0    60   53214    (-,-) 
  u_IDCT/DRU/sub_60_47/g674/z                                             (u)     in_1->z F     unmapped_nand2         4 15.2     0   104   53318    (-,-) 
  u_IDCT/DRU/sub_60_47/g670/z                                             (u)     in_0->z R     unmapped_complex2      2  8.2     0    76   53394    (-,-) 
  u_IDCT/DRU/sub_60_47/g666/z                                             (u)     in_0->z R     unmapped_or2           1  4.1     0    60   53454    (-,-) 
  u_IDCT/DRU/sub_60_47/g661/z                                             (u)     in_0->z F     unmapped_complex2      4 15.2     0   104   53558    (-,-) 
  u_IDCT/DRU/sub_60_47/g652/z                                             (u)     in_0->z R     unmapped_complex2      1  4.1     0    60   53618    (-,-) 
  u_IDCT/DRU/sub_60_47/g647/z                                             (u)     in_0->z F     unmapped_complex2      3 11.4     0    90   53708    (-,-) 
  u_IDCT/DRU/sub_60_47/g641/z                                             (u)     in_0->z F     unmapped_or2           1  3.8     0    60   53769    (-,-) 
  u_IDCT/DRU/sub_60_47/g642/z                                             (u)     in_1->z R     unmapped_nand2         1  4.1     0    60   53829    (-,-) 
  u_IDCT/DRU/g1253/z                                                      (u)     in_1->z F     unmapped_nand2         1  3.8     0    60   53889    (-,-) 
  u_IDCT/DRU/g1118/z                                                      (u)     in_1->z R     unmapped_complex2      1  4.1     0    60   53949    (-,-) 
  u_IDCT/DRU/ToBDEG_reg[14]/d                                             -       -       R     unmapped_d_flop        1    -     -     0   53949    (-,-) 
#----------------------------------------------------------------------------------------------------------------------------------------------------------

(u) : Net has unmapped pin(s).



Path 41: MET (47291 ps) Setup Check with Pin u_DCT/DRU/ToBDEG_reg[14]/clk->d
           Mode: scan_mode
          Group: C2C_scan_mode
     Startpoint: (R) u_DCT/tposemem_Bisted_RF_2P_ADV64x16_BistCtrl_i0_ST_MAL_i0_S17_reg/clk
          Clock: (F) CLK1
       Endpoint: (R) u_DCT/DRU/ToBDEG_reg[14]/d
          Clock: (R) CLK1

                     Capture       Launch     
        Clock Edge:+  100000        50000     
       Src Latency:+       0            0     
       Net Latency:+    2000 (I)     2000 (I) 
           Arrival:=  102000        52000     
                                              
             Setup:-     260                  
       Uncertainty:-     500                  
     Required Time:=  101240                  
      Launch Clock:-   52000                  
         Data Path:-    1949                  
             Slack:=   47291                  

#---------------------------------------------------------------------------------------------------------------------------------------------------------
#                             Timing Point                               Flags    Arc    Edge       Cell         Fanout Load Trans Delay Arrival Instance 
#                                                                                                                       (fF)  (ps)  (ps)   (ps)  Location 
#---------------------------------------------------------------------------------------------------------------------------------------------------------
  u_DCT/tposemem_Bisted_RF_2P_ADV64x16_BistCtrl_i0_ST_MAL_i0_S17_reg/clk -       -       R     (arrival)              6    -     0     -   52000    (-,-) 
  u_DCT/tposemem_Bisted_RF_2P_ADV64x16_BistCtrl_i0_ST_MAL_i0_S17_reg/q   (u)     clk->q  R     unmapped_d_flop        1  4.1     0    16   52016    (-,-) 
  u_DCT/g794/z                                                           (u)     in_1->z F     unmapped_nand2         2  7.6     0    76   52092    (-,-) 
  u_DCT/g728/z                                                           (u)     in_1->z R     unmapped_nand2         2  8.2     0    76   52167    (-,-) 
  u_DCT/DRU/g1363/z                                                      (u)     in_1->z R     unmapped_and2          7 28.7     0   117   52284    (-,-) 
  u_DCT/DRU/sub_60_47/g750/z                                             (u)     in_1->z F     unmapped_complex2      4 15.2     0   104   52388    (-,-) 
  u_DCT/DRU/sub_60_47/g729/z                                             (u)     in_1->z R     unmapped_nand2         1  4.1     0    60   52448    (-,-) 
  u_DCT/DRU/sub_60_47/g708/z                                             (u)     in_0->z F     unmapped_nand2         3 11.4     0    90   52539    (-,-) 
  u_DCT/DRU/sub_60_47/g706/z                                             (u)     in_1->z R     unmapped_nand2         1  4.1     0    60   52599    (-,-) 
  u_DCT/DRU/sub_60_47/g701/z                                             (u)     in_1->z F     unmapped_nand2         3 11.4     0    90   52689    (-,-) 
  u_DCT/DRU/sub_60_47/g696/z                                             (u)     in_0->z R     unmapped_nand2         1  4.1     0    60   52749    (-,-) 
  u_DCT/DRU/sub_60_47/g694/z                                             (u)     in_1->z F     unmapped_nand2         4 15.2     0   104   52853    (-,-) 
  u_DCT/DRU/sub_60_47/g690/z                                             (u)     in_0->z R     unmapped_complex2      1  4.1     0    60   52913    (-,-) 
  u_DCT/DRU/sub_60_47/g687/z                                             (u)     in_0->z F     unmapped_complex2      3 11.4     0    90   53004    (-,-) 
  u_DCT/DRU/sub_60_47/g686/z                                             (u)     in_1->z R     unmapped_nand2         1  4.1     0    60   53064    (-,-) 
  u_DCT/DRU/sub_60_47/g679/z                                             (u)     in_1->z F     unmapped_nand2         3 11.4     0    90   53154    (-,-) 
  u_DCT/DRU/sub_60_47/g675/z                                             (u)     in_0->z R     unmapped_nand2         1  4.1     0    60   53214    (-,-) 
  u_DCT/DRU/sub_60_47/g674/z                                             (u)     in_1->z F     unmapped_nand2         4 15.2     0   104   53318    (-,-) 
  u_DCT/DRU/sub_60_47/g670/z                                             (u)     in_0->z R     unmapped_complex2      2  8.2     0    76   53394    (-,-) 
  u_DCT/DRU/sub_60_47/g666/z                                             (u)     in_0->z R     unmapped_or2           1  4.1     0    60   53454    (-,-) 
  u_DCT/DRU/sub_60_47/g661/z                                             (u)     in_0->z F     unmapped_complex2      4 15.2     0   104   53558    (-,-) 
  u_DCT/DRU/sub_60_47/g652/z                                             (u)     in_0->z R     unmapped_complex2      1  4.1     0    60   53618    (-,-) 
  u_DCT/DRU/sub_60_47/g647/z                                             (u)     in_0->z F     unmapped_complex2      3 11.4     0    90   53708    (-,-) 
  u_DCT/DRU/sub_60_47/g641/z                                             (u)     in_0->z F     unmapped_or2           1  3.8     0    60   53769    (-,-) 
  u_DCT/DRU/sub_60_47/g642/z                                             (u)     in_1->z R     unmapped_nand2         1  4.1     0    60   53829    (-,-) 
  u_DCT/DRU/g1253/z                                                      (u)     in_1->z F     unmapped_nand2         1  3.8     0    60   53889    (-,-) 
  u_DCT/DRU/g1118/z                                                      (u)     in_1->z R     unmapped_complex2      1  4.1     0    60   53949    (-,-) 
  u_DCT/DRU/ToBDEG_reg[14]/d                                             -       -       R     unmapped_d_flop        1    -     -     0   53949    (-,-) 
#---------------------------------------------------------------------------------------------------------------------------------------------------------

(u) : Net has unmapped pin(s).



Path 42: MET (47304 ps) Setup Check with Pin u_IDCT/DRU/ToACF_reg[14]/clk->d
           Mode: scan_mode
          Group: C2C_scan_mode
     Startpoint: (R) u_IDCT/tposemem_Bisted_RF_2P_ADV64x16_BistCtrl_i0_ST_MAL_i0_S17_reg/clk
          Clock: (F) CLK1
       Endpoint: (R) u_IDCT/DRU/ToACF_reg[14]/d
          Clock: (R) CLK1

                     Capture       Launch     
        Clock Edge:+  100000        50000     
       Src Latency:+       0            0     
       Net Latency:+    2000 (I)     2000 (I) 
           Arrival:=  102000        52000     
                                              
             Setup:-     260                  
       Uncertainty:-     500                  
     Required Time:=  101240                  
      Launch Clock:-   52000                  
         Data Path:-    1936                  
             Slack:=   47304                  

#----------------------------------------------------------------------------------------------------------------------------------------------------------
#                              Timing Point                               Flags    Arc    Edge       Cell         Fanout Load Trans Delay Arrival Instance 
#                                                                                                                        (fF)  (ps)  (ps)   (ps)  Location 
#----------------------------------------------------------------------------------------------------------------------------------------------------------
  u_IDCT/tposemem_Bisted_RF_2P_ADV64x16_BistCtrl_i0_ST_MAL_i0_S17_reg/clk -       -       R     (arrival)              6    -     0     -   52000    (-,-) 
  u_IDCT/tposemem_Bisted_RF_2P_ADV64x16_BistCtrl_i0_ST_MAL_i0_S17_reg/q   (u)     clk->q  F     unmapped_d_flop        1  3.8     0    16   52016    (-,-) 
  u_IDCT/g794/z                                                           (u)     in_1->z R     unmapped_nand2         2  8.2     0    76   52092    (-,-) 
  u_IDCT/g728/z                                                           (u)     in_1->z F     unmapped_nand2         2  7.6     0    76   52167    (-,-) 
  u_IDCT/DRU/g1363/z                                                      (u)     in_1->z F     unmapped_and2          7 26.6     0   117   52284    (-,-) 
  u_IDCT/DRU/add_58_47/g2/z                                               (u)     in_1->z R     unmapped_nand2         3 12.3     0    90   52374    (-,-) 
  u_IDCT/DRU/add_58_47/g638/z                                             (u)     in_0->z R     unmapped_complex2      1  4.1     0    60   52435    (-,-) 
  u_IDCT/DRU/add_58_47/g637/z                                             (u)     in_0->z F     unmapped_nand2         3 11.4     0    90   52525    (-,-) 
  u_IDCT/DRU/add_58_47/g629/z                                             (u)     in_1->z R     unmapped_nand2         1  4.1     0    60   52585    (-,-) 
  u_IDCT/DRU/add_58_47/g628/z                                             (u)     in_1->z F     unmapped_nand2         3 11.4     0    90   52676    (-,-) 
  u_IDCT/DRU/add_58_47/g622/z                                             (u)     in_0->z R     unmapped_nand2         1  4.1     0    60   52736    (-,-) 
  u_IDCT/DRU/add_58_47/g620/z                                             (u)     in_1->z F     unmapped_nand2         4 15.2     0   104   52840    (-,-) 
  u_IDCT/DRU/add_58_47/g618/z                                             (u)     in_0->z R     unmapped_complex2      1  4.1     0    60   52900    (-,-) 
  u_IDCT/DRU/add_58_47/g613/z                                             (u)     in_0->z F     unmapped_complex2      3 11.4     0    90   52990    (-,-) 
  u_IDCT/DRU/add_58_47/g612/z                                             (u)     in_1->z R     unmapped_nand2         1  4.1     0    60   53050    (-,-) 
  u_IDCT/DRU/add_58_47/g605/z                                             (u)     in_1->z F     unmapped_nand2         3 11.4     0    90   53141    (-,-) 
  u_IDCT/DRU/add_58_47/g604/z                                             (u)     in_0->z R     unmapped_nand2         1  4.1     0    60   53201    (-,-) 
  u_IDCT/DRU/add_58_47/g600/z                                             (u)     in_1->z F     unmapped_nand2         4 15.2     0   104   53305    (-,-) 
  u_IDCT/DRU/add_58_47/g599/z                                             (u)     in_0->z R     unmapped_complex2      2  8.2     0    76   53380    (-,-) 
  u_IDCT/DRU/add_58_47/g593/z                                             (u)     in_0->z R     unmapped_or2           1  4.1     0    60   53440    (-,-) 
  u_IDCT/DRU/add_58_47/g591/z                                             (u)     in_0->z F     unmapped_complex2      4 15.2     0   104   53544    (-,-) 
  u_IDCT/DRU/add_58_47/g583/z                                             (u)     in_0->z R     unmapped_complex2      1  4.1     0    60   53604    (-,-) 
  u_IDCT/DRU/add_58_47/g576/z                                             (u)     in_0->z F     unmapped_complex2      3 11.4     0    90   53695    (-,-) 
  u_IDCT/DRU/add_58_47/g568/z                                             (u)     in_0->z F     unmapped_or2           1  3.8     0    60   53755    (-,-) 
  u_IDCT/DRU/add_58_47/g569/z                                             (u)     in_1->z R     unmapped_nand2         1  4.1     0    60   53815    (-,-) 
  u_IDCT/DRU/g1256/z                                                      (u)     in_1->z F     unmapped_nand2         1  3.8     0    60   53875    (-,-) 
  u_IDCT/DRU/g1108/z                                                      (u)     in_1->z R     unmapped_complex2      1  4.1     0    60   53936    (-,-) 
  u_IDCT/DRU/ToACF_reg[14]/d                                              -       -       R     unmapped_d_flop        1    -     -     0   53936    (-,-) 
#----------------------------------------------------------------------------------------------------------------------------------------------------------

(u) : Net has unmapped pin(s).



Path 43: MET (47304 ps) Setup Check with Pin u_DCT/DRU/ToACF_reg[14]/clk->d
           Mode: scan_mode
          Group: C2C_scan_mode
     Startpoint: (R) u_DCT/tposemem_Bisted_RF_2P_ADV64x16_BistCtrl_i0_ST_MAL_i0_S17_reg/clk
          Clock: (F) CLK1
       Endpoint: (R) u_DCT/DRU/ToACF_reg[14]/d
          Clock: (R) CLK1

                     Capture       Launch     
        Clock Edge:+  100000        50000     
       Src Latency:+       0            0     
       Net Latency:+    2000 (I)     2000 (I) 
           Arrival:=  102000        52000     
                                              
             Setup:-     260                  
       Uncertainty:-     500                  
     Required Time:=  101240                  
      Launch Clock:-   52000                  
         Data Path:-    1936                  
             Slack:=   47304                  

#---------------------------------------------------------------------------------------------------------------------------------------------------------
#                             Timing Point                               Flags    Arc    Edge       Cell         Fanout Load Trans Delay Arrival Instance 
#                                                                                                                       (fF)  (ps)  (ps)   (ps)  Location 
#---------------------------------------------------------------------------------------------------------------------------------------------------------
  u_DCT/tposemem_Bisted_RF_2P_ADV64x16_BistCtrl_i0_ST_MAL_i0_S17_reg/clk -       -       R     (arrival)              6    -     0     -   52000    (-,-) 
  u_DCT/tposemem_Bisted_RF_2P_ADV64x16_BistCtrl_i0_ST_MAL_i0_S17_reg/q   (u)     clk->q  F     unmapped_d_flop        1  3.8     0    16   52016    (-,-) 
  u_DCT/g794/z                                                           (u)     in_1->z R     unmapped_nand2         2  8.2     0    76   52092    (-,-) 
  u_DCT/g728/z                                                           (u)     in_1->z F     unmapped_nand2         2  7.6     0    76   52167    (-,-) 
  u_DCT/DRU/g1363/z                                                      (u)     in_1->z F     unmapped_and2          7 26.6     0   117   52284    (-,-) 
  u_DCT/DRU/add_58_47/g2/z                                               (u)     in_1->z R     unmapped_nand2         3 12.3     0    90   52374    (-,-) 
  u_DCT/DRU/add_58_47/g638/z                                             (u)     in_0->z R     unmapped_complex2      1  4.1     0    60   52435    (-,-) 
  u_DCT/DRU/add_58_47/g637/z                                             (u)     in_0->z F     unmapped_nand2         3 11.4     0    90   52525    (-,-) 
  u_DCT/DRU/add_58_47/g629/z                                             (u)     in_1->z R     unmapped_nand2         1  4.1     0    60   52585    (-,-) 
  u_DCT/DRU/add_58_47/g628/z                                             (u)     in_1->z F     unmapped_nand2         3 11.4     0    90   52676    (-,-) 
  u_DCT/DRU/add_58_47/g622/z                                             (u)     in_0->z R     unmapped_nand2         1  4.1     0    60   52736    (-,-) 
  u_DCT/DRU/add_58_47/g620/z                                             (u)     in_1->z F     unmapped_nand2         4 15.2     0   104   52840    (-,-) 
  u_DCT/DRU/add_58_47/g618/z                                             (u)     in_0->z R     unmapped_complex2      1  4.1     0    60   52900    (-,-) 
  u_DCT/DRU/add_58_47/g613/z                                             (u)     in_0->z F     unmapped_complex2      3 11.4     0    90   52990    (-,-) 
  u_DCT/DRU/add_58_47/g612/z                                             (u)     in_1->z R     unmapped_nand2         1  4.1     0    60   53050    (-,-) 
  u_DCT/DRU/add_58_47/g605/z                                             (u)     in_1->z F     unmapped_nand2         3 11.4     0    90   53141    (-,-) 
  u_DCT/DRU/add_58_47/g604/z                                             (u)     in_0->z R     unmapped_nand2         1  4.1     0    60   53201    (-,-) 
  u_DCT/DRU/add_58_47/g600/z                                             (u)     in_1->z F     unmapped_nand2         4 15.2     0   104   53305    (-,-) 
  u_DCT/DRU/add_58_47/g599/z                                             (u)     in_0->z R     unmapped_complex2      2  8.2     0    76   53380    (-,-) 
  u_DCT/DRU/add_58_47/g593/z                                             (u)     in_0->z R     unmapped_or2           1  4.1     0    60   53440    (-,-) 
  u_DCT/DRU/add_58_47/g591/z                                             (u)     in_0->z F     unmapped_complex2      4 15.2     0   104   53544    (-,-) 
  u_DCT/DRU/add_58_47/g583/z                                             (u)     in_0->z R     unmapped_complex2      1  4.1     0    60   53604    (-,-) 
  u_DCT/DRU/add_58_47/g576/z                                             (u)     in_0->z F     unmapped_complex2      3 11.4     0    90   53695    (-,-) 
  u_DCT/DRU/add_58_47/g568/z                                             (u)     in_0->z F     unmapped_or2           1  3.8     0    60   53755    (-,-) 
  u_DCT/DRU/add_58_47/g569/z                                             (u)     in_1->z R     unmapped_nand2         1  4.1     0    60   53815    (-,-) 
  u_DCT/DRU/g1256/z                                                      (u)     in_1->z F     unmapped_nand2         1  3.8     0    60   53875    (-,-) 
  u_DCT/DRU/g1108/z                                                      (u)     in_1->z R     unmapped_complex2      1  4.1     0    60   53936    (-,-) 
  u_DCT/DRU/ToACF_reg[14]/d                                              -       -       R     unmapped_d_flop        1    -     -     0   53936    (-,-) 
#---------------------------------------------------------------------------------------------------------------------------------------------------------

(u) : Net has unmapped pin(s).



Path 44: MET (47305 ps) Setup Check with Pin u_IDCT/DRU/ToBDEG_reg[13]/clk->d
           Mode: scan_mode
          Group: C2C_scan_mode
     Startpoint: (R) u_IDCT/tposemem_Bisted_RF_2P_ADV64x16_BistCtrl_i0_ST_MAL_i0_S17_reg/clk
          Clock: (F) CLK1
       Endpoint: (R) u_IDCT/DRU/ToBDEG_reg[13]/d
          Clock: (R) CLK1

                     Capture       Launch     
        Clock Edge:+  100000        50000     
       Src Latency:+       0            0     
       Net Latency:+    2000 (I)     2000 (I) 
           Arrival:=  102000        52000     
                                              
             Setup:-     260                  
       Uncertainty:-     500                  
     Required Time:=  101240                  
      Launch Clock:-   52000                  
         Data Path:-    1934                  
             Slack:=   47305                  

#----------------------------------------------------------------------------------------------------------------------------------------------------------
#                              Timing Point                               Flags    Arc    Edge       Cell         Fanout Load Trans Delay Arrival Instance 
#                                                                                                                        (fF)  (ps)  (ps)   (ps)  Location 
#----------------------------------------------------------------------------------------------------------------------------------------------------------
  u_IDCT/tposemem_Bisted_RF_2P_ADV64x16_BistCtrl_i0_ST_MAL_i0_S17_reg/clk -       -       R     (arrival)              6    -     0     -   52000    (-,-) 
  u_IDCT/tposemem_Bisted_RF_2P_ADV64x16_BistCtrl_i0_ST_MAL_i0_S17_reg/q   (u)     clk->q  R     unmapped_d_flop        1  4.1     0    16   52016    (-,-) 
  u_IDCT/g794/z                                                           (u)     in_1->z F     unmapped_nand2         2  7.6     0    76   52092    (-,-) 
  u_IDCT/g728/z                                                           (u)     in_1->z R     unmapped_nand2         2  8.2     0    76   52167    (-,-) 
  u_IDCT/DRU/g1363/z                                                      (u)     in_1->z R     unmapped_and2          7 28.7     0   117   52284    (-,-) 
  u_IDCT/DRU/sub_60_47/g750/z                                             (u)     in_1->z F     unmapped_complex2      4 15.2     0   104   52388    (-,-) 
  u_IDCT/DRU/sub_60_47/g729/z                                             (u)     in_1->z R     unmapped_nand2         1  4.1     0    60   52448    (-,-) 
  u_IDCT/DRU/sub_60_47/g708/z                                             (u)     in_0->z F     unmapped_nand2         3 11.4     0    90   52539    (-,-) 
  u_IDCT/DRU/sub_60_47/g706/z                                             (u)     in_1->z R     unmapped_nand2         1  4.1     0    60   52599    (-,-) 
  u_IDCT/DRU/sub_60_47/g701/z                                             (u)     in_1->z F     unmapped_nand2         3 11.4     0    90   52689    (-,-) 
  u_IDCT/DRU/sub_60_47/g696/z                                             (u)     in_0->z R     unmapped_nand2         1  4.1     0    60   52749    (-,-) 
  u_IDCT/DRU/sub_60_47/g694/z                                             (u)     in_1->z F     unmapped_nand2         4 15.2     0   104   52853    (-,-) 
  u_IDCT/DRU/sub_60_47/g690/z                                             (u)     in_0->z R     unmapped_complex2      1  4.1     0    60   52913    (-,-) 
  u_IDCT/DRU/sub_60_47/g687/z                                             (u)     in_0->z F     unmapped_complex2      3 11.4     0    90   53004    (-,-) 
  u_IDCT/DRU/sub_60_47/g686/z                                             (u)     in_1->z R     unmapped_nand2         1  4.1     0    60   53064    (-,-) 
  u_IDCT/DRU/sub_60_47/g679/z                                             (u)     in_1->z F     unmapped_nand2         3 11.4     0    90   53154    (-,-) 
  u_IDCT/DRU/sub_60_47/g675/z                                             (u)     in_0->z R     unmapped_nand2         1  4.1     0    60   53214    (-,-) 
  u_IDCT/DRU/sub_60_47/g674/z                                             (u)     in_1->z F     unmapped_nand2         4 15.2     0   104   53318    (-,-) 
  u_IDCT/DRU/sub_60_47/g670/z                                             (u)     in_0->z R     unmapped_complex2      2  8.2     0    76   53394    (-,-) 
  u_IDCT/DRU/sub_60_47/g666/z                                             (u)     in_0->z R     unmapped_or2           1  4.1     0    60   53454    (-,-) 
  u_IDCT/DRU/sub_60_47/g661/z                                             (u)     in_0->z F     unmapped_complex2      4 15.2     0   104   53558    (-,-) 
  u_IDCT/DRU/sub_60_47/g656/z                                             (u)     in_1->z R     unmapped_nand2         1  4.1     0    60   53618    (-,-) 
  u_IDCT/DRU/sub_60_47/g651/z                                             (u)     in_1->z F     unmapped_nand2         2  7.6     0    76   53694    (-,-) 
  u_IDCT/DRU/sub_60_47/g644/z                                             (u)     in_0->z F     unmapped_or2           1  3.8     0    60   53754    (-,-) 
  u_IDCT/DRU/sub_60_47/g645/z                                             (u)     in_1->z R     unmapped_nand2         1  4.1     0    60   53814    (-,-) 
  u_IDCT/DRU/g1252/z                                                      (u)     in_1->z F     unmapped_nand2         1  3.8     0    60   53874    (-,-) 
  u_IDCT/DRU/g1123/z                                                      (u)     in_1->z R     unmapped_complex2      1  4.1     0    60   53934    (-,-) 
  u_IDCT/DRU/ToBDEG_reg[13]/d                                             -       -       R     unmapped_d_flop        1    -     -     0   53934    (-,-) 
#----------------------------------------------------------------------------------------------------------------------------------------------------------

(u) : Net has unmapped pin(s).



Path 45: MET (47305 ps) Setup Check with Pin u_DCT/DRU/ToBDEG_reg[13]/clk->d
           Mode: scan_mode
          Group: C2C_scan_mode
     Startpoint: (R) u_DCT/tposemem_Bisted_RF_2P_ADV64x16_BistCtrl_i0_ST_MAL_i0_S17_reg/clk
          Clock: (F) CLK1
       Endpoint: (R) u_DCT/DRU/ToBDEG_reg[13]/d
          Clock: (R) CLK1

                     Capture       Launch     
        Clock Edge:+  100000        50000     
       Src Latency:+       0            0     
       Net Latency:+    2000 (I)     2000 (I) 
           Arrival:=  102000        52000     
                                              
             Setup:-     260                  
       Uncertainty:-     500                  
     Required Time:=  101240                  
      Launch Clock:-   52000                  
         Data Path:-    1934                  
             Slack:=   47305                  

#---------------------------------------------------------------------------------------------------------------------------------------------------------
#                             Timing Point                               Flags    Arc    Edge       Cell         Fanout Load Trans Delay Arrival Instance 
#                                                                                                                       (fF)  (ps)  (ps)   (ps)  Location 
#---------------------------------------------------------------------------------------------------------------------------------------------------------
  u_DCT/tposemem_Bisted_RF_2P_ADV64x16_BistCtrl_i0_ST_MAL_i0_S17_reg/clk -       -       R     (arrival)              6    -     0     -   52000    (-,-) 
  u_DCT/tposemem_Bisted_RF_2P_ADV64x16_BistCtrl_i0_ST_MAL_i0_S17_reg/q   (u)     clk->q  R     unmapped_d_flop        1  4.1     0    16   52016    (-,-) 
  u_DCT/g794/z                                                           (u)     in_1->z F     unmapped_nand2         2  7.6     0    76   52092    (-,-) 
  u_DCT/g728/z                                                           (u)     in_1->z R     unmapped_nand2         2  8.2     0    76   52167    (-,-) 
  u_DCT/DRU/g1363/z                                                      (u)     in_1->z R     unmapped_and2          7 28.7     0   117   52284    (-,-) 
  u_DCT/DRU/sub_60_47/g750/z                                             (u)     in_1->z F     unmapped_complex2      4 15.2     0   104   52388    (-,-) 
  u_DCT/DRU/sub_60_47/g729/z                                             (u)     in_1->z R     unmapped_nand2         1  4.1     0    60   52448    (-,-) 
  u_DCT/DRU/sub_60_47/g708/z                                             (u)     in_0->z F     unmapped_nand2         3 11.4     0    90   52539    (-,-) 
  u_DCT/DRU/sub_60_47/g706/z                                             (u)     in_1->z R     unmapped_nand2         1  4.1     0    60   52599    (-,-) 
  u_DCT/DRU/sub_60_47/g701/z                                             (u)     in_1->z F     unmapped_nand2         3 11.4     0    90   52689    (-,-) 
  u_DCT/DRU/sub_60_47/g696/z                                             (u)     in_0->z R     unmapped_nand2         1  4.1     0    60   52749    (-,-) 
  u_DCT/DRU/sub_60_47/g694/z                                             (u)     in_1->z F     unmapped_nand2         4 15.2     0   104   52853    (-,-) 
  u_DCT/DRU/sub_60_47/g690/z                                             (u)     in_0->z R     unmapped_complex2      1  4.1     0    60   52913    (-,-) 
  u_DCT/DRU/sub_60_47/g687/z                                             (u)     in_0->z F     unmapped_complex2      3 11.4     0    90   53004    (-,-) 
  u_DCT/DRU/sub_60_47/g686/z                                             (u)     in_1->z R     unmapped_nand2         1  4.1     0    60   53064    (-,-) 
  u_DCT/DRU/sub_60_47/g679/z                                             (u)     in_1->z F     unmapped_nand2         3 11.4     0    90   53154    (-,-) 
  u_DCT/DRU/sub_60_47/g675/z                                             (u)     in_0->z R     unmapped_nand2         1  4.1     0    60   53214    (-,-) 
  u_DCT/DRU/sub_60_47/g674/z                                             (u)     in_1->z F     unmapped_nand2         4 15.2     0   104   53318    (-,-) 
  u_DCT/DRU/sub_60_47/g670/z                                             (u)     in_0->z R     unmapped_complex2      2  8.2     0    76   53394    (-,-) 
  u_DCT/DRU/sub_60_47/g666/z                                             (u)     in_0->z R     unmapped_or2           1  4.1     0    60   53454    (-,-) 
  u_DCT/DRU/sub_60_47/g661/z                                             (u)     in_0->z F     unmapped_complex2      4 15.2     0   104   53558    (-,-) 
  u_DCT/DRU/sub_60_47/g656/z                                             (u)     in_1->z R     unmapped_nand2         1  4.1     0    60   53618    (-,-) 
  u_DCT/DRU/sub_60_47/g651/z                                             (u)     in_1->z F     unmapped_nand2         2  7.6     0    76   53694    (-,-) 
  u_DCT/DRU/sub_60_47/g644/z                                             (u)     in_0->z F     unmapped_or2           1  3.8     0    60   53754    (-,-) 
  u_DCT/DRU/sub_60_47/g645/z                                             (u)     in_1->z R     unmapped_nand2         1  4.1     0    60   53814    (-,-) 
  u_DCT/DRU/g1252/z                                                      (u)     in_1->z F     unmapped_nand2         1  3.8     0    60   53874    (-,-) 
  u_DCT/DRU/g1123/z                                                      (u)     in_1->z R     unmapped_complex2      1  4.1     0    60   53934    (-,-) 
  u_DCT/DRU/ToBDEG_reg[13]/d                                             -       -       R     unmapped_d_flop        1    -     -     0   53934    (-,-) 
#---------------------------------------------------------------------------------------------------------------------------------------------------------

(u) : Net has unmapped pin(s).



Path 46: MET (47319 ps) Setup Check with Pin u_IDCT/DRU/ToACF_reg[13]/clk->d
           Mode: scan_mode
          Group: C2C_scan_mode
     Startpoint: (R) u_IDCT/tposemem_Bisted_RF_2P_ADV64x16_BistCtrl_i0_ST_MAL_i0_S17_reg/clk
          Clock: (F) CLK1
       Endpoint: (R) u_IDCT/DRU/ToACF_reg[13]/d
          Clock: (R) CLK1

                     Capture       Launch     
        Clock Edge:+  100000        50000     
       Src Latency:+       0            0     
       Net Latency:+    2000 (I)     2000 (I) 
           Arrival:=  102000        52000     
                                              
             Setup:-     260                  
       Uncertainty:-     500                  
     Required Time:=  101240                  
      Launch Clock:-   52000                  
         Data Path:-    1921                  
             Slack:=   47319                  

#----------------------------------------------------------------------------------------------------------------------------------------------------------
#                              Timing Point                               Flags    Arc    Edge       Cell         Fanout Load Trans Delay Arrival Instance 
#                                                                                                                        (fF)  (ps)  (ps)   (ps)  Location 
#----------------------------------------------------------------------------------------------------------------------------------------------------------
  u_IDCT/tposemem_Bisted_RF_2P_ADV64x16_BistCtrl_i0_ST_MAL_i0_S17_reg/clk -       -       R     (arrival)              6    -     0     -   52000    (-,-) 
  u_IDCT/tposemem_Bisted_RF_2P_ADV64x16_BistCtrl_i0_ST_MAL_i0_S17_reg/q   (u)     clk->q  F     unmapped_d_flop        1  3.8     0    16   52016    (-,-) 
  u_IDCT/g794/z                                                           (u)     in_1->z R     unmapped_nand2         2  8.2     0    76   52092    (-,-) 
  u_IDCT/g728/z                                                           (u)     in_1->z F     unmapped_nand2         2  7.6     0    76   52167    (-,-) 
  u_IDCT/DRU/g1363/z                                                      (u)     in_1->z F     unmapped_and2          7 26.6     0   117   52284    (-,-) 
  u_IDCT/DRU/add_58_47/g2/z                                               (u)     in_1->z R     unmapped_nand2         3 12.3     0    90   52374    (-,-) 
  u_IDCT/DRU/add_58_47/g638/z                                             (u)     in_0->z R     unmapped_complex2      1  4.1     0    60   52435    (-,-) 
  u_IDCT/DRU/add_58_47/g637/z                                             (u)     in_0->z F     unmapped_nand2         3 11.4     0    90   52525    (-,-) 
  u_IDCT/DRU/add_58_47/g629/z                                             (u)     in_1->z R     unmapped_nand2         1  4.1     0    60   52585    (-,-) 
  u_IDCT/DRU/add_58_47/g628/z                                             (u)     in_1->z F     unmapped_nand2         3 11.4     0    90   52676    (-,-) 
  u_IDCT/DRU/add_58_47/g622/z                                             (u)     in_0->z R     unmapped_nand2         1  4.1     0    60   52736    (-,-) 
  u_IDCT/DRU/add_58_47/g620/z                                             (u)     in_1->z F     unmapped_nand2         4 15.2     0   104   52840    (-,-) 
  u_IDCT/DRU/add_58_47/g618/z                                             (u)     in_0->z R     unmapped_complex2      1  4.1     0    60   52900    (-,-) 
  u_IDCT/DRU/add_58_47/g613/z                                             (u)     in_0->z F     unmapped_complex2      3 11.4     0    90   52990    (-,-) 
  u_IDCT/DRU/add_58_47/g612/z                                             (u)     in_1->z R     unmapped_nand2         1  4.1     0    60   53050    (-,-) 
  u_IDCT/DRU/add_58_47/g605/z                                             (u)     in_1->z F     unmapped_nand2         3 11.4     0    90   53141    (-,-) 
  u_IDCT/DRU/add_58_47/g604/z                                             (u)     in_0->z R     unmapped_nand2         1  4.1     0    60   53201    (-,-) 
  u_IDCT/DRU/add_58_47/g600/z                                             (u)     in_1->z F     unmapped_nand2         4 15.2     0   104   53305    (-,-) 
  u_IDCT/DRU/add_58_47/g599/z                                             (u)     in_0->z R     unmapped_complex2      2  8.2     0    76   53380    (-,-) 
  u_IDCT/DRU/add_58_47/g593/z                                             (u)     in_0->z R     unmapped_or2           1  4.1     0    60   53440    (-,-) 
  u_IDCT/DRU/add_58_47/g591/z                                             (u)     in_0->z F     unmapped_complex2      4 15.2     0   104   53544    (-,-) 
  u_IDCT/DRU/add_58_47/g581/z                                             (u)     in_1->z R     unmapped_nand2         1  4.1     0    60   53604    (-,-) 
  u_IDCT/DRU/add_58_47/g577/z                                             (u)     in_1->z F     unmapped_nand2         2  7.6     0    76   53680    (-,-) 
  u_IDCT/DRU/add_58_47/g571/z                                             (u)     in_0->z F     unmapped_or2           1  3.8     0    60   53740    (-,-) 
  u_IDCT/DRU/add_58_47/g572/z                                             (u)     in_1->z R     unmapped_nand2         1  4.1     0    60   53800    (-,-) 
  u_IDCT/DRU/g1254/z                                                      (u)     in_1->z F     unmapped_nand2         1  3.8     0    60   53861    (-,-) 
  u_IDCT/DRU/g1113/z                                                      (u)     in_1->z R     unmapped_complex2      1  4.1     0    60   53921    (-,-) 
  u_IDCT/DRU/ToACF_reg[13]/d                                              -       -       R     unmapped_d_flop        1    -     -     0   53921    (-,-) 
#----------------------------------------------------------------------------------------------------------------------------------------------------------

(u) : Net has unmapped pin(s).



Path 47: MET (47319 ps) Setup Check with Pin u_DCT/DRU/ToACF_reg[13]/clk->d
           Mode: scan_mode
          Group: C2C_scan_mode
     Startpoint: (R) u_DCT/tposemem_Bisted_RF_2P_ADV64x16_BistCtrl_i0_ST_MAL_i0_S17_reg/clk
          Clock: (F) CLK1
       Endpoint: (R) u_DCT/DRU/ToACF_reg[13]/d
          Clock: (R) CLK1

                     Capture       Launch     
        Clock Edge:+  100000        50000     
       Src Latency:+       0            0     
       Net Latency:+    2000 (I)     2000 (I) 
           Arrival:=  102000        52000     
                                              
             Setup:-     260                  
       Uncertainty:-     500                  
     Required Time:=  101240                  
      Launch Clock:-   52000                  
         Data Path:-    1921                  
             Slack:=   47319                  

#---------------------------------------------------------------------------------------------------------------------------------------------------------
#                             Timing Point                               Flags    Arc    Edge       Cell         Fanout Load Trans Delay Arrival Instance 
#                                                                                                                       (fF)  (ps)  (ps)   (ps)  Location 
#---------------------------------------------------------------------------------------------------------------------------------------------------------
  u_DCT/tposemem_Bisted_RF_2P_ADV64x16_BistCtrl_i0_ST_MAL_i0_S17_reg/clk -       -       R     (arrival)              6    -     0     -   52000    (-,-) 
  u_DCT/tposemem_Bisted_RF_2P_ADV64x16_BistCtrl_i0_ST_MAL_i0_S17_reg/q   (u)     clk->q  F     unmapped_d_flop        1  3.8     0    16   52016    (-,-) 
  u_DCT/g794/z                                                           (u)     in_1->z R     unmapped_nand2         2  8.2     0    76   52092    (-,-) 
  u_DCT/g728/z                                                           (u)     in_1->z F     unmapped_nand2         2  7.6     0    76   52167    (-,-) 
  u_DCT/DRU/g1363/z                                                      (u)     in_1->z F     unmapped_and2          7 26.6     0   117   52284    (-,-) 
  u_DCT/DRU/add_58_47/g2/z                                               (u)     in_1->z R     unmapped_nand2         3 12.3     0    90   52374    (-,-) 
  u_DCT/DRU/add_58_47/g638/z                                             (u)     in_0->z R     unmapped_complex2      1  4.1     0    60   52435    (-,-) 
  u_DCT/DRU/add_58_47/g637/z                                             (u)     in_0->z F     unmapped_nand2         3 11.4     0    90   52525    (-,-) 
  u_DCT/DRU/add_58_47/g629/z                                             (u)     in_1->z R     unmapped_nand2         1  4.1     0    60   52585    (-,-) 
  u_DCT/DRU/add_58_47/g628/z                                             (u)     in_1->z F     unmapped_nand2         3 11.4     0    90   52676    (-,-) 
  u_DCT/DRU/add_58_47/g622/z                                             (u)     in_0->z R     unmapped_nand2         1  4.1     0    60   52736    (-,-) 
  u_DCT/DRU/add_58_47/g620/z                                             (u)     in_1->z F     unmapped_nand2         4 15.2     0   104   52840    (-,-) 
  u_DCT/DRU/add_58_47/g618/z                                             (u)     in_0->z R     unmapped_complex2      1  4.1     0    60   52900    (-,-) 
  u_DCT/DRU/add_58_47/g613/z                                             (u)     in_0->z F     unmapped_complex2      3 11.4     0    90   52990    (-,-) 
  u_DCT/DRU/add_58_47/g612/z                                             (u)     in_1->z R     unmapped_nand2         1  4.1     0    60   53050    (-,-) 
  u_DCT/DRU/add_58_47/g605/z                                             (u)     in_1->z F     unmapped_nand2         3 11.4     0    90   53141    (-,-) 
  u_DCT/DRU/add_58_47/g604/z                                             (u)     in_0->z R     unmapped_nand2         1  4.1     0    60   53201    (-,-) 
  u_DCT/DRU/add_58_47/g600/z                                             (u)     in_1->z F     unmapped_nand2         4 15.2     0   104   53305    (-,-) 
  u_DCT/DRU/add_58_47/g599/z                                             (u)     in_0->z R     unmapped_complex2      2  8.2     0    76   53380    (-,-) 
  u_DCT/DRU/add_58_47/g593/z                                             (u)     in_0->z R     unmapped_or2           1  4.1     0    60   53440    (-,-) 
  u_DCT/DRU/add_58_47/g591/z                                             (u)     in_0->z F     unmapped_complex2      4 15.2     0   104   53544    (-,-) 
  u_DCT/DRU/add_58_47/g581/z                                             (u)     in_1->z R     unmapped_nand2         1  4.1     0    60   53604    (-,-) 
  u_DCT/DRU/add_58_47/g577/z                                             (u)     in_1->z F     unmapped_nand2         2  7.6     0    76   53680    (-,-) 
  u_DCT/DRU/add_58_47/g571/z                                             (u)     in_0->z F     unmapped_or2           1  3.8     0    60   53740    (-,-) 
  u_DCT/DRU/add_58_47/g572/z                                             (u)     in_1->z R     unmapped_nand2         1  4.1     0    60   53800    (-,-) 
  u_DCT/DRU/g1254/z                                                      (u)     in_1->z F     unmapped_nand2         1  3.8     0    60   53861    (-,-) 
  u_DCT/DRU/g1113/z                                                      (u)     in_1->z R     unmapped_complex2      1  4.1     0    60   53921    (-,-) 
  u_DCT/DRU/ToACF_reg[13]/d                                              -       -       R     unmapped_d_flop        1    -     -     0   53921    (-,-) 
#---------------------------------------------------------------------------------------------------------------------------------------------------------

(u) : Net has unmapped pin(s).



Path 48: MET (47321 ps) Setup Check with Pin u_DCT/tposemem_Bisted_RF_2P_ADV64x16_RF_2P_ADV64x16_u0_SRAM_i0/CLKB->DB[2]
           Mode: scan_mode
          Group: C2C_scan_mode
     Startpoint: (R) d_DoDCT_reg/clk
          Clock: (R) CLK1
       Endpoint: (F) u_DCT/tposemem_Bisted_RF_2P_ADV64x16_RF_2P_ADV64x16_u0_SRAM_i0/DB[2]
          Clock: (F) CLK1

                     Capture       Launch     
        Clock Edge:+   50000            0     
       Src Latency:+       0            0     
       Net Latency:+    2000 (I)     2000 (I) 
           Arrival:=   52000         2000     
                                              
             Setup:-     223                  
       Uncertainty:-     500                  
     Required Time:=   51277                  
      Launch Clock:-    2000                  
         Data Path:-    1956                  
             Slack:=   47321                  

#-------------------------------------------------------------------------------------------------------------------------------------------------------
#                            Timing Point                              Flags    Arc    Edge       Cell         Fanout Load Trans Delay Arrival Instance 
#                                                                                                                     (fF)  (ps)  (ps)   (ps)  Location 
#-------------------------------------------------------------------------------------------------------------------------------------------------------
  d_DoDCT_reg/clk                                                      -       -       R     (arrival)           1022    -     0     -    2000    (-,-) 
  d_DoDCT_reg/q                                                        (u)     clk->q  F     unmapped_d_flop      118 41.8     0   506    2506    (-,-) 
  u_DCT/IDRU8/g2883/z                                                  (u)     in_1->z F     unmapped_complex2      2  7.6     0    76    2582    (-,-) 
  u_DCT/IDRU8/g2860/z                                                  (u)     in_0->z F     unmapped_complex2     19 72.2     0   154    2736    (-,-) 
  u_DCT/IDRU8/g2728/z                                                  (u)     in_0->z F     unmapped_complex2      1  3.8     0    60    2796    (-,-) 
  u_DCT/IDRU8/g2690/z                                                  (u)     in_1->z R     unmapped_nand2         1  4.1     0    60    2856    (-,-) 
  u_DCT/IDRU8/g2576/z                                                  (u)     in_0->z R     unmapped_complex2      1  4.1     0    60    2916    (-,-) 
  u_DCT/IDRU8/g2519/z                                                  (u)     in_1->z R     unmapped_or2           1  4.1     0    60    2976    (-,-) 
  u_DCT/IDRU8/g2489/z                                                  (u)     in_0->z R     unmapped_complex2      4 16.4     0   104    3080    (-,-) 
  u_DCT/IDRU8/add_86_45/g398/z                                         (u)     in_0->z R     unmapped_or2           1  4.1     0    60    3140    (-,-) 
  u_DCT/IDRU8/add_86_45/g367/z                                         (u)     in_1->z F     unmapped_complex2      1  3.8     0    60    3201    (-,-) 
  u_DCT/IDRU8/add_86_45/g42/z                                          (u)     in_1->z R     unmapped_nand2         4 16.4     0   104    3304    (-,-) 
  u_DCT/IDRU8/add_86_45/g347/z                                         (u)     in_0->z F     unmapped_complex2      1  3.8     0    60    3365    (-,-) 
  u_DCT/IDRU8/add_86_45/g336/z                                         (u)     in_0->z R     unmapped_complex2      5 20.5     0   110    3475    (-,-) 
  u_DCT/IDRU8/add_86_45/g326/z                                         (u)     in_0->z R     unmapped_or2           1  4.1     0    60    3535    (-,-) 
  u_DCT/IDRU8/add_86_45/g327/z                                         (u)     in_1->z F     unmapped_nand2         1  3.8     0    60    3596    (-,-) 
  u_DCT/IDRU8/g2948/z                                                  (u)     in_0->z R     unmapped_complex2      1  4.1     0    60    3656    (-,-) 
  u_DCT/IDRU8/g2907/z                                                  (u)     in_0->z F     unmapped_nand2         2  7.6     0    76    3731    (-,-) 
  u_DCT/IDRU8/g2455/z                                                  (u)     in_0->z R     unmapped_complex2      1  4.1     0    60    3792    (-,-) 
  u_DCT/IDRU8/g2302/z                                                  (u)     in_0->z F     unmapped_nand2         1  3.8     0    60    3852    (-,-) 
  u_DCT/g764/z                                                         (u)     in_0->z R     unmapped_complex2      1  4.1     0    60    3912    (-,-) 
  u_DCT/g713/z                                                         (u)     in_1->z F     unmapped_nand2         1  2.6     0    44    3956    (-,-) 
  u_DCT/tposemem_Bisted_RF_2P_ADV64x16_RF_2P_ADV64x16_u0_SRAM_i0/DB[2] (P)     -       F     rf_2p_hse              1    -     -     0    3956    (-,-) 
#-------------------------------------------------------------------------------------------------------------------------------------------------------

(P) : Instance is preserved
(u) : Net has unmapped pin(s).



Path 49: MET (47379 ps) Setup Check with Pin u_IDCT/DRU/ToBDEG_reg[11]/clk->d
           Mode: scan_mode
          Group: C2C_scan_mode
     Startpoint: (R) u_IDCT/tposemem_Bisted_RF_2P_ADV64x16_BistCtrl_i0_ST_MAL_i0_S17_reg/clk
          Clock: (F) CLK1
       Endpoint: (R) u_IDCT/DRU/ToBDEG_reg[11]/d
          Clock: (R) CLK1

                     Capture       Launch     
        Clock Edge:+  100000        50000     
       Src Latency:+       0            0     
       Net Latency:+    2000 (I)     2000 (I) 
           Arrival:=  102000        52000     
                                              
             Setup:-     260                  
       Uncertainty:-     500                  
     Required Time:=  101240                  
      Launch Clock:-   52000                  
         Data Path:-    1861                  
             Slack:=   47379                  

#----------------------------------------------------------------------------------------------------------------------------------------------------------
#                              Timing Point                               Flags    Arc    Edge       Cell         Fanout Load Trans Delay Arrival Instance 
#                                                                                                                        (fF)  (ps)  (ps)   (ps)  Location 
#----------------------------------------------------------------------------------------------------------------------------------------------------------
  u_IDCT/tposemem_Bisted_RF_2P_ADV64x16_BistCtrl_i0_ST_MAL_i0_S17_reg/clk -       -       R     (arrival)              6    -     0     -   52000    (-,-) 
  u_IDCT/tposemem_Bisted_RF_2P_ADV64x16_BistCtrl_i0_ST_MAL_i0_S17_reg/q   (u)     clk->q  R     unmapped_d_flop        1  4.1     0    16   52016    (-,-) 
  u_IDCT/g794/z                                                           (u)     in_1->z F     unmapped_nand2         2  7.6     0    76   52092    (-,-) 
  u_IDCT/g728/z                                                           (u)     in_1->z R     unmapped_nand2         2  8.2     0    76   52167    (-,-) 
  u_IDCT/DRU/g1363/z                                                      (u)     in_1->z R     unmapped_and2          7 28.7     0   117   52284    (-,-) 
  u_IDCT/DRU/sub_60_47/g750/z                                             (u)     in_1->z F     unmapped_complex2      4 15.2     0   104   52388    (-,-) 
  u_IDCT/DRU/sub_60_47/g729/z                                             (u)     in_1->z R     unmapped_nand2         1  4.1     0    60   52448    (-,-) 
  u_IDCT/DRU/sub_60_47/g708/z                                             (u)     in_0->z F     unmapped_nand2         3 11.4     0    90   52539    (-,-) 
  u_IDCT/DRU/sub_60_47/g706/z                                             (u)     in_1->z R     unmapped_nand2         1  4.1     0    60   52599    (-,-) 
  u_IDCT/DRU/sub_60_47/g701/z                                             (u)     in_1->z F     unmapped_nand2         3 11.4     0    90   52689    (-,-) 
  u_IDCT/DRU/sub_60_47/g696/z                                             (u)     in_0->z R     unmapped_nand2         1  4.1     0    60   52749    (-,-) 
  u_IDCT/DRU/sub_60_47/g694/z                                             (u)     in_1->z F     unmapped_nand2         4 15.2     0   104   52853    (-,-) 
  u_IDCT/DRU/sub_60_47/g690/z                                             (u)     in_0->z R     unmapped_complex2      1  4.1     0    60   52913    (-,-) 
  u_IDCT/DRU/sub_60_47/g687/z                                             (u)     in_0->z F     unmapped_complex2      3 11.4     0    90   53004    (-,-) 
  u_IDCT/DRU/sub_60_47/g686/z                                             (u)     in_1->z R     unmapped_nand2         1  4.1     0    60   53064    (-,-) 
  u_IDCT/DRU/sub_60_47/g679/z                                             (u)     in_1->z F     unmapped_nand2         3 11.4     0    90   53154    (-,-) 
  u_IDCT/DRU/sub_60_47/g675/z                                             (u)     in_0->z R     unmapped_nand2         1  4.1     0    60   53214    (-,-) 
  u_IDCT/DRU/sub_60_47/g674/z                                             (u)     in_1->z F     unmapped_nand2         4 15.2     0   104   53318    (-,-) 
  u_IDCT/DRU/sub_60_47/g670/z                                             (u)     in_0->z R     unmapped_complex2      2  8.2     0    76   53394    (-,-) 
  u_IDCT/DRU/sub_60_47/g668/z                                             (u)     in_0->z F     unmapped_complex2      3 11.4     0    90   53484    (-,-) 
  u_IDCT/DRU/sub_60_47/g665/z                                             (u)     in_1->z R     unmapped_nand2         1  4.1     0    60   53544    (-,-) 
  u_IDCT/DRU/sub_60_47/g657/z                                             (u)     in_1->z F     unmapped_nand2         2  7.6     0    76   53620    (-,-) 
  u_IDCT/DRU/sub_60_47/g649/z                                             (u)     in_0->z F     unmapped_or2           1  3.8     0    60   53680    (-,-) 
  u_IDCT/DRU/sub_60_47/g650/z                                             (u)     in_1->z R     unmapped_nand2         1  4.1     0    60   53740    (-,-) 
  u_IDCT/DRU/g1249/z                                                      (u)     in_1->z F     unmapped_nand2         1  3.8     0    60   53800    (-,-) 
  u_IDCT/DRU/g1106/z                                                      (u)     in_1->z R     unmapped_complex2      1  4.1     0    60   53861    (-,-) 
  u_IDCT/DRU/ToBDEG_reg[11]/d                                             -       -       R     unmapped_d_flop        1    -     -     0   53861    (-,-) 
#----------------------------------------------------------------------------------------------------------------------------------------------------------

(u) : Net has unmapped pin(s).



Path 50: MET (47379 ps) Setup Check with Pin u_DCT/DRU/ToBDEG_reg[11]/clk->d
           Mode: scan_mode
          Group: C2C_scan_mode
     Startpoint: (R) u_DCT/tposemem_Bisted_RF_2P_ADV64x16_BistCtrl_i0_ST_MAL_i0_S17_reg/clk
          Clock: (F) CLK1
       Endpoint: (R) u_DCT/DRU/ToBDEG_reg[11]/d
          Clock: (R) CLK1

                     Capture       Launch     
        Clock Edge:+  100000        50000     
       Src Latency:+       0            0     
       Net Latency:+    2000 (I)     2000 (I) 
           Arrival:=  102000        52000     
                                              
             Setup:-     260                  
       Uncertainty:-     500                  
     Required Time:=  101240                  
      Launch Clock:-   52000                  
         Data Path:-    1861                  
             Slack:=   47379                  

#---------------------------------------------------------------------------------------------------------------------------------------------------------
#                             Timing Point                               Flags    Arc    Edge       Cell         Fanout Load Trans Delay Arrival Instance 
#                                                                                                                       (fF)  (ps)  (ps)   (ps)  Location 
#---------------------------------------------------------------------------------------------------------------------------------------------------------
  u_DCT/tposemem_Bisted_RF_2P_ADV64x16_BistCtrl_i0_ST_MAL_i0_S17_reg/clk -       -       R     (arrival)              6    -     0     -   52000    (-,-) 
  u_DCT/tposemem_Bisted_RF_2P_ADV64x16_BistCtrl_i0_ST_MAL_i0_S17_reg/q   (u)     clk->q  R     unmapped_d_flop        1  4.1     0    16   52016    (-,-) 
  u_DCT/g794/z                                                           (u)     in_1->z F     unmapped_nand2         2  7.6     0    76   52092    (-,-) 
  u_DCT/g728/z                                                           (u)     in_1->z R     unmapped_nand2         2  8.2     0    76   52167    (-,-) 
  u_DCT/DRU/g1363/z                                                      (u)     in_1->z R     unmapped_and2          7 28.7     0   117   52284    (-,-) 
  u_DCT/DRU/sub_60_47/g750/z                                             (u)     in_1->z F     unmapped_complex2      4 15.2     0   104   52388    (-,-) 
  u_DCT/DRU/sub_60_47/g729/z                                             (u)     in_1->z R     unmapped_nand2         1  4.1     0    60   52448    (-,-) 
  u_DCT/DRU/sub_60_47/g708/z                                             (u)     in_0->z F     unmapped_nand2         3 11.4     0    90   52539    (-,-) 
  u_DCT/DRU/sub_60_47/g706/z                                             (u)     in_1->z R     unmapped_nand2         1  4.1     0    60   52599    (-,-) 
  u_DCT/DRU/sub_60_47/g701/z                                             (u)     in_1->z F     unmapped_nand2         3 11.4     0    90   52689    (-,-) 
  u_DCT/DRU/sub_60_47/g696/z                                             (u)     in_0->z R     unmapped_nand2         1  4.1     0    60   52749    (-,-) 
  u_DCT/DRU/sub_60_47/g694/z                                             (u)     in_1->z F     unmapped_nand2         4 15.2     0   104   52853    (-,-) 
  u_DCT/DRU/sub_60_47/g690/z                                             (u)     in_0->z R     unmapped_complex2      1  4.1     0    60   52913    (-,-) 
  u_DCT/DRU/sub_60_47/g687/z                                             (u)     in_0->z F     unmapped_complex2      3 11.4     0    90   53004    (-,-) 
  u_DCT/DRU/sub_60_47/g686/z                                             (u)     in_1->z R     unmapped_nand2         1  4.1     0    60   53064    (-,-) 
  u_DCT/DRU/sub_60_47/g679/z                                             (u)     in_1->z F     unmapped_nand2         3 11.4     0    90   53154    (-,-) 
  u_DCT/DRU/sub_60_47/g675/z                                             (u)     in_0->z R     unmapped_nand2         1  4.1     0    60   53214    (-,-) 
  u_DCT/DRU/sub_60_47/g674/z                                             (u)     in_1->z F     unmapped_nand2         4 15.2     0   104   53318    (-,-) 
  u_DCT/DRU/sub_60_47/g670/z                                             (u)     in_0->z R     unmapped_complex2      2  8.2     0    76   53394    (-,-) 
  u_DCT/DRU/sub_60_47/g668/z                                             (u)     in_0->z F     unmapped_complex2      3 11.4     0    90   53484    (-,-) 
  u_DCT/DRU/sub_60_47/g665/z                                             (u)     in_1->z R     unmapped_nand2         1  4.1     0    60   53544    (-,-) 
  u_DCT/DRU/sub_60_47/g657/z                                             (u)     in_1->z F     unmapped_nand2         2  7.6     0    76   53620    (-,-) 
  u_DCT/DRU/sub_60_47/g649/z                                             (u)     in_0->z F     unmapped_or2           1  3.8     0    60   53680    (-,-) 
  u_DCT/DRU/sub_60_47/g650/z                                             (u)     in_1->z R     unmapped_nand2         1  4.1     0    60   53740    (-,-) 
  u_DCT/DRU/g1249/z                                                      (u)     in_1->z F     unmapped_nand2         1  3.8     0    60   53800    (-,-) 
  u_DCT/DRU/g1106/z                                                      (u)     in_1->z R     unmapped_complex2      1  4.1     0    60   53861    (-,-) 
  u_DCT/DRU/ToBDEG_reg[11]/d                                             -       -       R     unmapped_d_flop        1    -     -     0   53861    (-,-) 
#---------------------------------------------------------------------------------------------------------------------------------------------------------

(u) : Net has unmapped pin(s).


