============================================================
  Generated by:           Genus(TM) Synthesis Solution 19.10-p002_1
  Generated on:           Jun 03 2020  11:44:20 am
  Module:                 CHIP
  Operating conditions:   slow 
  Interconnect mode:      global
  Area mode:              physical library
============================================================


Path 1: VIOLATED (-7074 ps) Setup Check with Pin d_X_reg[11]/clk->d
           Mode: func_mode
          Group: I2C_func_mode
     Startpoint: (R) X[11]
          Clock: (R) CLK1
       Endpoint: (R) d_X_reg[11]/d
          Clock: (R) CLK1

                     Capture       Launch     
        Clock Edge:+    8000            0     
        Drv Adjust:+       0        10000     
       Src Latency:+       0            0     
       Net Latency:+    2000 (I)     2000 (I) 
           Arrival:=   10000        12000     
                                              
             Setup:-     260                  
       Uncertainty:-     500                  
     Required Time:=    9240                  
      Launch Clock:-   12000                  
       Input Delay:-    3000                  
         Data Path:-    1314                  
             Slack:=   -7074                  

Exceptions/Constraints:
  input_delay             3000            CHIP_func.sdc_line_11_3_1 

#-----------------------------------------------------------------------------------------------
# Timing Point   Flags    Arc   Edge      Cell        Fanout  Load Trans Delay Arrival Instance 
#                                                             (fF)  (ps)  (ps)   (ps)  Location 
#-----------------------------------------------------------------------------------------------
  X[11]          -       -      R     (arrival)            1 100.0 10000     0   15000    (-,-) 
  ipad_X11/C     (u,P)   PAD->C R     PADIN                1 104.1   123  1314   16314    (-,-) 
  d_X_reg[11]/d  -       -      R     unmapped_d_flop      1     -     -     0   16314    (-,-) 
#-----------------------------------------------------------------------------------------------

(P) : Instance is preserved
(u) : Net has unmapped pin(s).



Path 2: VIOLATED (-7074 ps) Setup Check with Pin d_X_reg[10]/clk->d
           Mode: func_mode
          Group: I2C_func_mode
     Startpoint: (R) X[10]
          Clock: (R) CLK1
       Endpoint: (R) d_X_reg[10]/d
          Clock: (R) CLK1

                     Capture       Launch     
        Clock Edge:+    8000            0     
        Drv Adjust:+       0        10000     
       Src Latency:+       0            0     
       Net Latency:+    2000 (I)     2000 (I) 
           Arrival:=   10000        12000     
                                              
             Setup:-     260                  
       Uncertainty:-     500                  
     Required Time:=    9240                  
      Launch Clock:-   12000                  
       Input Delay:-    3000                  
         Data Path:-    1314                  
             Slack:=   -7074                  

Exceptions/Constraints:
  input_delay             3000            CHIP_func.sdc_line_11_4_1 

#-----------------------------------------------------------------------------------------------
# Timing Point   Flags    Arc   Edge      Cell        Fanout  Load Trans Delay Arrival Instance 
#                                                             (fF)  (ps)  (ps)   (ps)  Location 
#-----------------------------------------------------------------------------------------------
  X[10]          -       -      R     (arrival)            1 100.0 10000     0   15000    (-,-) 
  ipad_X10/C     (u,P)   PAD->C R     PADIN                1 104.1   123  1314   16314    (-,-) 
  d_X_reg[10]/d  -       -      R     unmapped_d_flop      1     -     -     0   16314    (-,-) 
#-----------------------------------------------------------------------------------------------

(P) : Instance is preserved
(u) : Net has unmapped pin(s).



Path 3: VIOLATED (-7074 ps) Setup Check with Pin d_X_reg[9]/clk->d
           Mode: func_mode
          Group: I2C_func_mode
     Startpoint: (R) X[9]
          Clock: (R) CLK1
       Endpoint: (R) d_X_reg[9]/d
          Clock: (R) CLK1

                     Capture       Launch     
        Clock Edge:+    8000            0     
        Drv Adjust:+       0        10000     
       Src Latency:+       0            0     
       Net Latency:+    2000 (I)     2000 (I) 
           Arrival:=   10000        12000     
                                              
             Setup:-     260                  
       Uncertainty:-     500                  
     Required Time:=    9240                  
      Launch Clock:-   12000                  
       Input Delay:-    3000                  
         Data Path:-    1314                  
             Slack:=   -7074                  

Exceptions/Constraints:
  input_delay             3000            CHIP_func.sdc_line_11_5_1 

#-----------------------------------------------------------------------------------------------
# Timing Point   Flags    Arc   Edge      Cell        Fanout  Load Trans Delay Arrival Instance 
#                                                             (fF)  (ps)  (ps)   (ps)  Location 
#-----------------------------------------------------------------------------------------------
  X[9]           -       -      R     (arrival)            1 100.0 10000     0   15000    (-,-) 
  ipad_X9/C      (u,P)   PAD->C R     PADIN                1 104.1   123  1314   16314    (-,-) 
  d_X_reg[9]/d   -       -      R     unmapped_d_flop      1     -     -     0   16314    (-,-) 
#-----------------------------------------------------------------------------------------------

(P) : Instance is preserved
(u) : Net has unmapped pin(s).



Path 4: VIOLATED (-7074 ps) Setup Check with Pin d_X_reg[8]/clk->d
           Mode: func_mode
          Group: I2C_func_mode
     Startpoint: (R) X[8]
          Clock: (R) CLK1
       Endpoint: (R) d_X_reg[8]/d
          Clock: (R) CLK1

                     Capture       Launch     
        Clock Edge:+    8000            0     
        Drv Adjust:+       0        10000     
       Src Latency:+       0            0     
       Net Latency:+    2000 (I)     2000 (I) 
           Arrival:=   10000        12000     
                                              
             Setup:-     260                  
       Uncertainty:-     500                  
     Required Time:=    9240                  
      Launch Clock:-   12000                  
       Input Delay:-    3000                  
         Data Path:-    1314                  
             Slack:=   -7074                  

Exceptions/Constraints:
  input_delay             3000            CHIP_func.sdc_line_11_6_1 

#-----------------------------------------------------------------------------------------------
# Timing Point   Flags    Arc   Edge      Cell        Fanout  Load Trans Delay Arrival Instance 
#                                                             (fF)  (ps)  (ps)   (ps)  Location 
#-----------------------------------------------------------------------------------------------
  X[8]           -       -      R     (arrival)            1 100.0 10000     0   15000    (-,-) 
  ipad_X8/C      (u,P)   PAD->C R     PADIN                1 104.1   123  1314   16314    (-,-) 
  d_X_reg[8]/d   -       -      R     unmapped_d_flop      1     -     -     0   16314    (-,-) 
#-----------------------------------------------------------------------------------------------

(P) : Instance is preserved
(u) : Net has unmapped pin(s).



Path 5: VIOLATED (-7074 ps) Setup Check with Pin d_X_reg[7]/clk->d
           Mode: func_mode
          Group: I2C_func_mode
     Startpoint: (R) X[7]
          Clock: (R) CLK1
       Endpoint: (R) d_X_reg[7]/d
          Clock: (R) CLK1

                     Capture       Launch     
        Clock Edge:+    8000            0     
        Drv Adjust:+       0        10000     
       Src Latency:+       0            0     
       Net Latency:+    2000 (I)     2000 (I) 
           Arrival:=   10000        12000     
                                              
             Setup:-     260                  
       Uncertainty:-     500                  
     Required Time:=    9240                  
      Launch Clock:-   12000                  
       Input Delay:-    3000                  
         Data Path:-    1314                  
             Slack:=   -7074                  

Exceptions/Constraints:
  input_delay             3000            CHIP_func.sdc_line_11_7_1 

#-----------------------------------------------------------------------------------------------
# Timing Point   Flags    Arc   Edge      Cell        Fanout  Load Trans Delay Arrival Instance 
#                                                             (fF)  (ps)  (ps)   (ps)  Location 
#-----------------------------------------------------------------------------------------------
  X[7]           -       -      R     (arrival)            1 100.0 10000     0   15000    (-,-) 
  ipad_X7/C      (u,P)   PAD->C R     PADIN                1 104.1   123  1314   16314    (-,-) 
  d_X_reg[7]/d   -       -      R     unmapped_d_flop      1     -     -     0   16314    (-,-) 
#-----------------------------------------------------------------------------------------------

(P) : Instance is preserved
(u) : Net has unmapped pin(s).



Path 6: VIOLATED (-7074 ps) Setup Check with Pin d_X_reg[6]/clk->d
           Mode: func_mode
          Group: I2C_func_mode
     Startpoint: (R) X[6]
          Clock: (R) CLK1
       Endpoint: (R) d_X_reg[6]/d
          Clock: (R) CLK1

                     Capture       Launch     
        Clock Edge:+    8000            0     
        Drv Adjust:+       0        10000     
       Src Latency:+       0            0     
       Net Latency:+    2000 (I)     2000 (I) 
           Arrival:=   10000        12000     
                                              
             Setup:-     260                  
       Uncertainty:-     500                  
     Required Time:=    9240                  
      Launch Clock:-   12000                  
       Input Delay:-    3000                  
         Data Path:-    1314                  
             Slack:=   -7074                  

Exceptions/Constraints:
  input_delay             3000            CHIP_func.sdc_line_11_8_1 

#-----------------------------------------------------------------------------------------------
# Timing Point   Flags    Arc   Edge      Cell        Fanout  Load Trans Delay Arrival Instance 
#                                                             (fF)  (ps)  (ps)   (ps)  Location 
#-----------------------------------------------------------------------------------------------
  X[6]           -       -      R     (arrival)            1 100.0 10000     0   15000    (-,-) 
  ipad_X6/C      (u,P)   PAD->C R     PADIN                1 104.1   123  1314   16314    (-,-) 
  d_X_reg[6]/d   -       -      R     unmapped_d_flop      1     -     -     0   16314    (-,-) 
#-----------------------------------------------------------------------------------------------

(P) : Instance is preserved
(u) : Net has unmapped pin(s).



Path 7: VIOLATED (-7074 ps) Setup Check with Pin d_X_reg[5]/clk->d
           Mode: func_mode
          Group: I2C_func_mode
     Startpoint: (R) X[5]
          Clock: (R) CLK1
       Endpoint: (R) d_X_reg[5]/d
          Clock: (R) CLK1

                     Capture       Launch     
        Clock Edge:+    8000            0     
        Drv Adjust:+       0        10000     
       Src Latency:+       0            0     
       Net Latency:+    2000 (I)     2000 (I) 
           Arrival:=   10000        12000     
                                              
             Setup:-     260                  
       Uncertainty:-     500                  
     Required Time:=    9240                  
      Launch Clock:-   12000                  
       Input Delay:-    3000                  
         Data Path:-    1314                  
             Slack:=   -7074                  

Exceptions/Constraints:
  input_delay             3000            CHIP_func.sdc_line_11_9_1 

#-----------------------------------------------------------------------------------------------
# Timing Point   Flags    Arc   Edge      Cell        Fanout  Load Trans Delay Arrival Instance 
#                                                             (fF)  (ps)  (ps)   (ps)  Location 
#-----------------------------------------------------------------------------------------------
  X[5]           -       -      R     (arrival)            1 100.0 10000     0   15000    (-,-) 
  ipad_X5/C      (u,P)   PAD->C R     PADIN                1 104.1   123  1314   16314    (-,-) 
  d_X_reg[5]/d   -       -      R     unmapped_d_flop      1     -     -     0   16314    (-,-) 
#-----------------------------------------------------------------------------------------------

(P) : Instance is preserved
(u) : Net has unmapped pin(s).



Path 8: VIOLATED (-7074 ps) Setup Check with Pin d_X_reg[4]/clk->d
           Mode: func_mode
          Group: I2C_func_mode
     Startpoint: (R) X[4]
          Clock: (R) CLK1
       Endpoint: (R) d_X_reg[4]/d
          Clock: (R) CLK1

                     Capture       Launch     
        Clock Edge:+    8000            0     
        Drv Adjust:+       0        10000     
       Src Latency:+       0            0     
       Net Latency:+    2000 (I)     2000 (I) 
           Arrival:=   10000        12000     
                                              
             Setup:-     260                  
       Uncertainty:-     500                  
     Required Time:=    9240                  
      Launch Clock:-   12000                  
       Input Delay:-    3000                  
         Data Path:-    1314                  
             Slack:=   -7074                  

Exceptions/Constraints:
  input_delay             3000            CHIP_func.sdc_line_11_10_1 

#-----------------------------------------------------------------------------------------------
# Timing Point   Flags    Arc   Edge      Cell        Fanout  Load Trans Delay Arrival Instance 
#                                                             (fF)  (ps)  (ps)   (ps)  Location 
#-----------------------------------------------------------------------------------------------
  X[4]           -       -      R     (arrival)            1 100.0 10000     0   15000    (-,-) 
  ipad_X4/C      (u,P)   PAD->C R     PADIN                1 104.1   123  1314   16314    (-,-) 
  d_X_reg[4]/d   -       -      R     unmapped_d_flop      1     -     -     0   16314    (-,-) 
#-----------------------------------------------------------------------------------------------

(P) : Instance is preserved
(u) : Net has unmapped pin(s).



Path 9: VIOLATED (-7074 ps) Setup Check with Pin d_X_reg[3]/clk->d
           Mode: func_mode
          Group: I2C_func_mode
     Startpoint: (R) X[3]
          Clock: (R) CLK1
       Endpoint: (R) d_X_reg[3]/d
          Clock: (R) CLK1

                     Capture       Launch     
        Clock Edge:+    8000            0     
        Drv Adjust:+       0        10000     
       Src Latency:+       0            0     
       Net Latency:+    2000 (I)     2000 (I) 
           Arrival:=   10000        12000     
                                              
             Setup:-     260                  
       Uncertainty:-     500                  
     Required Time:=    9240                  
      Launch Clock:-   12000                  
       Input Delay:-    3000                  
         Data Path:-    1314                  
             Slack:=   -7074                  

Exceptions/Constraints:
  input_delay             3000            CHIP_func.sdc_line_11_11_1 

#-----------------------------------------------------------------------------------------------
# Timing Point   Flags    Arc   Edge      Cell        Fanout  Load Trans Delay Arrival Instance 
#                                                             (fF)  (ps)  (ps)   (ps)  Location 
#-----------------------------------------------------------------------------------------------
  X[3]           -       -      R     (arrival)            1 100.0 10000     0   15000    (-,-) 
  ipad_X3/C      (u,P)   PAD->C R     PADIN                1 104.1   123  1314   16314    (-,-) 
  d_X_reg[3]/d   -       -      R     unmapped_d_flop      1     -     -     0   16314    (-,-) 
#-----------------------------------------------------------------------------------------------

(P) : Instance is preserved
(u) : Net has unmapped pin(s).



Path 10: VIOLATED (-7074 ps) Setup Check with Pin d_X_reg[2]/clk->d
           Mode: func_mode
          Group: I2C_func_mode
     Startpoint: (R) X[2]
          Clock: (R) CLK1
       Endpoint: (R) d_X_reg[2]/d
          Clock: (R) CLK1

                     Capture       Launch     
        Clock Edge:+    8000            0     
        Drv Adjust:+       0        10000     
       Src Latency:+       0            0     
       Net Latency:+    2000 (I)     2000 (I) 
           Arrival:=   10000        12000     
                                              
             Setup:-     260                  
       Uncertainty:-     500                  
     Required Time:=    9240                  
      Launch Clock:-   12000                  
       Input Delay:-    3000                  
         Data Path:-    1314                  
             Slack:=   -7074                  

Exceptions/Constraints:
  input_delay             3000            CHIP_func.sdc_line_11_12_1 

#-----------------------------------------------------------------------------------------------
# Timing Point   Flags    Arc   Edge      Cell        Fanout  Load Trans Delay Arrival Instance 
#                                                             (fF)  (ps)  (ps)   (ps)  Location 
#-----------------------------------------------------------------------------------------------
  X[2]           -       -      R     (arrival)            1 100.0 10000     0   15000    (-,-) 
  ipad_X2/C      (u,P)   PAD->C R     PADIN                1 104.1   123  1314   16314    (-,-) 
  d_X_reg[2]/d   -       -      R     unmapped_d_flop      1     -     -     0   16314    (-,-) 
#-----------------------------------------------------------------------------------------------

(P) : Instance is preserved
(u) : Net has unmapped pin(s).



Path 11: VIOLATED (-7074 ps) Setup Check with Pin d_X_reg[1]/clk->d
           Mode: func_mode
          Group: I2C_func_mode
     Startpoint: (R) X[1]
          Clock: (R) CLK1
       Endpoint: (R) d_X_reg[1]/d
          Clock: (R) CLK1

                     Capture       Launch     
        Clock Edge:+    8000            0     
        Drv Adjust:+       0        10000     
       Src Latency:+       0            0     
       Net Latency:+    2000 (I)     2000 (I) 
           Arrival:=   10000        12000     
                                              
             Setup:-     260                  
       Uncertainty:-     500                  
     Required Time:=    9240                  
      Launch Clock:-   12000                  
       Input Delay:-    3000                  
         Data Path:-    1314                  
             Slack:=   -7074                  

Exceptions/Constraints:
  input_delay             3000            CHIP_func.sdc_line_11_13_1 

#-----------------------------------------------------------------------------------------------
# Timing Point   Flags    Arc   Edge      Cell        Fanout  Load Trans Delay Arrival Instance 
#                                                             (fF)  (ps)  (ps)   (ps)  Location 
#-----------------------------------------------------------------------------------------------
  X[1]           -       -      R     (arrival)            1 100.0 10000     0   15000    (-,-) 
  ipad_X1/C      (u,P)   PAD->C R     PADIN                1 104.1   123  1314   16314    (-,-) 
  d_X_reg[1]/d   -       -      R     unmapped_d_flop      1     -     -     0   16314    (-,-) 
#-----------------------------------------------------------------------------------------------

(P) : Instance is preserved
(u) : Net has unmapped pin(s).



Path 12: VIOLATED (-7074 ps) Setup Check with Pin d_X_reg[0]/clk->d
           Mode: func_mode
          Group: I2C_func_mode
     Startpoint: (R) X[0]
          Clock: (R) CLK1
       Endpoint: (R) d_X_reg[0]/d
          Clock: (R) CLK1

                     Capture       Launch     
        Clock Edge:+    8000            0     
        Drv Adjust:+       0        10000     
       Src Latency:+       0            0     
       Net Latency:+    2000 (I)     2000 (I) 
           Arrival:=   10000        12000     
                                              
             Setup:-     260                  
       Uncertainty:-     500                  
     Required Time:=    9240                  
      Launch Clock:-   12000                  
       Input Delay:-    3000                  
         Data Path:-    1314                  
             Slack:=   -7074                  

Exceptions/Constraints:
  input_delay             3000            CHIP_func.sdc_line_11_14_1 

#-----------------------------------------------------------------------------------------------
# Timing Point   Flags    Arc   Edge      Cell        Fanout  Load Trans Delay Arrival Instance 
#                                                             (fF)  (ps)  (ps)   (ps)  Location 
#-----------------------------------------------------------------------------------------------
  X[0]           -       -      R     (arrival)            1 100.0 10000     0   15000    (-,-) 
  ipad_X0/C      (u,P)   PAD->C R     PADIN                1 104.1   123  1314   16314    (-,-) 
  d_X_reg[0]/d   -       -      R     unmapped_d_flop      1     -     -     0   16314    (-,-) 
#-----------------------------------------------------------------------------------------------

(P) : Instance is preserved
(u) : Net has unmapped pin(s).



Path 13: VIOLATED (-7074 ps) Setup Check with Pin d_Mode_reg/clk->d
           Mode: func_mode
          Group: I2C_func_mode
     Startpoint: (R) Mode
          Clock: (R) CLK1
       Endpoint: (R) d_Mode_reg/d
          Clock: (R) CLK1

                     Capture       Launch     
        Clock Edge:+    8000            0     
        Drv Adjust:+       0        10000     
       Src Latency:+       0            0     
       Net Latency:+    2000 (I)     2000 (I) 
           Arrival:=   10000        12000     
                                              
             Setup:-     260                  
       Uncertainty:-     500                  
     Required Time:=    9240                  
      Launch Clock:-   12000                  
       Input Delay:-    3000                  
         Data Path:-    1314                  
             Slack:=   -7074                  

Exceptions/Constraints:
  input_delay             3000            CHIP_func.sdc_line_11_15_1 

#-----------------------------------------------------------------------------------------------
# Timing Point   Flags    Arc   Edge      Cell        Fanout  Load Trans Delay Arrival Instance 
#                                                             (fF)  (ps)  (ps)   (ps)  Location 
#-----------------------------------------------------------------------------------------------
  Mode           -       -      R     (arrival)            1 100.0 10000     0   15000    (-,-) 
  ipad_Mode/C    (u,P)   PAD->C R     PADIN                1 104.1   123  1314   16314    (-,-) 
  d_Mode_reg/d   -       -      R     unmapped_d_flop      1     -     -     0   16314    (-,-) 
#-----------------------------------------------------------------------------------------------

(P) : Instance is preserved
(u) : Net has unmapped pin(s).



Path 14: VIOLATED (-7074 ps) Setup Check with Pin d_HALT_reg/clk->d
           Mode: func_mode
          Group: I2C_func_mode
     Startpoint: (R) HALT
          Clock: (R) CLK1
       Endpoint: (R) d_HALT_reg/d
          Clock: (R) CLK1

                     Capture       Launch     
        Clock Edge:+    8000            0     
        Drv Adjust:+       0        10000     
       Src Latency:+       0            0     
       Net Latency:+    2000 (I)     2000 (I) 
           Arrival:=   10000        12000     
                                              
             Setup:-     260                  
       Uncertainty:-     500                  
     Required Time:=    9240                  
      Launch Clock:-   12000                  
       Input Delay:-    3000                  
         Data Path:-    1314                  
             Slack:=   -7074                  

Exceptions/Constraints:
  input_delay             3000            CHIP_func.sdc_line_11 

#-----------------------------------------------------------------------------------------------
# Timing Point   Flags    Arc   Edge      Cell        Fanout  Load Trans Delay Arrival Instance 
#                                                             (fF)  (ps)  (ps)   (ps)  Location 
#-----------------------------------------------------------------------------------------------
  HALT           -       -      R     (arrival)            1 100.0 10000     0   15000    (-,-) 
  ipad_HALT/C    (u,P)   PAD->C R     PADIN                1 104.1   123  1314   16314    (-,-) 
  d_HALT_reg/d   -       -      R     unmapped_d_flop      1     -     -     0   16314    (-,-) 
#-----------------------------------------------------------------------------------------------

(P) : Instance is preserved
(u) : Net has unmapped pin(s).



Path 15: VIOLATED (-7074 ps) Setup Check with Pin d_DoDCT_reg/clk->d
           Mode: func_mode
          Group: I2C_func_mode
     Startpoint: (R) DoDCT
          Clock: (R) CLK1
       Endpoint: (R) d_DoDCT_reg/d
          Clock: (R) CLK1

                     Capture       Launch     
        Clock Edge:+    8000            0     
        Drv Adjust:+       0        10000     
       Src Latency:+       0            0     
       Net Latency:+    2000 (I)     2000 (I) 
           Arrival:=   10000        12000     
                                              
             Setup:-     260                  
       Uncertainty:-     500                  
     Required Time:=    9240                  
      Launch Clock:-   12000                  
       Input Delay:-    3000                  
         Data Path:-    1314                  
             Slack:=   -7074                  

Exceptions/Constraints:
  input_delay             3000            CHIP_func.sdc_line_11_2_1 

#-----------------------------------------------------------------------------------------------
# Timing Point   Flags    Arc   Edge      Cell        Fanout  Load Trans Delay Arrival Instance 
#                                                             (fF)  (ps)  (ps)   (ps)  Location 
#-----------------------------------------------------------------------------------------------
  DoDCT          -       -      R     (arrival)            1 100.0 10000     0   15000    (-,-) 
  ipad_DoDCT/C   (u,P)   PAD->C R     PADIN                1 104.1   123  1314   16314    (-,-) 
  d_DoDCT_reg/d  -       -      R     unmapped_d_flop      1     -     -     0   16314    (-,-) 
#-----------------------------------------------------------------------------------------------

(P) : Instance is preserved
(u) : Net has unmapped pin(s).



Path 16: VIOLATED (-6438 ps) Setup Check with Pin u_IDCT/tposemem_Bisted_RF_2P_ADV64x16_RF_2P_ADV64x16_u0_SRAM_i0/CLKA->CLKB
           Mode: func_mode
          Group: I2C_func_mode
     Startpoint: (F) CLK
          Clock: (F) CLK1
       Endpoint: (R) u_IDCT/tposemem_Bisted_RF_2P_ADV64x16_RF_2P_ADV64x16_u0_SRAM_i0/CLKB
          Clock: (R) CLK1

                     Capture       Launch     
        Clock Edge:+    8000         4000     
        Drv Adjust:+       0        10000     
       Src Latency:+       0            0     
       Net Latency:+    2000 (I)        0 (I) 
           Arrival:=   10000        14000     
                                              
             Setup:-     564                  
       Uncertainty:-     500                  
     Required Time:=    8936                  
      Launch Clock:-   14000                  
       Input Delay:-       0                  
         Data Path:-    1374                  
             Slack:=   -6438                  

Exceptions/Constraints:
  input_delay              0              create_clock_delay_domain_1_CLK1_F_0 

#---------------------------------------------------------------------------------------------------------------------------------------------------
#                            Timing Point                              Flags    Arc    Edge     Cell      Fanout  Load Trans Delay Arrival Instance 
#                                                                                                                 (fF)  (ps)  (ps)   (ps)  Location 
#---------------------------------------------------------------------------------------------------------------------------------------------------
  CLK                                                                  -       -       F     (arrival)         1 100.0 10000     0   14000    (-,-) 
  ipad_CLK/C                                                           (i,u,P) PAD->C  F     PADIN          1022   0.0     0  1352   15352    (-,-) 
  u_IDCT/tposemem_Bisted_RF_2P_ADV64x16_RF_2P_ADV64x16_u0_g2/z         (i,u)   in_0->z R     unmapped_not      6   0.0     0    22   15374    (-,-) 
  u_IDCT/tposemem_Bisted_RF_2P_ADV64x16_RF_2P_ADV64x16_u0_SRAM_i0/CLKB (P)     -       R     rf_2p_hse         6     -     -     0   15374    (-,-) 
#---------------------------------------------------------------------------------------------------------------------------------------------------

(P) : Instance is preserved
(u) : Net has unmapped pin(s).
(i) : Net is ideal.



Path 17: VIOLATED (-6438 ps) Setup Check with Pin u_DCT/tposemem_Bisted_RF_2P_ADV64x16_RF_2P_ADV64x16_u0_SRAM_i0/CLKA->CLKB
           Mode: func_mode
          Group: I2C_func_mode
     Startpoint: (F) CLK
          Clock: (F) CLK1
       Endpoint: (R) u_DCT/tposemem_Bisted_RF_2P_ADV64x16_RF_2P_ADV64x16_u0_SRAM_i0/CLKB
          Clock: (R) CLK1

                     Capture       Launch     
        Clock Edge:+    8000         4000     
        Drv Adjust:+       0        10000     
       Src Latency:+       0            0     
       Net Latency:+    2000 (I)        0 (I) 
           Arrival:=   10000        14000     
                                              
             Setup:-     564                  
       Uncertainty:-     500                  
     Required Time:=    8936                  
      Launch Clock:-   14000                  
       Input Delay:-       0                  
         Data Path:-    1374                  
             Slack:=   -6438                  

Exceptions/Constraints:
  input_delay              0              create_clock_delay_domain_1_CLK1_F_0 

#--------------------------------------------------------------------------------------------------------------------------------------------------
#                            Timing Point                             Flags    Arc    Edge     Cell      Fanout  Load Trans Delay Arrival Instance 
#                                                                                                                (fF)  (ps)  (ps)   (ps)  Location 
#--------------------------------------------------------------------------------------------------------------------------------------------------
  CLK                                                                 -       -       F     (arrival)         1 100.0 10000     0   14000    (-,-) 
  ipad_CLK/C                                                          (i,u,P) PAD->C  F     PADIN          1022   0.0     0  1352   15352    (-,-) 
  u_DCT/tposemem_Bisted_RF_2P_ADV64x16_RF_2P_ADV64x16_u0_g2/z         (i,u)   in_0->z R     unmapped_not      6   0.0     0    22   15374    (-,-) 
  u_DCT/tposemem_Bisted_RF_2P_ADV64x16_RF_2P_ADV64x16_u0_SRAM_i0/CLKB (P)     -       R     rf_2p_hse         6     -     -     0   15374    (-,-) 
#--------------------------------------------------------------------------------------------------------------------------------------------------

(P) : Instance is preserved
(u) : Net has unmapped pin(s).
(i) : Net is ideal.



Path 18: VIOLATED (-6341 ps) Setup Check with Pin u_IDCT/tposemem_Bisted_RF_2P_ADV64x16_RF_2P_ADV64x16_u0_SRAM_i0/CLKB->CLKA
           Mode: func_mode
          Group: I2C_func_mode
     Startpoint: (R) CLK
          Clock: (R) CLK1
       Endpoint: (R) u_IDCT/tposemem_Bisted_RF_2P_ADV64x16_RF_2P_ADV64x16_u0_SRAM_i0/CLKA
          Clock: (F) CLK1

                     Capture       Launch     
        Clock Edge:+    4000            0     
        Drv Adjust:+       0        10000     
       Src Latency:+       0            0     
       Net Latency:+    2000 (I)        0 (I) 
           Arrival:=    6000        10000     
                                              
             Setup:-     486                  
       Uncertainty:-     500                  
     Required Time:=    5014                  
      Launch Clock:-   10000                  
       Input Delay:-       0                  
         Data Path:-    1355                  
             Slack:=   -6341                  

Exceptions/Constraints:
  input_delay              0              create_clock_delay_domain_1_CLK1_R_0 

#-----------------------------------------------------------------------------------------------------------------------------------------------
#                            Timing Point                              Flags    Arc   Edge   Cell     Fanout  Load Trans Delay Arrival Instance 
#                                                                                                             (fF)  (ps)  (ps)   (ps)  Location 
#-----------------------------------------------------------------------------------------------------------------------------------------------
  CLK                                                                  -       -      R     (arrival)      1 100.0 10000     0   10000    (-,-) 
  ipad_CLK/C                                                           (i,u,P) PAD->C R     PADIN       1022   0.0     0  1355   11355    (-,-) 
  u_IDCT/tposemem_Bisted_RF_2P_ADV64x16_RF_2P_ADV64x16_u0_SRAM_i0/CLKA (P)     -      R     rf_2p_hse   1022     -     -     0   11355    (-,-) 
#-----------------------------------------------------------------------------------------------------------------------------------------------

(P) : Instance is preserved
(u) : Net has unmapped pin(s).
(i) : Net is ideal.



Path 19: VIOLATED (-6341 ps) Setup Check with Pin u_DCT/tposemem_Bisted_RF_2P_ADV64x16_RF_2P_ADV64x16_u0_SRAM_i0/CLKB->CLKA
           Mode: func_mode
          Group: I2C_func_mode
     Startpoint: (R) CLK
          Clock: (R) CLK1
       Endpoint: (R) u_DCT/tposemem_Bisted_RF_2P_ADV64x16_RF_2P_ADV64x16_u0_SRAM_i0/CLKA
          Clock: (F) CLK1

                     Capture       Launch     
        Clock Edge:+    4000            0     
        Drv Adjust:+       0        10000     
       Src Latency:+       0            0     
       Net Latency:+    2000 (I)        0 (I) 
           Arrival:=    6000        10000     
                                              
             Setup:-     486                  
       Uncertainty:-     500                  
     Required Time:=    5014                  
      Launch Clock:-   10000                  
       Input Delay:-       0                  
         Data Path:-    1355                  
             Slack:=   -6341                  

Exceptions/Constraints:
  input_delay              0              create_clock_delay_domain_1_CLK1_R_0 

#----------------------------------------------------------------------------------------------------------------------------------------------
#                            Timing Point                             Flags    Arc   Edge   Cell     Fanout  Load Trans Delay Arrival Instance 
#                                                                                                            (fF)  (ps)  (ps)   (ps)  Location 
#----------------------------------------------------------------------------------------------------------------------------------------------
  CLK                                                                 -       -      R     (arrival)      1 100.0 10000     0   10000    (-,-) 
  ipad_CLK/C                                                          (i,u,P) PAD->C R     PADIN       1022   0.0     0  1355   11355    (-,-) 
  u_DCT/tposemem_Bisted_RF_2P_ADV64x16_RF_2P_ADV64x16_u0_SRAM_i0/CLKA (P)     -      R     rf_2p_hse   1022     -     -     0   11355    (-,-) 
#----------------------------------------------------------------------------------------------------------------------------------------------

(P) : Instance is preserved
(u) : Net has unmapped pin(s).
(i) : Net is ideal.



Path 20: MET (823 ps) Setup Check with Pin u_IDCT/tposemem_Bisted_RF_2P_ADV64x16_RF_2P_ADV64x16_u0_SRAM_i0/CLKB->DB[15]
           Mode: func_mode
          Group: C2C_func_mode
     Startpoint: (R) d_DoDCT_reg/clk
          Clock: (R) CLK1
       Endpoint: (F) u_IDCT/tposemem_Bisted_RF_2P_ADV64x16_RF_2P_ADV64x16_u0_SRAM_i0/DB[15]
          Clock: (F) CLK1

                     Capture       Launch     
        Clock Edge:+    4000            0     
       Src Latency:+       0            0     
       Net Latency:+    2000 (I)     2000 (I) 
           Arrival:=    6000         2000     
                                              
             Setup:-     223                  
       Uncertainty:-     500                  
     Required Time:=    5277                  
      Launch Clock:-    2000                  
         Data Path:-    2454                  
             Slack:=     823                  

#---------------------------------------------------------------------------------------------------------------------------------------------------------
#                             Timing Point                               Flags    Arc    Edge       Cell         Fanout Load Trans Delay Arrival Instance 
#                                                                                                                       (fF)  (ps)  (ps)   (ps)  Location 
#---------------------------------------------------------------------------------------------------------------------------------------------------------
  d_DoDCT_reg/clk                                                        -       -       R     (arrival)           1022    -     0     -    2000    (-,-) 
  d_DoDCT_reg/q                                                          (u)     clk->q  R     unmapped_d_flop      118 45.1     0   506    2506    (-,-) 
  g172/z                                                                 (u)     in_0->z F     unmapped_not         119 41.8     0   161    2667    (-,-) 
  u_IDCT/IDRU8/g2860/z                                                   (u)     in_1->z F     unmapped_or2          19 72.2     0   154    2821    (-,-) 
  u_IDCT/IDRU8/g2728/z                                                   (u)     in_0->z F     unmapped_complex2      1  3.8     0    60    2881    (-,-) 
  u_IDCT/IDRU8/g2690/z                                                   (u)     in_1->z R     unmapped_nand2         1  4.1     0    60    2942    (-,-) 
  u_IDCT/IDRU8/g2576/z                                                   (u)     in_0->z R     unmapped_complex2      1  4.1     0    60    3002    (-,-) 
  u_IDCT/IDRU8/g2519/z                                                   (u)     in_1->z R     unmapped_or2           1  4.1     0    60    3062    (-,-) 
  u_IDCT/IDRU8/g2489/z                                                   (u)     in_0->z R     unmapped_complex2      4 16.4     0   104    3166    (-,-) 
  u_IDCT/IDRU8/add_86_45/g398/z                                          (u)     in_0->z R     unmapped_or2           1  4.1     0    60    3226    (-,-) 
  u_IDCT/IDRU8/add_86_45/g367/z                                          (u)     in_1->z F     unmapped_complex2      1  3.8     0    60    3286    (-,-) 
  u_IDCT/IDRU8/add_86_45/g42/z                                           (u)     in_1->z R     unmapped_nand2         4 16.4     0   104    3390    (-,-) 
  u_IDCT/IDRU8/add_86_45/g347/z                                          (u)     in_0->z F     unmapped_complex2      1  3.8     0    60    3450    (-,-) 
  u_IDCT/IDRU8/add_86_45/g336/z                                          (u)     in_0->z R     unmapped_complex2      5 20.5     0   110    3561    (-,-) 
  u_IDCT/IDRU8/add_86_45/g332/z                                          (u)     in_0->z F     unmapped_complex2      2  7.6     0    76    3636    (-,-) 
  u_IDCT/IDRU8/add_86_45/g314/z                                          (u)     in_1->z F     unmapped_or2           1  3.8     0    60    3696    (-,-) 
  u_IDCT/IDRU8/add_86_45/g313/z                                          (u)     in_0->z R     unmapped_complex2     10 41.0     0   126    3822    (-,-) 
  u_IDCT/IDRU8/add_86_45/g295/z                                          (u)     in_0->z F     unmapped_complex2      1  3.8     0    60    3883    (-,-) 
  u_IDCT/IDRU8/add_86_45/g288/z                                          (u)     in_0->z R     unmapped_complex2      3 12.3     0    90    3973    (-,-) 
  u_IDCT/IDRU8/add_86_45/g266/z                                          (u)     in_1->z F     unmapped_nand2         1  3.8     0    60    4033    (-,-) 
  u_IDCT/IDRU8/add_86_45/g159/z                                          (u)     in_1->z R     unmapped_nand2         2  8.2     0    76    4109    (-,-) 
  u_IDCT/IDRU8/add_86_45/g261/z                                          (u)     in_0->z R     unmapped_or2           1  4.1     0    60    4169    (-,-) 
  u_IDCT/IDRU8/add_86_45/g262/z                                          (u)     in_1->z F     unmapped_nand2         1  3.8     0    60    4229    (-,-) 
  u_IDCT/IDRU8/g2895/z                                                   (u)     in_0->z R     unmapped_complex2      1  4.1     0    60    4289    (-,-) 
  u_IDCT/IDRU8/g2314/z                                                   (u)     in_1->z F     unmapped_complex2      1  3.8     0    60    4350    (-,-) 
  u_IDCT/g822/z                                                          (u)     in_0->z R     unmapped_complex2      1  4.1     0    60    4410    (-,-) 
  u_IDCT/g733/z                                                          (u)     in_0->z F     unmapped_nand2         1  2.6     0    44    4454    (-,-) 
  u_IDCT/tposemem_Bisted_RF_2P_ADV64x16_RF_2P_ADV64x16_u0_SRAM_i0/DB[15] (P)     -       F     rf_2p_hse              1    -     -     0    4454    (-,-) 
#---------------------------------------------------------------------------------------------------------------------------------------------------------

(P) : Instance is preserved
(u) : Net has unmapped pin(s).



Path 21: MET (838 ps) Setup Check with Pin u_IDCT/tposemem_Bisted_RF_2P_ADV64x16_RF_2P_ADV64x16_u0_SRAM_i0/CLKB->DB[7]
           Mode: func_mode
          Group: C2C_func_mode
     Startpoint: (R) d_DoDCT_reg/clk
          Clock: (R) CLK1
       Endpoint: (F) u_IDCT/tposemem_Bisted_RF_2P_ADV64x16_RF_2P_ADV64x16_u0_SRAM_i0/DB[7]
          Clock: (F) CLK1

                     Capture       Launch     
        Clock Edge:+    4000            0     
       Src Latency:+       0            0     
       Net Latency:+    2000 (I)     2000 (I) 
           Arrival:=    6000         2000     
                                              
             Setup:-     223                  
       Uncertainty:-     500                  
     Required Time:=    5277                  
      Launch Clock:-    2000                  
         Data Path:-    2439                  
             Slack:=     838                  

#--------------------------------------------------------------------------------------------------------------------------------------------------------
#                             Timing Point                              Flags    Arc    Edge       Cell         Fanout Load Trans Delay Arrival Instance 
#                                                                                                                      (fF)  (ps)  (ps)   (ps)  Location 
#--------------------------------------------------------------------------------------------------------------------------------------------------------
  d_DoDCT_reg/clk                                                       -       -       R     (arrival)           1022    -     0     -    2000    (-,-) 
  d_DoDCT_reg/q                                                         (u)     clk->q  R     unmapped_d_flop      118 45.1     0   506    2506    (-,-) 
  g172/z                                                                (u)     in_0->z F     unmapped_not         119 41.8     0   161    2667    (-,-) 
  u_IDCT/IDRU8/g2860/z                                                  (u)     in_1->z F     unmapped_or2          19 72.2     0   154    2821    (-,-) 
  u_IDCT/IDRU8/g2728/z                                                  (u)     in_0->z F     unmapped_complex2      1  3.8     0    60    2881    (-,-) 
  u_IDCT/IDRU8/g2690/z                                                  (u)     in_1->z R     unmapped_nand2         1  4.1     0    60    2942    (-,-) 
  u_IDCT/IDRU8/g2576/z                                                  (u)     in_0->z R     unmapped_complex2      1  4.1     0    60    3002    (-,-) 
  u_IDCT/IDRU8/g2519/z                                                  (u)     in_1->z R     unmapped_or2           1  4.1     0    60    3062    (-,-) 
  u_IDCT/IDRU8/g2489/z                                                  (u)     in_0->z R     unmapped_complex2      4 16.4     0   104    3166    (-,-) 
  u_IDCT/IDRU8/add_86_45/g398/z                                         (u)     in_0->z R     unmapped_or2           1  4.1     0    60    3226    (-,-) 
  u_IDCT/IDRU8/add_86_45/g367/z                                         (u)     in_1->z F     unmapped_complex2      1  3.8     0    60    3286    (-,-) 
  u_IDCT/IDRU8/add_86_45/g42/z                                          (u)     in_1->z R     unmapped_nand2         4 16.4     0   104    3390    (-,-) 
  u_IDCT/IDRU8/add_86_45/g347/z                                         (u)     in_0->z F     unmapped_complex2      1  3.8     0    60    3450    (-,-) 
  u_IDCT/IDRU8/add_86_45/g336/z                                         (u)     in_0->z R     unmapped_complex2      5 20.5     0   110    3561    (-,-) 
  u_IDCT/IDRU8/add_86_45/g332/z                                         (u)     in_0->z F     unmapped_complex2      2  7.6     0    76    3636    (-,-) 
  u_IDCT/IDRU8/add_86_45/g314/z                                         (u)     in_1->z F     unmapped_or2           1  3.8     0    60    3696    (-,-) 
  u_IDCT/IDRU8/add_86_45/g313/z                                         (u)     in_0->z R     unmapped_complex2     10 41.0     0   126    3822    (-,-) 
  u_IDCT/IDRU8/add_86_45/g303/z                                         (u)     in_1->z F     unmapped_nand2         1  3.8     0    60    3883    (-,-) 
  u_IDCT/IDRU8/add_86_45/g140/z                                         (u)     in_1->z R     unmapped_nand2         2  8.2     0    76    3958    (-,-) 
  u_IDCT/IDRU8/add_86_45/g271/z                                         (u)     in_0->z R     unmapped_or2           1  4.1     0    60    4018    (-,-) 
  u_IDCT/IDRU8/add_86_45/g272/z                                         (u)     in_1->z F     unmapped_nand2         1  3.8     0    60    4079    (-,-) 
  u_IDCT/IDRU8/g2936/z                                                  (u)     in_0->z R     unmapped_complex2      1  4.1     0    60    4139    (-,-) 
  u_IDCT/IDRU8/g2915/z                                                  (u)     in_0->z F     unmapped_nand2         2  7.6     0    76    4214    (-,-) 
  u_IDCT/IDRU8/g2468/z                                                  (u)     in_0->z R     unmapped_complex2      1  4.1     0    60    4274    (-,-) 
  u_IDCT/IDRU8/g2298/z                                                  (u)     in_0->z F     unmapped_nand2         1  3.8     0    60    4335    (-,-) 
  u_IDCT/g759/z                                                         (u)     in_0->z R     unmapped_complex2      1  4.1     0    60    4395    (-,-) 
  u_IDCT/g703/z                                                         (u)     in_1->z F     unmapped_nand2         1  2.6     0    44    4439    (-,-) 
  u_IDCT/tposemem_Bisted_RF_2P_ADV64x16_RF_2P_ADV64x16_u0_SRAM_i0/DB[7] (P)     -       F     rf_2p_hse              1    -     -     0    4439    (-,-) 
#--------------------------------------------------------------------------------------------------------------------------------------------------------

(P) : Instance is preserved
(u) : Net has unmapped pin(s).



Path 22: MET (838 ps) Setup Check with Pin u_IDCT/tposemem_Bisted_RF_2P_ADV64x16_RF_2P_ADV64x16_u0_SRAM_i0/CLKB->DB[8]
           Mode: func_mode
          Group: C2C_func_mode
     Startpoint: (R) d_DoDCT_reg/clk
          Clock: (R) CLK1
       Endpoint: (F) u_IDCT/tposemem_Bisted_RF_2P_ADV64x16_RF_2P_ADV64x16_u0_SRAM_i0/DB[8]
          Clock: (F) CLK1

                     Capture       Launch     
        Clock Edge:+    4000            0     
       Src Latency:+       0            0     
       Net Latency:+    2000 (I)     2000 (I) 
           Arrival:=    6000         2000     
                                              
             Setup:-     223                  
       Uncertainty:-     500                  
     Required Time:=    5277                  
      Launch Clock:-    2000                  
         Data Path:-    2439                  
             Slack:=     838                  

#--------------------------------------------------------------------------------------------------------------------------------------------------------
#                             Timing Point                              Flags    Arc    Edge       Cell         Fanout Load Trans Delay Arrival Instance 
#                                                                                                                      (fF)  (ps)  (ps)   (ps)  Location 
#--------------------------------------------------------------------------------------------------------------------------------------------------------
  d_DoDCT_reg/clk                                                       -       -       R     (arrival)           1022    -     0     -    2000    (-,-) 
  d_DoDCT_reg/q                                                         (u)     clk->q  R     unmapped_d_flop      118 45.1     0   506    2506    (-,-) 
  g172/z                                                                (u)     in_0->z F     unmapped_not         119 41.8     0   161    2667    (-,-) 
  u_IDCT/IDRU8/g2860/z                                                  (u)     in_1->z F     unmapped_or2          19 72.2     0   154    2821    (-,-) 
  u_IDCT/IDRU8/g2728/z                                                  (u)     in_0->z F     unmapped_complex2      1  3.8     0    60    2881    (-,-) 
  u_IDCT/IDRU8/g2690/z                                                  (u)     in_1->z R     unmapped_nand2         1  4.1     0    60    2942    (-,-) 
  u_IDCT/IDRU8/g2576/z                                                  (u)     in_0->z R     unmapped_complex2      1  4.1     0    60    3002    (-,-) 
  u_IDCT/IDRU8/g2519/z                                                  (u)     in_1->z R     unmapped_or2           1  4.1     0    60    3062    (-,-) 
  u_IDCT/IDRU8/g2489/z                                                  (u)     in_0->z R     unmapped_complex2      4 16.4     0   104    3166    (-,-) 
  u_IDCT/IDRU8/add_86_45/g398/z                                         (u)     in_0->z R     unmapped_or2           1  4.1     0    60    3226    (-,-) 
  u_IDCT/IDRU8/add_86_45/g367/z                                         (u)     in_1->z F     unmapped_complex2      1  3.8     0    60    3286    (-,-) 
  u_IDCT/IDRU8/add_86_45/g42/z                                          (u)     in_1->z R     unmapped_nand2         4 16.4     0   104    3390    (-,-) 
  u_IDCT/IDRU8/add_86_45/g347/z                                         (u)     in_0->z F     unmapped_complex2      1  3.8     0    60    3450    (-,-) 
  u_IDCT/IDRU8/add_86_45/g336/z                                         (u)     in_0->z R     unmapped_complex2      5 20.5     0   110    3561    (-,-) 
  u_IDCT/IDRU8/add_86_45/g332/z                                         (u)     in_0->z F     unmapped_complex2      2  7.6     0    76    3636    (-,-) 
  u_IDCT/IDRU8/add_86_45/g314/z                                         (u)     in_1->z F     unmapped_or2           1  3.8     0    60    3696    (-,-) 
  u_IDCT/IDRU8/add_86_45/g313/z                                         (u)     in_0->z R     unmapped_complex2     10 41.0     0   126    3822    (-,-) 
  u_IDCT/IDRU8/add_86_45/g296/z                                         (u)     in_0->z F     unmapped_complex2      1  3.8     0    60    3883    (-,-) 
  u_IDCT/IDRU8/add_86_45/g291/z                                         (u)     in_0->z R     unmapped_complex2      2  8.2     0    76    3958    (-,-) 
  u_IDCT/IDRU8/add_86_45/g277/z                                         (u)     in_0->z R     unmapped_or2           1  4.1     0    60    4018    (-,-) 
  u_IDCT/IDRU8/add_86_45/g278/z                                         (u)     in_1->z F     unmapped_nand2         1  3.8     0    60    4079    (-,-) 
  u_IDCT/IDRU8/g2934/z                                                  (u)     in_0->z R     unmapped_complex2      1  4.1     0    60    4139    (-,-) 
  u_IDCT/IDRU8/g2918/z                                                  (u)     in_0->z F     unmapped_nand2         2  7.6     0    76    4214    (-,-) 
  u_IDCT/IDRU8/g2470/z                                                  (u)     in_0->z R     unmapped_complex2      1  4.1     0    60    4274    (-,-) 
  u_IDCT/IDRU8/g2295/z                                                  (u)     in_0->z F     unmapped_nand2         1  3.8     0    60    4335    (-,-) 
  u_IDCT/g808/z                                                         (u)     in_0->z R     unmapped_complex2      1  4.1     0    60    4395    (-,-) 
  u_IDCT/g712/z                                                         (u)     in_0->z F     unmapped_nand2         1  2.6     0    44    4439    (-,-) 
  u_IDCT/tposemem_Bisted_RF_2P_ADV64x16_RF_2P_ADV64x16_u0_SRAM_i0/DB[8] (P)     -       F     rf_2p_hse              1    -     -     0    4439    (-,-) 
#--------------------------------------------------------------------------------------------------------------------------------------------------------

(P) : Instance is preserved
(u) : Net has unmapped pin(s).



Path 23: MET (838 ps) Setup Check with Pin u_IDCT/tposemem_Bisted_RF_2P_ADV64x16_RF_2P_ADV64x16_u0_SRAM_i0/CLKB->DB[9]
           Mode: func_mode
          Group: C2C_func_mode
     Startpoint: (R) d_DoDCT_reg/clk
          Clock: (R) CLK1
       Endpoint: (F) u_IDCT/tposemem_Bisted_RF_2P_ADV64x16_RF_2P_ADV64x16_u0_SRAM_i0/DB[9]
          Clock: (F) CLK1

                     Capture       Launch     
        Clock Edge:+    4000            0     
       Src Latency:+       0            0     
       Net Latency:+    2000 (I)     2000 (I) 
           Arrival:=    6000         2000     
                                              
             Setup:-     223                  
       Uncertainty:-     500                  
     Required Time:=    5277                  
      Launch Clock:-    2000                  
         Data Path:-    2439                  
             Slack:=     838                  

#--------------------------------------------------------------------------------------------------------------------------------------------------------
#                             Timing Point                              Flags    Arc    Edge       Cell         Fanout Load Trans Delay Arrival Instance 
#                                                                                                                      (fF)  (ps)  (ps)   (ps)  Location 
#--------------------------------------------------------------------------------------------------------------------------------------------------------
  d_DoDCT_reg/clk                                                       -       -       R     (arrival)           1022    -     0     -    2000    (-,-) 
  d_DoDCT_reg/q                                                         (u)     clk->q  R     unmapped_d_flop      118 45.1     0   506    2506    (-,-) 
  g172/z                                                                (u)     in_0->z F     unmapped_not         119 41.8     0   161    2667    (-,-) 
  u_IDCT/IDRU8/g2860/z                                                  (u)     in_1->z F     unmapped_or2          19 72.2     0   154    2821    (-,-) 
  u_IDCT/IDRU8/g2728/z                                                  (u)     in_0->z F     unmapped_complex2      1  3.8     0    60    2881    (-,-) 
  u_IDCT/IDRU8/g2690/z                                                  (u)     in_1->z R     unmapped_nand2         1  4.1     0    60    2942    (-,-) 
  u_IDCT/IDRU8/g2576/z                                                  (u)     in_0->z R     unmapped_complex2      1  4.1     0    60    3002    (-,-) 
  u_IDCT/IDRU8/g2519/z                                                  (u)     in_1->z R     unmapped_or2           1  4.1     0    60    3062    (-,-) 
  u_IDCT/IDRU8/g2489/z                                                  (u)     in_0->z R     unmapped_complex2      4 16.4     0   104    3166    (-,-) 
  u_IDCT/IDRU8/add_86_45/g398/z                                         (u)     in_0->z R     unmapped_or2           1  4.1     0    60    3226    (-,-) 
  u_IDCT/IDRU8/add_86_45/g367/z                                         (u)     in_1->z F     unmapped_complex2      1  3.8     0    60    3286    (-,-) 
  u_IDCT/IDRU8/add_86_45/g42/z                                          (u)     in_1->z R     unmapped_nand2         4 16.4     0   104    3390    (-,-) 
  u_IDCT/IDRU8/add_86_45/g347/z                                         (u)     in_0->z F     unmapped_complex2      1  3.8     0    60    3450    (-,-) 
  u_IDCT/IDRU8/add_86_45/g336/z                                         (u)     in_0->z R     unmapped_complex2      5 20.5     0   110    3561    (-,-) 
  u_IDCT/IDRU8/add_86_45/g332/z                                         (u)     in_0->z F     unmapped_complex2      2  7.6     0    76    3636    (-,-) 
  u_IDCT/IDRU8/add_86_45/g314/z                                         (u)     in_1->z F     unmapped_or2           1  3.8     0    60    3696    (-,-) 
  u_IDCT/IDRU8/add_86_45/g313/z                                         (u)     in_0->z R     unmapped_complex2     10 41.0     0   126    3822    (-,-) 
  u_IDCT/IDRU8/add_86_45/g254/z                                         (u)     in_0->z F     unmapped_complex2      1  3.8     0    60    3883    (-,-) 
  u_IDCT/IDRU8/add_86_45/g293/z                                         (u)     in_0->z R     unmapped_complex2      2  8.2     0    76    3958    (-,-) 
  u_IDCT/IDRU8/add_86_45/g264/z                                         (u)     in_0->z R     unmapped_or2           1  4.1     0    60    4018    (-,-) 
  u_IDCT/IDRU8/add_86_45/g265/z                                         (u)     in_1->z F     unmapped_nand2         1  3.8     0    60    4079    (-,-) 
  u_IDCT/IDRU8/g2956/z                                                  (u)     in_0->z R     unmapped_complex2      1  4.1     0    60    4139    (-,-) 
  u_IDCT/IDRU8/g2928/z                                                  (u)     in_0->z F     unmapped_nand2         2  7.6     0    76    4214    (-,-) 
  u_IDCT/IDRU8/g2413/z                                                  (u)     in_0->z R     unmapped_complex2      1  4.1     0    60    4274    (-,-) 
  u_IDCT/IDRU8/g2292/z                                                  (u)     in_0->z F     unmapped_nand2         1  3.8     0    60    4335    (-,-) 
  u_IDCT/g810/z                                                         (u)     in_0->z R     unmapped_complex2      1  4.1     0    60    4395    (-,-) 
  u_IDCT/g723/z                                                         (u)     in_0->z F     unmapped_nand2         1  2.6     0    44    4439    (-,-) 
  u_IDCT/tposemem_Bisted_RF_2P_ADV64x16_RF_2P_ADV64x16_u0_SRAM_i0/DB[9] (P)     -       F     rf_2p_hse              1    -     -     0    4439    (-,-) 
#--------------------------------------------------------------------------------------------------------------------------------------------------------

(P) : Instance is preserved
(u) : Net has unmapped pin(s).



Path 24: MET (838 ps) Setup Check with Pin u_IDCT/tposemem_Bisted_RF_2P_ADV64x16_RF_2P_ADV64x16_u0_SRAM_i0/CLKB->DB[10]
           Mode: func_mode
          Group: C2C_func_mode
     Startpoint: (R) d_DoDCT_reg/clk
          Clock: (R) CLK1
       Endpoint: (F) u_IDCT/tposemem_Bisted_RF_2P_ADV64x16_RF_2P_ADV64x16_u0_SRAM_i0/DB[10]
          Clock: (F) CLK1

                     Capture       Launch     
        Clock Edge:+    4000            0     
       Src Latency:+       0            0     
       Net Latency:+    2000 (I)     2000 (I) 
           Arrival:=    6000         2000     
                                              
             Setup:-     223                  
       Uncertainty:-     500                  
     Required Time:=    5277                  
      Launch Clock:-    2000                  
         Data Path:-    2439                  
             Slack:=     838                  

#---------------------------------------------------------------------------------------------------------------------------------------------------------
#                             Timing Point                               Flags    Arc    Edge       Cell         Fanout Load Trans Delay Arrival Instance 
#                                                                                                                       (fF)  (ps)  (ps)   (ps)  Location 
#---------------------------------------------------------------------------------------------------------------------------------------------------------
  d_DoDCT_reg/clk                                                        -       -       R     (arrival)           1022    -     0     -    2000    (-,-) 
  d_DoDCT_reg/q                                                          (u)     clk->q  R     unmapped_d_flop      118 45.1     0   506    2506    (-,-) 
  g172/z                                                                 (u)     in_0->z F     unmapped_not         119 41.8     0   161    2667    (-,-) 
  u_IDCT/IDRU8/g2860/z                                                   (u)     in_1->z F     unmapped_or2          19 72.2     0   154    2821    (-,-) 
  u_IDCT/IDRU8/g2728/z                                                   (u)     in_0->z F     unmapped_complex2      1  3.8     0    60    2881    (-,-) 
  u_IDCT/IDRU8/g2690/z                                                   (u)     in_1->z R     unmapped_nand2         1  4.1     0    60    2942    (-,-) 
  u_IDCT/IDRU8/g2576/z                                                   (u)     in_0->z R     unmapped_complex2      1  4.1     0    60    3002    (-,-) 
  u_IDCT/IDRU8/g2519/z                                                   (u)     in_1->z R     unmapped_or2           1  4.1     0    60    3062    (-,-) 
  u_IDCT/IDRU8/g2489/z                                                   (u)     in_0->z R     unmapped_complex2      4 16.4     0   104    3166    (-,-) 
  u_IDCT/IDRU8/add_86_45/g398/z                                          (u)     in_0->z R     unmapped_or2           1  4.1     0    60    3226    (-,-) 
  u_IDCT/IDRU8/add_86_45/g367/z                                          (u)     in_1->z F     unmapped_complex2      1  3.8     0    60    3286    (-,-) 
  u_IDCT/IDRU8/add_86_45/g42/z                                           (u)     in_1->z R     unmapped_nand2         4 16.4     0   104    3390    (-,-) 
  u_IDCT/IDRU8/add_86_45/g347/z                                          (u)     in_0->z F     unmapped_complex2      1  3.8     0    60    3450    (-,-) 
  u_IDCT/IDRU8/add_86_45/g336/z                                          (u)     in_0->z R     unmapped_complex2      5 20.5     0   110    3561    (-,-) 
  u_IDCT/IDRU8/add_86_45/g332/z                                          (u)     in_0->z F     unmapped_complex2      2  7.6     0    76    3636    (-,-) 
  u_IDCT/IDRU8/add_86_45/g314/z                                          (u)     in_1->z F     unmapped_or2           1  3.8     0    60    3696    (-,-) 
  u_IDCT/IDRU8/add_86_45/g313/z                                          (u)     in_0->z R     unmapped_complex2     10 41.0     0   126    3822    (-,-) 
  u_IDCT/IDRU8/add_86_45/g255/z                                          (u)     in_0->z F     unmapped_complex2      1  3.8     0    60    3883    (-,-) 
  u_IDCT/IDRU8/add_86_45/g290/z                                          (u)     in_0->z R     unmapped_complex2      2  8.2     0    76    3958    (-,-) 
  u_IDCT/IDRU8/add_86_45/g283/z                                          (u)     in_0->z R     unmapped_or2           1  4.1     0    60    4018    (-,-) 
  u_IDCT/IDRU8/add_86_45/g284/z                                          (u)     in_1->z F     unmapped_nand2         1  3.8     0    60    4079    (-,-) 
  u_IDCT/IDRU8/g2929/z                                                   (u)     in_0->z R     unmapped_complex2      1  4.1     0    60    4139    (-,-) 
  u_IDCT/IDRU8/g2926/z                                                   (u)     in_0->z F     unmapped_nand2         2  7.6     0    76    4214    (-,-) 
  u_IDCT/IDRU8/g2415/z                                                   (u)     in_0->z R     unmapped_complex2      1  4.1     0    60    4274    (-,-) 
  u_IDCT/IDRU8/g2290/z                                                   (u)     in_0->z F     unmapped_nand2         1  3.8     0    60    4335    (-,-) 
  u_IDCT/g812/z                                                          (u)     in_0->z R     unmapped_complex2      1  4.1     0    60    4395    (-,-) 
  u_IDCT/g736/z                                                          (u)     in_0->z F     unmapped_nand2         1  2.6     0    44    4439    (-,-) 
  u_IDCT/tposemem_Bisted_RF_2P_ADV64x16_RF_2P_ADV64x16_u0_SRAM_i0/DB[10] (P)     -       F     rf_2p_hse              1    -     -     0    4439    (-,-) 
#---------------------------------------------------------------------------------------------------------------------------------------------------------

(P) : Instance is preserved
(u) : Net has unmapped pin(s).



Path 25: MET (838 ps) Setup Check with Pin u_IDCT/tposemem_Bisted_RF_2P_ADV64x16_RF_2P_ADV64x16_u0_SRAM_i0/CLKB->DB[11]
           Mode: func_mode
          Group: C2C_func_mode
     Startpoint: (R) d_DoDCT_reg/clk
          Clock: (R) CLK1
       Endpoint: (F) u_IDCT/tposemem_Bisted_RF_2P_ADV64x16_RF_2P_ADV64x16_u0_SRAM_i0/DB[11]
          Clock: (F) CLK1

                     Capture       Launch     
        Clock Edge:+    4000            0     
       Src Latency:+       0            0     
       Net Latency:+    2000 (I)     2000 (I) 
           Arrival:=    6000         2000     
                                              
             Setup:-     223                  
       Uncertainty:-     500                  
     Required Time:=    5277                  
      Launch Clock:-    2000                  
         Data Path:-    2439                  
             Slack:=     838                  

#---------------------------------------------------------------------------------------------------------------------------------------------------------
#                             Timing Point                               Flags    Arc    Edge       Cell         Fanout Load Trans Delay Arrival Instance 
#                                                                                                                       (fF)  (ps)  (ps)   (ps)  Location 
#---------------------------------------------------------------------------------------------------------------------------------------------------------
  d_DoDCT_reg/clk                                                        -       -       R     (arrival)           1022    -     0     -    2000    (-,-) 
  d_DoDCT_reg/q                                                          (u)     clk->q  R     unmapped_d_flop      118 45.1     0   506    2506    (-,-) 
  g172/z                                                                 (u)     in_0->z F     unmapped_not         119 41.8     0   161    2667    (-,-) 
  u_IDCT/IDRU8/g2860/z                                                   (u)     in_1->z F     unmapped_or2          19 72.2     0   154    2821    (-,-) 
  u_IDCT/IDRU8/g2728/z                                                   (u)     in_0->z F     unmapped_complex2      1  3.8     0    60    2881    (-,-) 
  u_IDCT/IDRU8/g2690/z                                                   (u)     in_1->z R     unmapped_nand2         1  4.1     0    60    2942    (-,-) 
  u_IDCT/IDRU8/g2576/z                                                   (u)     in_0->z R     unmapped_complex2      1  4.1     0    60    3002    (-,-) 
  u_IDCT/IDRU8/g2519/z                                                   (u)     in_1->z R     unmapped_or2           1  4.1     0    60    3062    (-,-) 
  u_IDCT/IDRU8/g2489/z                                                   (u)     in_0->z R     unmapped_complex2      4 16.4     0   104    3166    (-,-) 
  u_IDCT/IDRU8/add_86_45/g398/z                                          (u)     in_0->z R     unmapped_or2           1  4.1     0    60    3226    (-,-) 
  u_IDCT/IDRU8/add_86_45/g367/z                                          (u)     in_1->z F     unmapped_complex2      1  3.8     0    60    3286    (-,-) 
  u_IDCT/IDRU8/add_86_45/g42/z                                           (u)     in_1->z R     unmapped_nand2         4 16.4     0   104    3390    (-,-) 
  u_IDCT/IDRU8/add_86_45/g347/z                                          (u)     in_0->z F     unmapped_complex2      1  3.8     0    60    3450    (-,-) 
  u_IDCT/IDRU8/add_86_45/g336/z                                          (u)     in_0->z R     unmapped_complex2      5 20.5     0   110    3561    (-,-) 
  u_IDCT/IDRU8/add_86_45/g332/z                                          (u)     in_0->z F     unmapped_complex2      2  7.6     0    76    3636    (-,-) 
  u_IDCT/IDRU8/add_86_45/g314/z                                          (u)     in_1->z F     unmapped_or2           1  3.8     0    60    3696    (-,-) 
  u_IDCT/IDRU8/add_86_45/g313/z                                          (u)     in_0->z R     unmapped_complex2     10 41.0     0   126    3822    (-,-) 
  u_IDCT/IDRU8/add_86_45/g298/z                                          (u)     in_0->z F     unmapped_complex2      1  3.8     0    60    3883    (-,-) 
  u_IDCT/IDRU8/add_86_45/g294/z                                          (u)     in_0->z R     unmapped_complex2      2  8.2     0    76    3958    (-,-) 
  u_IDCT/IDRU8/add_86_45/g268/z                                          (u)     in_0->z R     unmapped_or2           1  4.1     0    60    4018    (-,-) 
  u_IDCT/IDRU8/add_86_45/g269/z                                          (u)     in_1->z F     unmapped_nand2         1  3.8     0    60    4079    (-,-) 
  u_IDCT/IDRU8/g2969/z                                                   (u)     in_0->z R     unmapped_complex2      1  4.1     0    60    4139    (-,-) 
  u_IDCT/IDRU8/g2893/z                                                   (u)     in_0->z F     unmapped_nand2         2  7.6     0    76    4214    (-,-) 
  u_IDCT/IDRU8/g2416/z                                                   (u)     in_0->z R     unmapped_complex2      1  4.1     0    60    4274    (-,-) 
  u_IDCT/IDRU8/g2294/z                                                   (u)     in_0->z F     unmapped_nand2         1  3.8     0    60    4335    (-,-) 
  u_IDCT/g814/z                                                          (u)     in_0->z R     unmapped_complex2      1  4.1     0    60    4395    (-,-) 
  u_IDCT/g742/z                                                          (u)     in_0->z F     unmapped_nand2         1  2.6     0    44    4439    (-,-) 
  u_IDCT/tposemem_Bisted_RF_2P_ADV64x16_RF_2P_ADV64x16_u0_SRAM_i0/DB[11] (P)     -       F     rf_2p_hse              1    -     -     0    4439    (-,-) 
#---------------------------------------------------------------------------------------------------------------------------------------------------------

(P) : Instance is preserved
(u) : Net has unmapped pin(s).



Path 26: MET (838 ps) Setup Check with Pin u_IDCT/tposemem_Bisted_RF_2P_ADV64x16_RF_2P_ADV64x16_u0_SRAM_i0/CLKB->DB[12]
           Mode: func_mode
          Group: C2C_func_mode
     Startpoint: (R) d_DoDCT_reg/clk
          Clock: (R) CLK1
       Endpoint: (F) u_IDCT/tposemem_Bisted_RF_2P_ADV64x16_RF_2P_ADV64x16_u0_SRAM_i0/DB[12]
          Clock: (F) CLK1

                     Capture       Launch     
        Clock Edge:+    4000            0     
       Src Latency:+       0            0     
       Net Latency:+    2000 (I)     2000 (I) 
           Arrival:=    6000         2000     
                                              
             Setup:-     223                  
       Uncertainty:-     500                  
     Required Time:=    5277                  
      Launch Clock:-    2000                  
         Data Path:-    2439                  
             Slack:=     838                  

#---------------------------------------------------------------------------------------------------------------------------------------------------------
#                             Timing Point                               Flags    Arc    Edge       Cell         Fanout Load Trans Delay Arrival Instance 
#                                                                                                                       (fF)  (ps)  (ps)   (ps)  Location 
#---------------------------------------------------------------------------------------------------------------------------------------------------------
  d_DoDCT_reg/clk                                                        -       -       R     (arrival)           1022    -     0     -    2000    (-,-) 
  d_DoDCT_reg/q                                                          (u)     clk->q  R     unmapped_d_flop      118 45.1     0   506    2506    (-,-) 
  g172/z                                                                 (u)     in_0->z F     unmapped_not         119 41.8     0   161    2667    (-,-) 
  u_IDCT/IDRU8/g2860/z                                                   (u)     in_1->z F     unmapped_or2          19 72.2     0   154    2821    (-,-) 
  u_IDCT/IDRU8/g2728/z                                                   (u)     in_0->z F     unmapped_complex2      1  3.8     0    60    2881    (-,-) 
  u_IDCT/IDRU8/g2690/z                                                   (u)     in_1->z R     unmapped_nand2         1  4.1     0    60    2942    (-,-) 
  u_IDCT/IDRU8/g2576/z                                                   (u)     in_0->z R     unmapped_complex2      1  4.1     0    60    3002    (-,-) 
  u_IDCT/IDRU8/g2519/z                                                   (u)     in_1->z R     unmapped_or2           1  4.1     0    60    3062    (-,-) 
  u_IDCT/IDRU8/g2489/z                                                   (u)     in_0->z R     unmapped_complex2      4 16.4     0   104    3166    (-,-) 
  u_IDCT/IDRU8/add_86_45/g398/z                                          (u)     in_0->z R     unmapped_or2           1  4.1     0    60    3226    (-,-) 
  u_IDCT/IDRU8/add_86_45/g367/z                                          (u)     in_1->z F     unmapped_complex2      1  3.8     0    60    3286    (-,-) 
  u_IDCT/IDRU8/add_86_45/g42/z                                           (u)     in_1->z R     unmapped_nand2         4 16.4     0   104    3390    (-,-) 
  u_IDCT/IDRU8/add_86_45/g347/z                                          (u)     in_0->z F     unmapped_complex2      1  3.8     0    60    3450    (-,-) 
  u_IDCT/IDRU8/add_86_45/g336/z                                          (u)     in_0->z R     unmapped_complex2      5 20.5     0   110    3561    (-,-) 
  u_IDCT/IDRU8/add_86_45/g332/z                                          (u)     in_0->z F     unmapped_complex2      2  7.6     0    76    3636    (-,-) 
  u_IDCT/IDRU8/add_86_45/g314/z                                          (u)     in_1->z F     unmapped_or2           1  3.8     0    60    3696    (-,-) 
  u_IDCT/IDRU8/add_86_45/g313/z                                          (u)     in_0->z R     unmapped_complex2     10 41.0     0   126    3822    (-,-) 
  u_IDCT/IDRU8/add_86_45/g302/z                                          (u)     in_0->z F     unmapped_complex2      1  3.8     0    60    3883    (-,-) 
  u_IDCT/IDRU8/add_86_45/g292/z                                          (u)     in_0->z R     unmapped_complex2      2  8.2     0    76    3958    (-,-) 
  u_IDCT/IDRU8/add_86_45/g286/z                                          (u)     in_0->z R     unmapped_or2           1  4.1     0    60    4018    (-,-) 
  u_IDCT/IDRU8/add_86_45/g287/z                                          (u)     in_1->z F     unmapped_nand2         1  3.8     0    60    4079    (-,-) 
  u_IDCT/IDRU8/g2942/z                                                   (u)     in_0->z R     unmapped_complex2      1  4.1     0    60    4139    (-,-) 
  u_IDCT/IDRU8/g2913/z                                                   (u)     in_0->z F     unmapped_nand2         2  7.6     0    76    4214    (-,-) 
  u_IDCT/IDRU8/g2418/z                                                   (u)     in_0->z R     unmapped_complex2      1  4.1     0    60    4274    (-,-) 
  u_IDCT/IDRU8/g2299/z                                                   (u)     in_0->z F     unmapped_nand2         1  3.8     0    60    4335    (-,-) 
  u_IDCT/g816/z                                                          (u)     in_0->z R     unmapped_complex2      1  4.1     0    60    4395    (-,-) 
  u_IDCT/g750/z                                                          (u)     in_0->z F     unmapped_nand2         1  2.6     0    44    4439    (-,-) 
  u_IDCT/tposemem_Bisted_RF_2P_ADV64x16_RF_2P_ADV64x16_u0_SRAM_i0/DB[12] (P)     -       F     rf_2p_hse              1    -     -     0    4439    (-,-) 
#---------------------------------------------------------------------------------------------------------------------------------------------------------

(P) : Instance is preserved
(u) : Net has unmapped pin(s).



Path 27: MET (838 ps) Setup Check with Pin u_IDCT/tposemem_Bisted_RF_2P_ADV64x16_RF_2P_ADV64x16_u0_SRAM_i0/CLKB->DB[13]
           Mode: func_mode
          Group: C2C_func_mode
     Startpoint: (R) d_DoDCT_reg/clk
          Clock: (R) CLK1
       Endpoint: (F) u_IDCT/tposemem_Bisted_RF_2P_ADV64x16_RF_2P_ADV64x16_u0_SRAM_i0/DB[13]
          Clock: (F) CLK1

                     Capture       Launch     
        Clock Edge:+    4000            0     
       Src Latency:+       0            0     
       Net Latency:+    2000 (I)     2000 (I) 
           Arrival:=    6000         2000     
                                              
             Setup:-     223                  
       Uncertainty:-     500                  
     Required Time:=    5277                  
      Launch Clock:-    2000                  
         Data Path:-    2439                  
             Slack:=     838                  

#---------------------------------------------------------------------------------------------------------------------------------------------------------
#                             Timing Point                               Flags    Arc    Edge       Cell         Fanout Load Trans Delay Arrival Instance 
#                                                                                                                       (fF)  (ps)  (ps)   (ps)  Location 
#---------------------------------------------------------------------------------------------------------------------------------------------------------
  d_DoDCT_reg/clk                                                        -       -       R     (arrival)           1022    -     0     -    2000    (-,-) 
  d_DoDCT_reg/q                                                          (u)     clk->q  R     unmapped_d_flop      118 45.1     0   506    2506    (-,-) 
  g172/z                                                                 (u)     in_0->z F     unmapped_not         119 41.8     0   161    2667    (-,-) 
  u_IDCT/IDRU8/g2860/z                                                   (u)     in_1->z F     unmapped_or2          19 72.2     0   154    2821    (-,-) 
  u_IDCT/IDRU8/g2728/z                                                   (u)     in_0->z F     unmapped_complex2      1  3.8     0    60    2881    (-,-) 
  u_IDCT/IDRU8/g2690/z                                                   (u)     in_1->z R     unmapped_nand2         1  4.1     0    60    2942    (-,-) 
  u_IDCT/IDRU8/g2576/z                                                   (u)     in_0->z R     unmapped_complex2      1  4.1     0    60    3002    (-,-) 
  u_IDCT/IDRU8/g2519/z                                                   (u)     in_1->z R     unmapped_or2           1  4.1     0    60    3062    (-,-) 
  u_IDCT/IDRU8/g2489/z                                                   (u)     in_0->z R     unmapped_complex2      4 16.4     0   104    3166    (-,-) 
  u_IDCT/IDRU8/add_86_45/g398/z                                          (u)     in_0->z R     unmapped_or2           1  4.1     0    60    3226    (-,-) 
  u_IDCT/IDRU8/add_86_45/g367/z                                          (u)     in_1->z F     unmapped_complex2      1  3.8     0    60    3286    (-,-) 
  u_IDCT/IDRU8/add_86_45/g42/z                                           (u)     in_1->z R     unmapped_nand2         4 16.4     0   104    3390    (-,-) 
  u_IDCT/IDRU8/add_86_45/g347/z                                          (u)     in_0->z F     unmapped_complex2      1  3.8     0    60    3450    (-,-) 
  u_IDCT/IDRU8/add_86_45/g336/z                                          (u)     in_0->z R     unmapped_complex2      5 20.5     0   110    3561    (-,-) 
  u_IDCT/IDRU8/add_86_45/g332/z                                          (u)     in_0->z F     unmapped_complex2      2  7.6     0    76    3636    (-,-) 
  u_IDCT/IDRU8/add_86_45/g314/z                                          (u)     in_1->z F     unmapped_or2           1  3.8     0    60    3696    (-,-) 
  u_IDCT/IDRU8/add_86_45/g313/z                                          (u)     in_0->z R     unmapped_complex2     10 41.0     0   126    3822    (-,-) 
  u_IDCT/IDRU8/add_86_45/g297/z                                          (u)     in_0->z F     unmapped_complex2      1  3.8     0    60    3883    (-,-) 
  u_IDCT/IDRU8/add_86_45/g289/z                                          (u)     in_0->z R     unmapped_complex2      2  8.2     0    76    3958    (-,-) 
  u_IDCT/IDRU8/add_86_45/g280/z                                          (u)     in_0->z R     unmapped_or2           1  4.1     0    60    4018    (-,-) 
  u_IDCT/IDRU8/add_86_45/g281/z                                          (u)     in_1->z F     unmapped_nand2         1  3.8     0    60    4079    (-,-) 
  u_IDCT/IDRU8/g2931/z                                                   (u)     in_0->z R     unmapped_complex2      1  4.1     0    60    4139    (-,-) 
  u_IDCT/IDRU8/g2925/z                                                   (u)     in_0->z F     unmapped_nand2         2  7.6     0    76    4214    (-,-) 
  u_IDCT/IDRU8/g2433/z                                                   (u)     in_0->z R     unmapped_complex2      1  4.1     0    60    4274    (-,-) 
  u_IDCT/IDRU8/g2301/z                                                   (u)     in_0->z F     unmapped_nand2         1  3.8     0    60    4335    (-,-) 
  u_IDCT/g818/z                                                          (u)     in_0->z R     unmapped_complex2      1  4.1     0    60    4395    (-,-) 
  u_IDCT/g702/z                                                          (u)     in_0->z F     unmapped_nand2         1  2.6     0    44    4439    (-,-) 
  u_IDCT/tposemem_Bisted_RF_2P_ADV64x16_RF_2P_ADV64x16_u0_SRAM_i0/DB[13] (P)     -       F     rf_2p_hse              1    -     -     0    4439    (-,-) 
#---------------------------------------------------------------------------------------------------------------------------------------------------------

(P) : Instance is preserved
(u) : Net has unmapped pin(s).



Path 28: MET (909 ps) Setup Check with Pin u_DCT/tposemem_Bisted_RF_2P_ADV64x16_RF_2P_ADV64x16_u0_SRAM_i0/CLKB->DB[15]
           Mode: func_mode
          Group: C2C_func_mode
     Startpoint: (R) d_DoDCT_reg/clk
          Clock: (R) CLK1
       Endpoint: (F) u_DCT/tposemem_Bisted_RF_2P_ADV64x16_RF_2P_ADV64x16_u0_SRAM_i0/DB[15]
          Clock: (F) CLK1

                     Capture       Launch     
        Clock Edge:+    4000            0     
       Src Latency:+       0            0     
       Net Latency:+    2000 (I)     2000 (I) 
           Arrival:=    6000         2000     
                                              
             Setup:-     223                  
       Uncertainty:-     500                  
     Required Time:=    5277                  
      Launch Clock:-    2000                  
         Data Path:-    2368                  
             Slack:=     909                  

#--------------------------------------------------------------------------------------------------------------------------------------------------------
#                             Timing Point                              Flags    Arc    Edge       Cell         Fanout Load Trans Delay Arrival Instance 
#                                                                                                                      (fF)  (ps)  (ps)   (ps)  Location 
#--------------------------------------------------------------------------------------------------------------------------------------------------------
  d_DoDCT_reg/clk                                                       -       -       R     (arrival)           1022    -     0     -    2000    (-,-) 
  d_DoDCT_reg/q                                                         (u)     clk->q  F     unmapped_d_flop      118 41.8     0   506    2506    (-,-) 
  u_DCT/IDRU8/g2883/z                                                   (u)     in_1->z F     unmapped_complex2      2  7.6     0    76    2582    (-,-) 
  u_DCT/IDRU8/g2860/z                                                   (u)     in_0->z F     unmapped_complex2     19 72.2     0   154    2736    (-,-) 
  u_DCT/IDRU8/g2728/z                                                   (u)     in_0->z F     unmapped_complex2      1  3.8     0    60    2796    (-,-) 
  u_DCT/IDRU8/g2690/z                                                   (u)     in_1->z R     unmapped_nand2         1  4.1     0    60    2856    (-,-) 
  u_DCT/IDRU8/g2576/z                                                   (u)     in_0->z R     unmapped_complex2      1  4.1     0    60    2916    (-,-) 
  u_DCT/IDRU8/g2519/z                                                   (u)     in_1->z R     unmapped_or2           1  4.1     0    60    2976    (-,-) 
  u_DCT/IDRU8/g2489/z                                                   (u)     in_0->z R     unmapped_complex2      4 16.4     0   104    3080    (-,-) 
  u_DCT/IDRU8/add_86_45/g398/z                                          (u)     in_0->z R     unmapped_or2           1  4.1     0    60    3140    (-,-) 
  u_DCT/IDRU8/add_86_45/g367/z                                          (u)     in_1->z F     unmapped_complex2      1  3.8     0    60    3201    (-,-) 
  u_DCT/IDRU8/add_86_45/g42/z                                           (u)     in_1->z R     unmapped_nand2         4 16.4     0   104    3304    (-,-) 
  u_DCT/IDRU8/add_86_45/g347/z                                          (u)     in_0->z F     unmapped_complex2      1  3.8     0    60    3365    (-,-) 
  u_DCT/IDRU8/add_86_45/g336/z                                          (u)     in_0->z R     unmapped_complex2      5 20.5     0   110    3475    (-,-) 
  u_DCT/IDRU8/add_86_45/g332/z                                          (u)     in_0->z F     unmapped_complex2      2  7.6     0    76    3551    (-,-) 
  u_DCT/IDRU8/add_86_45/g314/z                                          (u)     in_1->z F     unmapped_or2           1  3.8     0    60    3611    (-,-) 
  u_DCT/IDRU8/add_86_45/g313/z                                          (u)     in_0->z R     unmapped_complex2     10 41.0     0   126    3737    (-,-) 
  u_DCT/IDRU8/add_86_45/g295/z                                          (u)     in_0->z F     unmapped_complex2      1  3.8     0    60    3797    (-,-) 
  u_DCT/IDRU8/add_86_45/g288/z                                          (u)     in_0->z R     unmapped_complex2      3 12.3     0    90    3887    (-,-) 
  u_DCT/IDRU8/add_86_45/g266/z                                          (u)     in_1->z F     unmapped_nand2         1  3.8     0    60    3948    (-,-) 
  u_DCT/IDRU8/add_86_45/g159/z                                          (u)     in_1->z R     unmapped_nand2         2  8.2     0    76    4023    (-,-) 
  u_DCT/IDRU8/add_86_45/g261/z                                          (u)     in_0->z R     unmapped_or2           1  4.1     0    60    4083    (-,-) 
  u_DCT/IDRU8/add_86_45/g262/z                                          (u)     in_1->z F     unmapped_nand2         1  3.8     0    60    4144    (-,-) 
  u_DCT/IDRU8/g2895/z                                                   (u)     in_0->z R     unmapped_complex2      1  4.1     0    60    4204    (-,-) 
  u_DCT/IDRU8/g2314/z                                                   (u)     in_1->z F     unmapped_complex2      1  3.8     0    60    4264    (-,-) 
  u_DCT/g822/z                                                          (u)     in_0->z R     unmapped_complex2      1  4.1     0    60    4324    (-,-) 
  u_DCT/g733/z                                                          (u)     in_0->z F     unmapped_nand2         1  2.6     0    44    4368    (-,-) 
  u_DCT/tposemem_Bisted_RF_2P_ADV64x16_RF_2P_ADV64x16_u0_SRAM_i0/DB[15] (P)     -       F     rf_2p_hse              1    -     -     0    4368    (-,-) 
#--------------------------------------------------------------------------------------------------------------------------------------------------------

(P) : Instance is preserved
(u) : Net has unmapped pin(s).



Path 29: MET (924 ps) Setup Check with Pin u_DCT/tposemem_Bisted_RF_2P_ADV64x16_RF_2P_ADV64x16_u0_SRAM_i0/CLKB->DB[7]
           Mode: func_mode
          Group: C2C_func_mode
     Startpoint: (R) d_DoDCT_reg/clk
          Clock: (R) CLK1
       Endpoint: (F) u_DCT/tposemem_Bisted_RF_2P_ADV64x16_RF_2P_ADV64x16_u0_SRAM_i0/DB[7]
          Clock: (F) CLK1

                     Capture       Launch     
        Clock Edge:+    4000            0     
       Src Latency:+       0            0     
       Net Latency:+    2000 (I)     2000 (I) 
           Arrival:=    6000         2000     
                                              
             Setup:-     223                  
       Uncertainty:-     500                  
     Required Time:=    5277                  
      Launch Clock:-    2000                  
         Data Path:-    2353                  
             Slack:=     924                  

#-------------------------------------------------------------------------------------------------------------------------------------------------------
#                            Timing Point                              Flags    Arc    Edge       Cell         Fanout Load Trans Delay Arrival Instance 
#                                                                                                                     (fF)  (ps)  (ps)   (ps)  Location 
#-------------------------------------------------------------------------------------------------------------------------------------------------------
  d_DoDCT_reg/clk                                                      -       -       R     (arrival)           1022    -     0     -    2000    (-,-) 
  d_DoDCT_reg/q                                                        (u)     clk->q  F     unmapped_d_flop      118 41.8     0   506    2506    (-,-) 
  u_DCT/IDRU8/g2883/z                                                  (u)     in_1->z F     unmapped_complex2      2  7.6     0    76    2582    (-,-) 
  u_DCT/IDRU8/g2860/z                                                  (u)     in_0->z F     unmapped_complex2     19 72.2     0   154    2736    (-,-) 
  u_DCT/IDRU8/g2728/z                                                  (u)     in_0->z F     unmapped_complex2      1  3.8     0    60    2796    (-,-) 
  u_DCT/IDRU8/g2690/z                                                  (u)     in_1->z R     unmapped_nand2         1  4.1     0    60    2856    (-,-) 
  u_DCT/IDRU8/g2576/z                                                  (u)     in_0->z R     unmapped_complex2      1  4.1     0    60    2916    (-,-) 
  u_DCT/IDRU8/g2519/z                                                  (u)     in_1->z R     unmapped_or2           1  4.1     0    60    2976    (-,-) 
  u_DCT/IDRU8/g2489/z                                                  (u)     in_0->z R     unmapped_complex2      4 16.4     0   104    3080    (-,-) 
  u_DCT/IDRU8/add_86_45/g398/z                                         (u)     in_0->z R     unmapped_or2           1  4.1     0    60    3140    (-,-) 
  u_DCT/IDRU8/add_86_45/g367/z                                         (u)     in_1->z F     unmapped_complex2      1  3.8     0    60    3201    (-,-) 
  u_DCT/IDRU8/add_86_45/g42/z                                          (u)     in_1->z R     unmapped_nand2         4 16.4     0   104    3304    (-,-) 
  u_DCT/IDRU8/add_86_45/g347/z                                         (u)     in_0->z F     unmapped_complex2      1  3.8     0    60    3365    (-,-) 
  u_DCT/IDRU8/add_86_45/g336/z                                         (u)     in_0->z R     unmapped_complex2      5 20.5     0   110    3475    (-,-) 
  u_DCT/IDRU8/add_86_45/g332/z                                         (u)     in_0->z F     unmapped_complex2      2  7.6     0    76    3551    (-,-) 
  u_DCT/IDRU8/add_86_45/g314/z                                         (u)     in_1->z F     unmapped_or2           1  3.8     0    60    3611    (-,-) 
  u_DCT/IDRU8/add_86_45/g313/z                                         (u)     in_0->z R     unmapped_complex2     10 41.0     0   126    3737    (-,-) 
  u_DCT/IDRU8/add_86_45/g303/z                                         (u)     in_1->z F     unmapped_nand2         1  3.8     0    60    3797    (-,-) 
  u_DCT/IDRU8/add_86_45/g140/z                                         (u)     in_1->z R     unmapped_nand2         2  8.2     0    76    3873    (-,-) 
  u_DCT/IDRU8/add_86_45/g271/z                                         (u)     in_0->z R     unmapped_or2           1  4.1     0    60    3933    (-,-) 
  u_DCT/IDRU8/add_86_45/g272/z                                         (u)     in_1->z F     unmapped_nand2         1  3.8     0    60    3993    (-,-) 
  u_DCT/IDRU8/g2936/z                                                  (u)     in_0->z R     unmapped_complex2      1  4.1     0    60    4053    (-,-) 
  u_DCT/IDRU8/g2915/z                                                  (u)     in_0->z F     unmapped_nand2         2  7.6     0    76    4129    (-,-) 
  u_DCT/IDRU8/g2468/z                                                  (u)     in_0->z R     unmapped_complex2      1  4.1     0    60    4189    (-,-) 
  u_DCT/IDRU8/g2298/z                                                  (u)     in_0->z F     unmapped_nand2         1  3.8     0    60    4249    (-,-) 
  u_DCT/g759/z                                                         (u)     in_0->z R     unmapped_complex2      1  4.1     0    60    4309    (-,-) 
  u_DCT/g703/z                                                         (u)     in_1->z F     unmapped_nand2         1  2.6     0    44    4353    (-,-) 
  u_DCT/tposemem_Bisted_RF_2P_ADV64x16_RF_2P_ADV64x16_u0_SRAM_i0/DB[7] (P)     -       F     rf_2p_hse              1    -     -     0    4353    (-,-) 
#-------------------------------------------------------------------------------------------------------------------------------------------------------

(P) : Instance is preserved
(u) : Net has unmapped pin(s).



Path 30: MET (924 ps) Setup Check with Pin u_DCT/tposemem_Bisted_RF_2P_ADV64x16_RF_2P_ADV64x16_u0_SRAM_i0/CLKB->DB[8]
           Mode: func_mode
          Group: C2C_func_mode
     Startpoint: (R) d_DoDCT_reg/clk
          Clock: (R) CLK1
       Endpoint: (F) u_DCT/tposemem_Bisted_RF_2P_ADV64x16_RF_2P_ADV64x16_u0_SRAM_i0/DB[8]
          Clock: (F) CLK1

                     Capture       Launch     
        Clock Edge:+    4000            0     
       Src Latency:+       0            0     
       Net Latency:+    2000 (I)     2000 (I) 
           Arrival:=    6000         2000     
                                              
             Setup:-     223                  
       Uncertainty:-     500                  
     Required Time:=    5277                  
      Launch Clock:-    2000                  
         Data Path:-    2353                  
             Slack:=     924                  

#-------------------------------------------------------------------------------------------------------------------------------------------------------
#                            Timing Point                              Flags    Arc    Edge       Cell         Fanout Load Trans Delay Arrival Instance 
#                                                                                                                     (fF)  (ps)  (ps)   (ps)  Location 
#-------------------------------------------------------------------------------------------------------------------------------------------------------
  d_DoDCT_reg/clk                                                      -       -       R     (arrival)           1022    -     0     -    2000    (-,-) 
  d_DoDCT_reg/q                                                        (u)     clk->q  F     unmapped_d_flop      118 41.8     0   506    2506    (-,-) 
  u_DCT/IDRU8/g2883/z                                                  (u)     in_1->z F     unmapped_complex2      2  7.6     0    76    2582    (-,-) 
  u_DCT/IDRU8/g2860/z                                                  (u)     in_0->z F     unmapped_complex2     19 72.2     0   154    2736    (-,-) 
  u_DCT/IDRU8/g2728/z                                                  (u)     in_0->z F     unmapped_complex2      1  3.8     0    60    2796    (-,-) 
  u_DCT/IDRU8/g2690/z                                                  (u)     in_1->z R     unmapped_nand2         1  4.1     0    60    2856    (-,-) 
  u_DCT/IDRU8/g2576/z                                                  (u)     in_0->z R     unmapped_complex2      1  4.1     0    60    2916    (-,-) 
  u_DCT/IDRU8/g2519/z                                                  (u)     in_1->z R     unmapped_or2           1  4.1     0    60    2976    (-,-) 
  u_DCT/IDRU8/g2489/z                                                  (u)     in_0->z R     unmapped_complex2      4 16.4     0   104    3080    (-,-) 
  u_DCT/IDRU8/add_86_45/g398/z                                         (u)     in_0->z R     unmapped_or2           1  4.1     0    60    3140    (-,-) 
  u_DCT/IDRU8/add_86_45/g367/z                                         (u)     in_1->z F     unmapped_complex2      1  3.8     0    60    3201    (-,-) 
  u_DCT/IDRU8/add_86_45/g42/z                                          (u)     in_1->z R     unmapped_nand2         4 16.4     0   104    3304    (-,-) 
  u_DCT/IDRU8/add_86_45/g347/z                                         (u)     in_0->z F     unmapped_complex2      1  3.8     0    60    3365    (-,-) 
  u_DCT/IDRU8/add_86_45/g336/z                                         (u)     in_0->z R     unmapped_complex2      5 20.5     0   110    3475    (-,-) 
  u_DCT/IDRU8/add_86_45/g332/z                                         (u)     in_0->z F     unmapped_complex2      2  7.6     0    76    3551    (-,-) 
  u_DCT/IDRU8/add_86_45/g314/z                                         (u)     in_1->z F     unmapped_or2           1  3.8     0    60    3611    (-,-) 
  u_DCT/IDRU8/add_86_45/g313/z                                         (u)     in_0->z R     unmapped_complex2     10 41.0     0   126    3737    (-,-) 
  u_DCT/IDRU8/add_86_45/g296/z                                         (u)     in_0->z F     unmapped_complex2      1  3.8     0    60    3797    (-,-) 
  u_DCT/IDRU8/add_86_45/g291/z                                         (u)     in_0->z R     unmapped_complex2      2  8.2     0    76    3873    (-,-) 
  u_DCT/IDRU8/add_86_45/g277/z                                         (u)     in_0->z R     unmapped_or2           1  4.1     0    60    3933    (-,-) 
  u_DCT/IDRU8/add_86_45/g278/z                                         (u)     in_1->z F     unmapped_nand2         1  3.8     0    60    3993    (-,-) 
  u_DCT/IDRU8/g2934/z                                                  (u)     in_0->z R     unmapped_complex2      1  4.1     0    60    4053    (-,-) 
  u_DCT/IDRU8/g2918/z                                                  (u)     in_0->z F     unmapped_nand2         2  7.6     0    76    4129    (-,-) 
  u_DCT/IDRU8/g2470/z                                                  (u)     in_0->z R     unmapped_complex2      1  4.1     0    60    4189    (-,-) 
  u_DCT/IDRU8/g2295/z                                                  (u)     in_0->z F     unmapped_nand2         1  3.8     0    60    4249    (-,-) 
  u_DCT/g808/z                                                         (u)     in_0->z R     unmapped_complex2      1  4.1     0    60    4309    (-,-) 
  u_DCT/g712/z                                                         (u)     in_0->z F     unmapped_nand2         1  2.6     0    44    4353    (-,-) 
  u_DCT/tposemem_Bisted_RF_2P_ADV64x16_RF_2P_ADV64x16_u0_SRAM_i0/DB[8] (P)     -       F     rf_2p_hse              1    -     -     0    4353    (-,-) 
#-------------------------------------------------------------------------------------------------------------------------------------------------------

(P) : Instance is preserved
(u) : Net has unmapped pin(s).



Path 31: MET (924 ps) Setup Check with Pin u_DCT/tposemem_Bisted_RF_2P_ADV64x16_RF_2P_ADV64x16_u0_SRAM_i0/CLKB->DB[9]
           Mode: func_mode
          Group: C2C_func_mode
     Startpoint: (R) d_DoDCT_reg/clk
          Clock: (R) CLK1
       Endpoint: (F) u_DCT/tposemem_Bisted_RF_2P_ADV64x16_RF_2P_ADV64x16_u0_SRAM_i0/DB[9]
          Clock: (F) CLK1

                     Capture       Launch     
        Clock Edge:+    4000            0     
       Src Latency:+       0            0     
       Net Latency:+    2000 (I)     2000 (I) 
           Arrival:=    6000         2000     
                                              
             Setup:-     223                  
       Uncertainty:-     500                  
     Required Time:=    5277                  
      Launch Clock:-    2000                  
         Data Path:-    2353                  
             Slack:=     924                  

#-------------------------------------------------------------------------------------------------------------------------------------------------------
#                            Timing Point                              Flags    Arc    Edge       Cell         Fanout Load Trans Delay Arrival Instance 
#                                                                                                                     (fF)  (ps)  (ps)   (ps)  Location 
#-------------------------------------------------------------------------------------------------------------------------------------------------------
  d_DoDCT_reg/clk                                                      -       -       R     (arrival)           1022    -     0     -    2000    (-,-) 
  d_DoDCT_reg/q                                                        (u)     clk->q  F     unmapped_d_flop      118 41.8     0   506    2506    (-,-) 
  u_DCT/IDRU8/g2883/z                                                  (u)     in_1->z F     unmapped_complex2      2  7.6     0    76    2582    (-,-) 
  u_DCT/IDRU8/g2860/z                                                  (u)     in_0->z F     unmapped_complex2     19 72.2     0   154    2736    (-,-) 
  u_DCT/IDRU8/g2728/z                                                  (u)     in_0->z F     unmapped_complex2      1  3.8     0    60    2796    (-,-) 
  u_DCT/IDRU8/g2690/z                                                  (u)     in_1->z R     unmapped_nand2         1  4.1     0    60    2856    (-,-) 
  u_DCT/IDRU8/g2576/z                                                  (u)     in_0->z R     unmapped_complex2      1  4.1     0    60    2916    (-,-) 
  u_DCT/IDRU8/g2519/z                                                  (u)     in_1->z R     unmapped_or2           1  4.1     0    60    2976    (-,-) 
  u_DCT/IDRU8/g2489/z                                                  (u)     in_0->z R     unmapped_complex2      4 16.4     0   104    3080    (-,-) 
  u_DCT/IDRU8/add_86_45/g398/z                                         (u)     in_0->z R     unmapped_or2           1  4.1     0    60    3140    (-,-) 
  u_DCT/IDRU8/add_86_45/g367/z                                         (u)     in_1->z F     unmapped_complex2      1  3.8     0    60    3201    (-,-) 
  u_DCT/IDRU8/add_86_45/g42/z                                          (u)     in_1->z R     unmapped_nand2         4 16.4     0   104    3304    (-,-) 
  u_DCT/IDRU8/add_86_45/g347/z                                         (u)     in_0->z F     unmapped_complex2      1  3.8     0    60    3365    (-,-) 
  u_DCT/IDRU8/add_86_45/g336/z                                         (u)     in_0->z R     unmapped_complex2      5 20.5     0   110    3475    (-,-) 
  u_DCT/IDRU8/add_86_45/g332/z                                         (u)     in_0->z F     unmapped_complex2      2  7.6     0    76    3551    (-,-) 
  u_DCT/IDRU8/add_86_45/g314/z                                         (u)     in_1->z F     unmapped_or2           1  3.8     0    60    3611    (-,-) 
  u_DCT/IDRU8/add_86_45/g313/z                                         (u)     in_0->z R     unmapped_complex2     10 41.0     0   126    3737    (-,-) 
  u_DCT/IDRU8/add_86_45/g254/z                                         (u)     in_0->z F     unmapped_complex2      1  3.8     0    60    3797    (-,-) 
  u_DCT/IDRU8/add_86_45/g293/z                                         (u)     in_0->z R     unmapped_complex2      2  8.2     0    76    3873    (-,-) 
  u_DCT/IDRU8/add_86_45/g264/z                                         (u)     in_0->z R     unmapped_or2           1  4.1     0    60    3933    (-,-) 
  u_DCT/IDRU8/add_86_45/g265/z                                         (u)     in_1->z F     unmapped_nand2         1  3.8     0    60    3993    (-,-) 
  u_DCT/IDRU8/g2956/z                                                  (u)     in_0->z R     unmapped_complex2      1  4.1     0    60    4053    (-,-) 
  u_DCT/IDRU8/g2928/z                                                  (u)     in_0->z F     unmapped_nand2         2  7.6     0    76    4129    (-,-) 
  u_DCT/IDRU8/g2413/z                                                  (u)     in_0->z R     unmapped_complex2      1  4.1     0    60    4189    (-,-) 
  u_DCT/IDRU8/g2292/z                                                  (u)     in_0->z F     unmapped_nand2         1  3.8     0    60    4249    (-,-) 
  u_DCT/g810/z                                                         (u)     in_0->z R     unmapped_complex2      1  4.1     0    60    4309    (-,-) 
  u_DCT/g723/z                                                         (u)     in_0->z F     unmapped_nand2         1  2.6     0    44    4353    (-,-) 
  u_DCT/tposemem_Bisted_RF_2P_ADV64x16_RF_2P_ADV64x16_u0_SRAM_i0/DB[9] (P)     -       F     rf_2p_hse              1    -     -     0    4353    (-,-) 
#-------------------------------------------------------------------------------------------------------------------------------------------------------

(P) : Instance is preserved
(u) : Net has unmapped pin(s).



Path 32: MET (924 ps) Setup Check with Pin u_DCT/tposemem_Bisted_RF_2P_ADV64x16_RF_2P_ADV64x16_u0_SRAM_i0/CLKB->DB[10]
           Mode: func_mode
          Group: C2C_func_mode
     Startpoint: (R) d_DoDCT_reg/clk
          Clock: (R) CLK1
       Endpoint: (F) u_DCT/tposemem_Bisted_RF_2P_ADV64x16_RF_2P_ADV64x16_u0_SRAM_i0/DB[10]
          Clock: (F) CLK1

                     Capture       Launch     
        Clock Edge:+    4000            0     
       Src Latency:+       0            0     
       Net Latency:+    2000 (I)     2000 (I) 
           Arrival:=    6000         2000     
                                              
             Setup:-     223                  
       Uncertainty:-     500                  
     Required Time:=    5277                  
      Launch Clock:-    2000                  
         Data Path:-    2353                  
             Slack:=     924                  

#--------------------------------------------------------------------------------------------------------------------------------------------------------
#                             Timing Point                              Flags    Arc    Edge       Cell         Fanout Load Trans Delay Arrival Instance 
#                                                                                                                      (fF)  (ps)  (ps)   (ps)  Location 
#--------------------------------------------------------------------------------------------------------------------------------------------------------
  d_DoDCT_reg/clk                                                       -       -       R     (arrival)           1022    -     0     -    2000    (-,-) 
  d_DoDCT_reg/q                                                         (u)     clk->q  F     unmapped_d_flop      118 41.8     0   506    2506    (-,-) 
  u_DCT/IDRU8/g2883/z                                                   (u)     in_1->z F     unmapped_complex2      2  7.6     0    76    2582    (-,-) 
  u_DCT/IDRU8/g2860/z                                                   (u)     in_0->z F     unmapped_complex2     19 72.2     0   154    2736    (-,-) 
  u_DCT/IDRU8/g2728/z                                                   (u)     in_0->z F     unmapped_complex2      1  3.8     0    60    2796    (-,-) 
  u_DCT/IDRU8/g2690/z                                                   (u)     in_1->z R     unmapped_nand2         1  4.1     0    60    2856    (-,-) 
  u_DCT/IDRU8/g2576/z                                                   (u)     in_0->z R     unmapped_complex2      1  4.1     0    60    2916    (-,-) 
  u_DCT/IDRU8/g2519/z                                                   (u)     in_1->z R     unmapped_or2           1  4.1     0    60    2976    (-,-) 
  u_DCT/IDRU8/g2489/z                                                   (u)     in_0->z R     unmapped_complex2      4 16.4     0   104    3080    (-,-) 
  u_DCT/IDRU8/add_86_45/g398/z                                          (u)     in_0->z R     unmapped_or2           1  4.1     0    60    3140    (-,-) 
  u_DCT/IDRU8/add_86_45/g367/z                                          (u)     in_1->z F     unmapped_complex2      1  3.8     0    60    3201    (-,-) 
  u_DCT/IDRU8/add_86_45/g42/z                                           (u)     in_1->z R     unmapped_nand2         4 16.4     0   104    3304    (-,-) 
  u_DCT/IDRU8/add_86_45/g347/z                                          (u)     in_0->z F     unmapped_complex2      1  3.8     0    60    3365    (-,-) 
  u_DCT/IDRU8/add_86_45/g336/z                                          (u)     in_0->z R     unmapped_complex2      5 20.5     0   110    3475    (-,-) 
  u_DCT/IDRU8/add_86_45/g332/z                                          (u)     in_0->z F     unmapped_complex2      2  7.6     0    76    3551    (-,-) 
  u_DCT/IDRU8/add_86_45/g314/z                                          (u)     in_1->z F     unmapped_or2           1  3.8     0    60    3611    (-,-) 
  u_DCT/IDRU8/add_86_45/g313/z                                          (u)     in_0->z R     unmapped_complex2     10 41.0     0   126    3737    (-,-) 
  u_DCT/IDRU8/add_86_45/g255/z                                          (u)     in_0->z F     unmapped_complex2      1  3.8     0    60    3797    (-,-) 
  u_DCT/IDRU8/add_86_45/g290/z                                          (u)     in_0->z R     unmapped_complex2      2  8.2     0    76    3873    (-,-) 
  u_DCT/IDRU8/add_86_45/g283/z                                          (u)     in_0->z R     unmapped_or2           1  4.1     0    60    3933    (-,-) 
  u_DCT/IDRU8/add_86_45/g284/z                                          (u)     in_1->z F     unmapped_nand2         1  3.8     0    60    3993    (-,-) 
  u_DCT/IDRU8/g2929/z                                                   (u)     in_0->z R     unmapped_complex2      1  4.1     0    60    4053    (-,-) 
  u_DCT/IDRU8/g2926/z                                                   (u)     in_0->z F     unmapped_nand2         2  7.6     0    76    4129    (-,-) 
  u_DCT/IDRU8/g2415/z                                                   (u)     in_0->z R     unmapped_complex2      1  4.1     0    60    4189    (-,-) 
  u_DCT/IDRU8/g2290/z                                                   (u)     in_0->z F     unmapped_nand2         1  3.8     0    60    4249    (-,-) 
  u_DCT/g812/z                                                          (u)     in_0->z R     unmapped_complex2      1  4.1     0    60    4309    (-,-) 
  u_DCT/g736/z                                                          (u)     in_0->z F     unmapped_nand2         1  2.6     0    44    4353    (-,-) 
  u_DCT/tposemem_Bisted_RF_2P_ADV64x16_RF_2P_ADV64x16_u0_SRAM_i0/DB[10] (P)     -       F     rf_2p_hse              1    -     -     0    4353    (-,-) 
#--------------------------------------------------------------------------------------------------------------------------------------------------------

(P) : Instance is preserved
(u) : Net has unmapped pin(s).



Path 33: MET (924 ps) Setup Check with Pin u_DCT/tposemem_Bisted_RF_2P_ADV64x16_RF_2P_ADV64x16_u0_SRAM_i0/CLKB->DB[11]
           Mode: func_mode
          Group: C2C_func_mode
     Startpoint: (R) d_DoDCT_reg/clk
          Clock: (R) CLK1
       Endpoint: (F) u_DCT/tposemem_Bisted_RF_2P_ADV64x16_RF_2P_ADV64x16_u0_SRAM_i0/DB[11]
          Clock: (F) CLK1

                     Capture       Launch     
        Clock Edge:+    4000            0     
       Src Latency:+       0            0     
       Net Latency:+    2000 (I)     2000 (I) 
           Arrival:=    6000         2000     
                                              
             Setup:-     223                  
       Uncertainty:-     500                  
     Required Time:=    5277                  
      Launch Clock:-    2000                  
         Data Path:-    2353                  
             Slack:=     924                  

#--------------------------------------------------------------------------------------------------------------------------------------------------------
#                             Timing Point                              Flags    Arc    Edge       Cell         Fanout Load Trans Delay Arrival Instance 
#                                                                                                                      (fF)  (ps)  (ps)   (ps)  Location 
#--------------------------------------------------------------------------------------------------------------------------------------------------------
  d_DoDCT_reg/clk                                                       -       -       R     (arrival)           1022    -     0     -    2000    (-,-) 
  d_DoDCT_reg/q                                                         (u)     clk->q  F     unmapped_d_flop      118 41.8     0   506    2506    (-,-) 
  u_DCT/IDRU8/g2883/z                                                   (u)     in_1->z F     unmapped_complex2      2  7.6     0    76    2582    (-,-) 
  u_DCT/IDRU8/g2860/z                                                   (u)     in_0->z F     unmapped_complex2     19 72.2     0   154    2736    (-,-) 
  u_DCT/IDRU8/g2728/z                                                   (u)     in_0->z F     unmapped_complex2      1  3.8     0    60    2796    (-,-) 
  u_DCT/IDRU8/g2690/z                                                   (u)     in_1->z R     unmapped_nand2         1  4.1     0    60    2856    (-,-) 
  u_DCT/IDRU8/g2576/z                                                   (u)     in_0->z R     unmapped_complex2      1  4.1     0    60    2916    (-,-) 
  u_DCT/IDRU8/g2519/z                                                   (u)     in_1->z R     unmapped_or2           1  4.1     0    60    2976    (-,-) 
  u_DCT/IDRU8/g2489/z                                                   (u)     in_0->z R     unmapped_complex2      4 16.4     0   104    3080    (-,-) 
  u_DCT/IDRU8/add_86_45/g398/z                                          (u)     in_0->z R     unmapped_or2           1  4.1     0    60    3140    (-,-) 
  u_DCT/IDRU8/add_86_45/g367/z                                          (u)     in_1->z F     unmapped_complex2      1  3.8     0    60    3201    (-,-) 
  u_DCT/IDRU8/add_86_45/g42/z                                           (u)     in_1->z R     unmapped_nand2         4 16.4     0   104    3304    (-,-) 
  u_DCT/IDRU8/add_86_45/g347/z                                          (u)     in_0->z F     unmapped_complex2      1  3.8     0    60    3365    (-,-) 
  u_DCT/IDRU8/add_86_45/g336/z                                          (u)     in_0->z R     unmapped_complex2      5 20.5     0   110    3475    (-,-) 
  u_DCT/IDRU8/add_86_45/g332/z                                          (u)     in_0->z F     unmapped_complex2      2  7.6     0    76    3551    (-,-) 
  u_DCT/IDRU8/add_86_45/g314/z                                          (u)     in_1->z F     unmapped_or2           1  3.8     0    60    3611    (-,-) 
  u_DCT/IDRU8/add_86_45/g313/z                                          (u)     in_0->z R     unmapped_complex2     10 41.0     0   126    3737    (-,-) 
  u_DCT/IDRU8/add_86_45/g298/z                                          (u)     in_0->z F     unmapped_complex2      1  3.8     0    60    3797    (-,-) 
  u_DCT/IDRU8/add_86_45/g294/z                                          (u)     in_0->z R     unmapped_complex2      2  8.2     0    76    3873    (-,-) 
  u_DCT/IDRU8/add_86_45/g268/z                                          (u)     in_0->z R     unmapped_or2           1  4.1     0    60    3933    (-,-) 
  u_DCT/IDRU8/add_86_45/g269/z                                          (u)     in_1->z F     unmapped_nand2         1  3.8     0    60    3993    (-,-) 
  u_DCT/IDRU8/g2969/z                                                   (u)     in_0->z R     unmapped_complex2      1  4.1     0    60    4053    (-,-) 
  u_DCT/IDRU8/g2893/z                                                   (u)     in_0->z F     unmapped_nand2         2  7.6     0    76    4129    (-,-) 
  u_DCT/IDRU8/g2416/z                                                   (u)     in_0->z R     unmapped_complex2      1  4.1     0    60    4189    (-,-) 
  u_DCT/IDRU8/g2294/z                                                   (u)     in_0->z F     unmapped_nand2         1  3.8     0    60    4249    (-,-) 
  u_DCT/g814/z                                                          (u)     in_0->z R     unmapped_complex2      1  4.1     0    60    4309    (-,-) 
  u_DCT/g742/z                                                          (u)     in_0->z F     unmapped_nand2         1  2.6     0    44    4353    (-,-) 
  u_DCT/tposemem_Bisted_RF_2P_ADV64x16_RF_2P_ADV64x16_u0_SRAM_i0/DB[11] (P)     -       F     rf_2p_hse              1    -     -     0    4353    (-,-) 
#--------------------------------------------------------------------------------------------------------------------------------------------------------

(P) : Instance is preserved
(u) : Net has unmapped pin(s).



Path 34: MET (924 ps) Setup Check with Pin u_DCT/tposemem_Bisted_RF_2P_ADV64x16_RF_2P_ADV64x16_u0_SRAM_i0/CLKB->DB[12]
           Mode: func_mode
          Group: C2C_func_mode
     Startpoint: (R) d_DoDCT_reg/clk
          Clock: (R) CLK1
       Endpoint: (F) u_DCT/tposemem_Bisted_RF_2P_ADV64x16_RF_2P_ADV64x16_u0_SRAM_i0/DB[12]
          Clock: (F) CLK1

                     Capture       Launch     
        Clock Edge:+    4000            0     
       Src Latency:+       0            0     
       Net Latency:+    2000 (I)     2000 (I) 
           Arrival:=    6000         2000     
                                              
             Setup:-     223                  
       Uncertainty:-     500                  
     Required Time:=    5277                  
      Launch Clock:-    2000                  
         Data Path:-    2353                  
             Slack:=     924                  

#--------------------------------------------------------------------------------------------------------------------------------------------------------
#                             Timing Point                              Flags    Arc    Edge       Cell         Fanout Load Trans Delay Arrival Instance 
#                                                                                                                      (fF)  (ps)  (ps)   (ps)  Location 
#--------------------------------------------------------------------------------------------------------------------------------------------------------
  d_DoDCT_reg/clk                                                       -       -       R     (arrival)           1022    -     0     -    2000    (-,-) 
  d_DoDCT_reg/q                                                         (u)     clk->q  F     unmapped_d_flop      118 41.8     0   506    2506    (-,-) 
  u_DCT/IDRU8/g2883/z                                                   (u)     in_1->z F     unmapped_complex2      2  7.6     0    76    2582    (-,-) 
  u_DCT/IDRU8/g2860/z                                                   (u)     in_0->z F     unmapped_complex2     19 72.2     0   154    2736    (-,-) 
  u_DCT/IDRU8/g2728/z                                                   (u)     in_0->z F     unmapped_complex2      1  3.8     0    60    2796    (-,-) 
  u_DCT/IDRU8/g2690/z                                                   (u)     in_1->z R     unmapped_nand2         1  4.1     0    60    2856    (-,-) 
  u_DCT/IDRU8/g2576/z                                                   (u)     in_0->z R     unmapped_complex2      1  4.1     0    60    2916    (-,-) 
  u_DCT/IDRU8/g2519/z                                                   (u)     in_1->z R     unmapped_or2           1  4.1     0    60    2976    (-,-) 
  u_DCT/IDRU8/g2489/z                                                   (u)     in_0->z R     unmapped_complex2      4 16.4     0   104    3080    (-,-) 
  u_DCT/IDRU8/add_86_45/g398/z                                          (u)     in_0->z R     unmapped_or2           1  4.1     0    60    3140    (-,-) 
  u_DCT/IDRU8/add_86_45/g367/z                                          (u)     in_1->z F     unmapped_complex2      1  3.8     0    60    3201    (-,-) 
  u_DCT/IDRU8/add_86_45/g42/z                                           (u)     in_1->z R     unmapped_nand2         4 16.4     0   104    3304    (-,-) 
  u_DCT/IDRU8/add_86_45/g347/z                                          (u)     in_0->z F     unmapped_complex2      1  3.8     0    60    3365    (-,-) 
  u_DCT/IDRU8/add_86_45/g336/z                                          (u)     in_0->z R     unmapped_complex2      5 20.5     0   110    3475    (-,-) 
  u_DCT/IDRU8/add_86_45/g332/z                                          (u)     in_0->z F     unmapped_complex2      2  7.6     0    76    3551    (-,-) 
  u_DCT/IDRU8/add_86_45/g314/z                                          (u)     in_1->z F     unmapped_or2           1  3.8     0    60    3611    (-,-) 
  u_DCT/IDRU8/add_86_45/g313/z                                          (u)     in_0->z R     unmapped_complex2     10 41.0     0   126    3737    (-,-) 
  u_DCT/IDRU8/add_86_45/g302/z                                          (u)     in_0->z F     unmapped_complex2      1  3.8     0    60    3797    (-,-) 
  u_DCT/IDRU8/add_86_45/g292/z                                          (u)     in_0->z R     unmapped_complex2      2  8.2     0    76    3873    (-,-) 
  u_DCT/IDRU8/add_86_45/g286/z                                          (u)     in_0->z R     unmapped_or2           1  4.1     0    60    3933    (-,-) 
  u_DCT/IDRU8/add_86_45/g287/z                                          (u)     in_1->z F     unmapped_nand2         1  3.8     0    60    3993    (-,-) 
  u_DCT/IDRU8/g2942/z                                                   (u)     in_0->z R     unmapped_complex2      1  4.1     0    60    4053    (-,-) 
  u_DCT/IDRU8/g2913/z                                                   (u)     in_0->z F     unmapped_nand2         2  7.6     0    76    4129    (-,-) 
  u_DCT/IDRU8/g2418/z                                                   (u)     in_0->z R     unmapped_complex2      1  4.1     0    60    4189    (-,-) 
  u_DCT/IDRU8/g2299/z                                                   (u)     in_0->z F     unmapped_nand2         1  3.8     0    60    4249    (-,-) 
  u_DCT/g816/z                                                          (u)     in_0->z R     unmapped_complex2      1  4.1     0    60    4309    (-,-) 
  u_DCT/g750/z                                                          (u)     in_0->z F     unmapped_nand2         1  2.6     0    44    4353    (-,-) 
  u_DCT/tposemem_Bisted_RF_2P_ADV64x16_RF_2P_ADV64x16_u0_SRAM_i0/DB[12] (P)     -       F     rf_2p_hse              1    -     -     0    4353    (-,-) 
#--------------------------------------------------------------------------------------------------------------------------------------------------------

(P) : Instance is preserved
(u) : Net has unmapped pin(s).



Path 35: MET (924 ps) Setup Check with Pin u_DCT/tposemem_Bisted_RF_2P_ADV64x16_RF_2P_ADV64x16_u0_SRAM_i0/CLKB->DB[13]
           Mode: func_mode
          Group: C2C_func_mode
     Startpoint: (R) d_DoDCT_reg/clk
          Clock: (R) CLK1
       Endpoint: (F) u_DCT/tposemem_Bisted_RF_2P_ADV64x16_RF_2P_ADV64x16_u0_SRAM_i0/DB[13]
          Clock: (F) CLK1

                     Capture       Launch     
        Clock Edge:+    4000            0     
       Src Latency:+       0            0     
       Net Latency:+    2000 (I)     2000 (I) 
           Arrival:=    6000         2000     
                                              
             Setup:-     223                  
       Uncertainty:-     500                  
     Required Time:=    5277                  
      Launch Clock:-    2000                  
         Data Path:-    2353                  
             Slack:=     924                  

#--------------------------------------------------------------------------------------------------------------------------------------------------------
#                             Timing Point                              Flags    Arc    Edge       Cell         Fanout Load Trans Delay Arrival Instance 
#                                                                                                                      (fF)  (ps)  (ps)   (ps)  Location 
#--------------------------------------------------------------------------------------------------------------------------------------------------------
  d_DoDCT_reg/clk                                                       -       -       R     (arrival)           1022    -     0     -    2000    (-,-) 
  d_DoDCT_reg/q                                                         (u)     clk->q  F     unmapped_d_flop      118 41.8     0   506    2506    (-,-) 
  u_DCT/IDRU8/g2883/z                                                   (u)     in_1->z F     unmapped_complex2      2  7.6     0    76    2582    (-,-) 
  u_DCT/IDRU8/g2860/z                                                   (u)     in_0->z F     unmapped_complex2     19 72.2     0   154    2736    (-,-) 
  u_DCT/IDRU8/g2728/z                                                   (u)     in_0->z F     unmapped_complex2      1  3.8     0    60    2796    (-,-) 
  u_DCT/IDRU8/g2690/z                                                   (u)     in_1->z R     unmapped_nand2         1  4.1     0    60    2856    (-,-) 
  u_DCT/IDRU8/g2576/z                                                   (u)     in_0->z R     unmapped_complex2      1  4.1     0    60    2916    (-,-) 
  u_DCT/IDRU8/g2519/z                                                   (u)     in_1->z R     unmapped_or2           1  4.1     0    60    2976    (-,-) 
  u_DCT/IDRU8/g2489/z                                                   (u)     in_0->z R     unmapped_complex2      4 16.4     0   104    3080    (-,-) 
  u_DCT/IDRU8/add_86_45/g398/z                                          (u)     in_0->z R     unmapped_or2           1  4.1     0    60    3140    (-,-) 
  u_DCT/IDRU8/add_86_45/g367/z                                          (u)     in_1->z F     unmapped_complex2      1  3.8     0    60    3201    (-,-) 
  u_DCT/IDRU8/add_86_45/g42/z                                           (u)     in_1->z R     unmapped_nand2         4 16.4     0   104    3304    (-,-) 
  u_DCT/IDRU8/add_86_45/g347/z                                          (u)     in_0->z F     unmapped_complex2      1  3.8     0    60    3365    (-,-) 
  u_DCT/IDRU8/add_86_45/g336/z                                          (u)     in_0->z R     unmapped_complex2      5 20.5     0   110    3475    (-,-) 
  u_DCT/IDRU8/add_86_45/g332/z                                          (u)     in_0->z F     unmapped_complex2      2  7.6     0    76    3551    (-,-) 
  u_DCT/IDRU8/add_86_45/g314/z                                          (u)     in_1->z F     unmapped_or2           1  3.8     0    60    3611    (-,-) 
  u_DCT/IDRU8/add_86_45/g313/z                                          (u)     in_0->z R     unmapped_complex2     10 41.0     0   126    3737    (-,-) 
  u_DCT/IDRU8/add_86_45/g297/z                                          (u)     in_0->z F     unmapped_complex2      1  3.8     0    60    3797    (-,-) 
  u_DCT/IDRU8/add_86_45/g289/z                                          (u)     in_0->z R     unmapped_complex2      2  8.2     0    76    3873    (-,-) 
  u_DCT/IDRU8/add_86_45/g280/z                                          (u)     in_0->z R     unmapped_or2           1  4.1     0    60    3933    (-,-) 
  u_DCT/IDRU8/add_86_45/g281/z                                          (u)     in_1->z F     unmapped_nand2         1  3.8     0    60    3993    (-,-) 
  u_DCT/IDRU8/g2931/z                                                   (u)     in_0->z R     unmapped_complex2      1  4.1     0    60    4053    (-,-) 
  u_DCT/IDRU8/g2925/z                                                   (u)     in_0->z F     unmapped_nand2         2  7.6     0    76    4129    (-,-) 
  u_DCT/IDRU8/g2433/z                                                   (u)     in_0->z R     unmapped_complex2      1  4.1     0    60    4189    (-,-) 
  u_DCT/IDRU8/g2301/z                                                   (u)     in_0->z F     unmapped_nand2         1  3.8     0    60    4249    (-,-) 
  u_DCT/g818/z                                                          (u)     in_0->z R     unmapped_complex2      1  4.1     0    60    4309    (-,-) 
  u_DCT/g702/z                                                          (u)     in_0->z F     unmapped_nand2         1  2.6     0    44    4353    (-,-) 
  u_DCT/tposemem_Bisted_RF_2P_ADV64x16_RF_2P_ADV64x16_u0_SRAM_i0/DB[13] (P)     -       F     rf_2p_hse              1    -     -     0    4353    (-,-) 
#--------------------------------------------------------------------------------------------------------------------------------------------------------

(P) : Instance is preserved
(u) : Net has unmapped pin(s).



Path 36: MET (959 ps) Setup Check with Pin u_IDCT/tposemem_Bisted_RF_2P_ADV64x16_RF_2P_ADV64x16_u0_SRAM_i0/CLKB->DB[14]
           Mode: func_mode
          Group: C2C_func_mode
     Startpoint: (R) d_DoDCT_reg/clk
          Clock: (R) CLK1
       Endpoint: (F) u_IDCT/tposemem_Bisted_RF_2P_ADV64x16_RF_2P_ADV64x16_u0_SRAM_i0/DB[14]
          Clock: (F) CLK1

                     Capture       Launch     
        Clock Edge:+    4000            0     
       Src Latency:+       0            0     
       Net Latency:+    2000 (I)     2000 (I) 
           Arrival:=    6000         2000     
                                              
             Setup:-     223                  
       Uncertainty:-     500                  
     Required Time:=    5277                  
      Launch Clock:-    2000                  
         Data Path:-    2318                  
             Slack:=     959                  

#---------------------------------------------------------------------------------------------------------------------------------------------------------
#                             Timing Point                               Flags    Arc    Edge       Cell         Fanout Load Trans Delay Arrival Instance 
#                                                                                                                       (fF)  (ps)  (ps)   (ps)  Location 
#---------------------------------------------------------------------------------------------------------------------------------------------------------
  d_DoDCT_reg/clk                                                        -       -       R     (arrival)           1022    -     0     -    2000    (-,-) 
  d_DoDCT_reg/q                                                          (u)     clk->q  R     unmapped_d_flop      118 45.1     0   506    2506    (-,-) 
  g172/z                                                                 (u)     in_0->z F     unmapped_not         119 41.8     0   161    2667    (-,-) 
  u_IDCT/IDRU8/g2860/z                                                   (u)     in_1->z F     unmapped_or2          19 72.2     0   154    2821    (-,-) 
  u_IDCT/IDRU8/g2728/z                                                   (u)     in_0->z F     unmapped_complex2      1  3.8     0    60    2881    (-,-) 
  u_IDCT/IDRU8/g2690/z                                                   (u)     in_1->z R     unmapped_nand2         1  4.1     0    60    2942    (-,-) 
  u_IDCT/IDRU8/g2576/z                                                   (u)     in_0->z R     unmapped_complex2      1  4.1     0    60    3002    (-,-) 
  u_IDCT/IDRU8/g2519/z                                                   (u)     in_1->z R     unmapped_or2           1  4.1     0    60    3062    (-,-) 
  u_IDCT/IDRU8/g2489/z                                                   (u)     in_0->z R     unmapped_complex2      4 16.4     0   104    3166    (-,-) 
  u_IDCT/IDRU8/add_86_45/g398/z                                          (u)     in_0->z R     unmapped_or2           1  4.1     0    60    3226    (-,-) 
  u_IDCT/IDRU8/add_86_45/g367/z                                          (u)     in_1->z F     unmapped_complex2      1  3.8     0    60    3286    (-,-) 
  u_IDCT/IDRU8/add_86_45/g42/z                                           (u)     in_1->z R     unmapped_nand2         4 16.4     0   104    3390    (-,-) 
  u_IDCT/IDRU8/add_86_45/g347/z                                          (u)     in_0->z F     unmapped_complex2      1  3.8     0    60    3450    (-,-) 
  u_IDCT/IDRU8/add_86_45/g336/z                                          (u)     in_0->z R     unmapped_complex2      5 20.5     0   110    3561    (-,-) 
  u_IDCT/IDRU8/add_86_45/g332/z                                          (u)     in_0->z F     unmapped_complex2      2  7.6     0    76    3636    (-,-) 
  u_IDCT/IDRU8/add_86_45/g314/z                                          (u)     in_1->z F     unmapped_or2           1  3.8     0    60    3696    (-,-) 
  u_IDCT/IDRU8/add_86_45/g313/z                                          (u)     in_0->z R     unmapped_complex2     10 41.0     0   126    3822    (-,-) 
  u_IDCT/IDRU8/add_86_45/g295/z                                          (u)     in_0->z F     unmapped_complex2      1  3.8     0    60    3883    (-,-) 
  u_IDCT/IDRU8/add_86_45/g288/z                                          (u)     in_0->z R     unmapped_complex2      3 12.3     0    90    3973    (-,-) 
  u_IDCT/IDRU8/add_86_45/g274/z                                          (u)     in_0->z R     unmapped_or2           1  4.1     0    60    4033    (-,-) 
  u_IDCT/IDRU8/add_86_45/g275/z                                          (u)     in_1->z F     unmapped_nand2         1  3.8     0    60    4093    (-,-) 
  u_IDCT/IDRU8/g2901/z                                                   (u)     in_0->z R     unmapped_complex2      1  4.1     0    60    4154    (-,-) 
  u_IDCT/IDRU8/g2311/z                                                   (u)     in_1->z F     unmapped_complex2      1  3.8     0    60    4214    (-,-) 
  u_IDCT/g820/z                                                          (u)     in_0->z R     unmapped_complex2      1  4.1     0    60    4274    (-,-) 
  u_IDCT/g714/z                                                          (u)     in_0->z F     unmapped_nand2         1  2.6     0    44    4318    (-,-) 
  u_IDCT/tposemem_Bisted_RF_2P_ADV64x16_RF_2P_ADV64x16_u0_SRAM_i0/DB[14] (P)     -       F     rf_2p_hse              1    -     -     0    4318    (-,-) 
#---------------------------------------------------------------------------------------------------------------------------------------------------------

(P) : Instance is preserved
(u) : Net has unmapped pin(s).



Path 37: MET (974 ps) Setup Check with Pin u_IDCT/tposemem_Bisted_RF_2P_ADV64x16_RF_2P_ADV64x16_u0_SRAM_i0/CLKB->DB[6]
           Mode: func_mode
          Group: C2C_func_mode
     Startpoint: (R) d_DoDCT_reg/clk
          Clock: (R) CLK1
       Endpoint: (F) u_IDCT/tposemem_Bisted_RF_2P_ADV64x16_RF_2P_ADV64x16_u0_SRAM_i0/DB[6]
          Clock: (F) CLK1

                     Capture       Launch     
        Clock Edge:+    4000            0     
       Src Latency:+       0            0     
       Net Latency:+    2000 (I)     2000 (I) 
           Arrival:=    6000         2000     
                                              
             Setup:-     223                  
       Uncertainty:-     500                  
     Required Time:=    5277                  
      Launch Clock:-    2000                  
         Data Path:-    2303                  
             Slack:=     974                  

#--------------------------------------------------------------------------------------------------------------------------------------------------------
#                             Timing Point                              Flags    Arc    Edge       Cell         Fanout Load Trans Delay Arrival Instance 
#                                                                                                                      (fF)  (ps)  (ps)   (ps)  Location 
#--------------------------------------------------------------------------------------------------------------------------------------------------------
  d_DoDCT_reg/clk                                                       -       -       R     (arrival)           1022    -     0     -    2000    (-,-) 
  d_DoDCT_reg/q                                                         (u)     clk->q  R     unmapped_d_flop      118 45.1     0   506    2506    (-,-) 
  g172/z                                                                (u)     in_0->z F     unmapped_not         119 41.8     0   161    2667    (-,-) 
  u_IDCT/IDRU8/g2860/z                                                  (u)     in_1->z F     unmapped_or2          19 72.2     0   154    2821    (-,-) 
  u_IDCT/IDRU8/g2728/z                                                  (u)     in_0->z F     unmapped_complex2      1  3.8     0    60    2881    (-,-) 
  u_IDCT/IDRU8/g2690/z                                                  (u)     in_1->z R     unmapped_nand2         1  4.1     0    60    2942    (-,-) 
  u_IDCT/IDRU8/g2576/z                                                  (u)     in_0->z R     unmapped_complex2      1  4.1     0    60    3002    (-,-) 
  u_IDCT/IDRU8/g2519/z                                                  (u)     in_1->z R     unmapped_or2           1  4.1     0    60    3062    (-,-) 
  u_IDCT/IDRU8/g2489/z                                                  (u)     in_0->z R     unmapped_complex2      4 16.4     0   104    3166    (-,-) 
  u_IDCT/IDRU8/add_86_45/g398/z                                         (u)     in_0->z R     unmapped_or2           1  4.1     0    60    3226    (-,-) 
  u_IDCT/IDRU8/add_86_45/g367/z                                         (u)     in_1->z F     unmapped_complex2      1  3.8     0    60    3286    (-,-) 
  u_IDCT/IDRU8/add_86_45/g42/z                                          (u)     in_1->z R     unmapped_nand2         4 16.4     0   104    3390    (-,-) 
  u_IDCT/IDRU8/add_86_45/g347/z                                         (u)     in_0->z F     unmapped_complex2      1  3.8     0    60    3450    (-,-) 
  u_IDCT/IDRU8/add_86_45/g336/z                                         (u)     in_0->z R     unmapped_complex2      5 20.5     0   110    3561    (-,-) 
  u_IDCT/IDRU8/add_86_45/g332/z                                         (u)     in_0->z F     unmapped_complex2      2  7.6     0    76    3636    (-,-) 
  u_IDCT/IDRU8/add_86_45/g314/z                                         (u)     in_1->z F     unmapped_or2           1  3.8     0    60    3696    (-,-) 
  u_IDCT/IDRU8/add_86_45/g313/z                                         (u)     in_0->z R     unmapped_complex2     10 41.0     0   126    3822    (-,-) 
  u_IDCT/IDRU8/add_86_45/g300/z                                         (u)     in_0->z R     unmapped_or2           1  4.1     0    60    3883    (-,-) 
  u_IDCT/IDRU8/add_86_45/g301/z                                         (u)     in_1->z F     unmapped_nand2         1  3.8     0    60    3943    (-,-) 
  u_IDCT/IDRU8/g2938/z                                                  (u)     in_0->z R     unmapped_complex2      1  4.1     0    60    4003    (-,-) 
  u_IDCT/IDRU8/g2914/z                                                  (u)     in_0->z F     unmapped_nand2         2  7.6     0    76    4079    (-,-) 
  u_IDCT/IDRU8/g2467/z                                                  (u)     in_0->z R     unmapped_complex2      1  4.1     0    60    4139    (-,-) 
  u_IDCT/IDRU8/g2300/z                                                  (u)     in_0->z F     unmapped_nand2         1  3.8     0    60    4199    (-,-) 
  u_IDCT/g758/z                                                         (u)     in_0->z R     unmapped_complex2      1  4.1     0    60    4259    (-,-) 
  u_IDCT/g701/z                                                         (u)     in_1->z F     unmapped_nand2         1  2.6     0    44    4303    (-,-) 
  u_IDCT/tposemem_Bisted_RF_2P_ADV64x16_RF_2P_ADV64x16_u0_SRAM_i0/DB[6] (P)     -       F     rf_2p_hse              1    -     -     0    4303    (-,-) 
#--------------------------------------------------------------------------------------------------------------------------------------------------------

(P) : Instance is preserved
(u) : Net has unmapped pin(s).



Path 38: MET (1004 ps) Setup Check with Pin u_IDCT/DRU/ToBDEG_reg[16]/clk->d
           Mode: func_mode
          Group: C2C_func_mode
     Startpoint: (R) u_IDCT/tposemem_Bisted_RF_2P_ADV64x16_BistCtrl_i0_ST_MAL_i0_S17_reg/clk
          Clock: (F) CLK1
       Endpoint: (R) u_IDCT/DRU/ToBDEG_reg[16]/d
          Clock: (R) CLK1

                     Capture       Launch     
        Clock Edge:+    8000         4000     
       Src Latency:+       0            0     
       Net Latency:+    2000 (I)     2000 (I) 
           Arrival:=   10000         6000     
                                              
             Setup:-     260                  
       Uncertainty:-     500                  
     Required Time:=    9240                  
      Launch Clock:-    6000                  
         Data Path:-    2235                  
             Slack:=    1004                  

#----------------------------------------------------------------------------------------------------------------------------------------------------------
#                              Timing Point                               Flags    Arc    Edge       Cell         Fanout Load Trans Delay Arrival Instance 
#                                                                                                                        (fF)  (ps)  (ps)   (ps)  Location 
#----------------------------------------------------------------------------------------------------------------------------------------------------------
  u_IDCT/tposemem_Bisted_RF_2P_ADV64x16_BistCtrl_i0_ST_MAL_i0_S17_reg/clk -       -       R     (arrival)              6    -     0     -    6000    (-,-) 
  u_IDCT/tposemem_Bisted_RF_2P_ADV64x16_BistCtrl_i0_ST_MAL_i0_S17_reg/q   (u)     clk->q  R     unmapped_d_flop        1  4.1     0    16    6016    (-,-) 
  u_IDCT/g794/z                                                           (u)     in_1->z F     unmapped_nand2         2  7.6     0    76    6092    (-,-) 
  u_IDCT/g728/z                                                           (u)     in_1->z R     unmapped_nand2         2  8.2     0    76    6167    (-,-) 
  u_IDCT/DRU/g1363/z                                                      (u)     in_1->z R     unmapped_and2          7 28.7     0   117    6284    (-,-) 
  u_IDCT/DRU/sub_60_47/g750/z                                             (u)     in_1->z F     unmapped_complex2      4 15.2     0   104    6388    (-,-) 
  u_IDCT/DRU/sub_60_47/g729/z                                             (u)     in_1->z R     unmapped_nand2         1  4.1     0    60    6448    (-,-) 
  u_IDCT/DRU/sub_60_47/g708/z                                             (u)     in_0->z F     unmapped_nand2         3 11.4     0    90    6539    (-,-) 
  u_IDCT/DRU/sub_60_47/g706/z                                             (u)     in_1->z R     unmapped_nand2         1  4.1     0    60    6599    (-,-) 
  u_IDCT/DRU/sub_60_47/g701/z                                             (u)     in_1->z F     unmapped_nand2         3 11.4     0    90    6689    (-,-) 
  u_IDCT/DRU/sub_60_47/g696/z                                             (u)     in_0->z R     unmapped_nand2         1  4.1     0    60    6749    (-,-) 
  u_IDCT/DRU/sub_60_47/g694/z                                             (u)     in_1->z F     unmapped_nand2         4 15.2     0   104    6853    (-,-) 
  u_IDCT/DRU/sub_60_47/g690/z                                             (u)     in_0->z R     unmapped_complex2      1  4.1     0    60    6913    (-,-) 
  u_IDCT/DRU/sub_60_47/g687/z                                             (u)     in_0->z F     unmapped_complex2      3 11.4     0    90    7004    (-,-) 
  u_IDCT/DRU/sub_60_47/g686/z                                             (u)     in_1->z R     unmapped_nand2         1  4.1     0    60    7064    (-,-) 
  u_IDCT/DRU/sub_60_47/g679/z                                             (u)     in_1->z F     unmapped_nand2         3 11.4     0    90    7154    (-,-) 
  u_IDCT/DRU/sub_60_47/g675/z                                             (u)     in_0->z R     unmapped_nand2         1  4.1     0    60    7214    (-,-) 
  u_IDCT/DRU/sub_60_47/g674/z                                             (u)     in_1->z F     unmapped_nand2         4 15.2     0   104    7318    (-,-) 
  u_IDCT/DRU/sub_60_47/g670/z                                             (u)     in_0->z R     unmapped_complex2      2  8.2     0    76    7394    (-,-) 
  u_IDCT/DRU/sub_60_47/g666/z                                             (u)     in_0->z R     unmapped_or2           1  4.1     0    60    7454    (-,-) 
  u_IDCT/DRU/sub_60_47/g661/z                                             (u)     in_0->z F     unmapped_complex2      4 15.2     0   104    7558    (-,-) 
  u_IDCT/DRU/sub_60_47/g652/z                                             (u)     in_0->z R     unmapped_complex2      1  4.1     0    60    7618    (-,-) 
  u_IDCT/DRU/sub_60_47/g647/z                                             (u)     in_0->z F     unmapped_complex2      3 11.4     0    90    7708    (-,-) 
  u_IDCT/DRU/sub_60_47/g646/z                                             (u)     in_1->z R     unmapped_nand2         1  4.1     0    60    7769    (-,-) 
  u_IDCT/DRU/sub_60_47/g639/z                                             (u)     in_1->z F     unmapped_nand2         3 11.4     0    90    7859    (-,-) 
  u_IDCT/DRU/sub_60_47/g638/z                                             (u)     in_0->z R     unmapped_nand2         1  4.1     0    60    7919    (-,-) 
  u_IDCT/DRU/sub_60_47/g634/z                                             (u)     in_1->z F     unmapped_nand2         2  7.6     0    76    7995    (-,-) 
  u_IDCT/DRU/sub_60_47/g632/z                                             (u)     in_0->z F     unmapped_or2           1  3.8     0    60    8055    (-,-) 
  u_IDCT/DRU/sub_60_47/g633/z                                             (u)     in_1->z R     unmapped_nand2         1  4.1     0    60    8115    (-,-) 
  u_IDCT/DRU/g1261/z                                                      (u)     in_1->z F     unmapped_nand2         1  3.8     0    60    8175    (-,-) 
  u_IDCT/DRU/g1100/z                                                      (u)     in_1->z R     unmapped_nand2         1  4.1     0    60    8235    (-,-) 
  u_IDCT/DRU/ToBDEG_reg[16]/d                                             -       -       R     unmapped_d_flop        1    -     -     0    8235    (-,-) 
#----------------------------------------------------------------------------------------------------------------------------------------------------------

(u) : Net has unmapped pin(s).



Path 39: MET (1004 ps) Setup Check with Pin u_DCT/DRU/ToBDEG_reg[16]/clk->d
           Mode: func_mode
          Group: C2C_func_mode
     Startpoint: (R) u_DCT/tposemem_Bisted_RF_2P_ADV64x16_BistCtrl_i0_ST_MAL_i0_S17_reg/clk
          Clock: (F) CLK1
       Endpoint: (R) u_DCT/DRU/ToBDEG_reg[16]/d
          Clock: (R) CLK1

                     Capture       Launch     
        Clock Edge:+    8000         4000     
       Src Latency:+       0            0     
       Net Latency:+    2000 (I)     2000 (I) 
           Arrival:=   10000         6000     
                                              
             Setup:-     260                  
       Uncertainty:-     500                  
     Required Time:=    9240                  
      Launch Clock:-    6000                  
         Data Path:-    2235                  
             Slack:=    1004                  

#---------------------------------------------------------------------------------------------------------------------------------------------------------
#                             Timing Point                               Flags    Arc    Edge       Cell         Fanout Load Trans Delay Arrival Instance 
#                                                                                                                       (fF)  (ps)  (ps)   (ps)  Location 
#---------------------------------------------------------------------------------------------------------------------------------------------------------
  u_DCT/tposemem_Bisted_RF_2P_ADV64x16_BistCtrl_i0_ST_MAL_i0_S17_reg/clk -       -       R     (arrival)              6    -     0     -    6000    (-,-) 
  u_DCT/tposemem_Bisted_RF_2P_ADV64x16_BistCtrl_i0_ST_MAL_i0_S17_reg/q   (u)     clk->q  R     unmapped_d_flop        1  4.1     0    16    6016    (-,-) 
  u_DCT/g794/z                                                           (u)     in_1->z F     unmapped_nand2         2  7.6     0    76    6092    (-,-) 
  u_DCT/g728/z                                                           (u)     in_1->z R     unmapped_nand2         2  8.2     0    76    6167    (-,-) 
  u_DCT/DRU/g1363/z                                                      (u)     in_1->z R     unmapped_and2          7 28.7     0   117    6284    (-,-) 
  u_DCT/DRU/sub_60_47/g750/z                                             (u)     in_1->z F     unmapped_complex2      4 15.2     0   104    6388    (-,-) 
  u_DCT/DRU/sub_60_47/g729/z                                             (u)     in_1->z R     unmapped_nand2         1  4.1     0    60    6448    (-,-) 
  u_DCT/DRU/sub_60_47/g708/z                                             (u)     in_0->z F     unmapped_nand2         3 11.4     0    90    6539    (-,-) 
  u_DCT/DRU/sub_60_47/g706/z                                             (u)     in_1->z R     unmapped_nand2         1  4.1     0    60    6599    (-,-) 
  u_DCT/DRU/sub_60_47/g701/z                                             (u)     in_1->z F     unmapped_nand2         3 11.4     0    90    6689    (-,-) 
  u_DCT/DRU/sub_60_47/g696/z                                             (u)     in_0->z R     unmapped_nand2         1  4.1     0    60    6749    (-,-) 
  u_DCT/DRU/sub_60_47/g694/z                                             (u)     in_1->z F     unmapped_nand2         4 15.2     0   104    6853    (-,-) 
  u_DCT/DRU/sub_60_47/g690/z                                             (u)     in_0->z R     unmapped_complex2      1  4.1     0    60    6913    (-,-) 
  u_DCT/DRU/sub_60_47/g687/z                                             (u)     in_0->z F     unmapped_complex2      3 11.4     0    90    7004    (-,-) 
  u_DCT/DRU/sub_60_47/g686/z                                             (u)     in_1->z R     unmapped_nand2         1  4.1     0    60    7064    (-,-) 
  u_DCT/DRU/sub_60_47/g679/z                                             (u)     in_1->z F     unmapped_nand2         3 11.4     0    90    7154    (-,-) 
  u_DCT/DRU/sub_60_47/g675/z                                             (u)     in_0->z R     unmapped_nand2         1  4.1     0    60    7214    (-,-) 
  u_DCT/DRU/sub_60_47/g674/z                                             (u)     in_1->z F     unmapped_nand2         4 15.2     0   104    7318    (-,-) 
  u_DCT/DRU/sub_60_47/g670/z                                             (u)     in_0->z R     unmapped_complex2      2  8.2     0    76    7394    (-,-) 
  u_DCT/DRU/sub_60_47/g666/z                                             (u)     in_0->z R     unmapped_or2           1  4.1     0    60    7454    (-,-) 
  u_DCT/DRU/sub_60_47/g661/z                                             (u)     in_0->z F     unmapped_complex2      4 15.2     0   104    7558    (-,-) 
  u_DCT/DRU/sub_60_47/g652/z                                             (u)     in_0->z R     unmapped_complex2      1  4.1     0    60    7618    (-,-) 
  u_DCT/DRU/sub_60_47/g647/z                                             (u)     in_0->z F     unmapped_complex2      3 11.4     0    90    7708    (-,-) 
  u_DCT/DRU/sub_60_47/g646/z                                             (u)     in_1->z R     unmapped_nand2         1  4.1     0    60    7769    (-,-) 
  u_DCT/DRU/sub_60_47/g639/z                                             (u)     in_1->z F     unmapped_nand2         3 11.4     0    90    7859    (-,-) 
  u_DCT/DRU/sub_60_47/g638/z                                             (u)     in_0->z R     unmapped_nand2         1  4.1     0    60    7919    (-,-) 
  u_DCT/DRU/sub_60_47/g634/z                                             (u)     in_1->z F     unmapped_nand2         2  7.6     0    76    7995    (-,-) 
  u_DCT/DRU/sub_60_47/g632/z                                             (u)     in_0->z F     unmapped_or2           1  3.8     0    60    8055    (-,-) 
  u_DCT/DRU/sub_60_47/g633/z                                             (u)     in_1->z R     unmapped_nand2         1  4.1     0    60    8115    (-,-) 
  u_DCT/DRU/g1261/z                                                      (u)     in_1->z F     unmapped_nand2         1  3.8     0    60    8175    (-,-) 
  u_DCT/DRU/g1100/z                                                      (u)     in_1->z R     unmapped_nand2         1  4.1     0    60    8235    (-,-) 
  u_DCT/DRU/ToBDEG_reg[16]/d                                             -       -       R     unmapped_d_flop        1    -     -     0    8235    (-,-) 
#---------------------------------------------------------------------------------------------------------------------------------------------------------

(u) : Net has unmapped pin(s).



Path 40: MET (1018 ps) Setup Check with Pin u_IDCT/DRU/ToACF_reg[16]/clk->d
           Mode: func_mode
          Group: C2C_func_mode
     Startpoint: (R) u_IDCT/tposemem_Bisted_RF_2P_ADV64x16_BistCtrl_i0_ST_MAL_i0_S17_reg/clk
          Clock: (F) CLK1
       Endpoint: (R) u_IDCT/DRU/ToACF_reg[16]/d
          Clock: (R) CLK1

                     Capture       Launch     
        Clock Edge:+    8000         4000     
       Src Latency:+       0            0     
       Net Latency:+    2000 (I)     2000 (I) 
           Arrival:=   10000         6000     
                                              
             Setup:-     260                  
       Uncertainty:-     500                  
     Required Time:=    9240                  
      Launch Clock:-    6000                  
         Data Path:-    2222                  
             Slack:=    1018                  

#----------------------------------------------------------------------------------------------------------------------------------------------------------
#                              Timing Point                               Flags    Arc    Edge       Cell         Fanout Load Trans Delay Arrival Instance 
#                                                                                                                        (fF)  (ps)  (ps)   (ps)  Location 
#----------------------------------------------------------------------------------------------------------------------------------------------------------
  u_IDCT/tposemem_Bisted_RF_2P_ADV64x16_BistCtrl_i0_ST_MAL_i0_S17_reg/clk -       -       R     (arrival)              6    -     0     -    6000    (-,-) 
  u_IDCT/tposemem_Bisted_RF_2P_ADV64x16_BistCtrl_i0_ST_MAL_i0_S17_reg/q   (u)     clk->q  F     unmapped_d_flop        1  3.8     0    16    6016    (-,-) 
  u_IDCT/g794/z                                                           (u)     in_1->z R     unmapped_nand2         2  8.2     0    76    6092    (-,-) 
  u_IDCT/g728/z                                                           (u)     in_1->z F     unmapped_nand2         2  7.6     0    76    6167    (-,-) 
  u_IDCT/DRU/g1363/z                                                      (u)     in_1->z F     unmapped_and2          7 26.6     0   117    6284    (-,-) 
  u_IDCT/DRU/add_58_47/g2/z                                               (u)     in_1->z R     unmapped_nand2         3 12.3     0    90    6374    (-,-) 
  u_IDCT/DRU/add_58_47/g638/z                                             (u)     in_0->z R     unmapped_complex2      1  4.1     0    60    6435    (-,-) 
  u_IDCT/DRU/add_58_47/g637/z                                             (u)     in_0->z F     unmapped_nand2         3 11.4     0    90    6525    (-,-) 
  u_IDCT/DRU/add_58_47/g629/z                                             (u)     in_1->z R     unmapped_nand2         1  4.1     0    60    6585    (-,-) 
  u_IDCT/DRU/add_58_47/g628/z                                             (u)     in_1->z F     unmapped_nand2         3 11.4     0    90    6676    (-,-) 
  u_IDCT/DRU/add_58_47/g622/z                                             (u)     in_0->z R     unmapped_nand2         1  4.1     0    60    6736    (-,-) 
  u_IDCT/DRU/add_58_47/g620/z                                             (u)     in_1->z F     unmapped_nand2         4 15.2     0   104    6840    (-,-) 
  u_IDCT/DRU/add_58_47/g618/z                                             (u)     in_0->z R     unmapped_complex2      1  4.1     0    60    6900    (-,-) 
  u_IDCT/DRU/add_58_47/g613/z                                             (u)     in_0->z F     unmapped_complex2      3 11.4     0    90    6990    (-,-) 
  u_IDCT/DRU/add_58_47/g612/z                                             (u)     in_1->z R     unmapped_nand2         1  4.1     0    60    7050    (-,-) 
  u_IDCT/DRU/add_58_47/g605/z                                             (u)     in_1->z F     unmapped_nand2         3 11.4     0    90    7141    (-,-) 
  u_IDCT/DRU/add_58_47/g604/z                                             (u)     in_0->z R     unmapped_nand2         1  4.1     0    60    7201    (-,-) 
  u_IDCT/DRU/add_58_47/g600/z                                             (u)     in_1->z F     unmapped_nand2         4 15.2     0   104    7305    (-,-) 
  u_IDCT/DRU/add_58_47/g599/z                                             (u)     in_0->z R     unmapped_complex2      2  8.2     0    76    7380    (-,-) 
  u_IDCT/DRU/add_58_47/g593/z                                             (u)     in_0->z R     unmapped_or2           1  4.1     0    60    7440    (-,-) 
  u_IDCT/DRU/add_58_47/g591/z                                             (u)     in_0->z F     unmapped_complex2      4 15.2     0   104    7544    (-,-) 
  u_IDCT/DRU/add_58_47/g583/z                                             (u)     in_0->z R     unmapped_complex2      1  4.1     0    60    7604    (-,-) 
  u_IDCT/DRU/add_58_47/g576/z                                             (u)     in_0->z F     unmapped_complex2      3 11.4     0    90    7695    (-,-) 
  u_IDCT/DRU/add_58_47/g566/z                                             (u)     in_1->z R     unmapped_nand2         1  4.1     0    60    7755    (-,-) 
  u_IDCT/DRU/add_58_47/g565/z                                             (u)     in_1->z F     unmapped_nand2         3 11.4     0    90    7845    (-,-) 
  u_IDCT/DRU/add_58_47/g561/z                                             (u)     in_0->z R     unmapped_nand2         1  4.1     0    60    7906    (-,-) 
  u_IDCT/DRU/add_58_47/g560/z                                             (u)     in_1->z F     unmapped_nand2         2  7.6     0    76    7981    (-,-) 
  u_IDCT/DRU/add_58_47/g558/z                                             (u)     in_0->z F     unmapped_or2           1  3.8     0    60    8041    (-,-) 
  u_IDCT/DRU/add_58_47/g559/z                                             (u)     in_1->z R     unmapped_nand2         1  4.1     0    60    8101    (-,-) 
  u_IDCT/DRU/g1264/z                                                      (u)     in_1->z F     unmapped_nand2         1  3.8     0    60    8162    (-,-) 
  u_IDCT/DRU/g1098/z                                                      (u)     in_1->z R     unmapped_nand2         1  4.1     0    60    8222    (-,-) 
  u_IDCT/DRU/ToACF_reg[16]/d                                              -       -       R     unmapped_d_flop        1    -     -     0    8222    (-,-) 
#----------------------------------------------------------------------------------------------------------------------------------------------------------

(u) : Net has unmapped pin(s).



Path 41: MET (1018 ps) Setup Check with Pin u_DCT/DRU/ToACF_reg[16]/clk->d
           Mode: func_mode
          Group: C2C_func_mode
     Startpoint: (R) u_DCT/tposemem_Bisted_RF_2P_ADV64x16_BistCtrl_i0_ST_MAL_i0_S17_reg/clk
          Clock: (F) CLK1
       Endpoint: (R) u_DCT/DRU/ToACF_reg[16]/d
          Clock: (R) CLK1

                     Capture       Launch     
        Clock Edge:+    8000         4000     
       Src Latency:+       0            0     
       Net Latency:+    2000 (I)     2000 (I) 
           Arrival:=   10000         6000     
                                              
             Setup:-     260                  
       Uncertainty:-     500                  
     Required Time:=    9240                  
      Launch Clock:-    6000                  
         Data Path:-    2222                  
             Slack:=    1018                  

#---------------------------------------------------------------------------------------------------------------------------------------------------------
#                             Timing Point                               Flags    Arc    Edge       Cell         Fanout Load Trans Delay Arrival Instance 
#                                                                                                                       (fF)  (ps)  (ps)   (ps)  Location 
#---------------------------------------------------------------------------------------------------------------------------------------------------------
  u_DCT/tposemem_Bisted_RF_2P_ADV64x16_BistCtrl_i0_ST_MAL_i0_S17_reg/clk -       -       R     (arrival)              6    -     0     -    6000    (-,-) 
  u_DCT/tposemem_Bisted_RF_2P_ADV64x16_BistCtrl_i0_ST_MAL_i0_S17_reg/q   (u)     clk->q  F     unmapped_d_flop        1  3.8     0    16    6016    (-,-) 
  u_DCT/g794/z                                                           (u)     in_1->z R     unmapped_nand2         2  8.2     0    76    6092    (-,-) 
  u_DCT/g728/z                                                           (u)     in_1->z F     unmapped_nand2         2  7.6     0    76    6167    (-,-) 
  u_DCT/DRU/g1363/z                                                      (u)     in_1->z F     unmapped_and2          7 26.6     0   117    6284    (-,-) 
  u_DCT/DRU/add_58_47/g2/z                                               (u)     in_1->z R     unmapped_nand2         3 12.3     0    90    6374    (-,-) 
  u_DCT/DRU/add_58_47/g638/z                                             (u)     in_0->z R     unmapped_complex2      1  4.1     0    60    6435    (-,-) 
  u_DCT/DRU/add_58_47/g637/z                                             (u)     in_0->z F     unmapped_nand2         3 11.4     0    90    6525    (-,-) 
  u_DCT/DRU/add_58_47/g629/z                                             (u)     in_1->z R     unmapped_nand2         1  4.1     0    60    6585    (-,-) 
  u_DCT/DRU/add_58_47/g628/z                                             (u)     in_1->z F     unmapped_nand2         3 11.4     0    90    6676    (-,-) 
  u_DCT/DRU/add_58_47/g622/z                                             (u)     in_0->z R     unmapped_nand2         1  4.1     0    60    6736    (-,-) 
  u_DCT/DRU/add_58_47/g620/z                                             (u)     in_1->z F     unmapped_nand2         4 15.2     0   104    6840    (-,-) 
  u_DCT/DRU/add_58_47/g618/z                                             (u)     in_0->z R     unmapped_complex2      1  4.1     0    60    6900    (-,-) 
  u_DCT/DRU/add_58_47/g613/z                                             (u)     in_0->z F     unmapped_complex2      3 11.4     0    90    6990    (-,-) 
  u_DCT/DRU/add_58_47/g612/z                                             (u)     in_1->z R     unmapped_nand2         1  4.1     0    60    7050    (-,-) 
  u_DCT/DRU/add_58_47/g605/z                                             (u)     in_1->z F     unmapped_nand2         3 11.4     0    90    7141    (-,-) 
  u_DCT/DRU/add_58_47/g604/z                                             (u)     in_0->z R     unmapped_nand2         1  4.1     0    60    7201    (-,-) 
  u_DCT/DRU/add_58_47/g600/z                                             (u)     in_1->z F     unmapped_nand2         4 15.2     0   104    7305    (-,-) 
  u_DCT/DRU/add_58_47/g599/z                                             (u)     in_0->z R     unmapped_complex2      2  8.2     0    76    7380    (-,-) 
  u_DCT/DRU/add_58_47/g593/z                                             (u)     in_0->z R     unmapped_or2           1  4.1     0    60    7440    (-,-) 
  u_DCT/DRU/add_58_47/g591/z                                             (u)     in_0->z F     unmapped_complex2      4 15.2     0   104    7544    (-,-) 
  u_DCT/DRU/add_58_47/g583/z                                             (u)     in_0->z R     unmapped_complex2      1  4.1     0    60    7604    (-,-) 
  u_DCT/DRU/add_58_47/g576/z                                             (u)     in_0->z F     unmapped_complex2      3 11.4     0    90    7695    (-,-) 
  u_DCT/DRU/add_58_47/g566/z                                             (u)     in_1->z R     unmapped_nand2         1  4.1     0    60    7755    (-,-) 
  u_DCT/DRU/add_58_47/g565/z                                             (u)     in_1->z F     unmapped_nand2         3 11.4     0    90    7845    (-,-) 
  u_DCT/DRU/add_58_47/g561/z                                             (u)     in_0->z R     unmapped_nand2         1  4.1     0    60    7906    (-,-) 
  u_DCT/DRU/add_58_47/g560/z                                             (u)     in_1->z F     unmapped_nand2         2  7.6     0    76    7981    (-,-) 
  u_DCT/DRU/add_58_47/g558/z                                             (u)     in_0->z F     unmapped_or2           1  3.8     0    60    8041    (-,-) 
  u_DCT/DRU/add_58_47/g559/z                                             (u)     in_1->z R     unmapped_nand2         1  4.1     0    60    8101    (-,-) 
  u_DCT/DRU/g1264/z                                                      (u)     in_1->z F     unmapped_nand2         1  3.8     0    60    8162    (-,-) 
  u_DCT/DRU/g1098/z                                                      (u)     in_1->z R     unmapped_nand2         1  4.1     0    60    8222    (-,-) 
  u_DCT/DRU/ToACF_reg[16]/d                                              -       -       R     unmapped_d_flop        1    -     -     0    8222    (-,-) 
#---------------------------------------------------------------------------------------------------------------------------------------------------------

(u) : Net has unmapped pin(s).



Path 42: MET (1044 ps) Setup Check with Pin u_DCT/tposemem_Bisted_RF_2P_ADV64x16_RF_2P_ADV64x16_u0_SRAM_i0/CLKB->DB[14]
           Mode: func_mode
          Group: C2C_func_mode
     Startpoint: (R) d_DoDCT_reg/clk
          Clock: (R) CLK1
       Endpoint: (F) u_DCT/tposemem_Bisted_RF_2P_ADV64x16_RF_2P_ADV64x16_u0_SRAM_i0/DB[14]
          Clock: (F) CLK1

                     Capture       Launch     
        Clock Edge:+    4000            0     
       Src Latency:+       0            0     
       Net Latency:+    2000 (I)     2000 (I) 
           Arrival:=    6000         2000     
                                              
             Setup:-     223                  
       Uncertainty:-     500                  
     Required Time:=    5277                  
      Launch Clock:-    2000                  
         Data Path:-    2232                  
             Slack:=    1044                  

#--------------------------------------------------------------------------------------------------------------------------------------------------------
#                             Timing Point                              Flags    Arc    Edge       Cell         Fanout Load Trans Delay Arrival Instance 
#                                                                                                                      (fF)  (ps)  (ps)   (ps)  Location 
#--------------------------------------------------------------------------------------------------------------------------------------------------------
  d_DoDCT_reg/clk                                                       -       -       R     (arrival)           1022    -     0     -    2000    (-,-) 
  d_DoDCT_reg/q                                                         (u)     clk->q  F     unmapped_d_flop      118 41.8     0   506    2506    (-,-) 
  u_DCT/IDRU8/g2883/z                                                   (u)     in_1->z F     unmapped_complex2      2  7.6     0    76    2582    (-,-) 
  u_DCT/IDRU8/g2860/z                                                   (u)     in_0->z F     unmapped_complex2     19 72.2     0   154    2736    (-,-) 
  u_DCT/IDRU8/g2728/z                                                   (u)     in_0->z F     unmapped_complex2      1  3.8     0    60    2796    (-,-) 
  u_DCT/IDRU8/g2690/z                                                   (u)     in_1->z R     unmapped_nand2         1  4.1     0    60    2856    (-,-) 
  u_DCT/IDRU8/g2576/z                                                   (u)     in_0->z R     unmapped_complex2      1  4.1     0    60    2916    (-,-) 
  u_DCT/IDRU8/g2519/z                                                   (u)     in_1->z R     unmapped_or2           1  4.1     0    60    2976    (-,-) 
  u_DCT/IDRU8/g2489/z                                                   (u)     in_0->z R     unmapped_complex2      4 16.4     0   104    3080    (-,-) 
  u_DCT/IDRU8/add_86_45/g398/z                                          (u)     in_0->z R     unmapped_or2           1  4.1     0    60    3140    (-,-) 
  u_DCT/IDRU8/add_86_45/g367/z                                          (u)     in_1->z F     unmapped_complex2      1  3.8     0    60    3201    (-,-) 
  u_DCT/IDRU8/add_86_45/g42/z                                           (u)     in_1->z R     unmapped_nand2         4 16.4     0   104    3304    (-,-) 
  u_DCT/IDRU8/add_86_45/g347/z                                          (u)     in_0->z F     unmapped_complex2      1  3.8     0    60    3365    (-,-) 
  u_DCT/IDRU8/add_86_45/g336/z                                          (u)     in_0->z R     unmapped_complex2      5 20.5     0   110    3475    (-,-) 
  u_DCT/IDRU8/add_86_45/g332/z                                          (u)     in_0->z F     unmapped_complex2      2  7.6     0    76    3551    (-,-) 
  u_DCT/IDRU8/add_86_45/g314/z                                          (u)     in_1->z F     unmapped_or2           1  3.8     0    60    3611    (-,-) 
  u_DCT/IDRU8/add_86_45/g313/z                                          (u)     in_0->z R     unmapped_complex2     10 41.0     0   126    3737    (-,-) 
  u_DCT/IDRU8/add_86_45/g295/z                                          (u)     in_0->z F     unmapped_complex2      1  3.8     0    60    3797    (-,-) 
  u_DCT/IDRU8/add_86_45/g288/z                                          (u)     in_0->z R     unmapped_complex2      3 12.3     0    90    3887    (-,-) 
  u_DCT/IDRU8/add_86_45/g274/z                                          (u)     in_0->z R     unmapped_or2           1  4.1     0    60    3948    (-,-) 
  u_DCT/IDRU8/add_86_45/g275/z                                          (u)     in_1->z F     unmapped_nand2         1  3.8     0    60    4008    (-,-) 
  u_DCT/IDRU8/g2901/z                                                   (u)     in_0->z R     unmapped_complex2      1  4.1     0    60    4068    (-,-) 
  u_DCT/IDRU8/g2311/z                                                   (u)     in_1->z F     unmapped_complex2      1  3.8     0    60    4128    (-,-) 
  u_DCT/g820/z                                                          (u)     in_0->z R     unmapped_complex2      1  4.1     0    60    4188    (-,-) 
  u_DCT/g714/z                                                          (u)     in_0->z F     unmapped_nand2         1  2.6     0    44    4232    (-,-) 
  u_DCT/tposemem_Bisted_RF_2P_ADV64x16_RF_2P_ADV64x16_u0_SRAM_i0/DB[14] (P)     -       F     rf_2p_hse              1    -     -     0    4232    (-,-) 
#--------------------------------------------------------------------------------------------------------------------------------------------------------

(P) : Instance is preserved
(u) : Net has unmapped pin(s).



Path 43: MET (1059 ps) Setup Check with Pin u_DCT/tposemem_Bisted_RF_2P_ADV64x16_RF_2P_ADV64x16_u0_SRAM_i0/CLKB->DB[6]
           Mode: func_mode
          Group: C2C_func_mode
     Startpoint: (R) d_DoDCT_reg/clk
          Clock: (R) CLK1
       Endpoint: (F) u_DCT/tposemem_Bisted_RF_2P_ADV64x16_RF_2P_ADV64x16_u0_SRAM_i0/DB[6]
          Clock: (F) CLK1

                     Capture       Launch     
        Clock Edge:+    4000            0     
       Src Latency:+       0            0     
       Net Latency:+    2000 (I)     2000 (I) 
           Arrival:=    6000         2000     
                                              
             Setup:-     223                  
       Uncertainty:-     500                  
     Required Time:=    5277                  
      Launch Clock:-    2000                  
         Data Path:-    2218                  
             Slack:=    1059                  

#-------------------------------------------------------------------------------------------------------------------------------------------------------
#                            Timing Point                              Flags    Arc    Edge       Cell         Fanout Load Trans Delay Arrival Instance 
#                                                                                                                     (fF)  (ps)  (ps)   (ps)  Location 
#-------------------------------------------------------------------------------------------------------------------------------------------------------
  d_DoDCT_reg/clk                                                      -       -       R     (arrival)           1022    -     0     -    2000    (-,-) 
  d_DoDCT_reg/q                                                        (u)     clk->q  F     unmapped_d_flop      118 41.8     0   506    2506    (-,-) 
  u_DCT/IDRU8/g2883/z                                                  (u)     in_1->z F     unmapped_complex2      2  7.6     0    76    2582    (-,-) 
  u_DCT/IDRU8/g2860/z                                                  (u)     in_0->z F     unmapped_complex2     19 72.2     0   154    2736    (-,-) 
  u_DCT/IDRU8/g2728/z                                                  (u)     in_0->z F     unmapped_complex2      1  3.8     0    60    2796    (-,-) 
  u_DCT/IDRU8/g2690/z                                                  (u)     in_1->z R     unmapped_nand2         1  4.1     0    60    2856    (-,-) 
  u_DCT/IDRU8/g2576/z                                                  (u)     in_0->z R     unmapped_complex2      1  4.1     0    60    2916    (-,-) 
  u_DCT/IDRU8/g2519/z                                                  (u)     in_1->z R     unmapped_or2           1  4.1     0    60    2976    (-,-) 
  u_DCT/IDRU8/g2489/z                                                  (u)     in_0->z R     unmapped_complex2      4 16.4     0   104    3080    (-,-) 
  u_DCT/IDRU8/add_86_45/g398/z                                         (u)     in_0->z R     unmapped_or2           1  4.1     0    60    3140    (-,-) 
  u_DCT/IDRU8/add_86_45/g367/z                                         (u)     in_1->z F     unmapped_complex2      1  3.8     0    60    3201    (-,-) 
  u_DCT/IDRU8/add_86_45/g42/z                                          (u)     in_1->z R     unmapped_nand2         4 16.4     0   104    3304    (-,-) 
  u_DCT/IDRU8/add_86_45/g347/z                                         (u)     in_0->z F     unmapped_complex2      1  3.8     0    60    3365    (-,-) 
  u_DCT/IDRU8/add_86_45/g336/z                                         (u)     in_0->z R     unmapped_complex2      5 20.5     0   110    3475    (-,-) 
  u_DCT/IDRU8/add_86_45/g332/z                                         (u)     in_0->z F     unmapped_complex2      2  7.6     0    76    3551    (-,-) 
  u_DCT/IDRU8/add_86_45/g314/z                                         (u)     in_1->z F     unmapped_or2           1  3.8     0    60    3611    (-,-) 
  u_DCT/IDRU8/add_86_45/g313/z                                         (u)     in_0->z R     unmapped_complex2     10 41.0     0   126    3737    (-,-) 
  u_DCT/IDRU8/add_86_45/g300/z                                         (u)     in_0->z R     unmapped_or2           1  4.1     0    60    3797    (-,-) 
  u_DCT/IDRU8/add_86_45/g301/z                                         (u)     in_1->z F     unmapped_nand2         1  3.8     0    60    3857    (-,-) 
  u_DCT/IDRU8/g2938/z                                                  (u)     in_0->z R     unmapped_complex2      1  4.1     0    60    3918    (-,-) 
  u_DCT/IDRU8/g2914/z                                                  (u)     in_0->z F     unmapped_nand2         2  7.6     0    76    3993    (-,-) 
  u_DCT/IDRU8/g2467/z                                                  (u)     in_0->z R     unmapped_complex2      1  4.1     0    60    4053    (-,-) 
  u_DCT/IDRU8/g2300/z                                                  (u)     in_0->z F     unmapped_nand2         1  3.8     0    60    4113    (-,-) 
  u_DCT/g758/z                                                         (u)     in_0->z R     unmapped_complex2      1  4.1     0    60    4174    (-,-) 
  u_DCT/g701/z                                                         (u)     in_1->z F     unmapped_nand2         1  2.6     0    44    4218    (-,-) 
  u_DCT/tposemem_Bisted_RF_2P_ADV64x16_RF_2P_ADV64x16_u0_SRAM_i0/DB[6] (P)     -       F     rf_2p_hse              1    -     -     0    4218    (-,-) 
#-------------------------------------------------------------------------------------------------------------------------------------------------------

(P) : Instance is preserved
(u) : Net has unmapped pin(s).



Path 44: MET (1084 ps) Setup Check with Pin u_IDCT/tposemem_Bisted_RF_2P_ADV64x16_RF_2P_ADV64x16_u0_SRAM_i0/CLKB->DB[4]
           Mode: func_mode
          Group: C2C_func_mode
     Startpoint: (R) d_DoDCT_reg/clk
          Clock: (R) CLK1
       Endpoint: (F) u_IDCT/tposemem_Bisted_RF_2P_ADV64x16_RF_2P_ADV64x16_u0_SRAM_i0/DB[4]
          Clock: (F) CLK1

                     Capture       Launch     
        Clock Edge:+    4000            0     
       Src Latency:+       0            0     
       Net Latency:+    2000 (I)     2000 (I) 
           Arrival:=    6000         2000     
                                              
             Setup:-     223                  
       Uncertainty:-     500                  
     Required Time:=    5277                  
      Launch Clock:-    2000                  
         Data Path:-    2192                  
             Slack:=    1084                  

#--------------------------------------------------------------------------------------------------------------------------------------------------------
#                             Timing Point                              Flags    Arc    Edge       Cell         Fanout Load Trans Delay Arrival Instance 
#                                                                                                                      (fF)  (ps)  (ps)   (ps)  Location 
#--------------------------------------------------------------------------------------------------------------------------------------------------------
  d_DoDCT_reg/clk                                                       -       -       R     (arrival)           1022    -     0     -    2000    (-,-) 
  d_DoDCT_reg/q                                                         (u)     clk->q  R     unmapped_d_flop      118 45.1     0   506    2506    (-,-) 
  g172/z                                                                (u)     in_0->z F     unmapped_not         119 41.8     0   161    2667    (-,-) 
  u_IDCT/IDRU8/g2860/z                                                  (u)     in_1->z F     unmapped_or2          19 72.2     0   154    2821    (-,-) 
  u_IDCT/IDRU8/g2728/z                                                  (u)     in_0->z F     unmapped_complex2      1  3.8     0    60    2881    (-,-) 
  u_IDCT/IDRU8/g2690/z                                                  (u)     in_1->z R     unmapped_nand2         1  4.1     0    60    2942    (-,-) 
  u_IDCT/IDRU8/g2576/z                                                  (u)     in_0->z R     unmapped_complex2      1  4.1     0    60    3002    (-,-) 
  u_IDCT/IDRU8/g2519/z                                                  (u)     in_1->z R     unmapped_or2           1  4.1     0    60    3062    (-,-) 
  u_IDCT/IDRU8/g2489/z                                                  (u)     in_0->z R     unmapped_complex2      4 16.4     0   104    3166    (-,-) 
  u_IDCT/IDRU8/add_86_45/g398/z                                         (u)     in_0->z R     unmapped_or2           1  4.1     0    60    3226    (-,-) 
  u_IDCT/IDRU8/add_86_45/g367/z                                         (u)     in_1->z F     unmapped_complex2      1  3.8     0    60    3286    (-,-) 
  u_IDCT/IDRU8/add_86_45/g42/z                                          (u)     in_1->z R     unmapped_nand2         4 16.4     0   104    3390    (-,-) 
  u_IDCT/IDRU8/add_86_45/g347/z                                         (u)     in_0->z F     unmapped_complex2      1  3.8     0    60    3450    (-,-) 
  u_IDCT/IDRU8/add_86_45/g336/z                                         (u)     in_0->z R     unmapped_complex2      5 20.5     0   110    3561    (-,-) 
  u_IDCT/IDRU8/add_86_45/g332/z                                         (u)     in_0->z F     unmapped_complex2      2  7.6     0    76    3636    (-,-) 
  u_IDCT/IDRU8/add_86_45/g318/z                                         (u)     in_0->z R     unmapped_complex2      2  8.2     0    76    3712    (-,-) 
  u_IDCT/IDRU8/add_86_45/g308/z                                         (u)     in_0->z R     unmapped_or2           1  4.1     0    60    3772    (-,-) 
  u_IDCT/IDRU8/add_86_45/g309/z                                         (u)     in_1->z F     unmapped_nand2         1  3.8     0    60    3832    (-,-) 
  u_IDCT/IDRU8/g2944/z                                                  (u)     in_0->z R     unmapped_complex2      1  4.1     0    60    3892    (-,-) 
  u_IDCT/IDRU8/g2911/z                                                  (u)     in_0->z F     unmapped_nand2         2  7.6     0    76    3968    (-,-) 
  u_IDCT/IDRU8/g2461/z                                                  (u)     in_0->z R     unmapped_complex2      1  4.1     0    60    4028    (-,-) 
  u_IDCT/IDRU8/g2305/z                                                  (u)     in_0->z F     unmapped_nand2         1  3.8     0    60    4088    (-,-) 
  u_IDCT/g761/z                                                         (u)     in_0->z R     unmapped_complex2      1  4.1     0    60    4148    (-,-) 
  u_IDCT/g708/z                                                         (u)     in_1->z F     unmapped_nand2         1  2.6     0    44    4192    (-,-) 
  u_IDCT/tposemem_Bisted_RF_2P_ADV64x16_RF_2P_ADV64x16_u0_SRAM_i0/DB[4] (P)     -       F     rf_2p_hse              1    -     -     0    4192    (-,-) 
#--------------------------------------------------------------------------------------------------------------------------------------------------------

(P) : Instance is preserved
(u) : Net has unmapped pin(s).



Path 45: MET (1100 ps) Setup Check with Pin u_IDCT/tposemem_Bisted_RF_2P_ADV64x16_RF_2P_ADV64x16_u0_SRAM_i0/CLKB->DB[3]
           Mode: func_mode
          Group: C2C_func_mode
     Startpoint: (R) d_DoDCT_reg/clk
          Clock: (R) CLK1
       Endpoint: (F) u_IDCT/tposemem_Bisted_RF_2P_ADV64x16_RF_2P_ADV64x16_u0_SRAM_i0/DB[3]
          Clock: (F) CLK1

                     Capture       Launch     
        Clock Edge:+    4000            0     
       Src Latency:+       0            0     
       Net Latency:+    2000 (I)     2000 (I) 
           Arrival:=    6000         2000     
                                              
             Setup:-     223                  
       Uncertainty:-     500                  
     Required Time:=    5277                  
      Launch Clock:-    2000                  
         Data Path:-    2177                  
             Slack:=    1100                  

#--------------------------------------------------------------------------------------------------------------------------------------------------------
#                             Timing Point                              Flags    Arc    Edge       Cell         Fanout Load Trans Delay Arrival Instance 
#                                                                                                                      (fF)  (ps)  (ps)   (ps)  Location 
#--------------------------------------------------------------------------------------------------------------------------------------------------------
  d_DoDCT_reg/clk                                                       -       -       R     (arrival)           1022    -     0     -    2000    (-,-) 
  d_DoDCT_reg/q                                                         (u)     clk->q  R     unmapped_d_flop      118 45.1     0   506    2506    (-,-) 
  g172/z                                                                (u)     in_0->z F     unmapped_not         119 41.8     0   161    2667    (-,-) 
  u_IDCT/IDRU8/g2860/z                                                  (u)     in_1->z F     unmapped_or2          19 72.2     0   154    2821    (-,-) 
  u_IDCT/IDRU8/g2728/z                                                  (u)     in_0->z F     unmapped_complex2      1  3.8     0    60    2881    (-,-) 
  u_IDCT/IDRU8/g2690/z                                                  (u)     in_1->z R     unmapped_nand2         1  4.1     0    60    2942    (-,-) 
  u_IDCT/IDRU8/g2576/z                                                  (u)     in_0->z R     unmapped_complex2      1  4.1     0    60    3002    (-,-) 
  u_IDCT/IDRU8/g2519/z                                                  (u)     in_1->z R     unmapped_or2           1  4.1     0    60    3062    (-,-) 
  u_IDCT/IDRU8/g2489/z                                                  (u)     in_0->z R     unmapped_complex2      4 16.4     0   104    3166    (-,-) 
  u_IDCT/IDRU8/add_86_45/g398/z                                         (u)     in_0->z R     unmapped_or2           1  4.1     0    60    3226    (-,-) 
  u_IDCT/IDRU8/add_86_45/g367/z                                         (u)     in_1->z F     unmapped_complex2      1  3.8     0    60    3286    (-,-) 
  u_IDCT/IDRU8/add_86_45/g42/z                                          (u)     in_1->z R     unmapped_nand2         4 16.4     0   104    3390    (-,-) 
  u_IDCT/IDRU8/add_86_45/g347/z                                         (u)     in_0->z F     unmapped_complex2      1  3.8     0    60    3450    (-,-) 
  u_IDCT/IDRU8/add_86_45/g336/z                                         (u)     in_0->z R     unmapped_complex2      5 20.5     0   110    3561    (-,-) 
  u_IDCT/IDRU8/add_86_45/g331/z                                         (u)     in_1->z F     unmapped_nand2         1  3.8     0    60    3621    (-,-) 
  u_IDCT/IDRU8/add_86_45/g112/z                                         (u)     in_1->z R     unmapped_nand2         2  8.2     0    76    3696    (-,-) 
  u_IDCT/IDRU8/add_86_45/g305/z                                         (u)     in_0->z R     unmapped_or2           1  4.1     0    60    3757    (-,-) 
  u_IDCT/IDRU8/add_86_45/g306/z                                         (u)     in_1->z F     unmapped_nand2         1  3.8     0    60    3817    (-,-) 
  u_IDCT/IDRU8/g2946/z                                                  (u)     in_0->z R     unmapped_complex2      1  4.1     0    60    3877    (-,-) 
  u_IDCT/IDRU8/g2908/z                                                  (u)     in_0->z F     unmapped_nand2         2  7.6     0    76    3953    (-,-) 
  u_IDCT/IDRU8/g2458/z                                                  (u)     in_0->z R     unmapped_complex2      1  4.1     0    60    4013    (-,-) 
  u_IDCT/IDRU8/g2306/z                                                  (u)     in_0->z F     unmapped_nand2         1  3.8     0    60    4073    (-,-) 
  u_IDCT/g763/z                                                         (u)     in_0->z R     unmapped_complex2      1  4.1     0    60    4133    (-,-) 
  u_IDCT/g711/z                                                         (u)     in_1->z F     unmapped_nand2         1  2.6     0    44    4177    (-,-) 
  u_IDCT/tposemem_Bisted_RF_2P_ADV64x16_RF_2P_ADV64x16_u0_SRAM_i0/DB[3] (P)     -       F     rf_2p_hse              1    -     -     0    4177    (-,-) 
#--------------------------------------------------------------------------------------------------------------------------------------------------------

(P) : Instance is preserved
(u) : Net has unmapped pin(s).



Path 46: MET (1100 ps) Setup Check with Pin u_IDCT/tposemem_Bisted_RF_2P_ADV64x16_RF_2P_ADV64x16_u0_SRAM_i0/CLKB->DB[5]
           Mode: func_mode
          Group: C2C_func_mode
     Startpoint: (R) d_DoDCT_reg/clk
          Clock: (R) CLK1
       Endpoint: (F) u_IDCT/tposemem_Bisted_RF_2P_ADV64x16_RF_2P_ADV64x16_u0_SRAM_i0/DB[5]
          Clock: (F) CLK1

                     Capture       Launch     
        Clock Edge:+    4000            0     
       Src Latency:+       0            0     
       Net Latency:+    2000 (I)     2000 (I) 
           Arrival:=    6000         2000     
                                              
             Setup:-     223                  
       Uncertainty:-     500                  
     Required Time:=    5277                  
      Launch Clock:-    2000                  
         Data Path:-    2177                  
             Slack:=    1100                  

#--------------------------------------------------------------------------------------------------------------------------------------------------------
#                             Timing Point                              Flags    Arc    Edge       Cell         Fanout Load Trans Delay Arrival Instance 
#                                                                                                                      (fF)  (ps)  (ps)   (ps)  Location 
#--------------------------------------------------------------------------------------------------------------------------------------------------------
  d_DoDCT_reg/clk                                                       -       -       R     (arrival)           1022    -     0     -    2000    (-,-) 
  d_DoDCT_reg/q                                                         (u)     clk->q  R     unmapped_d_flop      118 45.1     0   506    2506    (-,-) 
  g172/z                                                                (u)     in_0->z F     unmapped_not         119 41.8     0   161    2667    (-,-) 
  u_IDCT/IDRU8/g2860/z                                                  (u)     in_1->z F     unmapped_or2          19 72.2     0   154    2821    (-,-) 
  u_IDCT/IDRU8/g2728/z                                                  (u)     in_0->z F     unmapped_complex2      1  3.8     0    60    2881    (-,-) 
  u_IDCT/IDRU8/g2690/z                                                  (u)     in_1->z R     unmapped_nand2         1  4.1     0    60    2942    (-,-) 
  u_IDCT/IDRU8/g2576/z                                                  (u)     in_0->z R     unmapped_complex2      1  4.1     0    60    3002    (-,-) 
  u_IDCT/IDRU8/g2519/z                                                  (u)     in_1->z R     unmapped_or2           1  4.1     0    60    3062    (-,-) 
  u_IDCT/IDRU8/g2489/z                                                  (u)     in_0->z R     unmapped_complex2      4 16.4     0   104    3166    (-,-) 
  u_IDCT/IDRU8/add_86_45/g398/z                                         (u)     in_0->z R     unmapped_or2           1  4.1     0    60    3226    (-,-) 
  u_IDCT/IDRU8/add_86_45/g367/z                                         (u)     in_1->z F     unmapped_complex2      1  3.8     0    60    3286    (-,-) 
  u_IDCT/IDRU8/add_86_45/g42/z                                          (u)     in_1->z R     unmapped_nand2         4 16.4     0   104    3390    (-,-) 
  u_IDCT/IDRU8/add_86_45/g347/z                                         (u)     in_0->z F     unmapped_complex2      1  3.8     0    60    3450    (-,-) 
  u_IDCT/IDRU8/add_86_45/g336/z                                         (u)     in_0->z R     unmapped_complex2      5 20.5     0   110    3561    (-,-) 
  u_IDCT/IDRU8/add_86_45/g247/z                                         (u)     in_0->z F     unmapped_complex2      1  3.8     0    60    3621    (-,-) 
  u_IDCT/IDRU8/add_86_45/g316/z                                         (u)     in_0->z R     unmapped_complex2      2  8.2     0    76    3696    (-,-) 
  u_IDCT/IDRU8/add_86_45/g311/z                                         (u)     in_0->z R     unmapped_or2           1  4.1     0    60    3757    (-,-) 
  u_IDCT/IDRU8/add_86_45/g312/z                                         (u)     in_1->z F     unmapped_nand2         1  3.8     0    60    3817    (-,-) 
  u_IDCT/IDRU8/g2940/z                                                  (u)     in_0->z R     unmapped_complex2      1  4.1     0    60    3877    (-,-) 
  u_IDCT/IDRU8/g2912/z                                                  (u)     in_0->z F     unmapped_nand2         2  7.6     0    76    3953    (-,-) 
  u_IDCT/IDRU8/g2464/z                                                  (u)     in_0->z R     unmapped_complex2      1  4.1     0    60    4013    (-,-) 
  u_IDCT/IDRU8/g2303/z                                                  (u)     in_0->z F     unmapped_nand2         1  3.8     0    60    4073    (-,-) 
  u_IDCT/g760/z                                                         (u)     in_0->z R     unmapped_complex2      1  4.1     0    60    4133    (-,-) 
  u_IDCT/g706/z                                                         (u)     in_1->z F     unmapped_nand2         1  2.6     0    44    4177    (-,-) 
  u_IDCT/tposemem_Bisted_RF_2P_ADV64x16_RF_2P_ADV64x16_u0_SRAM_i0/DB[5] (P)     -       F     rf_2p_hse              1    -     -     0    4177    (-,-) 
#--------------------------------------------------------------------------------------------------------------------------------------------------------

(P) : Instance is preserved
(u) : Net has unmapped pin(s).



Path 47: MET (1140 ps) Setup Check with Pin u_IDCT/DRU/ToBDEG_reg[15]/clk->d
           Mode: func_mode
          Group: C2C_func_mode
     Startpoint: (R) u_IDCT/tposemem_Bisted_RF_2P_ADV64x16_BistCtrl_i0_ST_MAL_i0_S17_reg/clk
          Clock: (F) CLK1
       Endpoint: (R) u_IDCT/DRU/ToBDEG_reg[15]/d
          Clock: (R) CLK1

                     Capture       Launch     
        Clock Edge:+    8000         4000     
       Src Latency:+       0            0     
       Net Latency:+    2000 (I)     2000 (I) 
           Arrival:=   10000         6000     
                                              
             Setup:-     260                  
       Uncertainty:-     500                  
     Required Time:=    9240                  
      Launch Clock:-    6000                  
         Data Path:-    2100                  
             Slack:=    1140                  

#----------------------------------------------------------------------------------------------------------------------------------------------------------
#                              Timing Point                               Flags    Arc    Edge       Cell         Fanout Load Trans Delay Arrival Instance 
#                                                                                                                        (fF)  (ps)  (ps)   (ps)  Location 
#----------------------------------------------------------------------------------------------------------------------------------------------------------
  u_IDCT/tposemem_Bisted_RF_2P_ADV64x16_BistCtrl_i0_ST_MAL_i0_S17_reg/clk -       -       R     (arrival)              6    -     0     -    6000    (-,-) 
  u_IDCT/tposemem_Bisted_RF_2P_ADV64x16_BistCtrl_i0_ST_MAL_i0_S17_reg/q   (u)     clk->q  R     unmapped_d_flop        1  4.1     0    16    6016    (-,-) 
  u_IDCT/g794/z                                                           (u)     in_1->z F     unmapped_nand2         2  7.6     0    76    6092    (-,-) 
  u_IDCT/g728/z                                                           (u)     in_1->z R     unmapped_nand2         2  8.2     0    76    6167    (-,-) 
  u_IDCT/DRU/g1363/z                                                      (u)     in_1->z R     unmapped_and2          7 28.7     0   117    6284    (-,-) 
  u_IDCT/DRU/sub_60_47/g750/z                                             (u)     in_1->z F     unmapped_complex2      4 15.2     0   104    6388    (-,-) 
  u_IDCT/DRU/sub_60_47/g729/z                                             (u)     in_1->z R     unmapped_nand2         1  4.1     0    60    6448    (-,-) 
  u_IDCT/DRU/sub_60_47/g708/z                                             (u)     in_0->z F     unmapped_nand2         3 11.4     0    90    6539    (-,-) 
  u_IDCT/DRU/sub_60_47/g706/z                                             (u)     in_1->z R     unmapped_nand2         1  4.1     0    60    6599    (-,-) 
  u_IDCT/DRU/sub_60_47/g701/z                                             (u)     in_1->z F     unmapped_nand2         3 11.4     0    90    6689    (-,-) 
  u_IDCT/DRU/sub_60_47/g696/z                                             (u)     in_0->z R     unmapped_nand2         1  4.1     0    60    6749    (-,-) 
  u_IDCT/DRU/sub_60_47/g694/z                                             (u)     in_1->z F     unmapped_nand2         4 15.2     0   104    6853    (-,-) 
  u_IDCT/DRU/sub_60_47/g690/z                                             (u)     in_0->z R     unmapped_complex2      1  4.1     0    60    6913    (-,-) 
  u_IDCT/DRU/sub_60_47/g687/z                                             (u)     in_0->z F     unmapped_complex2      3 11.4     0    90    7004    (-,-) 
  u_IDCT/DRU/sub_60_47/g686/z                                             (u)     in_1->z R     unmapped_nand2         1  4.1     0    60    7064    (-,-) 
  u_IDCT/DRU/sub_60_47/g679/z                                             (u)     in_1->z F     unmapped_nand2         3 11.4     0    90    7154    (-,-) 
  u_IDCT/DRU/sub_60_47/g675/z                                             (u)     in_0->z R     unmapped_nand2         1  4.1     0    60    7214    (-,-) 
  u_IDCT/DRU/sub_60_47/g674/z                                             (u)     in_1->z F     unmapped_nand2         4 15.2     0   104    7318    (-,-) 
  u_IDCT/DRU/sub_60_47/g670/z                                             (u)     in_0->z R     unmapped_complex2      2  8.2     0    76    7394    (-,-) 
  u_IDCT/DRU/sub_60_47/g666/z                                             (u)     in_0->z R     unmapped_or2           1  4.1     0    60    7454    (-,-) 
  u_IDCT/DRU/sub_60_47/g661/z                                             (u)     in_0->z F     unmapped_complex2      4 15.2     0   104    7558    (-,-) 
  u_IDCT/DRU/sub_60_47/g652/z                                             (u)     in_0->z R     unmapped_complex2      1  4.1     0    60    7618    (-,-) 
  u_IDCT/DRU/sub_60_47/g647/z                                             (u)     in_0->z F     unmapped_complex2      3 11.4     0    90    7708    (-,-) 
  u_IDCT/DRU/sub_60_47/g646/z                                             (u)     in_1->z R     unmapped_nand2         1  4.1     0    60    7769    (-,-) 
  u_IDCT/DRU/sub_60_47/g639/z                                             (u)     in_1->z F     unmapped_nand2         3 11.4     0    90    7859    (-,-) 
  u_IDCT/DRU/sub_60_47/g636/z                                             (u)     in_0->z F     unmapped_or2           1  3.8     0    60    7919    (-,-) 
  u_IDCT/DRU/sub_60_47/g637/z                                             (u)     in_1->z R     unmapped_nand2         1  4.1     0    60    7979    (-,-) 
  u_IDCT/DRU/g1257/z                                                      (u)     in_1->z F     unmapped_nand2         1  3.8     0    60    8040    (-,-) 
  u_IDCT/DRU/g1105/z                                                      (u)     in_1->z R     unmapped_nand2         1  4.1     0    60    8100    (-,-) 
  u_IDCT/DRU/ToBDEG_reg[15]/d                                             -       -       R     unmapped_d_flop        1    -     -     0    8100    (-,-) 
#----------------------------------------------------------------------------------------------------------------------------------------------------------

(u) : Net has unmapped pin(s).



Path 48: MET (1140 ps) Setup Check with Pin u_DCT/DRU/ToBDEG_reg[15]/clk->d
           Mode: func_mode
          Group: C2C_func_mode
     Startpoint: (R) u_DCT/tposemem_Bisted_RF_2P_ADV64x16_BistCtrl_i0_ST_MAL_i0_S17_reg/clk
          Clock: (F) CLK1
       Endpoint: (R) u_DCT/DRU/ToBDEG_reg[15]/d
          Clock: (R) CLK1

                     Capture       Launch     
        Clock Edge:+    8000         4000     
       Src Latency:+       0            0     
       Net Latency:+    2000 (I)     2000 (I) 
           Arrival:=   10000         6000     
                                              
             Setup:-     260                  
       Uncertainty:-     500                  
     Required Time:=    9240                  
      Launch Clock:-    6000                  
         Data Path:-    2100                  
             Slack:=    1140                  

#---------------------------------------------------------------------------------------------------------------------------------------------------------
#                             Timing Point                               Flags    Arc    Edge       Cell         Fanout Load Trans Delay Arrival Instance 
#                                                                                                                       (fF)  (ps)  (ps)   (ps)  Location 
#---------------------------------------------------------------------------------------------------------------------------------------------------------
  u_DCT/tposemem_Bisted_RF_2P_ADV64x16_BistCtrl_i0_ST_MAL_i0_S17_reg/clk -       -       R     (arrival)              6    -     0     -    6000    (-,-) 
  u_DCT/tposemem_Bisted_RF_2P_ADV64x16_BistCtrl_i0_ST_MAL_i0_S17_reg/q   (u)     clk->q  R     unmapped_d_flop        1  4.1     0    16    6016    (-,-) 
  u_DCT/g794/z                                                           (u)     in_1->z F     unmapped_nand2         2  7.6     0    76    6092    (-,-) 
  u_DCT/g728/z                                                           (u)     in_1->z R     unmapped_nand2         2  8.2     0    76    6167    (-,-) 
  u_DCT/DRU/g1363/z                                                      (u)     in_1->z R     unmapped_and2          7 28.7     0   117    6284    (-,-) 
  u_DCT/DRU/sub_60_47/g750/z                                             (u)     in_1->z F     unmapped_complex2      4 15.2     0   104    6388    (-,-) 
  u_DCT/DRU/sub_60_47/g729/z                                             (u)     in_1->z R     unmapped_nand2         1  4.1     0    60    6448    (-,-) 
  u_DCT/DRU/sub_60_47/g708/z                                             (u)     in_0->z F     unmapped_nand2         3 11.4     0    90    6539    (-,-) 
  u_DCT/DRU/sub_60_47/g706/z                                             (u)     in_1->z R     unmapped_nand2         1  4.1     0    60    6599    (-,-) 
  u_DCT/DRU/sub_60_47/g701/z                                             (u)     in_1->z F     unmapped_nand2         3 11.4     0    90    6689    (-,-) 
  u_DCT/DRU/sub_60_47/g696/z                                             (u)     in_0->z R     unmapped_nand2         1  4.1     0    60    6749    (-,-) 
  u_DCT/DRU/sub_60_47/g694/z                                             (u)     in_1->z F     unmapped_nand2         4 15.2     0   104    6853    (-,-) 
  u_DCT/DRU/sub_60_47/g690/z                                             (u)     in_0->z R     unmapped_complex2      1  4.1     0    60    6913    (-,-) 
  u_DCT/DRU/sub_60_47/g687/z                                             (u)     in_0->z F     unmapped_complex2      3 11.4     0    90    7004    (-,-) 
  u_DCT/DRU/sub_60_47/g686/z                                             (u)     in_1->z R     unmapped_nand2         1  4.1     0    60    7064    (-,-) 
  u_DCT/DRU/sub_60_47/g679/z                                             (u)     in_1->z F     unmapped_nand2         3 11.4     0    90    7154    (-,-) 
  u_DCT/DRU/sub_60_47/g675/z                                             (u)     in_0->z R     unmapped_nand2         1  4.1     0    60    7214    (-,-) 
  u_DCT/DRU/sub_60_47/g674/z                                             (u)     in_1->z F     unmapped_nand2         4 15.2     0   104    7318    (-,-) 
  u_DCT/DRU/sub_60_47/g670/z                                             (u)     in_0->z R     unmapped_complex2      2  8.2     0    76    7394    (-,-) 
  u_DCT/DRU/sub_60_47/g666/z                                             (u)     in_0->z R     unmapped_or2           1  4.1     0    60    7454    (-,-) 
  u_DCT/DRU/sub_60_47/g661/z                                             (u)     in_0->z F     unmapped_complex2      4 15.2     0   104    7558    (-,-) 
  u_DCT/DRU/sub_60_47/g652/z                                             (u)     in_0->z R     unmapped_complex2      1  4.1     0    60    7618    (-,-) 
  u_DCT/DRU/sub_60_47/g647/z                                             (u)     in_0->z F     unmapped_complex2      3 11.4     0    90    7708    (-,-) 
  u_DCT/DRU/sub_60_47/g646/z                                             (u)     in_1->z R     unmapped_nand2         1  4.1     0    60    7769    (-,-) 
  u_DCT/DRU/sub_60_47/g639/z                                             (u)     in_1->z F     unmapped_nand2         3 11.4     0    90    7859    (-,-) 
  u_DCT/DRU/sub_60_47/g636/z                                             (u)     in_0->z F     unmapped_or2           1  3.8     0    60    7919    (-,-) 
  u_DCT/DRU/sub_60_47/g637/z                                             (u)     in_1->z R     unmapped_nand2         1  4.1     0    60    7979    (-,-) 
  u_DCT/DRU/g1257/z                                                      (u)     in_1->z F     unmapped_nand2         1  3.8     0    60    8040    (-,-) 
  u_DCT/DRU/g1105/z                                                      (u)     in_1->z R     unmapped_nand2         1  4.1     0    60    8100    (-,-) 
  u_DCT/DRU/ToBDEG_reg[15]/d                                             -       -       R     unmapped_d_flop        1    -     -     0    8100    (-,-) 
#---------------------------------------------------------------------------------------------------------------------------------------------------------

(u) : Net has unmapped pin(s).



Path 49: MET (1154 ps) Setup Check with Pin u_IDCT/DRU/ToACF_reg[15]/clk->d
           Mode: func_mode
          Group: C2C_func_mode
     Startpoint: (R) u_IDCT/tposemem_Bisted_RF_2P_ADV64x16_BistCtrl_i0_ST_MAL_i0_S17_reg/clk
          Clock: (F) CLK1
       Endpoint: (R) u_IDCT/DRU/ToACF_reg[15]/d
          Clock: (R) CLK1

                     Capture       Launch     
        Clock Edge:+    8000         4000     
       Src Latency:+       0            0     
       Net Latency:+    2000 (I)     2000 (I) 
           Arrival:=   10000         6000     
                                              
             Setup:-     260                  
       Uncertainty:-     500                  
     Required Time:=    9240                  
      Launch Clock:-    6000                  
         Data Path:-    2086                  
             Slack:=    1154                  

#----------------------------------------------------------------------------------------------------------------------------------------------------------
#                              Timing Point                               Flags    Arc    Edge       Cell         Fanout Load Trans Delay Arrival Instance 
#                                                                                                                        (fF)  (ps)  (ps)   (ps)  Location 
#----------------------------------------------------------------------------------------------------------------------------------------------------------
  u_IDCT/tposemem_Bisted_RF_2P_ADV64x16_BistCtrl_i0_ST_MAL_i0_S17_reg/clk -       -       R     (arrival)              6    -     0     -    6000    (-,-) 
  u_IDCT/tposemem_Bisted_RF_2P_ADV64x16_BistCtrl_i0_ST_MAL_i0_S17_reg/q   (u)     clk->q  F     unmapped_d_flop        1  3.8     0    16    6016    (-,-) 
  u_IDCT/g794/z                                                           (u)     in_1->z R     unmapped_nand2         2  8.2     0    76    6092    (-,-) 
  u_IDCT/g728/z                                                           (u)     in_1->z F     unmapped_nand2         2  7.6     0    76    6167    (-,-) 
  u_IDCT/DRU/g1363/z                                                      (u)     in_1->z F     unmapped_and2          7 26.6     0   117    6284    (-,-) 
  u_IDCT/DRU/add_58_47/g2/z                                               (u)     in_1->z R     unmapped_nand2         3 12.3     0    90    6374    (-,-) 
  u_IDCT/DRU/add_58_47/g638/z                                             (u)     in_0->z R     unmapped_complex2      1  4.1     0    60    6435    (-,-) 
  u_IDCT/DRU/add_58_47/g637/z                                             (u)     in_0->z F     unmapped_nand2         3 11.4     0    90    6525    (-,-) 
  u_IDCT/DRU/add_58_47/g629/z                                             (u)     in_1->z R     unmapped_nand2         1  4.1     0    60    6585    (-,-) 
  u_IDCT/DRU/add_58_47/g628/z                                             (u)     in_1->z F     unmapped_nand2         3 11.4     0    90    6676    (-,-) 
  u_IDCT/DRU/add_58_47/g622/z                                             (u)     in_0->z R     unmapped_nand2         1  4.1     0    60    6736    (-,-) 
  u_IDCT/DRU/add_58_47/g620/z                                             (u)     in_1->z F     unmapped_nand2         4 15.2     0   104    6840    (-,-) 
  u_IDCT/DRU/add_58_47/g618/z                                             (u)     in_0->z R     unmapped_complex2      1  4.1     0    60    6900    (-,-) 
  u_IDCT/DRU/add_58_47/g613/z                                             (u)     in_0->z F     unmapped_complex2      3 11.4     0    90    6990    (-,-) 
  u_IDCT/DRU/add_58_47/g612/z                                             (u)     in_1->z R     unmapped_nand2         1  4.1     0    60    7050    (-,-) 
  u_IDCT/DRU/add_58_47/g605/z                                             (u)     in_1->z F     unmapped_nand2         3 11.4     0    90    7141    (-,-) 
  u_IDCT/DRU/add_58_47/g604/z                                             (u)     in_0->z R     unmapped_nand2         1  4.1     0    60    7201    (-,-) 
  u_IDCT/DRU/add_58_47/g600/z                                             (u)     in_1->z F     unmapped_nand2         4 15.2     0   104    7305    (-,-) 
  u_IDCT/DRU/add_58_47/g599/z                                             (u)     in_0->z R     unmapped_complex2      2  8.2     0    76    7380    (-,-) 
  u_IDCT/DRU/add_58_47/g593/z                                             (u)     in_0->z R     unmapped_or2           1  4.1     0    60    7440    (-,-) 
  u_IDCT/DRU/add_58_47/g591/z                                             (u)     in_0->z F     unmapped_complex2      4 15.2     0   104    7544    (-,-) 
  u_IDCT/DRU/add_58_47/g583/z                                             (u)     in_0->z R     unmapped_complex2      1  4.1     0    60    7604    (-,-) 
  u_IDCT/DRU/add_58_47/g576/z                                             (u)     in_0->z F     unmapped_complex2      3 11.4     0    90    7695    (-,-) 
  u_IDCT/DRU/add_58_47/g566/z                                             (u)     in_1->z R     unmapped_nand2         1  4.1     0    60    7755    (-,-) 
  u_IDCT/DRU/add_58_47/g565/z                                             (u)     in_1->z F     unmapped_nand2         3 11.4     0    90    7845    (-,-) 
  u_IDCT/DRU/add_58_47/g563/z                                             (u)     in_0->z F     unmapped_or2           1  3.8     0    60    7906    (-,-) 
  u_IDCT/DRU/add_58_47/g564/z                                             (u)     in_1->z R     unmapped_nand2         1  4.1     0    60    7966    (-,-) 
  u_IDCT/DRU/g1258/z                                                      (u)     in_1->z F     unmapped_nand2         1  3.8     0    60    8026    (-,-) 
  u_IDCT/DRU/g1102/z                                                      (u)     in_1->z R     unmapped_nand2         1  4.1     0    60    8086    (-,-) 
  u_IDCT/DRU/ToACF_reg[15]/d                                              -       -       R     unmapped_d_flop        1    -     -     0    8086    (-,-) 
#----------------------------------------------------------------------------------------------------------------------------------------------------------

(u) : Net has unmapped pin(s).



Path 50: MET (1154 ps) Setup Check with Pin u_DCT/DRU/ToACF_reg[15]/clk->d
           Mode: func_mode
          Group: C2C_func_mode
     Startpoint: (R) u_DCT/tposemem_Bisted_RF_2P_ADV64x16_BistCtrl_i0_ST_MAL_i0_S17_reg/clk
          Clock: (F) CLK1
       Endpoint: (R) u_DCT/DRU/ToACF_reg[15]/d
          Clock: (R) CLK1

                     Capture       Launch     
        Clock Edge:+    8000         4000     
       Src Latency:+       0            0     
       Net Latency:+    2000 (I)     2000 (I) 
           Arrival:=   10000         6000     
                                              
             Setup:-     260                  
       Uncertainty:-     500                  
     Required Time:=    9240                  
      Launch Clock:-    6000                  
         Data Path:-    2086                  
             Slack:=    1154                  

#---------------------------------------------------------------------------------------------------------------------------------------------------------
#                             Timing Point                               Flags    Arc    Edge       Cell         Fanout Load Trans Delay Arrival Instance 
#                                                                                                                       (fF)  (ps)  (ps)   (ps)  Location 
#---------------------------------------------------------------------------------------------------------------------------------------------------------
  u_DCT/tposemem_Bisted_RF_2P_ADV64x16_BistCtrl_i0_ST_MAL_i0_S17_reg/clk -       -       R     (arrival)              6    -     0     -    6000    (-,-) 
  u_DCT/tposemem_Bisted_RF_2P_ADV64x16_BistCtrl_i0_ST_MAL_i0_S17_reg/q   (u)     clk->q  F     unmapped_d_flop        1  3.8     0    16    6016    (-,-) 
  u_DCT/g794/z                                                           (u)     in_1->z R     unmapped_nand2         2  8.2     0    76    6092    (-,-) 
  u_DCT/g728/z                                                           (u)     in_1->z F     unmapped_nand2         2  7.6     0    76    6167    (-,-) 
  u_DCT/DRU/g1363/z                                                      (u)     in_1->z F     unmapped_and2          7 26.6     0   117    6284    (-,-) 
  u_DCT/DRU/add_58_47/g2/z                                               (u)     in_1->z R     unmapped_nand2         3 12.3     0    90    6374    (-,-) 
  u_DCT/DRU/add_58_47/g638/z                                             (u)     in_0->z R     unmapped_complex2      1  4.1     0    60    6435    (-,-) 
  u_DCT/DRU/add_58_47/g637/z                                             (u)     in_0->z F     unmapped_nand2         3 11.4     0    90    6525    (-,-) 
  u_DCT/DRU/add_58_47/g629/z                                             (u)     in_1->z R     unmapped_nand2         1  4.1     0    60    6585    (-,-) 
  u_DCT/DRU/add_58_47/g628/z                                             (u)     in_1->z F     unmapped_nand2         3 11.4     0    90    6676    (-,-) 
  u_DCT/DRU/add_58_47/g622/z                                             (u)     in_0->z R     unmapped_nand2         1  4.1     0    60    6736    (-,-) 
  u_DCT/DRU/add_58_47/g620/z                                             (u)     in_1->z F     unmapped_nand2         4 15.2     0   104    6840    (-,-) 
  u_DCT/DRU/add_58_47/g618/z                                             (u)     in_0->z R     unmapped_complex2      1  4.1     0    60    6900    (-,-) 
  u_DCT/DRU/add_58_47/g613/z                                             (u)     in_0->z F     unmapped_complex2      3 11.4     0    90    6990    (-,-) 
  u_DCT/DRU/add_58_47/g612/z                                             (u)     in_1->z R     unmapped_nand2         1  4.1     0    60    7050    (-,-) 
  u_DCT/DRU/add_58_47/g605/z                                             (u)     in_1->z F     unmapped_nand2         3 11.4     0    90    7141    (-,-) 
  u_DCT/DRU/add_58_47/g604/z                                             (u)     in_0->z R     unmapped_nand2         1  4.1     0    60    7201    (-,-) 
  u_DCT/DRU/add_58_47/g600/z                                             (u)     in_1->z F     unmapped_nand2         4 15.2     0   104    7305    (-,-) 
  u_DCT/DRU/add_58_47/g599/z                                             (u)     in_0->z R     unmapped_complex2      2  8.2     0    76    7380    (-,-) 
  u_DCT/DRU/add_58_47/g593/z                                             (u)     in_0->z R     unmapped_or2           1  4.1     0    60    7440    (-,-) 
  u_DCT/DRU/add_58_47/g591/z                                             (u)     in_0->z F     unmapped_complex2      4 15.2     0   104    7544    (-,-) 
  u_DCT/DRU/add_58_47/g583/z                                             (u)     in_0->z R     unmapped_complex2      1  4.1     0    60    7604    (-,-) 
  u_DCT/DRU/add_58_47/g576/z                                             (u)     in_0->z F     unmapped_complex2      3 11.4     0    90    7695    (-,-) 
  u_DCT/DRU/add_58_47/g566/z                                             (u)     in_1->z R     unmapped_nand2         1  4.1     0    60    7755    (-,-) 
  u_DCT/DRU/add_58_47/g565/z                                             (u)     in_1->z F     unmapped_nand2         3 11.4     0    90    7845    (-,-) 
  u_DCT/DRU/add_58_47/g563/z                                             (u)     in_0->z F     unmapped_or2           1  3.8     0    60    7906    (-,-) 
  u_DCT/DRU/add_58_47/g564/z                                             (u)     in_1->z R     unmapped_nand2         1  4.1     0    60    7966    (-,-) 
  u_DCT/DRU/g1258/z                                                      (u)     in_1->z F     unmapped_nand2         1  3.8     0    60    8026    (-,-) 
  u_DCT/DRU/g1102/z                                                      (u)     in_1->z R     unmapped_nand2         1  4.1     0    60    8086    (-,-) 
  u_DCT/DRU/ToACF_reg[15]/d                                              -       -       R     unmapped_d_flop        1    -     -     0    8086    (-,-) 
#---------------------------------------------------------------------------------------------------------------------------------------------------------

(u) : Net has unmapped pin(s).


