============================================================
  Generated by:           Genus(TM) Synthesis Solution 19.10-p002_1
  Generated on:           Jun 03 2020  11:41:34 am
  Module:                 CHIP
  Operating conditions:   slow 
  Interconnect mode:      global
  Area mode:              physical library
============================================================


Path 1: VIOLATED (-7020 ps) Setup Check with Pin IDCT_RESET__reg/clk->d
           Mode: func_mode
          Group: I2C_func_mode
     Startpoint: (R) RESET_
          Clock: (R) CLK1
       Endpoint: (R) IDCT_RESET__reg/d
          Clock: (R) CLK1

                     Capture       Launch     
        Clock Edge:+    8000            0     
        Drv Adjust:+       0        10000     
       Src Latency:+       0            0     
       Net Latency:+    2000 (I)     2000 (I) 
           Arrival:=   10000        12000     
                                              
             Setup:-     202                  
       Uncertainty:-     500                  
     Required Time:=    9298                  
      Launch Clock:-   12000                  
       Input Delay:-    3000                  
         Data Path:-    1318                  
             Slack:=   -7020                  

Exceptions/Constraints:
  input_delay             3000            CHIP_func.sdc_line_11_1_1 

#--------------------------------------------------------------------------------------------------
#   Timing Point    Flags    Arc   Edge      Cell        Fanout  Load Trans Delay Arrival Instance 
#                                                                (fF)  (ps)  (ps)   (ps)  Location 
#--------------------------------------------------------------------------------------------------
  RESET_            -       -      R     (arrival)            1 100.0 10000     0   15000    (-,-) 
  ipad_RESET_/C     (u,P)   PAD->C R     PADIN                3 112.3   124  1318   16318    (-,-) 
  IDCT_RESET__reg/d -       -      R     unmapped_d_flop      3     -     -     0   16318    (-,-) 
#--------------------------------------------------------------------------------------------------

(P) : Instance is preserved
(u) : Net has unmapped pin(s).



Path 2: VIOLATED (-7020 ps) Setup Check with Pin DCT_RESET__reg/clk->d
           Mode: func_mode
          Group: I2C_func_mode
     Startpoint: (R) RESET_
          Clock: (R) CLK1
       Endpoint: (R) DCT_RESET__reg/d
          Clock: (R) CLK1

                     Capture       Launch     
        Clock Edge:+    8000            0     
        Drv Adjust:+       0        10000     
       Src Latency:+       0            0     
       Net Latency:+    2000 (I)     2000 (I) 
           Arrival:=   10000        12000     
                                              
             Setup:-     202                  
       Uncertainty:-     500                  
     Required Time:=    9298                  
      Launch Clock:-   12000                  
       Input Delay:-    3000                  
         Data Path:-    1318                  
             Slack:=   -7020                  

Exceptions/Constraints:
  input_delay             3000            CHIP_func.sdc_line_11_1_1 

#-------------------------------------------------------------------------------------------------
#  Timing Point    Flags    Arc   Edge      Cell        Fanout  Load Trans Delay Arrival Instance 
#                                                               (fF)  (ps)  (ps)   (ps)  Location 
#-------------------------------------------------------------------------------------------------
  RESET_           -       -      R     (arrival)            1 100.0 10000     0   15000    (-,-) 
  ipad_RESET_/C    (u,P)   PAD->C R     PADIN                3 112.3   124  1318   16318    (-,-) 
  DCT_RESET__reg/d -       -      R     unmapped_d_flop      3     -     -     0   16318    (-,-) 
#-------------------------------------------------------------------------------------------------

(P) : Instance is preserved
(u) : Net has unmapped pin(s).



Path 3: VIOLATED (-6966 ps) Setup Check with Pin d_X_reg[11]/clk->d
           Mode: func_mode
          Group: I2C_func_mode
     Startpoint: (R) X[11]
          Clock: (R) CLK1
       Endpoint: (R) d_X_reg[11]/d
          Clock: (R) CLK1

                     Capture       Launch     
        Clock Edge:+    8000            0     
        Drv Adjust:+       0        10000     
       Src Latency:+       0            0     
       Net Latency:+    2000 (I)     2000 (I) 
           Arrival:=   10000        12000     
                                              
             Setup:-     152                  
       Uncertainty:-     500                  
     Required Time:=    9348                  
      Launch Clock:-   12000                  
       Input Delay:-    3000                  
         Data Path:-    1314                  
             Slack:=   -6966                  

Exceptions/Constraints:
  input_delay             3000            CHIP_func.sdc_line_11_3_1 

#-----------------------------------------------------------------------------------------------
# Timing Point   Flags    Arc   Edge      Cell        Fanout  Load Trans Delay Arrival Instance 
#                                                             (fF)  (ps)  (ps)   (ps)  Location 
#-----------------------------------------------------------------------------------------------
  X[11]          -       -      R     (arrival)            1 100.0 10000     0   15000    (-,-) 
  ipad_X11/C     (u,P)   PAD->C R     PADIN                1 104.1   123  1314   16314    (-,-) 
  d_X_reg[11]/d  -       -      R     unmapped_d_flop      1     -     -     0   16314    (-,-) 
#-----------------------------------------------------------------------------------------------

(P) : Instance is preserved
(u) : Net has unmapped pin(s).



Path 4: VIOLATED (-6966 ps) Setup Check with Pin d_X_reg[10]/clk->d
           Mode: func_mode
          Group: I2C_func_mode
     Startpoint: (R) X[10]
          Clock: (R) CLK1
       Endpoint: (R) d_X_reg[10]/d
          Clock: (R) CLK1

                     Capture       Launch     
        Clock Edge:+    8000            0     
        Drv Adjust:+       0        10000     
       Src Latency:+       0            0     
       Net Latency:+    2000 (I)     2000 (I) 
           Arrival:=   10000        12000     
                                              
             Setup:-     152                  
       Uncertainty:-     500                  
     Required Time:=    9348                  
      Launch Clock:-   12000                  
       Input Delay:-    3000                  
         Data Path:-    1314                  
             Slack:=   -6966                  

Exceptions/Constraints:
  input_delay             3000            CHIP_func.sdc_line_11_4_1 

#-----------------------------------------------------------------------------------------------
# Timing Point   Flags    Arc   Edge      Cell        Fanout  Load Trans Delay Arrival Instance 
#                                                             (fF)  (ps)  (ps)   (ps)  Location 
#-----------------------------------------------------------------------------------------------
  X[10]          -       -      R     (arrival)            1 100.0 10000     0   15000    (-,-) 
  ipad_X10/C     (u,P)   PAD->C R     PADIN                1 104.1   123  1314   16314    (-,-) 
  d_X_reg[10]/d  -       -      R     unmapped_d_flop      1     -     -     0   16314    (-,-) 
#-----------------------------------------------------------------------------------------------

(P) : Instance is preserved
(u) : Net has unmapped pin(s).



Path 5: VIOLATED (-6966 ps) Setup Check with Pin d_X_reg[9]/clk->d
           Mode: func_mode
          Group: I2C_func_mode
     Startpoint: (R) X[9]
          Clock: (R) CLK1
       Endpoint: (R) d_X_reg[9]/d
          Clock: (R) CLK1

                     Capture       Launch     
        Clock Edge:+    8000            0     
        Drv Adjust:+       0        10000     
       Src Latency:+       0            0     
       Net Latency:+    2000 (I)     2000 (I) 
           Arrival:=   10000        12000     
                                              
             Setup:-     152                  
       Uncertainty:-     500                  
     Required Time:=    9348                  
      Launch Clock:-   12000                  
       Input Delay:-    3000                  
         Data Path:-    1314                  
             Slack:=   -6966                  

Exceptions/Constraints:
  input_delay             3000            CHIP_func.sdc_line_11_5_1 

#-----------------------------------------------------------------------------------------------
# Timing Point   Flags    Arc   Edge      Cell        Fanout  Load Trans Delay Arrival Instance 
#                                                             (fF)  (ps)  (ps)   (ps)  Location 
#-----------------------------------------------------------------------------------------------
  X[9]           -       -      R     (arrival)            1 100.0 10000     0   15000    (-,-) 
  ipad_X9/C      (u,P)   PAD->C R     PADIN                1 104.1   123  1314   16314    (-,-) 
  d_X_reg[9]/d   -       -      R     unmapped_d_flop      1     -     -     0   16314    (-,-) 
#-----------------------------------------------------------------------------------------------

(P) : Instance is preserved
(u) : Net has unmapped pin(s).



Path 6: VIOLATED (-6966 ps) Setup Check with Pin d_X_reg[8]/clk->d
           Mode: func_mode
          Group: I2C_func_mode
     Startpoint: (R) X[8]
          Clock: (R) CLK1
       Endpoint: (R) d_X_reg[8]/d
          Clock: (R) CLK1

                     Capture       Launch     
        Clock Edge:+    8000            0     
        Drv Adjust:+       0        10000     
       Src Latency:+       0            0     
       Net Latency:+    2000 (I)     2000 (I) 
           Arrival:=   10000        12000     
                                              
             Setup:-     152                  
       Uncertainty:-     500                  
     Required Time:=    9348                  
      Launch Clock:-   12000                  
       Input Delay:-    3000                  
         Data Path:-    1314                  
             Slack:=   -6966                  

Exceptions/Constraints:
  input_delay             3000            CHIP_func.sdc_line_11_6_1 

#-----------------------------------------------------------------------------------------------
# Timing Point   Flags    Arc   Edge      Cell        Fanout  Load Trans Delay Arrival Instance 
#                                                             (fF)  (ps)  (ps)   (ps)  Location 
#-----------------------------------------------------------------------------------------------
  X[8]           -       -      R     (arrival)            1 100.0 10000     0   15000    (-,-) 
  ipad_X8/C      (u,P)   PAD->C R     PADIN                1 104.1   123  1314   16314    (-,-) 
  d_X_reg[8]/d   -       -      R     unmapped_d_flop      1     -     -     0   16314    (-,-) 
#-----------------------------------------------------------------------------------------------

(P) : Instance is preserved
(u) : Net has unmapped pin(s).



Path 7: VIOLATED (-6966 ps) Setup Check with Pin d_X_reg[7]/clk->d
           Mode: func_mode
          Group: I2C_func_mode
     Startpoint: (R) X[7]
          Clock: (R) CLK1
       Endpoint: (R) d_X_reg[7]/d
          Clock: (R) CLK1

                     Capture       Launch     
        Clock Edge:+    8000            0     
        Drv Adjust:+       0        10000     
       Src Latency:+       0            0     
       Net Latency:+    2000 (I)     2000 (I) 
           Arrival:=   10000        12000     
                                              
             Setup:-     152                  
       Uncertainty:-     500                  
     Required Time:=    9348                  
      Launch Clock:-   12000                  
       Input Delay:-    3000                  
         Data Path:-    1314                  
             Slack:=   -6966                  

Exceptions/Constraints:
  input_delay             3000            CHIP_func.sdc_line_11_7_1 

#-----------------------------------------------------------------------------------------------
# Timing Point   Flags    Arc   Edge      Cell        Fanout  Load Trans Delay Arrival Instance 
#                                                             (fF)  (ps)  (ps)   (ps)  Location 
#-----------------------------------------------------------------------------------------------
  X[7]           -       -      R     (arrival)            1 100.0 10000     0   15000    (-,-) 
  ipad_X7/C      (u,P)   PAD->C R     PADIN                1 104.1   123  1314   16314    (-,-) 
  d_X_reg[7]/d   -       -      R     unmapped_d_flop      1     -     -     0   16314    (-,-) 
#-----------------------------------------------------------------------------------------------

(P) : Instance is preserved
(u) : Net has unmapped pin(s).



Path 8: VIOLATED (-6966 ps) Setup Check with Pin d_X_reg[6]/clk->d
           Mode: func_mode
          Group: I2C_func_mode
     Startpoint: (R) X[6]
          Clock: (R) CLK1
       Endpoint: (R) d_X_reg[6]/d
          Clock: (R) CLK1

                     Capture       Launch     
        Clock Edge:+    8000            0     
        Drv Adjust:+       0        10000     
       Src Latency:+       0            0     
       Net Latency:+    2000 (I)     2000 (I) 
           Arrival:=   10000        12000     
                                              
             Setup:-     152                  
       Uncertainty:-     500                  
     Required Time:=    9348                  
      Launch Clock:-   12000                  
       Input Delay:-    3000                  
         Data Path:-    1314                  
             Slack:=   -6966                  

Exceptions/Constraints:
  input_delay             3000            CHIP_func.sdc_line_11_8_1 

#-----------------------------------------------------------------------------------------------
# Timing Point   Flags    Arc   Edge      Cell        Fanout  Load Trans Delay Arrival Instance 
#                                                             (fF)  (ps)  (ps)   (ps)  Location 
#-----------------------------------------------------------------------------------------------
  X[6]           -       -      R     (arrival)            1 100.0 10000     0   15000    (-,-) 
  ipad_X6/C      (u,P)   PAD->C R     PADIN                1 104.1   123  1314   16314    (-,-) 
  d_X_reg[6]/d   -       -      R     unmapped_d_flop      1     -     -     0   16314    (-,-) 
#-----------------------------------------------------------------------------------------------

(P) : Instance is preserved
(u) : Net has unmapped pin(s).



Path 9: VIOLATED (-6966 ps) Setup Check with Pin d_X_reg[5]/clk->d
           Mode: func_mode
          Group: I2C_func_mode
     Startpoint: (R) X[5]
          Clock: (R) CLK1
       Endpoint: (R) d_X_reg[5]/d
          Clock: (R) CLK1

                     Capture       Launch     
        Clock Edge:+    8000            0     
        Drv Adjust:+       0        10000     
       Src Latency:+       0            0     
       Net Latency:+    2000 (I)     2000 (I) 
           Arrival:=   10000        12000     
                                              
             Setup:-     152                  
       Uncertainty:-     500                  
     Required Time:=    9348                  
      Launch Clock:-   12000                  
       Input Delay:-    3000                  
         Data Path:-    1314                  
             Slack:=   -6966                  

Exceptions/Constraints:
  input_delay             3000            CHIP_func.sdc_line_11_9_1 

#-----------------------------------------------------------------------------------------------
# Timing Point   Flags    Arc   Edge      Cell        Fanout  Load Trans Delay Arrival Instance 
#                                                             (fF)  (ps)  (ps)   (ps)  Location 
#-----------------------------------------------------------------------------------------------
  X[5]           -       -      R     (arrival)            1 100.0 10000     0   15000    (-,-) 
  ipad_X5/C      (u,P)   PAD->C R     PADIN                1 104.1   123  1314   16314    (-,-) 
  d_X_reg[5]/d   -       -      R     unmapped_d_flop      1     -     -     0   16314    (-,-) 
#-----------------------------------------------------------------------------------------------

(P) : Instance is preserved
(u) : Net has unmapped pin(s).



Path 10: VIOLATED (-6966 ps) Setup Check with Pin d_X_reg[4]/clk->d
           Mode: func_mode
          Group: I2C_func_mode
     Startpoint: (R) X[4]
          Clock: (R) CLK1
       Endpoint: (R) d_X_reg[4]/d
          Clock: (R) CLK1

                     Capture       Launch     
        Clock Edge:+    8000            0     
        Drv Adjust:+       0        10000     
       Src Latency:+       0            0     
       Net Latency:+    2000 (I)     2000 (I) 
           Arrival:=   10000        12000     
                                              
             Setup:-     152                  
       Uncertainty:-     500                  
     Required Time:=    9348                  
      Launch Clock:-   12000                  
       Input Delay:-    3000                  
         Data Path:-    1314                  
             Slack:=   -6966                  

Exceptions/Constraints:
  input_delay             3000            CHIP_func.sdc_line_11_10_1 

#-----------------------------------------------------------------------------------------------
# Timing Point   Flags    Arc   Edge      Cell        Fanout  Load Trans Delay Arrival Instance 
#                                                             (fF)  (ps)  (ps)   (ps)  Location 
#-----------------------------------------------------------------------------------------------
  X[4]           -       -      R     (arrival)            1 100.0 10000     0   15000    (-,-) 
  ipad_X4/C      (u,P)   PAD->C R     PADIN                1 104.1   123  1314   16314    (-,-) 
  d_X_reg[4]/d   -       -      R     unmapped_d_flop      1     -     -     0   16314    (-,-) 
#-----------------------------------------------------------------------------------------------

(P) : Instance is preserved
(u) : Net has unmapped pin(s).



Path 11: VIOLATED (-6966 ps) Setup Check with Pin d_X_reg[3]/clk->d
           Mode: func_mode
          Group: I2C_func_mode
     Startpoint: (R) X[3]
          Clock: (R) CLK1
       Endpoint: (R) d_X_reg[3]/d
          Clock: (R) CLK1

                     Capture       Launch     
        Clock Edge:+    8000            0     
        Drv Adjust:+       0        10000     
       Src Latency:+       0            0     
       Net Latency:+    2000 (I)     2000 (I) 
           Arrival:=   10000        12000     
                                              
             Setup:-     152                  
       Uncertainty:-     500                  
     Required Time:=    9348                  
      Launch Clock:-   12000                  
       Input Delay:-    3000                  
         Data Path:-    1314                  
             Slack:=   -6966                  

Exceptions/Constraints:
  input_delay             3000            CHIP_func.sdc_line_11_11_1 

#-----------------------------------------------------------------------------------------------
# Timing Point   Flags    Arc   Edge      Cell        Fanout  Load Trans Delay Arrival Instance 
#                                                             (fF)  (ps)  (ps)   (ps)  Location 
#-----------------------------------------------------------------------------------------------
  X[3]           -       -      R     (arrival)            1 100.0 10000     0   15000    (-,-) 
  ipad_X3/C      (u,P)   PAD->C R     PADIN                1 104.1   123  1314   16314    (-,-) 
  d_X_reg[3]/d   -       -      R     unmapped_d_flop      1     -     -     0   16314    (-,-) 
#-----------------------------------------------------------------------------------------------

(P) : Instance is preserved
(u) : Net has unmapped pin(s).



Path 12: VIOLATED (-6966 ps) Setup Check with Pin d_X_reg[2]/clk->d
           Mode: func_mode
          Group: I2C_func_mode
     Startpoint: (R) X[2]
          Clock: (R) CLK1
       Endpoint: (R) d_X_reg[2]/d
          Clock: (R) CLK1

                     Capture       Launch     
        Clock Edge:+    8000            0     
        Drv Adjust:+       0        10000     
       Src Latency:+       0            0     
       Net Latency:+    2000 (I)     2000 (I) 
           Arrival:=   10000        12000     
                                              
             Setup:-     152                  
       Uncertainty:-     500                  
     Required Time:=    9348                  
      Launch Clock:-   12000                  
       Input Delay:-    3000                  
         Data Path:-    1314                  
             Slack:=   -6966                  

Exceptions/Constraints:
  input_delay             3000            CHIP_func.sdc_line_11_12_1 

#-----------------------------------------------------------------------------------------------
# Timing Point   Flags    Arc   Edge      Cell        Fanout  Load Trans Delay Arrival Instance 
#                                                             (fF)  (ps)  (ps)   (ps)  Location 
#-----------------------------------------------------------------------------------------------
  X[2]           -       -      R     (arrival)            1 100.0 10000     0   15000    (-,-) 
  ipad_X2/C      (u,P)   PAD->C R     PADIN                1 104.1   123  1314   16314    (-,-) 
  d_X_reg[2]/d   -       -      R     unmapped_d_flop      1     -     -     0   16314    (-,-) 
#-----------------------------------------------------------------------------------------------

(P) : Instance is preserved
(u) : Net has unmapped pin(s).



Path 13: VIOLATED (-6966 ps) Setup Check with Pin d_X_reg[1]/clk->d
           Mode: func_mode
          Group: I2C_func_mode
     Startpoint: (R) X[1]
          Clock: (R) CLK1
       Endpoint: (R) d_X_reg[1]/d
          Clock: (R) CLK1

                     Capture       Launch     
        Clock Edge:+    8000            0     
        Drv Adjust:+       0        10000     
       Src Latency:+       0            0     
       Net Latency:+    2000 (I)     2000 (I) 
           Arrival:=   10000        12000     
                                              
             Setup:-     152                  
       Uncertainty:-     500                  
     Required Time:=    9348                  
      Launch Clock:-   12000                  
       Input Delay:-    3000                  
         Data Path:-    1314                  
             Slack:=   -6966                  

Exceptions/Constraints:
  input_delay             3000            CHIP_func.sdc_line_11_13_1 

#-----------------------------------------------------------------------------------------------
# Timing Point   Flags    Arc   Edge      Cell        Fanout  Load Trans Delay Arrival Instance 
#                                                             (fF)  (ps)  (ps)   (ps)  Location 
#-----------------------------------------------------------------------------------------------
  X[1]           -       -      R     (arrival)            1 100.0 10000     0   15000    (-,-) 
  ipad_X1/C      (u,P)   PAD->C R     PADIN                1 104.1   123  1314   16314    (-,-) 
  d_X_reg[1]/d   -       -      R     unmapped_d_flop      1     -     -     0   16314    (-,-) 
#-----------------------------------------------------------------------------------------------

(P) : Instance is preserved
(u) : Net has unmapped pin(s).



Path 14: VIOLATED (-6966 ps) Setup Check with Pin d_X_reg[0]/clk->d
           Mode: func_mode
          Group: I2C_func_mode
     Startpoint: (R) X[0]
          Clock: (R) CLK1
       Endpoint: (R) d_X_reg[0]/d
          Clock: (R) CLK1

                     Capture       Launch     
        Clock Edge:+    8000            0     
        Drv Adjust:+       0        10000     
       Src Latency:+       0            0     
       Net Latency:+    2000 (I)     2000 (I) 
           Arrival:=   10000        12000     
                                              
             Setup:-     152                  
       Uncertainty:-     500                  
     Required Time:=    9348                  
      Launch Clock:-   12000                  
       Input Delay:-    3000                  
         Data Path:-    1314                  
             Slack:=   -6966                  

Exceptions/Constraints:
  input_delay             3000            CHIP_func.sdc_line_11_14_1 

#-----------------------------------------------------------------------------------------------
# Timing Point   Flags    Arc   Edge      Cell        Fanout  Load Trans Delay Arrival Instance 
#                                                             (fF)  (ps)  (ps)   (ps)  Location 
#-----------------------------------------------------------------------------------------------
  X[0]           -       -      R     (arrival)            1 100.0 10000     0   15000    (-,-) 
  ipad_X0/C      (u,P)   PAD->C R     PADIN                1 104.1   123  1314   16314    (-,-) 
  d_X_reg[0]/d   -       -      R     unmapped_d_flop      1     -     -     0   16314    (-,-) 
#-----------------------------------------------------------------------------------------------

(P) : Instance is preserved
(u) : Net has unmapped pin(s).



Path 15: VIOLATED (-6966 ps) Setup Check with Pin d_HALT_reg/clk->d
           Mode: func_mode
          Group: I2C_func_mode
     Startpoint: (R) HALT
          Clock: (R) CLK1
       Endpoint: (R) d_HALT_reg/d
          Clock: (R) CLK1

                     Capture       Launch     
        Clock Edge:+    8000            0     
        Drv Adjust:+       0        10000     
       Src Latency:+       0            0     
       Net Latency:+    2000 (I)     2000 (I) 
           Arrival:=   10000        12000     
                                              
             Setup:-     152                  
       Uncertainty:-     500                  
     Required Time:=    9348                  
      Launch Clock:-   12000                  
       Input Delay:-    3000                  
         Data Path:-    1314                  
             Slack:=   -6966                  

Exceptions/Constraints:
  input_delay             3000            CHIP_func.sdc_line_11 

#-----------------------------------------------------------------------------------------------
# Timing Point   Flags    Arc   Edge      Cell        Fanout  Load Trans Delay Arrival Instance 
#                                                             (fF)  (ps)  (ps)   (ps)  Location 
#-----------------------------------------------------------------------------------------------
  HALT           -       -      R     (arrival)            1 100.0 10000     0   15000    (-,-) 
  ipad_HALT/C    (u,P)   PAD->C R     PADIN                1 104.1   123  1314   16314    (-,-) 
  d_HALT_reg/d   -       -      R     unmapped_d_flop      1     -     -     0   16314    (-,-) 
#-----------------------------------------------------------------------------------------------

(P) : Instance is preserved
(u) : Net has unmapped pin(s).



Path 16: VIOLATED (-6966 ps) Setup Check with Pin d_DoDCT_reg/clk->d
           Mode: func_mode
          Group: I2C_func_mode
     Startpoint: (R) DoDCT
          Clock: (R) CLK1
       Endpoint: (R) d_DoDCT_reg/d
          Clock: (R) CLK1

                     Capture       Launch     
        Clock Edge:+    8000            0     
        Drv Adjust:+       0        10000     
       Src Latency:+       0            0     
       Net Latency:+    2000 (I)     2000 (I) 
           Arrival:=   10000        12000     
                                              
             Setup:-     152                  
       Uncertainty:-     500                  
     Required Time:=    9348                  
      Launch Clock:-   12000                  
       Input Delay:-    3000                  
         Data Path:-    1314                  
             Slack:=   -6966                  

Exceptions/Constraints:
  input_delay             3000            CHIP_func.sdc_line_11_2_1 

#-----------------------------------------------------------------------------------------------
# Timing Point   Flags    Arc   Edge      Cell        Fanout  Load Trans Delay Arrival Instance 
#                                                             (fF)  (ps)  (ps)   (ps)  Location 
#-----------------------------------------------------------------------------------------------
  DoDCT          -       -      R     (arrival)            1 100.0 10000     0   15000    (-,-) 
  ipad_DoDCT/C   (u,P)   PAD->C R     PADIN                1 104.1   123  1314   16314    (-,-) 
  d_DoDCT_reg/d  -       -      R     unmapped_d_flop      1     -     -     0   16314    (-,-) 
#-----------------------------------------------------------------------------------------------

(P) : Instance is preserved
(u) : Net has unmapped pin(s).



Path 17: VIOLATED (-6966 ps) Setup Check with Pin d_Mode_reg/clk->d
           Mode: func_mode
          Group: I2C_func_mode
     Startpoint: (R) Mode
          Clock: (R) CLK1
       Endpoint: (R) d_Mode_reg/d
          Clock: (R) CLK1

                     Capture       Launch     
        Clock Edge:+    8000            0     
        Drv Adjust:+       0        10000     
       Src Latency:+       0            0     
       Net Latency:+    2000 (I)     2000 (I) 
           Arrival:=   10000        12000     
                                              
             Setup:-     152                  
       Uncertainty:-     500                  
     Required Time:=    9348                  
      Launch Clock:-   12000                  
       Input Delay:-    3000                  
         Data Path:-    1314                  
             Slack:=   -6966                  

Exceptions/Constraints:
  input_delay             3000            CHIP_func.sdc_line_11_15_1 

#-----------------------------------------------------------------------------------------------
# Timing Point   Flags    Arc   Edge      Cell        Fanout  Load Trans Delay Arrival Instance 
#                                                             (fF)  (ps)  (ps)   (ps)  Location 
#-----------------------------------------------------------------------------------------------
  Mode           -       -      R     (arrival)            1 100.0 10000     0   15000    (-,-) 
  ipad_Mode/C    (u,P)   PAD->C R     PADIN                1 104.1   123  1314   16314    (-,-) 
  d_Mode_reg/d   -       -      R     unmapped_d_flop      1     -     -     0   16314    (-,-) 
#-----------------------------------------------------------------------------------------------

(P) : Instance is preserved
(u) : Net has unmapped pin(s).



Path 18: VIOLATED (-6484 ps) Setup Check with Pin u_IDCT/tposemem/Bisted_RF_2P_ADV64x16/RF_2P_ADV64x16_u0/SRAM_i0/CLKA->CLKB
           Mode: func_mode
          Group: I2C_func_mode
     Startpoint: (F) CLK
          Clock: (F) CLK1
       Endpoint: (R) u_IDCT/tposemem/Bisted_RF_2P_ADV64x16/RF_2P_ADV64x16_u0/SRAM_i0/CLKB
          Clock: (R) CLK1

                     Capture       Launch     
        Clock Edge:+    8000         4000     
        Drv Adjust:+       0        10000     
       Src Latency:+       0            0     
       Net Latency:+    2000 (I)        0 (I) 
           Arrival:=   10000        14000     
                                              
             Setup:-     564                  
       Uncertainty:-     500                  
     Required Time:=    8936                  
      Launch Clock:-   14000                  
       Input Delay:-       0                  
         Data Path:-    1420                  
             Slack:=   -6484                  

Exceptions/Constraints:
  input_delay              0              create_clock_delay_domain_1_CLK1_F_0 

#---------------------------------------------------------------------------------------------------------------------------------------------------
#                            Timing Point                              Flags    Arc    Edge     Cell      Fanout  Load Trans Delay Arrival Instance 
#                                                                                                                 (fF)  (ps)  (ps)   (ps)  Location 
#---------------------------------------------------------------------------------------------------------------------------------------------------
  CLK                                                                  -       -       F     (arrival)         1 100.0 10000     0   14000    (-,-) 
  ipad_CLK/C                                                           (i,u,P) PAD->C  F     PADIN          3520   0.0     0  1398   15398    (-,-) 
  u_IDCT/tposemem/g9/z                                                 (i,u)   in_0->z R     unmapped_not      1   0.0     0    22   15420    (-,-) 
  u_IDCT/tposemem/Bisted_RF_2P_ADV64x16/RF_2P_ADV64x16_u0/SRAM_i0/CLKB (P)     -       R     rf_2p_hse         1     -     -     0   15420    (-,-) 
#---------------------------------------------------------------------------------------------------------------------------------------------------

(P) : Instance is preserved
(u) : Net has unmapped pin(s).
(i) : Net is ideal.



Path 19: VIOLATED (-6484 ps) Setup Check with Pin u_DCT/tposemem/Bisted_RF_2P_ADV64x16/RF_2P_ADV64x16_u0/SRAM_i0/CLKA->CLKB
           Mode: func_mode
          Group: I2C_func_mode
     Startpoint: (F) CLK
          Clock: (F) CLK1
       Endpoint: (R) u_DCT/tposemem/Bisted_RF_2P_ADV64x16/RF_2P_ADV64x16_u0/SRAM_i0/CLKB
          Clock: (R) CLK1

                     Capture       Launch     
        Clock Edge:+    8000         4000     
        Drv Adjust:+       0        10000     
       Src Latency:+       0            0     
       Net Latency:+    2000 (I)        0 (I) 
           Arrival:=   10000        14000     
                                              
             Setup:-     564                  
       Uncertainty:-     500                  
     Required Time:=    8936                  
      Launch Clock:-   14000                  
       Input Delay:-       0                  
         Data Path:-    1420                  
             Slack:=   -6484                  

Exceptions/Constraints:
  input_delay              0              create_clock_delay_domain_1_CLK1_F_0 

#--------------------------------------------------------------------------------------------------------------------------------------------------
#                            Timing Point                             Flags    Arc    Edge     Cell      Fanout  Load Trans Delay Arrival Instance 
#                                                                                                                (fF)  (ps)  (ps)   (ps)  Location 
#--------------------------------------------------------------------------------------------------------------------------------------------------
  CLK                                                                 -       -       F     (arrival)         1 100.0 10000     0   14000    (-,-) 
  ipad_CLK/C                                                          (i,u,P) PAD->C  F     PADIN          3520   0.0     0  1398   15398    (-,-) 
  u_DCT/tposemem/g9/z                                                 (i,u)   in_0->z R     unmapped_not      1   0.0     0    22   15420    (-,-) 
  u_DCT/tposemem/Bisted_RF_2P_ADV64x16/RF_2P_ADV64x16_u0/SRAM_i0/CLKB (P)     -       R     rf_2p_hse         1     -     -     0   15420    (-,-) 
#--------------------------------------------------------------------------------------------------------------------------------------------------

(P) : Instance is preserved
(u) : Net has unmapped pin(s).
(i) : Net is ideal.



Path 20: VIOLATED (-6388 ps) Setup Check with Pin u_IDCT/tposemem/Bisted_RF_2P_ADV64x16/RF_2P_ADV64x16_u0/SRAM_i0/CLKB->CLKA
           Mode: func_mode
          Group: I2C_func_mode
     Startpoint: (R) CLK
          Clock: (R) CLK1
       Endpoint: (R) u_IDCT/tposemem/Bisted_RF_2P_ADV64x16/RF_2P_ADV64x16_u0/SRAM_i0/CLKA
          Clock: (F) CLK1

                     Capture       Launch     
        Clock Edge:+    4000            0     
        Drv Adjust:+       0        10000     
       Src Latency:+       0            0     
       Net Latency:+    2000 (I)        0 (I) 
           Arrival:=    6000        10000     
                                              
             Setup:-     486                  
       Uncertainty:-     500                  
     Required Time:=    5014                  
      Launch Clock:-   10000                  
       Input Delay:-       0                  
         Data Path:-    1403                  
             Slack:=   -6388                  

Exceptions/Constraints:
  input_delay              0              create_clock_delay_domain_1_CLK1_R_0 

#-----------------------------------------------------------------------------------------------------------------------------------------------
#                            Timing Point                              Flags    Arc   Edge   Cell     Fanout  Load Trans Delay Arrival Instance 
#                                                                                                             (fF)  (ps)  (ps)   (ps)  Location 
#-----------------------------------------------------------------------------------------------------------------------------------------------
  CLK                                                                  -       -      R     (arrival)      1 100.0 10000     0   10000    (-,-) 
  ipad_CLK/C                                                           (i,u,P) PAD->C R     PADIN       3520   0.0     0  1403   11403    (-,-) 
  u_IDCT/tposemem/Bisted_RF_2P_ADV64x16/RF_2P_ADV64x16_u0/SRAM_i0/CLKA (P)     -      R     rf_2p_hse   3520     -     -     0   11403    (-,-) 
#-----------------------------------------------------------------------------------------------------------------------------------------------

(P) : Instance is preserved
(u) : Net has unmapped pin(s).
(i) : Net is ideal.



Path 21: VIOLATED (-6388 ps) Setup Check with Pin u_DCT/tposemem/Bisted_RF_2P_ADV64x16/RF_2P_ADV64x16_u0/SRAM_i0/CLKB->CLKA
           Mode: func_mode
          Group: I2C_func_mode
     Startpoint: (R) CLK
          Clock: (R) CLK1
       Endpoint: (R) u_DCT/tposemem/Bisted_RF_2P_ADV64x16/RF_2P_ADV64x16_u0/SRAM_i0/CLKA
          Clock: (F) CLK1

                     Capture       Launch     
        Clock Edge:+    4000            0     
        Drv Adjust:+       0        10000     
       Src Latency:+       0            0     
       Net Latency:+    2000 (I)        0 (I) 
           Arrival:=    6000        10000     
                                              
             Setup:-     486                  
       Uncertainty:-     500                  
     Required Time:=    5014                  
      Launch Clock:-   10000                  
       Input Delay:-       0                  
         Data Path:-    1403                  
             Slack:=   -6388                  

Exceptions/Constraints:
  input_delay              0              create_clock_delay_domain_1_CLK1_R_0 

#----------------------------------------------------------------------------------------------------------------------------------------------
#                            Timing Point                             Flags    Arc   Edge   Cell     Fanout  Load Trans Delay Arrival Instance 
#                                                                                                            (fF)  (ps)  (ps)   (ps)  Location 
#----------------------------------------------------------------------------------------------------------------------------------------------
  CLK                                                                 -       -      R     (arrival)      1 100.0 10000     0   10000    (-,-) 
  ipad_CLK/C                                                          (i,u,P) PAD->C R     PADIN       3520   0.0     0  1403   11403    (-,-) 
  u_DCT/tposemem/Bisted_RF_2P_ADV64x16/RF_2P_ADV64x16_u0/SRAM_i0/CLKA (P)     -      R     rf_2p_hse   3520     -     -     0   11403    (-,-) 
#----------------------------------------------------------------------------------------------------------------------------------------------

(P) : Instance is preserved
(u) : Net has unmapped pin(s).
(i) : Net is ideal.



Path 22: MET (324 ps) Setup Check with Pin u_IDCT/tposemem/Bisted_RF_2P_ADV64x16/RF_2P_ADV64x16_u0/SRAM_i0/CLKB->DB[15]
           Mode: func_mode
          Group: C2C_func_mode
     Startpoint: (R) d_DoDCT_reg/clk
          Clock: (R) CLK1
       Endpoint: (F) u_IDCT/tposemem/Bisted_RF_2P_ADV64x16/RF_2P_ADV64x16_u0/SRAM_i0/DB[15]
          Clock: (F) CLK1

                     Capture       Launch     
        Clock Edge:+    4000            0     
       Src Latency:+       0            0     
       Net Latency:+    2000 (I)     2000 (I) 
           Arrival:=    6000         2000     
                                              
             Setup:-     223                  
       Uncertainty:-     500                  
     Required Time:=    5277                  
      Launch Clock:-    2000                  
         Data Path:-    2953                  
             Slack:=     324                  

#--------------------------------------------------------------------------------------------------------------------------------------------------------
#                             Timing Point                               Flags     Arc    Edge      Cell        Fanout Load Trans Delay Arrival Instance 
#                                                                                                                      (fF)  (ps)  (ps)   (ps)  Location 
#--------------------------------------------------------------------------------------------------------------------------------------------------------
  d_DoDCT_reg/clk                                                        -       -        R     (arrival)         3520    -     0     -    2000    (-,-) 
  d_DoDCT_reg/q                                                          (u)     clk->q   R     unmapped_d_flop    102 45.1     0   506    2506    (-,-) 
  g10/z                                                                  (u)     in_0->z  F     unmapped_not       101 41.8     0   161    2668    (-,-) 
  u_IDCT/IDRU8/g177/z                                                    (u)     in_0->z  R     unmapped_not        76 36.9     0   151    2818    (-,-) 
  u_IDCT/IDRU8/mux_29_41/g2/z                                            (u)     sel0->z  F     unmapped_bmux3       2  7.6     0   137    2956    (-,-) 
  u_IDCT/IDRU8/g179/z                                                    (u)     in_0->z  R     unmapped_not         2  8.2     0    54    3009    (-,-) 
  u_IDCT/IDRU8/g168/z                                                    (u)     in_1->z  F     unmapped_nand2       1  3.8     0    60    3069    (-,-) 
  u_IDCT/IDRU8/g169/z                                                    (u)     in_0->z  R     unmapped_not        18 73.8     0   130    3199    (-,-) 
  u_IDCT/IDRU8/mux_71_50/g17/z                                           (u)     sel0->z  R     unmapped_bmux3       1  4.1     0   122    3321    (-,-) 
  u_IDCT/IDRU8/mux_70_50/g17/z                                           (u)     data0->z R     unmapped_bmux3       1  4.1     0   122    3443    (-,-) 
  u_IDCT/IDRU8/mux_69_50/g17/z                                           (u)     data0->z R     unmapped_bmux3       4 16.4     0   166    3608    (-,-) 
  u_IDCT/IDRU8/add_86_45/g6/z                                            (u)     in_0->z  F     unmapped_nor2        1  3.8     0    60    3668    (-,-) 
  u_IDCT/IDRU8/add_86_45/g40/z                                           (u)     in_0->z  R     unmapped_not         2  8.2     0    54    3722    (-,-) 
  u_IDCT/IDRU8/add_86_45/g41/z                                           (u)     in_1->z  F     unmapped_nand2       1  3.8     0    60    3782    (-,-) 
  u_IDCT/IDRU8/add_86_45/g42/z                                           (u)     in_1->z  R     unmapped_nand2       3 12.3     0    90    3872    (-,-) 
  u_IDCT/IDRU8/add_86_45/g78/z                                           (u)     in_1->z  F     unmapped_nand2       1  3.8     0    60    3932    (-,-) 
  u_IDCT/IDRU8/add_86_45/g79/z                                           (u)     in_1->z  R     unmapped_nand2       5 20.5     0   111    4043    (-,-) 
  u_IDCT/IDRU8/add_86_45/g119/z                                          (u)     in_0->z  F     unmapped_nand2       1  3.8     0    60    4103    (-,-) 
  u_IDCT/IDRU8/add_86_45/g120/z                                          (u)     in_1->z  R     unmapped_nand2       9 36.9     0   122    4226    (-,-) 
  u_IDCT/IDRU8/add_86_45/g155/z                                          (u)     in_1->z  F     unmapped_nand2       1  3.8     0    60    4286    (-,-) 
  u_IDCT/IDRU8/add_86_45/g156/z                                          (u)     in_1->z  R     unmapped_nand2       2  8.2     0    76    4362    (-,-) 
  u_IDCT/IDRU8/add_86_45/g158/z                                          (u)     in_0->z  F     unmapped_nand2       1  3.8     0    60    4422    (-,-) 
  u_IDCT/IDRU8/add_86_45/g159/z                                          (u)     in_1->z  R     unmapped_nand2       1  4.1     0    60    4482    (-,-) 
  u_IDCT/IDRU8/add_86_45/g204/z                                          (u)     in_0->z  F     unmapped_xnor2       1  3.8     0   122    4604    (-,-) 
  u_IDCT/IDRU8/mux_89_39/g1/z                                            (u)     data0->z F     unmapped_bmux3       1  3.8     0   122    4726    (-,-) 
  u_IDCT/IDRU8/mux_112_29/g1/z                                           (u)     data1->z F     unmapped_bmux3       1  3.8     0   122    4847    (-,-) 
  u_IDCT/tposemem/Bisted_RF_2P_ADV64x16/RF_2P_ADV64x16_u0/mux_46_19/g1/z (u)     data0->z F     unmapped_bmux3       1  2.6     0   106    4953    (-,-) 
  u_IDCT/tposemem/Bisted_RF_2P_ADV64x16/RF_2P_ADV64x16_u0/SRAM_i0/DB[15] (P)     -        F     rf_2p_hse            1    -     -     0    4953    (-,-) 
#--------------------------------------------------------------------------------------------------------------------------------------------------------

(P) : Instance is preserved
(u) : Net has unmapped pin(s).



Path 23: MET (444 ps) Setup Check with Pin u_IDCT/tposemem/Bisted_RF_2P_ADV64x16/RF_2P_ADV64x16_u0/SRAM_i0/CLKB->DB[7]
           Mode: func_mode
          Group: C2C_func_mode
     Startpoint: (R) d_DoDCT_reg/clk
          Clock: (R) CLK1
       Endpoint: (F) u_IDCT/tposemem/Bisted_RF_2P_ADV64x16/RF_2P_ADV64x16_u0/SRAM_i0/DB[7]
          Clock: (F) CLK1

                     Capture       Launch     
        Clock Edge:+    4000            0     
       Src Latency:+       0            0     
       Net Latency:+    2000 (I)     2000 (I) 
           Arrival:=    6000         2000     
                                              
             Setup:-     223                  
       Uncertainty:-     500                  
     Required Time:=    5277                  
      Launch Clock:-    2000                  
         Data Path:-    2832                  
             Slack:=     444                  

#--------------------------------------------------------------------------------------------------------------------------------------------------------
#                             Timing Point                               Flags     Arc    Edge      Cell        Fanout Load Trans Delay Arrival Instance 
#                                                                                                                      (fF)  (ps)  (ps)   (ps)  Location 
#--------------------------------------------------------------------------------------------------------------------------------------------------------
  d_DoDCT_reg/clk                                                        -       -        R     (arrival)         3520    -     0     -    2000    (-,-) 
  d_DoDCT_reg/q                                                          (u)     clk->q   R     unmapped_d_flop    102 45.1     0   506    2506    (-,-) 
  g10/z                                                                  (u)     in_0->z  F     unmapped_not       101 41.8     0   161    2668    (-,-) 
  u_IDCT/IDRU8/g177/z                                                    (u)     in_0->z  R     unmapped_not        76 36.9     0   151    2818    (-,-) 
  u_IDCT/IDRU8/mux_29_41/g2/z                                            (u)     sel0->z  F     unmapped_bmux3       2  7.6     0   137    2956    (-,-) 
  u_IDCT/IDRU8/g179/z                                                    (u)     in_0->z  R     unmapped_not         2  8.2     0    54    3009    (-,-) 
  u_IDCT/IDRU8/g168/z                                                    (u)     in_1->z  F     unmapped_nand2       1  3.8     0    60    3069    (-,-) 
  u_IDCT/IDRU8/g169/z                                                    (u)     in_0->z  R     unmapped_not        18 73.8     0   130    3199    (-,-) 
  u_IDCT/IDRU8/mux_71_50/g17/z                                           (u)     sel0->z  R     unmapped_bmux3       1  4.1     0   122    3321    (-,-) 
  u_IDCT/IDRU8/mux_70_50/g17/z                                           (u)     data0->z R     unmapped_bmux3       1  4.1     0   122    3443    (-,-) 
  u_IDCT/IDRU8/mux_69_50/g17/z                                           (u)     data0->z R     unmapped_bmux3       4 16.4     0   166    3608    (-,-) 
  u_IDCT/IDRU8/add_86_45/g6/z                                            (u)     in_0->z  F     unmapped_nor2        1  3.8     0    60    3668    (-,-) 
  u_IDCT/IDRU8/add_86_45/g40/z                                           (u)     in_0->z  R     unmapped_not         2  8.2     0    54    3722    (-,-) 
  u_IDCT/IDRU8/add_86_45/g41/z                                           (u)     in_1->z  F     unmapped_nand2       1  3.8     0    60    3782    (-,-) 
  u_IDCT/IDRU8/add_86_45/g42/z                                           (u)     in_1->z  R     unmapped_nand2       3 12.3     0    90    3872    (-,-) 
  u_IDCT/IDRU8/add_86_45/g78/z                                           (u)     in_1->z  F     unmapped_nand2       1  3.8     0    60    3932    (-,-) 
  u_IDCT/IDRU8/add_86_45/g79/z                                           (u)     in_1->z  R     unmapped_nand2       5 20.5     0   111    4043    (-,-) 
  u_IDCT/IDRU8/add_86_45/g119/z                                          (u)     in_0->z  F     unmapped_nand2       1  3.8     0    60    4103    (-,-) 
  u_IDCT/IDRU8/add_86_45/g120/z                                          (u)     in_1->z  R     unmapped_nand2       9 36.9     0   122    4226    (-,-) 
  u_IDCT/IDRU8/add_86_45/g139/z                                          (u)     in_0->z  F     unmapped_nand2       1  3.8     0    60    4286    (-,-) 
  u_IDCT/IDRU8/add_86_45/g140/z                                          (u)     in_1->z  R     unmapped_nand2       1  4.1     0    60    4346    (-,-) 
  u_IDCT/IDRU8/add_86_45/g183/z                                          (u)     in_0->z  F     unmapped_xnor2       1  3.8     0   122    4468    (-,-) 
  u_IDCT/IDRU8/mux_89_39/g9/z                                            (u)     data0->z F     unmapped_bmux3       2  7.6     0   137    4605    (-,-) 
  u_IDCT/IDRU8/mux_112_29/g9/z                                           (u)     data1->z F     unmapped_bmux3       1  3.8     0   122    4727    (-,-) 
  u_IDCT/tposemem/Bisted_RF_2P_ADV64x16/RF_2P_ADV64x16_u0/mux_46_19/g9/z (u)     data0->z F     unmapped_bmux3       1  2.6     0   106    4832    (-,-) 
  u_IDCT/tposemem/Bisted_RF_2P_ADV64x16/RF_2P_ADV64x16_u0/SRAM_i0/DB[7]  (P)     -        F     rf_2p_hse            1    -     -     0    4832    (-,-) 
#--------------------------------------------------------------------------------------------------------------------------------------------------------

(P) : Instance is preserved
(u) : Net has unmapped pin(s).



Path 24: MET (444 ps) Setup Check with Pin u_IDCT/tposemem/Bisted_RF_2P_ADV64x16/RF_2P_ADV64x16_u0/SRAM_i0/CLKB->DB[8]
           Mode: func_mode
          Group: C2C_func_mode
     Startpoint: (R) d_DoDCT_reg/clk
          Clock: (R) CLK1
       Endpoint: (F) u_IDCT/tposemem/Bisted_RF_2P_ADV64x16/RF_2P_ADV64x16_u0/SRAM_i0/DB[8]
          Clock: (F) CLK1

                     Capture       Launch     
        Clock Edge:+    4000            0     
       Src Latency:+       0            0     
       Net Latency:+    2000 (I)     2000 (I) 
           Arrival:=    6000         2000     
                                              
             Setup:-     223                  
       Uncertainty:-     500                  
     Required Time:=    5277                  
      Launch Clock:-    2000                  
         Data Path:-    2832                  
             Slack:=     444                  

#--------------------------------------------------------------------------------------------------------------------------------------------------------
#                             Timing Point                               Flags     Arc    Edge      Cell        Fanout Load Trans Delay Arrival Instance 
#                                                                                                                      (fF)  (ps)  (ps)   (ps)  Location 
#--------------------------------------------------------------------------------------------------------------------------------------------------------
  d_DoDCT_reg/clk                                                        -       -        R     (arrival)         3520    -     0     -    2000    (-,-) 
  d_DoDCT_reg/q                                                          (u)     clk->q   R     unmapped_d_flop    102 45.1     0   506    2506    (-,-) 
  g10/z                                                                  (u)     in_0->z  F     unmapped_not       101 41.8     0   161    2668    (-,-) 
  u_IDCT/IDRU8/g177/z                                                    (u)     in_0->z  R     unmapped_not        76 36.9     0   151    2818    (-,-) 
  u_IDCT/IDRU8/mux_29_41/g2/z                                            (u)     sel0->z  F     unmapped_bmux3       2  7.6     0   137    2956    (-,-) 
  u_IDCT/IDRU8/g179/z                                                    (u)     in_0->z  R     unmapped_not         2  8.2     0    54    3009    (-,-) 
  u_IDCT/IDRU8/g168/z                                                    (u)     in_1->z  F     unmapped_nand2       1  3.8     0    60    3069    (-,-) 
  u_IDCT/IDRU8/g169/z                                                    (u)     in_0->z  R     unmapped_not        18 73.8     0   130    3199    (-,-) 
  u_IDCT/IDRU8/mux_71_50/g17/z                                           (u)     sel0->z  R     unmapped_bmux3       1  4.1     0   122    3321    (-,-) 
  u_IDCT/IDRU8/mux_70_50/g17/z                                           (u)     data0->z R     unmapped_bmux3       1  4.1     0   122    3443    (-,-) 
  u_IDCT/IDRU8/mux_69_50/g17/z                                           (u)     data0->z R     unmapped_bmux3       4 16.4     0   166    3608    (-,-) 
  u_IDCT/IDRU8/add_86_45/g6/z                                            (u)     in_0->z  F     unmapped_nor2        1  3.8     0    60    3668    (-,-) 
  u_IDCT/IDRU8/add_86_45/g40/z                                           (u)     in_0->z  R     unmapped_not         2  8.2     0    54    3722    (-,-) 
  u_IDCT/IDRU8/add_86_45/g41/z                                           (u)     in_1->z  F     unmapped_nand2       1  3.8     0    60    3782    (-,-) 
  u_IDCT/IDRU8/add_86_45/g42/z                                           (u)     in_1->z  R     unmapped_nand2       3 12.3     0    90    3872    (-,-) 
  u_IDCT/IDRU8/add_86_45/g78/z                                           (u)     in_1->z  F     unmapped_nand2       1  3.8     0    60    3932    (-,-) 
  u_IDCT/IDRU8/add_86_45/g79/z                                           (u)     in_1->z  R     unmapped_nand2       5 20.5     0   111    4043    (-,-) 
  u_IDCT/IDRU8/add_86_45/g119/z                                          (u)     in_0->z  F     unmapped_nand2       1  3.8     0    60    4103    (-,-) 
  u_IDCT/IDRU8/add_86_45/g120/z                                          (u)     in_1->z  R     unmapped_nand2       9 36.9     0   122    4226    (-,-) 
  u_IDCT/IDRU8/add_86_45/g141/z                                          (u)     in_1->z  F     unmapped_nand2       1  3.8     0    60    4286    (-,-) 
  u_IDCT/IDRU8/add_86_45/g142/z                                          (u)     in_1->z  R     unmapped_nand2       1  4.1     0    60    4346    (-,-) 
  u_IDCT/IDRU8/add_86_45/g185/z                                          (u)     in_0->z  F     unmapped_xnor2       1  3.8     0   122    4468    (-,-) 
  u_IDCT/IDRU8/mux_89_39/g8/z                                            (u)     data0->z F     unmapped_bmux3       2  7.6     0   137    4605    (-,-) 
  u_IDCT/IDRU8/mux_112_29/g8/z                                           (u)     data1->z F     unmapped_bmux3       1  3.8     0   122    4727    (-,-) 
  u_IDCT/tposemem/Bisted_RF_2P_ADV64x16/RF_2P_ADV64x16_u0/mux_46_19/g8/z (u)     data0->z F     unmapped_bmux3       1  2.6     0   106    4832    (-,-) 
  u_IDCT/tposemem/Bisted_RF_2P_ADV64x16/RF_2P_ADV64x16_u0/SRAM_i0/DB[8]  (P)     -        F     rf_2p_hse            1    -     -     0    4832    (-,-) 
#--------------------------------------------------------------------------------------------------------------------------------------------------------

(P) : Instance is preserved
(u) : Net has unmapped pin(s).



Path 25: MET (444 ps) Setup Check with Pin u_IDCT/tposemem/Bisted_RF_2P_ADV64x16/RF_2P_ADV64x16_u0/SRAM_i0/CLKB->DB[9]
           Mode: func_mode
          Group: C2C_func_mode
     Startpoint: (R) d_DoDCT_reg/clk
          Clock: (R) CLK1
       Endpoint: (F) u_IDCT/tposemem/Bisted_RF_2P_ADV64x16/RF_2P_ADV64x16_u0/SRAM_i0/DB[9]
          Clock: (F) CLK1

                     Capture       Launch     
        Clock Edge:+    4000            0     
       Src Latency:+       0            0     
       Net Latency:+    2000 (I)     2000 (I) 
           Arrival:=    6000         2000     
                                              
             Setup:-     223                  
       Uncertainty:-     500                  
     Required Time:=    5277                  
      Launch Clock:-    2000                  
         Data Path:-    2832                  
             Slack:=     444                  

#--------------------------------------------------------------------------------------------------------------------------------------------------------
#                             Timing Point                               Flags     Arc    Edge      Cell        Fanout Load Trans Delay Arrival Instance 
#                                                                                                                      (fF)  (ps)  (ps)   (ps)  Location 
#--------------------------------------------------------------------------------------------------------------------------------------------------------
  d_DoDCT_reg/clk                                                        -       -        R     (arrival)         3520    -     0     -    2000    (-,-) 
  d_DoDCT_reg/q                                                          (u)     clk->q   R     unmapped_d_flop    102 45.1     0   506    2506    (-,-) 
  g10/z                                                                  (u)     in_0->z  F     unmapped_not       101 41.8     0   161    2668    (-,-) 
  u_IDCT/IDRU8/g177/z                                                    (u)     in_0->z  R     unmapped_not        76 36.9     0   151    2818    (-,-) 
  u_IDCT/IDRU8/mux_29_41/g2/z                                            (u)     sel0->z  F     unmapped_bmux3       2  7.6     0   137    2956    (-,-) 
  u_IDCT/IDRU8/g179/z                                                    (u)     in_0->z  R     unmapped_not         2  8.2     0    54    3009    (-,-) 
  u_IDCT/IDRU8/g168/z                                                    (u)     in_1->z  F     unmapped_nand2       1  3.8     0    60    3069    (-,-) 
  u_IDCT/IDRU8/g169/z                                                    (u)     in_0->z  R     unmapped_not        18 73.8     0   130    3199    (-,-) 
  u_IDCT/IDRU8/mux_71_50/g17/z                                           (u)     sel0->z  R     unmapped_bmux3       1  4.1     0   122    3321    (-,-) 
  u_IDCT/IDRU8/mux_70_50/g17/z                                           (u)     data0->z R     unmapped_bmux3       1  4.1     0   122    3443    (-,-) 
  u_IDCT/IDRU8/mux_69_50/g17/z                                           (u)     data0->z R     unmapped_bmux3       4 16.4     0   166    3608    (-,-) 
  u_IDCT/IDRU8/add_86_45/g6/z                                            (u)     in_0->z  F     unmapped_nor2        1  3.8     0    60    3668    (-,-) 
  u_IDCT/IDRU8/add_86_45/g40/z                                           (u)     in_0->z  R     unmapped_not         2  8.2     0    54    3722    (-,-) 
  u_IDCT/IDRU8/add_86_45/g41/z                                           (u)     in_1->z  F     unmapped_nand2       1  3.8     0    60    3782    (-,-) 
  u_IDCT/IDRU8/add_86_45/g42/z                                           (u)     in_1->z  R     unmapped_nand2       3 12.3     0    90    3872    (-,-) 
  u_IDCT/IDRU8/add_86_45/g78/z                                           (u)     in_1->z  F     unmapped_nand2       1  3.8     0    60    3932    (-,-) 
  u_IDCT/IDRU8/add_86_45/g79/z                                           (u)     in_1->z  R     unmapped_nand2       5 20.5     0   111    4043    (-,-) 
  u_IDCT/IDRU8/add_86_45/g119/z                                          (u)     in_0->z  F     unmapped_nand2       1  3.8     0    60    4103    (-,-) 
  u_IDCT/IDRU8/add_86_45/g120/z                                          (u)     in_1->z  R     unmapped_nand2       9 36.9     0   122    4226    (-,-) 
  u_IDCT/IDRU8/add_86_45/g144/z                                          (u)     in_0->z  F     unmapped_nand2       1  3.8     0    60    4286    (-,-) 
  u_IDCT/IDRU8/add_86_45/g145/z                                          (u)     in_1->z  R     unmapped_nand2       1  4.1     0    60    4346    (-,-) 
  u_IDCT/IDRU8/add_86_45/g188/z                                          (u)     in_0->z  F     unmapped_xnor2       1  3.8     0   122    4468    (-,-) 
  u_IDCT/IDRU8/mux_89_39/g7/z                                            (u)     data0->z F     unmapped_bmux3       2  7.6     0   137    4605    (-,-) 
  u_IDCT/IDRU8/mux_112_29/g7/z                                           (u)     data1->z F     unmapped_bmux3       1  3.8     0   122    4727    (-,-) 
  u_IDCT/tposemem/Bisted_RF_2P_ADV64x16/RF_2P_ADV64x16_u0/mux_46_19/g7/z (u)     data0->z F     unmapped_bmux3       1  2.6     0   106    4832    (-,-) 
  u_IDCT/tposemem/Bisted_RF_2P_ADV64x16/RF_2P_ADV64x16_u0/SRAM_i0/DB[9]  (P)     -        F     rf_2p_hse            1    -     -     0    4832    (-,-) 
#--------------------------------------------------------------------------------------------------------------------------------------------------------

(P) : Instance is preserved
(u) : Net has unmapped pin(s).



Path 26: MET (444 ps) Setup Check with Pin u_IDCT/tposemem/Bisted_RF_2P_ADV64x16/RF_2P_ADV64x16_u0/SRAM_i0/CLKB->DB[10]
           Mode: func_mode
          Group: C2C_func_mode
     Startpoint: (R) d_DoDCT_reg/clk
          Clock: (R) CLK1
       Endpoint: (F) u_IDCT/tposemem/Bisted_RF_2P_ADV64x16/RF_2P_ADV64x16_u0/SRAM_i0/DB[10]
          Clock: (F) CLK1

                     Capture       Launch     
        Clock Edge:+    4000            0     
       Src Latency:+       0            0     
       Net Latency:+    2000 (I)     2000 (I) 
           Arrival:=    6000         2000     
                                              
             Setup:-     223                  
       Uncertainty:-     500                  
     Required Time:=    5277                  
      Launch Clock:-    2000                  
         Data Path:-    2832                  
             Slack:=     444                  

#--------------------------------------------------------------------------------------------------------------------------------------------------------
#                             Timing Point                               Flags     Arc    Edge      Cell        Fanout Load Trans Delay Arrival Instance 
#                                                                                                                      (fF)  (ps)  (ps)   (ps)  Location 
#--------------------------------------------------------------------------------------------------------------------------------------------------------
  d_DoDCT_reg/clk                                                        -       -        R     (arrival)         3520    -     0     -    2000    (-,-) 
  d_DoDCT_reg/q                                                          (u)     clk->q   R     unmapped_d_flop    102 45.1     0   506    2506    (-,-) 
  g10/z                                                                  (u)     in_0->z  F     unmapped_not       101 41.8     0   161    2668    (-,-) 
  u_IDCT/IDRU8/g177/z                                                    (u)     in_0->z  R     unmapped_not        76 36.9     0   151    2818    (-,-) 
  u_IDCT/IDRU8/mux_29_41/g2/z                                            (u)     sel0->z  F     unmapped_bmux3       2  7.6     0   137    2956    (-,-) 
  u_IDCT/IDRU8/g179/z                                                    (u)     in_0->z  R     unmapped_not         2  8.2     0    54    3009    (-,-) 
  u_IDCT/IDRU8/g168/z                                                    (u)     in_1->z  F     unmapped_nand2       1  3.8     0    60    3069    (-,-) 
  u_IDCT/IDRU8/g169/z                                                    (u)     in_0->z  R     unmapped_not        18 73.8     0   130    3199    (-,-) 
  u_IDCT/IDRU8/mux_71_50/g17/z                                           (u)     sel0->z  R     unmapped_bmux3       1  4.1     0   122    3321    (-,-) 
  u_IDCT/IDRU8/mux_70_50/g17/z                                           (u)     data0->z R     unmapped_bmux3       1  4.1     0   122    3443    (-,-) 
  u_IDCT/IDRU8/mux_69_50/g17/z                                           (u)     data0->z R     unmapped_bmux3       4 16.4     0   166    3608    (-,-) 
  u_IDCT/IDRU8/add_86_45/g6/z                                            (u)     in_0->z  F     unmapped_nor2        1  3.8     0    60    3668    (-,-) 
  u_IDCT/IDRU8/add_86_45/g40/z                                           (u)     in_0->z  R     unmapped_not         2  8.2     0    54    3722    (-,-) 
  u_IDCT/IDRU8/add_86_45/g41/z                                           (u)     in_1->z  F     unmapped_nand2       1  3.8     0    60    3782    (-,-) 
  u_IDCT/IDRU8/add_86_45/g42/z                                           (u)     in_1->z  R     unmapped_nand2       3 12.3     0    90    3872    (-,-) 
  u_IDCT/IDRU8/add_86_45/g78/z                                           (u)     in_1->z  F     unmapped_nand2       1  3.8     0    60    3932    (-,-) 
  u_IDCT/IDRU8/add_86_45/g79/z                                           (u)     in_1->z  R     unmapped_nand2       5 20.5     0   111    4043    (-,-) 
  u_IDCT/IDRU8/add_86_45/g119/z                                          (u)     in_0->z  F     unmapped_nand2       1  3.8     0    60    4103    (-,-) 
  u_IDCT/IDRU8/add_86_45/g120/z                                          (u)     in_1->z  R     unmapped_nand2       9 36.9     0   122    4226    (-,-) 
  u_IDCT/IDRU8/add_86_45/g147/z                                          (u)     in_0->z  F     unmapped_nand2       1  3.8     0    60    4286    (-,-) 
  u_IDCT/IDRU8/add_86_45/g148/z                                          (u)     in_1->z  R     unmapped_nand2       1  4.1     0    60    4346    (-,-) 
  u_IDCT/IDRU8/add_86_45/g191/z                                          (u)     in_0->z  F     unmapped_xnor2       1  3.8     0   122    4468    (-,-) 
  u_IDCT/IDRU8/mux_89_39/g6/z                                            (u)     data0->z F     unmapped_bmux3       2  7.6     0   137    4605    (-,-) 
  u_IDCT/IDRU8/mux_112_29/g6/z                                           (u)     data1->z F     unmapped_bmux3       1  3.8     0   122    4727    (-,-) 
  u_IDCT/tposemem/Bisted_RF_2P_ADV64x16/RF_2P_ADV64x16_u0/mux_46_19/g6/z (u)     data0->z F     unmapped_bmux3       1  2.6     0   106    4832    (-,-) 
  u_IDCT/tposemem/Bisted_RF_2P_ADV64x16/RF_2P_ADV64x16_u0/SRAM_i0/DB[10] (P)     -        F     rf_2p_hse            1    -     -     0    4832    (-,-) 
#--------------------------------------------------------------------------------------------------------------------------------------------------------

(P) : Instance is preserved
(u) : Net has unmapped pin(s).



Path 27: MET (444 ps) Setup Check with Pin u_IDCT/tposemem/Bisted_RF_2P_ADV64x16/RF_2P_ADV64x16_u0/SRAM_i0/CLKB->DB[11]
           Mode: func_mode
          Group: C2C_func_mode
     Startpoint: (R) d_DoDCT_reg/clk
          Clock: (R) CLK1
       Endpoint: (F) u_IDCT/tposemem/Bisted_RF_2P_ADV64x16/RF_2P_ADV64x16_u0/SRAM_i0/DB[11]
          Clock: (F) CLK1

                     Capture       Launch     
        Clock Edge:+    4000            0     
       Src Latency:+       0            0     
       Net Latency:+    2000 (I)     2000 (I) 
           Arrival:=    6000         2000     
                                              
             Setup:-     223                  
       Uncertainty:-     500                  
     Required Time:=    5277                  
      Launch Clock:-    2000                  
         Data Path:-    2832                  
             Slack:=     444                  

#--------------------------------------------------------------------------------------------------------------------------------------------------------
#                             Timing Point                               Flags     Arc    Edge      Cell        Fanout Load Trans Delay Arrival Instance 
#                                                                                                                      (fF)  (ps)  (ps)   (ps)  Location 
#--------------------------------------------------------------------------------------------------------------------------------------------------------
  d_DoDCT_reg/clk                                                        -       -        R     (arrival)         3520    -     0     -    2000    (-,-) 
  d_DoDCT_reg/q                                                          (u)     clk->q   R     unmapped_d_flop    102 45.1     0   506    2506    (-,-) 
  g10/z                                                                  (u)     in_0->z  F     unmapped_not       101 41.8     0   161    2668    (-,-) 
  u_IDCT/IDRU8/g177/z                                                    (u)     in_0->z  R     unmapped_not        76 36.9     0   151    2818    (-,-) 
  u_IDCT/IDRU8/mux_29_41/g2/z                                            (u)     sel0->z  F     unmapped_bmux3       2  7.6     0   137    2956    (-,-) 
  u_IDCT/IDRU8/g179/z                                                    (u)     in_0->z  R     unmapped_not         2  8.2     0    54    3009    (-,-) 
  u_IDCT/IDRU8/g168/z                                                    (u)     in_1->z  F     unmapped_nand2       1  3.8     0    60    3069    (-,-) 
  u_IDCT/IDRU8/g169/z                                                    (u)     in_0->z  R     unmapped_not        18 73.8     0   130    3199    (-,-) 
  u_IDCT/IDRU8/mux_71_50/g17/z                                           (u)     sel0->z  R     unmapped_bmux3       1  4.1     0   122    3321    (-,-) 
  u_IDCT/IDRU8/mux_70_50/g17/z                                           (u)     data0->z R     unmapped_bmux3       1  4.1     0   122    3443    (-,-) 
  u_IDCT/IDRU8/mux_69_50/g17/z                                           (u)     data0->z R     unmapped_bmux3       4 16.4     0   166    3608    (-,-) 
  u_IDCT/IDRU8/add_86_45/g6/z                                            (u)     in_0->z  F     unmapped_nor2        1  3.8     0    60    3668    (-,-) 
  u_IDCT/IDRU8/add_86_45/g40/z                                           (u)     in_0->z  R     unmapped_not         2  8.2     0    54    3722    (-,-) 
  u_IDCT/IDRU8/add_86_45/g41/z                                           (u)     in_1->z  F     unmapped_nand2       1  3.8     0    60    3782    (-,-) 
  u_IDCT/IDRU8/add_86_45/g42/z                                           (u)     in_1->z  R     unmapped_nand2       3 12.3     0    90    3872    (-,-) 
  u_IDCT/IDRU8/add_86_45/g78/z                                           (u)     in_1->z  F     unmapped_nand2       1  3.8     0    60    3932    (-,-) 
  u_IDCT/IDRU8/add_86_45/g79/z                                           (u)     in_1->z  R     unmapped_nand2       5 20.5     0   111    4043    (-,-) 
  u_IDCT/IDRU8/add_86_45/g119/z                                          (u)     in_0->z  F     unmapped_nand2       1  3.8     0    60    4103    (-,-) 
  u_IDCT/IDRU8/add_86_45/g120/z                                          (u)     in_1->z  R     unmapped_nand2       9 36.9     0   122    4226    (-,-) 
  u_IDCT/IDRU8/add_86_45/g149/z                                          (u)     in_1->z  F     unmapped_nand2       1  3.8     0    60    4286    (-,-) 
  u_IDCT/IDRU8/add_86_45/g150/z                                          (u)     in_1->z  R     unmapped_nand2       1  4.1     0    60    4346    (-,-) 
  u_IDCT/IDRU8/add_86_45/g194/z                                          (u)     in_0->z  F     unmapped_xnor2       1  3.8     0   122    4468    (-,-) 
  u_IDCT/IDRU8/mux_89_39/g5/z                                            (u)     data0->z F     unmapped_bmux3       2  7.6     0   137    4605    (-,-) 
  u_IDCT/IDRU8/mux_112_29/g5/z                                           (u)     data1->z F     unmapped_bmux3       1  3.8     0   122    4727    (-,-) 
  u_IDCT/tposemem/Bisted_RF_2P_ADV64x16/RF_2P_ADV64x16_u0/mux_46_19/g5/z (u)     data0->z F     unmapped_bmux3       1  2.6     0   106    4832    (-,-) 
  u_IDCT/tposemem/Bisted_RF_2P_ADV64x16/RF_2P_ADV64x16_u0/SRAM_i0/DB[11] (P)     -        F     rf_2p_hse            1    -     -     0    4832    (-,-) 
#--------------------------------------------------------------------------------------------------------------------------------------------------------

(P) : Instance is preserved
(u) : Net has unmapped pin(s).



Path 28: MET (444 ps) Setup Check with Pin u_IDCT/tposemem/Bisted_RF_2P_ADV64x16/RF_2P_ADV64x16_u0/SRAM_i0/CLKB->DB[12]
           Mode: func_mode
          Group: C2C_func_mode
     Startpoint: (R) d_DoDCT_reg/clk
          Clock: (R) CLK1
       Endpoint: (F) u_IDCT/tposemem/Bisted_RF_2P_ADV64x16/RF_2P_ADV64x16_u0/SRAM_i0/DB[12]
          Clock: (F) CLK1

                     Capture       Launch     
        Clock Edge:+    4000            0     
       Src Latency:+       0            0     
       Net Latency:+    2000 (I)     2000 (I) 
           Arrival:=    6000         2000     
                                              
             Setup:-     223                  
       Uncertainty:-     500                  
     Required Time:=    5277                  
      Launch Clock:-    2000                  
         Data Path:-    2832                  
             Slack:=     444                  

#--------------------------------------------------------------------------------------------------------------------------------------------------------
#                             Timing Point                               Flags     Arc    Edge      Cell        Fanout Load Trans Delay Arrival Instance 
#                                                                                                                      (fF)  (ps)  (ps)   (ps)  Location 
#--------------------------------------------------------------------------------------------------------------------------------------------------------
  d_DoDCT_reg/clk                                                        -       -        R     (arrival)         3520    -     0     -    2000    (-,-) 
  d_DoDCT_reg/q                                                          (u)     clk->q   R     unmapped_d_flop    102 45.1     0   506    2506    (-,-) 
  g10/z                                                                  (u)     in_0->z  F     unmapped_not       101 41.8     0   161    2668    (-,-) 
  u_IDCT/IDRU8/g177/z                                                    (u)     in_0->z  R     unmapped_not        76 36.9     0   151    2818    (-,-) 
  u_IDCT/IDRU8/mux_29_41/g2/z                                            (u)     sel0->z  F     unmapped_bmux3       2  7.6     0   137    2956    (-,-) 
  u_IDCT/IDRU8/g179/z                                                    (u)     in_0->z  R     unmapped_not         2  8.2     0    54    3009    (-,-) 
  u_IDCT/IDRU8/g168/z                                                    (u)     in_1->z  F     unmapped_nand2       1  3.8     0    60    3069    (-,-) 
  u_IDCT/IDRU8/g169/z                                                    (u)     in_0->z  R     unmapped_not        18 73.8     0   130    3199    (-,-) 
  u_IDCT/IDRU8/mux_71_50/g17/z                                           (u)     sel0->z  R     unmapped_bmux3       1  4.1     0   122    3321    (-,-) 
  u_IDCT/IDRU8/mux_70_50/g17/z                                           (u)     data0->z R     unmapped_bmux3       1  4.1     0   122    3443    (-,-) 
  u_IDCT/IDRU8/mux_69_50/g17/z                                           (u)     data0->z R     unmapped_bmux3       4 16.4     0   166    3608    (-,-) 
  u_IDCT/IDRU8/add_86_45/g6/z                                            (u)     in_0->z  F     unmapped_nor2        1  3.8     0    60    3668    (-,-) 
  u_IDCT/IDRU8/add_86_45/g40/z                                           (u)     in_0->z  R     unmapped_not         2  8.2     0    54    3722    (-,-) 
  u_IDCT/IDRU8/add_86_45/g41/z                                           (u)     in_1->z  F     unmapped_nand2       1  3.8     0    60    3782    (-,-) 
  u_IDCT/IDRU8/add_86_45/g42/z                                           (u)     in_1->z  R     unmapped_nand2       3 12.3     0    90    3872    (-,-) 
  u_IDCT/IDRU8/add_86_45/g78/z                                           (u)     in_1->z  F     unmapped_nand2       1  3.8     0    60    3932    (-,-) 
  u_IDCT/IDRU8/add_86_45/g79/z                                           (u)     in_1->z  R     unmapped_nand2       5 20.5     0   111    4043    (-,-) 
  u_IDCT/IDRU8/add_86_45/g119/z                                          (u)     in_0->z  F     unmapped_nand2       1  3.8     0    60    4103    (-,-) 
  u_IDCT/IDRU8/add_86_45/g120/z                                          (u)     in_1->z  R     unmapped_nand2       9 36.9     0   122    4226    (-,-) 
  u_IDCT/IDRU8/add_86_45/g151/z                                          (u)     in_1->z  F     unmapped_nand2       1  3.8     0    60    4286    (-,-) 
  u_IDCT/IDRU8/add_86_45/g152/z                                          (u)     in_1->z  R     unmapped_nand2       1  4.1     0    60    4346    (-,-) 
  u_IDCT/IDRU8/add_86_45/g196/z                                          (u)     in_0->z  F     unmapped_xnor2       1  3.8     0   122    4468    (-,-) 
  u_IDCT/IDRU8/mux_89_39/g4/z                                            (u)     data0->z F     unmapped_bmux3       2  7.6     0   137    4605    (-,-) 
  u_IDCT/IDRU8/mux_112_29/g4/z                                           (u)     data1->z F     unmapped_bmux3       1  3.8     0   122    4727    (-,-) 
  u_IDCT/tposemem/Bisted_RF_2P_ADV64x16/RF_2P_ADV64x16_u0/mux_46_19/g4/z (u)     data0->z F     unmapped_bmux3       1  2.6     0   106    4832    (-,-) 
  u_IDCT/tposemem/Bisted_RF_2P_ADV64x16/RF_2P_ADV64x16_u0/SRAM_i0/DB[12] (P)     -        F     rf_2p_hse            1    -     -     0    4832    (-,-) 
#--------------------------------------------------------------------------------------------------------------------------------------------------------

(P) : Instance is preserved
(u) : Net has unmapped pin(s).



Path 29: MET (444 ps) Setup Check with Pin u_IDCT/tposemem/Bisted_RF_2P_ADV64x16/RF_2P_ADV64x16_u0/SRAM_i0/CLKB->DB[13]
           Mode: func_mode
          Group: C2C_func_mode
     Startpoint: (R) d_DoDCT_reg/clk
          Clock: (R) CLK1
       Endpoint: (F) u_IDCT/tposemem/Bisted_RF_2P_ADV64x16/RF_2P_ADV64x16_u0/SRAM_i0/DB[13]
          Clock: (F) CLK1

                     Capture       Launch     
        Clock Edge:+    4000            0     
       Src Latency:+       0            0     
       Net Latency:+    2000 (I)     2000 (I) 
           Arrival:=    6000         2000     
                                              
             Setup:-     223                  
       Uncertainty:-     500                  
     Required Time:=    5277                  
      Launch Clock:-    2000                  
         Data Path:-    2832                  
             Slack:=     444                  

#--------------------------------------------------------------------------------------------------------------------------------------------------------
#                             Timing Point                               Flags     Arc    Edge      Cell        Fanout Load Trans Delay Arrival Instance 
#                                                                                                                      (fF)  (ps)  (ps)   (ps)  Location 
#--------------------------------------------------------------------------------------------------------------------------------------------------------
  d_DoDCT_reg/clk                                                        -       -        R     (arrival)         3520    -     0     -    2000    (-,-) 
  d_DoDCT_reg/q                                                          (u)     clk->q   R     unmapped_d_flop    102 45.1     0   506    2506    (-,-) 
  g10/z                                                                  (u)     in_0->z  F     unmapped_not       101 41.8     0   161    2668    (-,-) 
  u_IDCT/IDRU8/g177/z                                                    (u)     in_0->z  R     unmapped_not        76 36.9     0   151    2818    (-,-) 
  u_IDCT/IDRU8/mux_29_41/g2/z                                            (u)     sel0->z  F     unmapped_bmux3       2  7.6     0   137    2956    (-,-) 
  u_IDCT/IDRU8/g179/z                                                    (u)     in_0->z  R     unmapped_not         2  8.2     0    54    3009    (-,-) 
  u_IDCT/IDRU8/g168/z                                                    (u)     in_1->z  F     unmapped_nand2       1  3.8     0    60    3069    (-,-) 
  u_IDCT/IDRU8/g169/z                                                    (u)     in_0->z  R     unmapped_not        18 73.8     0   130    3199    (-,-) 
  u_IDCT/IDRU8/mux_71_50/g17/z                                           (u)     sel0->z  R     unmapped_bmux3       1  4.1     0   122    3321    (-,-) 
  u_IDCT/IDRU8/mux_70_50/g17/z                                           (u)     data0->z R     unmapped_bmux3       1  4.1     0   122    3443    (-,-) 
  u_IDCT/IDRU8/mux_69_50/g17/z                                           (u)     data0->z R     unmapped_bmux3       4 16.4     0   166    3608    (-,-) 
  u_IDCT/IDRU8/add_86_45/g6/z                                            (u)     in_0->z  F     unmapped_nor2        1  3.8     0    60    3668    (-,-) 
  u_IDCT/IDRU8/add_86_45/g40/z                                           (u)     in_0->z  R     unmapped_not         2  8.2     0    54    3722    (-,-) 
  u_IDCT/IDRU8/add_86_45/g41/z                                           (u)     in_1->z  F     unmapped_nand2       1  3.8     0    60    3782    (-,-) 
  u_IDCT/IDRU8/add_86_45/g42/z                                           (u)     in_1->z  R     unmapped_nand2       3 12.3     0    90    3872    (-,-) 
  u_IDCT/IDRU8/add_86_45/g78/z                                           (u)     in_1->z  F     unmapped_nand2       1  3.8     0    60    3932    (-,-) 
  u_IDCT/IDRU8/add_86_45/g79/z                                           (u)     in_1->z  R     unmapped_nand2       5 20.5     0   111    4043    (-,-) 
  u_IDCT/IDRU8/add_86_45/g119/z                                          (u)     in_0->z  F     unmapped_nand2       1  3.8     0    60    4103    (-,-) 
  u_IDCT/IDRU8/add_86_45/g120/z                                          (u)     in_1->z  R     unmapped_nand2       9 36.9     0   122    4226    (-,-) 
  u_IDCT/IDRU8/add_86_45/g153/z                                          (u)     in_1->z  F     unmapped_nand2       1  3.8     0    60    4286    (-,-) 
  u_IDCT/IDRU8/add_86_45/g154/z                                          (u)     in_1->z  R     unmapped_nand2       1  4.1     0    60    4346    (-,-) 
  u_IDCT/IDRU8/add_86_45/g199/z                                          (u)     in_0->z  F     unmapped_xnor2       1  3.8     0   122    4468    (-,-) 
  u_IDCT/IDRU8/mux_89_39/g3/z                                            (u)     data0->z F     unmapped_bmux3       2  7.6     0   137    4605    (-,-) 
  u_IDCT/IDRU8/mux_112_29/g3/z                                           (u)     data1->z F     unmapped_bmux3       1  3.8     0   122    4727    (-,-) 
  u_IDCT/tposemem/Bisted_RF_2P_ADV64x16/RF_2P_ADV64x16_u0/mux_46_19/g3/z (u)     data0->z F     unmapped_bmux3       1  2.6     0   106    4832    (-,-) 
  u_IDCT/tposemem/Bisted_RF_2P_ADV64x16/RF_2P_ADV64x16_u0/SRAM_i0/DB[13] (P)     -        F     rf_2p_hse            1    -     -     0    4832    (-,-) 
#--------------------------------------------------------------------------------------------------------------------------------------------------------

(P) : Instance is preserved
(u) : Net has unmapped pin(s).



Path 30: MET (444 ps) Setup Check with Pin u_IDCT/tposemem/Bisted_RF_2P_ADV64x16/RF_2P_ADV64x16_u0/SRAM_i0/CLKB->DB[14]
           Mode: func_mode
          Group: C2C_func_mode
     Startpoint: (R) d_DoDCT_reg/clk
          Clock: (R) CLK1
       Endpoint: (F) u_IDCT/tposemem/Bisted_RF_2P_ADV64x16/RF_2P_ADV64x16_u0/SRAM_i0/DB[14]
          Clock: (F) CLK1

                     Capture       Launch     
        Clock Edge:+    4000            0     
       Src Latency:+       0            0     
       Net Latency:+    2000 (I)     2000 (I) 
           Arrival:=    6000         2000     
                                              
             Setup:-     223                  
       Uncertainty:-     500                  
     Required Time:=    5277                  
      Launch Clock:-    2000                  
         Data Path:-    2832                  
             Slack:=     444                  

#--------------------------------------------------------------------------------------------------------------------------------------------------------
#                             Timing Point                               Flags     Arc    Edge      Cell        Fanout Load Trans Delay Arrival Instance 
#                                                                                                                      (fF)  (ps)  (ps)   (ps)  Location 
#--------------------------------------------------------------------------------------------------------------------------------------------------------
  d_DoDCT_reg/clk                                                        -       -        R     (arrival)         3520    -     0     -    2000    (-,-) 
  d_DoDCT_reg/q                                                          (u)     clk->q   R     unmapped_d_flop    102 45.1     0   506    2506    (-,-) 
  g10/z                                                                  (u)     in_0->z  F     unmapped_not       101 41.8     0   161    2668    (-,-) 
  u_IDCT/IDRU8/g177/z                                                    (u)     in_0->z  R     unmapped_not        76 36.9     0   151    2818    (-,-) 
  u_IDCT/IDRU8/mux_29_41/g2/z                                            (u)     sel0->z  F     unmapped_bmux3       2  7.6     0   137    2956    (-,-) 
  u_IDCT/IDRU8/g179/z                                                    (u)     in_0->z  R     unmapped_not         2  8.2     0    54    3009    (-,-) 
  u_IDCT/IDRU8/g168/z                                                    (u)     in_1->z  F     unmapped_nand2       1  3.8     0    60    3069    (-,-) 
  u_IDCT/IDRU8/g169/z                                                    (u)     in_0->z  R     unmapped_not        18 73.8     0   130    3199    (-,-) 
  u_IDCT/IDRU8/mux_71_50/g17/z                                           (u)     sel0->z  R     unmapped_bmux3       1  4.1     0   122    3321    (-,-) 
  u_IDCT/IDRU8/mux_70_50/g17/z                                           (u)     data0->z R     unmapped_bmux3       1  4.1     0   122    3443    (-,-) 
  u_IDCT/IDRU8/mux_69_50/g17/z                                           (u)     data0->z R     unmapped_bmux3       4 16.4     0   166    3608    (-,-) 
  u_IDCT/IDRU8/add_86_45/g6/z                                            (u)     in_0->z  F     unmapped_nor2        1  3.8     0    60    3668    (-,-) 
  u_IDCT/IDRU8/add_86_45/g40/z                                           (u)     in_0->z  R     unmapped_not         2  8.2     0    54    3722    (-,-) 
  u_IDCT/IDRU8/add_86_45/g41/z                                           (u)     in_1->z  F     unmapped_nand2       1  3.8     0    60    3782    (-,-) 
  u_IDCT/IDRU8/add_86_45/g42/z                                           (u)     in_1->z  R     unmapped_nand2       3 12.3     0    90    3872    (-,-) 
  u_IDCT/IDRU8/add_86_45/g78/z                                           (u)     in_1->z  F     unmapped_nand2       1  3.8     0    60    3932    (-,-) 
  u_IDCT/IDRU8/add_86_45/g79/z                                           (u)     in_1->z  R     unmapped_nand2       5 20.5     0   111    4043    (-,-) 
  u_IDCT/IDRU8/add_86_45/g119/z                                          (u)     in_0->z  F     unmapped_nand2       1  3.8     0    60    4103    (-,-) 
  u_IDCT/IDRU8/add_86_45/g120/z                                          (u)     in_1->z  R     unmapped_nand2       9 36.9     0   122    4226    (-,-) 
  u_IDCT/IDRU8/add_86_45/g155/z                                          (u)     in_1->z  F     unmapped_nand2       1  3.8     0    60    4286    (-,-) 
  u_IDCT/IDRU8/add_86_45/g156/z                                          (u)     in_1->z  R     unmapped_nand2       2  8.2     0    76    4362    (-,-) 
  u_IDCT/IDRU8/add_86_45/g201/z                                          (u)     in_0->z  F     unmapped_xnor2       1  3.8     0   122    4483    (-,-) 
  u_IDCT/IDRU8/mux_89_39/g2/z                                            (u)     data0->z F     unmapped_bmux3       1  3.8     0   122    4605    (-,-) 
  u_IDCT/IDRU8/mux_112_29/g2/z                                           (u)     data1->z F     unmapped_bmux3       1  3.8     0   122    4727    (-,-) 
  u_IDCT/tposemem/Bisted_RF_2P_ADV64x16/RF_2P_ADV64x16_u0/mux_46_19/g2/z (u)     data0->z F     unmapped_bmux3       1  2.6     0   106    4832    (-,-) 
  u_IDCT/tposemem/Bisted_RF_2P_ADV64x16/RF_2P_ADV64x16_u0/SRAM_i0/DB[14] (P)     -        F     rf_2p_hse            1    -     -     0    4832    (-,-) 
#--------------------------------------------------------------------------------------------------------------------------------------------------------

(P) : Instance is preserved
(u) : Net has unmapped pin(s).



Path 31: MET (485 ps) Setup Check with Pin u_DCT/tposemem/Bisted_RF_2P_ADV64x16/RF_2P_ADV64x16_u0/SRAM_i0/CLKB->DB[15]
           Mode: func_mode
          Group: C2C_func_mode
     Startpoint: (R) d_DoDCT_reg/clk
          Clock: (R) CLK1
       Endpoint: (F) u_DCT/tposemem/Bisted_RF_2P_ADV64x16/RF_2P_ADV64x16_u0/SRAM_i0/DB[15]
          Clock: (F) CLK1

                     Capture       Launch     
        Clock Edge:+    4000            0     
       Src Latency:+       0            0     
       Net Latency:+    2000 (I)     2000 (I) 
           Arrival:=    6000         2000     
                                              
             Setup:-     223                  
       Uncertainty:-     500                  
     Required Time:=    5277                  
      Launch Clock:-    2000                  
         Data Path:-    2792                  
             Slack:=     485                  

#-------------------------------------------------------------------------------------------------------------------------------------------------------
#                             Timing Point                              Flags     Arc    Edge      Cell        Fanout Load Trans Delay Arrival Instance 
#                                                                                                                     (fF)  (ps)  (ps)   (ps)  Location 
#-------------------------------------------------------------------------------------------------------------------------------------------------------
  d_DoDCT_reg/clk                                                       -       -        R     (arrival)         3520    -     0     -    2000    (-,-) 
  d_DoDCT_reg/q                                                         (u)     clk->q   F     unmapped_d_flop    102 41.8     0   506    2506    (-,-) 
  u_DCT/IDRU8/g177/z                                                    (u)     in_0->z  R     unmapped_not        76 36.9     0   151    2657    (-,-) 
  u_DCT/IDRU8/mux_29_41/g2/z                                            (u)     sel0->z  F     unmapped_bmux3       2  7.6     0   137    2794    (-,-) 
  u_DCT/IDRU8/g179/z                                                    (u)     in_0->z  R     unmapped_not         2  8.2     0    54    2848    (-,-) 
  u_DCT/IDRU8/g168/z                                                    (u)     in_1->z  F     unmapped_nand2       1  3.8     0    60    2908    (-,-) 
  u_DCT/IDRU8/g169/z                                                    (u)     in_0->z  R     unmapped_not        18 73.8     0   130    3038    (-,-) 
  u_DCT/IDRU8/mux_71_50/g17/z                                           (u)     sel0->z  R     unmapped_bmux3       1  4.1     0   122    3160    (-,-) 
  u_DCT/IDRU8/mux_70_50/g17/z                                           (u)     data0->z R     unmapped_bmux3       1  4.1     0   122    3281    (-,-) 
  u_DCT/IDRU8/mux_69_50/g17/z                                           (u)     data0->z R     unmapped_bmux3       4 16.4     0   166    3447    (-,-) 
  u_DCT/IDRU8/add_86_45/g6/z                                            (u)     in_0->z  F     unmapped_nor2        1  3.8     0    60    3507    (-,-) 
  u_DCT/IDRU8/add_86_45/g40/z                                           (u)     in_0->z  R     unmapped_not         2  8.2     0    54    3560    (-,-) 
  u_DCT/IDRU8/add_86_45/g41/z                                           (u)     in_1->z  F     unmapped_nand2       1  3.8     0    60    3621    (-,-) 
  u_DCT/IDRU8/add_86_45/g42/z                                           (u)     in_1->z  R     unmapped_nand2       3 12.3     0    90    3711    (-,-) 
  u_DCT/IDRU8/add_86_45/g78/z                                           (u)     in_1->z  F     unmapped_nand2       1  3.8     0    60    3771    (-,-) 
  u_DCT/IDRU8/add_86_45/g79/z                                           (u)     in_1->z  R     unmapped_nand2       5 20.5     0   111    3882    (-,-) 
  u_DCT/IDRU8/add_86_45/g119/z                                          (u)     in_0->z  F     unmapped_nand2       1  3.8     0    60    3942    (-,-) 
  u_DCT/IDRU8/add_86_45/g120/z                                          (u)     in_1->z  R     unmapped_nand2       9 36.9     0   122    4064    (-,-) 
  u_DCT/IDRU8/add_86_45/g155/z                                          (u)     in_1->z  F     unmapped_nand2       1  3.8     0    60    4125    (-,-) 
  u_DCT/IDRU8/add_86_45/g156/z                                          (u)     in_1->z  R     unmapped_nand2       2  8.2     0    76    4200    (-,-) 
  u_DCT/IDRU8/add_86_45/g158/z                                          (u)     in_0->z  F     unmapped_nand2       1  3.8     0    60    4260    (-,-) 
  u_DCT/IDRU8/add_86_45/g159/z                                          (u)     in_1->z  R     unmapped_nand2       1  4.1     0    60    4321    (-,-) 
  u_DCT/IDRU8/add_86_45/g204/z                                          (u)     in_0->z  F     unmapped_xnor2       1  3.8     0   122    4442    (-,-) 
  u_DCT/IDRU8/mux_89_39/g1/z                                            (u)     data0->z F     unmapped_bmux3       1  3.8     0   122    4564    (-,-) 
  u_DCT/IDRU8/mux_112_29/g1/z                                           (u)     data1->z F     unmapped_bmux3       1  3.8     0   122    4686    (-,-) 
  u_DCT/tposemem/Bisted_RF_2P_ADV64x16/RF_2P_ADV64x16_u0/mux_46_19/g1/z (u)     data0->z F     unmapped_bmux3       1  2.6     0   106    4792    (-,-) 
  u_DCT/tposemem/Bisted_RF_2P_ADV64x16/RF_2P_ADV64x16_u0/SRAM_i0/DB[15] (P)     -        F     rf_2p_hse            1    -     -     0    4792    (-,-) 
#-------------------------------------------------------------------------------------------------------------------------------------------------------

(P) : Instance is preserved
(u) : Net has unmapped pin(s).



Path 32: MET (565 ps) Setup Check with Pin u_IDCT/tposemem/Bisted_RF_2P_ADV64x16/RF_2P_ADV64x16_u0/SRAM_i0/CLKB->DB[6]
           Mode: func_mode
          Group: C2C_func_mode
     Startpoint: (R) d_DoDCT_reg/clk
          Clock: (R) CLK1
       Endpoint: (F) u_IDCT/tposemem/Bisted_RF_2P_ADV64x16/RF_2P_ADV64x16_u0/SRAM_i0/DB[6]
          Clock: (F) CLK1

                     Capture       Launch     
        Clock Edge:+    4000            0     
       Src Latency:+       0            0     
       Net Latency:+    2000 (I)     2000 (I) 
           Arrival:=    6000         2000     
                                              
             Setup:-     223                  
       Uncertainty:-     500                  
     Required Time:=    5277                  
      Launch Clock:-    2000                  
         Data Path:-    2712                  
             Slack:=     565                  

#---------------------------------------------------------------------------------------------------------------------------------------------------------
#                              Timing Point                               Flags     Arc    Edge      Cell        Fanout Load Trans Delay Arrival Instance 
#                                                                                                                       (fF)  (ps)  (ps)   (ps)  Location 
#---------------------------------------------------------------------------------------------------------------------------------------------------------
  d_DoDCT_reg/clk                                                         -       -        R     (arrival)         3520    -     0     -    2000    (-,-) 
  d_DoDCT_reg/q                                                           (u)     clk->q   R     unmapped_d_flop    102 45.1     0   506    2506    (-,-) 
  g10/z                                                                   (u)     in_0->z  F     unmapped_not       101 41.8     0   161    2668    (-,-) 
  u_IDCT/IDRU8/g177/z                                                     (u)     in_0->z  R     unmapped_not        76 36.9     0   151    2818    (-,-) 
  u_IDCT/IDRU8/mux_29_41/g2/z                                             (u)     sel0->z  F     unmapped_bmux3       2  7.6     0   137    2956    (-,-) 
  u_IDCT/IDRU8/g179/z                                                     (u)     in_0->z  R     unmapped_not         2  8.2     0    54    3009    (-,-) 
  u_IDCT/IDRU8/g168/z                                                     (u)     in_1->z  F     unmapped_nand2       1  3.8     0    60    3069    (-,-) 
  u_IDCT/IDRU8/g169/z                                                     (u)     in_0->z  R     unmapped_not        18 73.8     0   130    3199    (-,-) 
  u_IDCT/IDRU8/mux_71_50/g17/z                                            (u)     sel0->z  R     unmapped_bmux3       1  4.1     0   122    3321    (-,-) 
  u_IDCT/IDRU8/mux_70_50/g17/z                                            (u)     data0->z R     unmapped_bmux3       1  4.1     0   122    3443    (-,-) 
  u_IDCT/IDRU8/mux_69_50/g17/z                                            (u)     data0->z R     unmapped_bmux3       4 16.4     0   166    3608    (-,-) 
  u_IDCT/IDRU8/add_86_45/g6/z                                             (u)     in_0->z  F     unmapped_nor2        1  3.8     0    60    3668    (-,-) 
  u_IDCT/IDRU8/add_86_45/g40/z                                            (u)     in_0->z  R     unmapped_not         2  8.2     0    54    3722    (-,-) 
  u_IDCT/IDRU8/add_86_45/g41/z                                            (u)     in_1->z  F     unmapped_nand2       1  3.8     0    60    3782    (-,-) 
  u_IDCT/IDRU8/add_86_45/g42/z                                            (u)     in_1->z  R     unmapped_nand2       3 12.3     0    90    3872    (-,-) 
  u_IDCT/IDRU8/add_86_45/g78/z                                            (u)     in_1->z  F     unmapped_nand2       1  3.8     0    60    3932    (-,-) 
  u_IDCT/IDRU8/add_86_45/g79/z                                            (u)     in_1->z  R     unmapped_nand2       5 20.5     0   111    4043    (-,-) 
  u_IDCT/IDRU8/add_86_45/g119/z                                           (u)     in_0->z  F     unmapped_nand2       1  3.8     0    60    4103    (-,-) 
  u_IDCT/IDRU8/add_86_45/g120/z                                           (u)     in_1->z  R     unmapped_nand2       9 36.9     0   122    4226    (-,-) 
  u_IDCT/IDRU8/add_86_45/g180/z                                           (u)     in_0->z  F     unmapped_xnor2       1  3.8     0   122    4348    (-,-) 
  u_IDCT/IDRU8/mux_89_39/g10/z                                            (u)     data0->z F     unmapped_bmux3       2  7.6     0   137    4485    (-,-) 
  u_IDCT/IDRU8/mux_112_29/g10/z                                           (u)     data1->z F     unmapped_bmux3       1  3.8     0   122    4606    (-,-) 
  u_IDCT/tposemem/Bisted_RF_2P_ADV64x16/RF_2P_ADV64x16_u0/mux_46_19/g10/z (u)     data0->z F     unmapped_bmux3       1  2.6     0   106    4712    (-,-) 
  u_IDCT/tposemem/Bisted_RF_2P_ADV64x16/RF_2P_ADV64x16_u0/SRAM_i0/DB[6]   (P)     -        F     rf_2p_hse            1    -     -     0    4712    (-,-) 
#---------------------------------------------------------------------------------------------------------------------------------------------------------

(P) : Instance is preserved
(u) : Net has unmapped pin(s).



Path 33: MET (606 ps) Setup Check with Pin u_DCT/tposemem/Bisted_RF_2P_ADV64x16/RF_2P_ADV64x16_u0/SRAM_i0/CLKB->DB[7]
           Mode: func_mode
          Group: C2C_func_mode
     Startpoint: (R) d_DoDCT_reg/clk
          Clock: (R) CLK1
       Endpoint: (F) u_DCT/tposemem/Bisted_RF_2P_ADV64x16/RF_2P_ADV64x16_u0/SRAM_i0/DB[7]
          Clock: (F) CLK1

                     Capture       Launch     
        Clock Edge:+    4000            0     
       Src Latency:+       0            0     
       Net Latency:+    2000 (I)     2000 (I) 
           Arrival:=    6000         2000     
                                              
             Setup:-     223                  
       Uncertainty:-     500                  
     Required Time:=    5277                  
      Launch Clock:-    2000                  
         Data Path:-    2671                  
             Slack:=     606                  

#-------------------------------------------------------------------------------------------------------------------------------------------------------
#                             Timing Point                              Flags     Arc    Edge      Cell        Fanout Load Trans Delay Arrival Instance 
#                                                                                                                     (fF)  (ps)  (ps)   (ps)  Location 
#-------------------------------------------------------------------------------------------------------------------------------------------------------
  d_DoDCT_reg/clk                                                       -       -        R     (arrival)         3520    -     0     -    2000    (-,-) 
  d_DoDCT_reg/q                                                         (u)     clk->q   F     unmapped_d_flop    102 41.8     0   506    2506    (-,-) 
  u_DCT/IDRU8/g177/z                                                    (u)     in_0->z  R     unmapped_not        76 36.9     0   151    2657    (-,-) 
  u_DCT/IDRU8/mux_29_41/g2/z                                            (u)     sel0->z  F     unmapped_bmux3       2  7.6     0   137    2794    (-,-) 
  u_DCT/IDRU8/g179/z                                                    (u)     in_0->z  R     unmapped_not         2  8.2     0    54    2848    (-,-) 
  u_DCT/IDRU8/g168/z                                                    (u)     in_1->z  F     unmapped_nand2       1  3.8     0    60    2908    (-,-) 
  u_DCT/IDRU8/g169/z                                                    (u)     in_0->z  R     unmapped_not        18 73.8     0   130    3038    (-,-) 
  u_DCT/IDRU8/mux_71_50/g17/z                                           (u)     sel0->z  R     unmapped_bmux3       1  4.1     0   122    3160    (-,-) 
  u_DCT/IDRU8/mux_70_50/g17/z                                           (u)     data0->z R     unmapped_bmux3       1  4.1     0   122    3281    (-,-) 
  u_DCT/IDRU8/mux_69_50/g17/z                                           (u)     data0->z R     unmapped_bmux3       4 16.4     0   166    3447    (-,-) 
  u_DCT/IDRU8/add_86_45/g6/z                                            (u)     in_0->z  F     unmapped_nor2        1  3.8     0    60    3507    (-,-) 
  u_DCT/IDRU8/add_86_45/g40/z                                           (u)     in_0->z  R     unmapped_not         2  8.2     0    54    3560    (-,-) 
  u_DCT/IDRU8/add_86_45/g41/z                                           (u)     in_1->z  F     unmapped_nand2       1  3.8     0    60    3621    (-,-) 
  u_DCT/IDRU8/add_86_45/g42/z                                           (u)     in_1->z  R     unmapped_nand2       3 12.3     0    90    3711    (-,-) 
  u_DCT/IDRU8/add_86_45/g78/z                                           (u)     in_1->z  F     unmapped_nand2       1  3.8     0    60    3771    (-,-) 
  u_DCT/IDRU8/add_86_45/g79/z                                           (u)     in_1->z  R     unmapped_nand2       5 20.5     0   111    3882    (-,-) 
  u_DCT/IDRU8/add_86_45/g119/z                                          (u)     in_0->z  F     unmapped_nand2       1  3.8     0    60    3942    (-,-) 
  u_DCT/IDRU8/add_86_45/g120/z                                          (u)     in_1->z  R     unmapped_nand2       9 36.9     0   122    4064    (-,-) 
  u_DCT/IDRU8/add_86_45/g139/z                                          (u)     in_0->z  F     unmapped_nand2       1  3.8     0    60    4125    (-,-) 
  u_DCT/IDRU8/add_86_45/g140/z                                          (u)     in_1->z  R     unmapped_nand2       1  4.1     0    60    4185    (-,-) 
  u_DCT/IDRU8/add_86_45/g183/z                                          (u)     in_0->z  F     unmapped_xnor2       1  3.8     0   122    4307    (-,-) 
  u_DCT/IDRU8/mux_89_39/g9/z                                            (u)     data0->z F     unmapped_bmux3       2  7.6     0   137    4444    (-,-) 
  u_DCT/IDRU8/mux_112_29/g9/z                                           (u)     data1->z F     unmapped_bmux3       1  3.8     0   122    4566    (-,-) 
  u_DCT/tposemem/Bisted_RF_2P_ADV64x16/RF_2P_ADV64x16_u0/mux_46_19/g9/z (u)     data0->z F     unmapped_bmux3       1  2.6     0   106    4671    (-,-) 
  u_DCT/tposemem/Bisted_RF_2P_ADV64x16/RF_2P_ADV64x16_u0/SRAM_i0/DB[7]  (P)     -        F     rf_2p_hse            1    -     -     0    4671    (-,-) 
#-------------------------------------------------------------------------------------------------------------------------------------------------------

(P) : Instance is preserved
(u) : Net has unmapped pin(s).



Path 34: MET (606 ps) Setup Check with Pin u_DCT/tposemem/Bisted_RF_2P_ADV64x16/RF_2P_ADV64x16_u0/SRAM_i0/CLKB->DB[8]
           Mode: func_mode
          Group: C2C_func_mode
     Startpoint: (R) d_DoDCT_reg/clk
          Clock: (R) CLK1
       Endpoint: (F) u_DCT/tposemem/Bisted_RF_2P_ADV64x16/RF_2P_ADV64x16_u0/SRAM_i0/DB[8]
          Clock: (F) CLK1

                     Capture       Launch     
        Clock Edge:+    4000            0     
       Src Latency:+       0            0     
       Net Latency:+    2000 (I)     2000 (I) 
           Arrival:=    6000         2000     
                                              
             Setup:-     223                  
       Uncertainty:-     500                  
     Required Time:=    5277                  
      Launch Clock:-    2000                  
         Data Path:-    2671                  
             Slack:=     606                  

#-------------------------------------------------------------------------------------------------------------------------------------------------------
#                             Timing Point                              Flags     Arc    Edge      Cell        Fanout Load Trans Delay Arrival Instance 
#                                                                                                                     (fF)  (ps)  (ps)   (ps)  Location 
#-------------------------------------------------------------------------------------------------------------------------------------------------------
  d_DoDCT_reg/clk                                                       -       -        R     (arrival)         3520    -     0     -    2000    (-,-) 
  d_DoDCT_reg/q                                                         (u)     clk->q   F     unmapped_d_flop    102 41.8     0   506    2506    (-,-) 
  u_DCT/IDRU8/g177/z                                                    (u)     in_0->z  R     unmapped_not        76 36.9     0   151    2657    (-,-) 
  u_DCT/IDRU8/mux_29_41/g2/z                                            (u)     sel0->z  F     unmapped_bmux3       2  7.6     0   137    2794    (-,-) 
  u_DCT/IDRU8/g179/z                                                    (u)     in_0->z  R     unmapped_not         2  8.2     0    54    2848    (-,-) 
  u_DCT/IDRU8/g168/z                                                    (u)     in_1->z  F     unmapped_nand2       1  3.8     0    60    2908    (-,-) 
  u_DCT/IDRU8/g169/z                                                    (u)     in_0->z  R     unmapped_not        18 73.8     0   130    3038    (-,-) 
  u_DCT/IDRU8/mux_71_50/g17/z                                           (u)     sel0->z  R     unmapped_bmux3       1  4.1     0   122    3160    (-,-) 
  u_DCT/IDRU8/mux_70_50/g17/z                                           (u)     data0->z R     unmapped_bmux3       1  4.1     0   122    3281    (-,-) 
  u_DCT/IDRU8/mux_69_50/g17/z                                           (u)     data0->z R     unmapped_bmux3       4 16.4     0   166    3447    (-,-) 
  u_DCT/IDRU8/add_86_45/g6/z                                            (u)     in_0->z  F     unmapped_nor2        1  3.8     0    60    3507    (-,-) 
  u_DCT/IDRU8/add_86_45/g40/z                                           (u)     in_0->z  R     unmapped_not         2  8.2     0    54    3560    (-,-) 
  u_DCT/IDRU8/add_86_45/g41/z                                           (u)     in_1->z  F     unmapped_nand2       1  3.8     0    60    3621    (-,-) 
  u_DCT/IDRU8/add_86_45/g42/z                                           (u)     in_1->z  R     unmapped_nand2       3 12.3     0    90    3711    (-,-) 
  u_DCT/IDRU8/add_86_45/g78/z                                           (u)     in_1->z  F     unmapped_nand2       1  3.8     0    60    3771    (-,-) 
  u_DCT/IDRU8/add_86_45/g79/z                                           (u)     in_1->z  R     unmapped_nand2       5 20.5     0   111    3882    (-,-) 
  u_DCT/IDRU8/add_86_45/g119/z                                          (u)     in_0->z  F     unmapped_nand2       1  3.8     0    60    3942    (-,-) 
  u_DCT/IDRU8/add_86_45/g120/z                                          (u)     in_1->z  R     unmapped_nand2       9 36.9     0   122    4064    (-,-) 
  u_DCT/IDRU8/add_86_45/g141/z                                          (u)     in_1->z  F     unmapped_nand2       1  3.8     0    60    4125    (-,-) 
  u_DCT/IDRU8/add_86_45/g142/z                                          (u)     in_1->z  R     unmapped_nand2       1  4.1     0    60    4185    (-,-) 
  u_DCT/IDRU8/add_86_45/g185/z                                          (u)     in_0->z  F     unmapped_xnor2       1  3.8     0   122    4307    (-,-) 
  u_DCT/IDRU8/mux_89_39/g8/z                                            (u)     data0->z F     unmapped_bmux3       2  7.6     0   137    4444    (-,-) 
  u_DCT/IDRU8/mux_112_29/g8/z                                           (u)     data1->z F     unmapped_bmux3       1  3.8     0   122    4566    (-,-) 
  u_DCT/tposemem/Bisted_RF_2P_ADV64x16/RF_2P_ADV64x16_u0/mux_46_19/g8/z (u)     data0->z F     unmapped_bmux3       1  2.6     0   106    4671    (-,-) 
  u_DCT/tposemem/Bisted_RF_2P_ADV64x16/RF_2P_ADV64x16_u0/SRAM_i0/DB[8]  (P)     -        F     rf_2p_hse            1    -     -     0    4671    (-,-) 
#-------------------------------------------------------------------------------------------------------------------------------------------------------

(P) : Instance is preserved
(u) : Net has unmapped pin(s).



Path 35: MET (606 ps) Setup Check with Pin u_DCT/tposemem/Bisted_RF_2P_ADV64x16/RF_2P_ADV64x16_u0/SRAM_i0/CLKB->DB[9]
           Mode: func_mode
          Group: C2C_func_mode
     Startpoint: (R) d_DoDCT_reg/clk
          Clock: (R) CLK1
       Endpoint: (F) u_DCT/tposemem/Bisted_RF_2P_ADV64x16/RF_2P_ADV64x16_u0/SRAM_i0/DB[9]
          Clock: (F) CLK1

                     Capture       Launch     
        Clock Edge:+    4000            0     
       Src Latency:+       0            0     
       Net Latency:+    2000 (I)     2000 (I) 
           Arrival:=    6000         2000     
                                              
             Setup:-     223                  
       Uncertainty:-     500                  
     Required Time:=    5277                  
      Launch Clock:-    2000                  
         Data Path:-    2671                  
             Slack:=     606                  

#-------------------------------------------------------------------------------------------------------------------------------------------------------
#                             Timing Point                              Flags     Arc    Edge      Cell        Fanout Load Trans Delay Arrival Instance 
#                                                                                                                     (fF)  (ps)  (ps)   (ps)  Location 
#-------------------------------------------------------------------------------------------------------------------------------------------------------
  d_DoDCT_reg/clk                                                       -       -        R     (arrival)         3520    -     0     -    2000    (-,-) 
  d_DoDCT_reg/q                                                         (u)     clk->q   F     unmapped_d_flop    102 41.8     0   506    2506    (-,-) 
  u_DCT/IDRU8/g177/z                                                    (u)     in_0->z  R     unmapped_not        76 36.9     0   151    2657    (-,-) 
  u_DCT/IDRU8/mux_29_41/g2/z                                            (u)     sel0->z  F     unmapped_bmux3       2  7.6     0   137    2794    (-,-) 
  u_DCT/IDRU8/g179/z                                                    (u)     in_0->z  R     unmapped_not         2  8.2     0    54    2848    (-,-) 
  u_DCT/IDRU8/g168/z                                                    (u)     in_1->z  F     unmapped_nand2       1  3.8     0    60    2908    (-,-) 
  u_DCT/IDRU8/g169/z                                                    (u)     in_0->z  R     unmapped_not        18 73.8     0   130    3038    (-,-) 
  u_DCT/IDRU8/mux_71_50/g17/z                                           (u)     sel0->z  R     unmapped_bmux3       1  4.1     0   122    3160    (-,-) 
  u_DCT/IDRU8/mux_70_50/g17/z                                           (u)     data0->z R     unmapped_bmux3       1  4.1     0   122    3281    (-,-) 
  u_DCT/IDRU8/mux_69_50/g17/z                                           (u)     data0->z R     unmapped_bmux3       4 16.4     0   166    3447    (-,-) 
  u_DCT/IDRU8/add_86_45/g6/z                                            (u)     in_0->z  F     unmapped_nor2        1  3.8     0    60    3507    (-,-) 
  u_DCT/IDRU8/add_86_45/g40/z                                           (u)     in_0->z  R     unmapped_not         2  8.2     0    54    3560    (-,-) 
  u_DCT/IDRU8/add_86_45/g41/z                                           (u)     in_1->z  F     unmapped_nand2       1  3.8     0    60    3621    (-,-) 
  u_DCT/IDRU8/add_86_45/g42/z                                           (u)     in_1->z  R     unmapped_nand2       3 12.3     0    90    3711    (-,-) 
  u_DCT/IDRU8/add_86_45/g78/z                                           (u)     in_1->z  F     unmapped_nand2       1  3.8     0    60    3771    (-,-) 
  u_DCT/IDRU8/add_86_45/g79/z                                           (u)     in_1->z  R     unmapped_nand2       5 20.5     0   111    3882    (-,-) 
  u_DCT/IDRU8/add_86_45/g119/z                                          (u)     in_0->z  F     unmapped_nand2       1  3.8     0    60    3942    (-,-) 
  u_DCT/IDRU8/add_86_45/g120/z                                          (u)     in_1->z  R     unmapped_nand2       9 36.9     0   122    4064    (-,-) 
  u_DCT/IDRU8/add_86_45/g144/z                                          (u)     in_0->z  F     unmapped_nand2       1  3.8     0    60    4125    (-,-) 
  u_DCT/IDRU8/add_86_45/g145/z                                          (u)     in_1->z  R     unmapped_nand2       1  4.1     0    60    4185    (-,-) 
  u_DCT/IDRU8/add_86_45/g188/z                                          (u)     in_0->z  F     unmapped_xnor2       1  3.8     0   122    4307    (-,-) 
  u_DCT/IDRU8/mux_89_39/g7/z                                            (u)     data0->z F     unmapped_bmux3       2  7.6     0   137    4444    (-,-) 
  u_DCT/IDRU8/mux_112_29/g7/z                                           (u)     data1->z F     unmapped_bmux3       1  3.8     0   122    4566    (-,-) 
  u_DCT/tposemem/Bisted_RF_2P_ADV64x16/RF_2P_ADV64x16_u0/mux_46_19/g7/z (u)     data0->z F     unmapped_bmux3       1  2.6     0   106    4671    (-,-) 
  u_DCT/tposemem/Bisted_RF_2P_ADV64x16/RF_2P_ADV64x16_u0/SRAM_i0/DB[9]  (P)     -        F     rf_2p_hse            1    -     -     0    4671    (-,-) 
#-------------------------------------------------------------------------------------------------------------------------------------------------------

(P) : Instance is preserved
(u) : Net has unmapped pin(s).



Path 36: MET (606 ps) Setup Check with Pin u_DCT/tposemem/Bisted_RF_2P_ADV64x16/RF_2P_ADV64x16_u0/SRAM_i0/CLKB->DB[10]
           Mode: func_mode
          Group: C2C_func_mode
     Startpoint: (R) d_DoDCT_reg/clk
          Clock: (R) CLK1
       Endpoint: (F) u_DCT/tposemem/Bisted_RF_2P_ADV64x16/RF_2P_ADV64x16_u0/SRAM_i0/DB[10]
          Clock: (F) CLK1

                     Capture       Launch     
        Clock Edge:+    4000            0     
       Src Latency:+       0            0     
       Net Latency:+    2000 (I)     2000 (I) 
           Arrival:=    6000         2000     
                                              
             Setup:-     223                  
       Uncertainty:-     500                  
     Required Time:=    5277                  
      Launch Clock:-    2000                  
         Data Path:-    2671                  
             Slack:=     606                  

#-------------------------------------------------------------------------------------------------------------------------------------------------------
#                             Timing Point                              Flags     Arc    Edge      Cell        Fanout Load Trans Delay Arrival Instance 
#                                                                                                                     (fF)  (ps)  (ps)   (ps)  Location 
#-------------------------------------------------------------------------------------------------------------------------------------------------------
  d_DoDCT_reg/clk                                                       -       -        R     (arrival)         3520    -     0     -    2000    (-,-) 
  d_DoDCT_reg/q                                                         (u)     clk->q   F     unmapped_d_flop    102 41.8     0   506    2506    (-,-) 
  u_DCT/IDRU8/g177/z                                                    (u)     in_0->z  R     unmapped_not        76 36.9     0   151    2657    (-,-) 
  u_DCT/IDRU8/mux_29_41/g2/z                                            (u)     sel0->z  F     unmapped_bmux3       2  7.6     0   137    2794    (-,-) 
  u_DCT/IDRU8/g179/z                                                    (u)     in_0->z  R     unmapped_not         2  8.2     0    54    2848    (-,-) 
  u_DCT/IDRU8/g168/z                                                    (u)     in_1->z  F     unmapped_nand2       1  3.8     0    60    2908    (-,-) 
  u_DCT/IDRU8/g169/z                                                    (u)     in_0->z  R     unmapped_not        18 73.8     0   130    3038    (-,-) 
  u_DCT/IDRU8/mux_71_50/g17/z                                           (u)     sel0->z  R     unmapped_bmux3       1  4.1     0   122    3160    (-,-) 
  u_DCT/IDRU8/mux_70_50/g17/z                                           (u)     data0->z R     unmapped_bmux3       1  4.1     0   122    3281    (-,-) 
  u_DCT/IDRU8/mux_69_50/g17/z                                           (u)     data0->z R     unmapped_bmux3       4 16.4     0   166    3447    (-,-) 
  u_DCT/IDRU8/add_86_45/g6/z                                            (u)     in_0->z  F     unmapped_nor2        1  3.8     0    60    3507    (-,-) 
  u_DCT/IDRU8/add_86_45/g40/z                                           (u)     in_0->z  R     unmapped_not         2  8.2     0    54    3560    (-,-) 
  u_DCT/IDRU8/add_86_45/g41/z                                           (u)     in_1->z  F     unmapped_nand2       1  3.8     0    60    3621    (-,-) 
  u_DCT/IDRU8/add_86_45/g42/z                                           (u)     in_1->z  R     unmapped_nand2       3 12.3     0    90    3711    (-,-) 
  u_DCT/IDRU8/add_86_45/g78/z                                           (u)     in_1->z  F     unmapped_nand2       1  3.8     0    60    3771    (-,-) 
  u_DCT/IDRU8/add_86_45/g79/z                                           (u)     in_1->z  R     unmapped_nand2       5 20.5     0   111    3882    (-,-) 
  u_DCT/IDRU8/add_86_45/g119/z                                          (u)     in_0->z  F     unmapped_nand2       1  3.8     0    60    3942    (-,-) 
  u_DCT/IDRU8/add_86_45/g120/z                                          (u)     in_1->z  R     unmapped_nand2       9 36.9     0   122    4064    (-,-) 
  u_DCT/IDRU8/add_86_45/g147/z                                          (u)     in_0->z  F     unmapped_nand2       1  3.8     0    60    4125    (-,-) 
  u_DCT/IDRU8/add_86_45/g148/z                                          (u)     in_1->z  R     unmapped_nand2       1  4.1     0    60    4185    (-,-) 
  u_DCT/IDRU8/add_86_45/g191/z                                          (u)     in_0->z  F     unmapped_xnor2       1  3.8     0   122    4307    (-,-) 
  u_DCT/IDRU8/mux_89_39/g6/z                                            (u)     data0->z F     unmapped_bmux3       2  7.6     0   137    4444    (-,-) 
  u_DCT/IDRU8/mux_112_29/g6/z                                           (u)     data1->z F     unmapped_bmux3       1  3.8     0   122    4566    (-,-) 
  u_DCT/tposemem/Bisted_RF_2P_ADV64x16/RF_2P_ADV64x16_u0/mux_46_19/g6/z (u)     data0->z F     unmapped_bmux3       1  2.6     0   106    4671    (-,-) 
  u_DCT/tposemem/Bisted_RF_2P_ADV64x16/RF_2P_ADV64x16_u0/SRAM_i0/DB[10] (P)     -        F     rf_2p_hse            1    -     -     0    4671    (-,-) 
#-------------------------------------------------------------------------------------------------------------------------------------------------------

(P) : Instance is preserved
(u) : Net has unmapped pin(s).



Path 37: MET (606 ps) Setup Check with Pin u_DCT/tposemem/Bisted_RF_2P_ADV64x16/RF_2P_ADV64x16_u0/SRAM_i0/CLKB->DB[11]
           Mode: func_mode
          Group: C2C_func_mode
     Startpoint: (R) d_DoDCT_reg/clk
          Clock: (R) CLK1
       Endpoint: (F) u_DCT/tposemem/Bisted_RF_2P_ADV64x16/RF_2P_ADV64x16_u0/SRAM_i0/DB[11]
          Clock: (F) CLK1

                     Capture       Launch     
        Clock Edge:+    4000            0     
       Src Latency:+       0            0     
       Net Latency:+    2000 (I)     2000 (I) 
           Arrival:=    6000         2000     
                                              
             Setup:-     223                  
       Uncertainty:-     500                  
     Required Time:=    5277                  
      Launch Clock:-    2000                  
         Data Path:-    2671                  
             Slack:=     606                  

#-------------------------------------------------------------------------------------------------------------------------------------------------------
#                             Timing Point                              Flags     Arc    Edge      Cell        Fanout Load Trans Delay Arrival Instance 
#                                                                                                                     (fF)  (ps)  (ps)   (ps)  Location 
#-------------------------------------------------------------------------------------------------------------------------------------------------------
  d_DoDCT_reg/clk                                                       -       -        R     (arrival)         3520    -     0     -    2000    (-,-) 
  d_DoDCT_reg/q                                                         (u)     clk->q   F     unmapped_d_flop    102 41.8     0   506    2506    (-,-) 
  u_DCT/IDRU8/g177/z                                                    (u)     in_0->z  R     unmapped_not        76 36.9     0   151    2657    (-,-) 
  u_DCT/IDRU8/mux_29_41/g2/z                                            (u)     sel0->z  F     unmapped_bmux3       2  7.6     0   137    2794    (-,-) 
  u_DCT/IDRU8/g179/z                                                    (u)     in_0->z  R     unmapped_not         2  8.2     0    54    2848    (-,-) 
  u_DCT/IDRU8/g168/z                                                    (u)     in_1->z  F     unmapped_nand2       1  3.8     0    60    2908    (-,-) 
  u_DCT/IDRU8/g169/z                                                    (u)     in_0->z  R     unmapped_not        18 73.8     0   130    3038    (-,-) 
  u_DCT/IDRU8/mux_71_50/g17/z                                           (u)     sel0->z  R     unmapped_bmux3       1  4.1     0   122    3160    (-,-) 
  u_DCT/IDRU8/mux_70_50/g17/z                                           (u)     data0->z R     unmapped_bmux3       1  4.1     0   122    3281    (-,-) 
  u_DCT/IDRU8/mux_69_50/g17/z                                           (u)     data0->z R     unmapped_bmux3       4 16.4     0   166    3447    (-,-) 
  u_DCT/IDRU8/add_86_45/g6/z                                            (u)     in_0->z  F     unmapped_nor2        1  3.8     0    60    3507    (-,-) 
  u_DCT/IDRU8/add_86_45/g40/z                                           (u)     in_0->z  R     unmapped_not         2  8.2     0    54    3560    (-,-) 
  u_DCT/IDRU8/add_86_45/g41/z                                           (u)     in_1->z  F     unmapped_nand2       1  3.8     0    60    3621    (-,-) 
  u_DCT/IDRU8/add_86_45/g42/z                                           (u)     in_1->z  R     unmapped_nand2       3 12.3     0    90    3711    (-,-) 
  u_DCT/IDRU8/add_86_45/g78/z                                           (u)     in_1->z  F     unmapped_nand2       1  3.8     0    60    3771    (-,-) 
  u_DCT/IDRU8/add_86_45/g79/z                                           (u)     in_1->z  R     unmapped_nand2       5 20.5     0   111    3882    (-,-) 
  u_DCT/IDRU8/add_86_45/g119/z                                          (u)     in_0->z  F     unmapped_nand2       1  3.8     0    60    3942    (-,-) 
  u_DCT/IDRU8/add_86_45/g120/z                                          (u)     in_1->z  R     unmapped_nand2       9 36.9     0   122    4064    (-,-) 
  u_DCT/IDRU8/add_86_45/g149/z                                          (u)     in_1->z  F     unmapped_nand2       1  3.8     0    60    4125    (-,-) 
  u_DCT/IDRU8/add_86_45/g150/z                                          (u)     in_1->z  R     unmapped_nand2       1  4.1     0    60    4185    (-,-) 
  u_DCT/IDRU8/add_86_45/g194/z                                          (u)     in_0->z  F     unmapped_xnor2       1  3.8     0   122    4307    (-,-) 
  u_DCT/IDRU8/mux_89_39/g5/z                                            (u)     data0->z F     unmapped_bmux3       2  7.6     0   137    4444    (-,-) 
  u_DCT/IDRU8/mux_112_29/g5/z                                           (u)     data1->z F     unmapped_bmux3       1  3.8     0   122    4566    (-,-) 
  u_DCT/tposemem/Bisted_RF_2P_ADV64x16/RF_2P_ADV64x16_u0/mux_46_19/g5/z (u)     data0->z F     unmapped_bmux3       1  2.6     0   106    4671    (-,-) 
  u_DCT/tposemem/Bisted_RF_2P_ADV64x16/RF_2P_ADV64x16_u0/SRAM_i0/DB[11] (P)     -        F     rf_2p_hse            1    -     -     0    4671    (-,-) 
#-------------------------------------------------------------------------------------------------------------------------------------------------------

(P) : Instance is preserved
(u) : Net has unmapped pin(s).



Path 38: MET (606 ps) Setup Check with Pin u_DCT/tposemem/Bisted_RF_2P_ADV64x16/RF_2P_ADV64x16_u0/SRAM_i0/CLKB->DB[12]
           Mode: func_mode
          Group: C2C_func_mode
     Startpoint: (R) d_DoDCT_reg/clk
          Clock: (R) CLK1
       Endpoint: (F) u_DCT/tposemem/Bisted_RF_2P_ADV64x16/RF_2P_ADV64x16_u0/SRAM_i0/DB[12]
          Clock: (F) CLK1

                     Capture       Launch     
        Clock Edge:+    4000            0     
       Src Latency:+       0            0     
       Net Latency:+    2000 (I)     2000 (I) 
           Arrival:=    6000         2000     
                                              
             Setup:-     223                  
       Uncertainty:-     500                  
     Required Time:=    5277                  
      Launch Clock:-    2000                  
         Data Path:-    2671                  
             Slack:=     606                  

#-------------------------------------------------------------------------------------------------------------------------------------------------------
#                             Timing Point                              Flags     Arc    Edge      Cell        Fanout Load Trans Delay Arrival Instance 
#                                                                                                                     (fF)  (ps)  (ps)   (ps)  Location 
#-------------------------------------------------------------------------------------------------------------------------------------------------------
  d_DoDCT_reg/clk                                                       -       -        R     (arrival)         3520    -     0     -    2000    (-,-) 
  d_DoDCT_reg/q                                                         (u)     clk->q   F     unmapped_d_flop    102 41.8     0   506    2506    (-,-) 
  u_DCT/IDRU8/g177/z                                                    (u)     in_0->z  R     unmapped_not        76 36.9     0   151    2657    (-,-) 
  u_DCT/IDRU8/mux_29_41/g2/z                                            (u)     sel0->z  F     unmapped_bmux3       2  7.6     0   137    2794    (-,-) 
  u_DCT/IDRU8/g179/z                                                    (u)     in_0->z  R     unmapped_not         2  8.2     0    54    2848    (-,-) 
  u_DCT/IDRU8/g168/z                                                    (u)     in_1->z  F     unmapped_nand2       1  3.8     0    60    2908    (-,-) 
  u_DCT/IDRU8/g169/z                                                    (u)     in_0->z  R     unmapped_not        18 73.8     0   130    3038    (-,-) 
  u_DCT/IDRU8/mux_71_50/g17/z                                           (u)     sel0->z  R     unmapped_bmux3       1  4.1     0   122    3160    (-,-) 
  u_DCT/IDRU8/mux_70_50/g17/z                                           (u)     data0->z R     unmapped_bmux3       1  4.1     0   122    3281    (-,-) 
  u_DCT/IDRU8/mux_69_50/g17/z                                           (u)     data0->z R     unmapped_bmux3       4 16.4     0   166    3447    (-,-) 
  u_DCT/IDRU8/add_86_45/g6/z                                            (u)     in_0->z  F     unmapped_nor2        1  3.8     0    60    3507    (-,-) 
  u_DCT/IDRU8/add_86_45/g40/z                                           (u)     in_0->z  R     unmapped_not         2  8.2     0    54    3560    (-,-) 
  u_DCT/IDRU8/add_86_45/g41/z                                           (u)     in_1->z  F     unmapped_nand2       1  3.8     0    60    3621    (-,-) 
  u_DCT/IDRU8/add_86_45/g42/z                                           (u)     in_1->z  R     unmapped_nand2       3 12.3     0    90    3711    (-,-) 
  u_DCT/IDRU8/add_86_45/g78/z                                           (u)     in_1->z  F     unmapped_nand2       1  3.8     0    60    3771    (-,-) 
  u_DCT/IDRU8/add_86_45/g79/z                                           (u)     in_1->z  R     unmapped_nand2       5 20.5     0   111    3882    (-,-) 
  u_DCT/IDRU8/add_86_45/g119/z                                          (u)     in_0->z  F     unmapped_nand2       1  3.8     0    60    3942    (-,-) 
  u_DCT/IDRU8/add_86_45/g120/z                                          (u)     in_1->z  R     unmapped_nand2       9 36.9     0   122    4064    (-,-) 
  u_DCT/IDRU8/add_86_45/g151/z                                          (u)     in_1->z  F     unmapped_nand2       1  3.8     0    60    4125    (-,-) 
  u_DCT/IDRU8/add_86_45/g152/z                                          (u)     in_1->z  R     unmapped_nand2       1  4.1     0    60    4185    (-,-) 
  u_DCT/IDRU8/add_86_45/g196/z                                          (u)     in_0->z  F     unmapped_xnor2       1  3.8     0   122    4307    (-,-) 
  u_DCT/IDRU8/mux_89_39/g4/z                                            (u)     data0->z F     unmapped_bmux3       2  7.6     0   137    4444    (-,-) 
  u_DCT/IDRU8/mux_112_29/g4/z                                           (u)     data1->z F     unmapped_bmux3       1  3.8     0   122    4566    (-,-) 
  u_DCT/tposemem/Bisted_RF_2P_ADV64x16/RF_2P_ADV64x16_u0/mux_46_19/g4/z (u)     data0->z F     unmapped_bmux3       1  2.6     0   106    4671    (-,-) 
  u_DCT/tposemem/Bisted_RF_2P_ADV64x16/RF_2P_ADV64x16_u0/SRAM_i0/DB[12] (P)     -        F     rf_2p_hse            1    -     -     0    4671    (-,-) 
#-------------------------------------------------------------------------------------------------------------------------------------------------------

(P) : Instance is preserved
(u) : Net has unmapped pin(s).



Path 39: MET (606 ps) Setup Check with Pin u_DCT/tposemem/Bisted_RF_2P_ADV64x16/RF_2P_ADV64x16_u0/SRAM_i0/CLKB->DB[13]
           Mode: func_mode
          Group: C2C_func_mode
     Startpoint: (R) d_DoDCT_reg/clk
          Clock: (R) CLK1
       Endpoint: (F) u_DCT/tposemem/Bisted_RF_2P_ADV64x16/RF_2P_ADV64x16_u0/SRAM_i0/DB[13]
          Clock: (F) CLK1

                     Capture       Launch     
        Clock Edge:+    4000            0     
       Src Latency:+       0            0     
       Net Latency:+    2000 (I)     2000 (I) 
           Arrival:=    6000         2000     
                                              
             Setup:-     223                  
       Uncertainty:-     500                  
     Required Time:=    5277                  
      Launch Clock:-    2000                  
         Data Path:-    2671                  
             Slack:=     606                  

#-------------------------------------------------------------------------------------------------------------------------------------------------------
#                             Timing Point                              Flags     Arc    Edge      Cell        Fanout Load Trans Delay Arrival Instance 
#                                                                                                                     (fF)  (ps)  (ps)   (ps)  Location 
#-------------------------------------------------------------------------------------------------------------------------------------------------------
  d_DoDCT_reg/clk                                                       -       -        R     (arrival)         3520    -     0     -    2000    (-,-) 
  d_DoDCT_reg/q                                                         (u)     clk->q   F     unmapped_d_flop    102 41.8     0   506    2506    (-,-) 
  u_DCT/IDRU8/g177/z                                                    (u)     in_0->z  R     unmapped_not        76 36.9     0   151    2657    (-,-) 
  u_DCT/IDRU8/mux_29_41/g2/z                                            (u)     sel0->z  F     unmapped_bmux3       2  7.6     0   137    2794    (-,-) 
  u_DCT/IDRU8/g179/z                                                    (u)     in_0->z  R     unmapped_not         2  8.2     0    54    2848    (-,-) 
  u_DCT/IDRU8/g168/z                                                    (u)     in_1->z  F     unmapped_nand2       1  3.8     0    60    2908    (-,-) 
  u_DCT/IDRU8/g169/z                                                    (u)     in_0->z  R     unmapped_not        18 73.8     0   130    3038    (-,-) 
  u_DCT/IDRU8/mux_71_50/g17/z                                           (u)     sel0->z  R     unmapped_bmux3       1  4.1     0   122    3160    (-,-) 
  u_DCT/IDRU8/mux_70_50/g17/z                                           (u)     data0->z R     unmapped_bmux3       1  4.1     0   122    3281    (-,-) 
  u_DCT/IDRU8/mux_69_50/g17/z                                           (u)     data0->z R     unmapped_bmux3       4 16.4     0   166    3447    (-,-) 
  u_DCT/IDRU8/add_86_45/g6/z                                            (u)     in_0->z  F     unmapped_nor2        1  3.8     0    60    3507    (-,-) 
  u_DCT/IDRU8/add_86_45/g40/z                                           (u)     in_0->z  R     unmapped_not         2  8.2     0    54    3560    (-,-) 
  u_DCT/IDRU8/add_86_45/g41/z                                           (u)     in_1->z  F     unmapped_nand2       1  3.8     0    60    3621    (-,-) 
  u_DCT/IDRU8/add_86_45/g42/z                                           (u)     in_1->z  R     unmapped_nand2       3 12.3     0    90    3711    (-,-) 
  u_DCT/IDRU8/add_86_45/g78/z                                           (u)     in_1->z  F     unmapped_nand2       1  3.8     0    60    3771    (-,-) 
  u_DCT/IDRU8/add_86_45/g79/z                                           (u)     in_1->z  R     unmapped_nand2       5 20.5     0   111    3882    (-,-) 
  u_DCT/IDRU8/add_86_45/g119/z                                          (u)     in_0->z  F     unmapped_nand2       1  3.8     0    60    3942    (-,-) 
  u_DCT/IDRU8/add_86_45/g120/z                                          (u)     in_1->z  R     unmapped_nand2       9 36.9     0   122    4064    (-,-) 
  u_DCT/IDRU8/add_86_45/g153/z                                          (u)     in_1->z  F     unmapped_nand2       1  3.8     0    60    4125    (-,-) 
  u_DCT/IDRU8/add_86_45/g154/z                                          (u)     in_1->z  R     unmapped_nand2       1  4.1     0    60    4185    (-,-) 
  u_DCT/IDRU8/add_86_45/g199/z                                          (u)     in_0->z  F     unmapped_xnor2       1  3.8     0   122    4307    (-,-) 
  u_DCT/IDRU8/mux_89_39/g3/z                                            (u)     data0->z F     unmapped_bmux3       2  7.6     0   137    4444    (-,-) 
  u_DCT/IDRU8/mux_112_29/g3/z                                           (u)     data1->z F     unmapped_bmux3       1  3.8     0   122    4566    (-,-) 
  u_DCT/tposemem/Bisted_RF_2P_ADV64x16/RF_2P_ADV64x16_u0/mux_46_19/g3/z (u)     data0->z F     unmapped_bmux3       1  2.6     0   106    4671    (-,-) 
  u_DCT/tposemem/Bisted_RF_2P_ADV64x16/RF_2P_ADV64x16_u0/SRAM_i0/DB[13] (P)     -        F     rf_2p_hse            1    -     -     0    4671    (-,-) 
#-------------------------------------------------------------------------------------------------------------------------------------------------------

(P) : Instance is preserved
(u) : Net has unmapped pin(s).



Path 40: MET (606 ps) Setup Check with Pin u_DCT/tposemem/Bisted_RF_2P_ADV64x16/RF_2P_ADV64x16_u0/SRAM_i0/CLKB->DB[14]
           Mode: func_mode
          Group: C2C_func_mode
     Startpoint: (R) d_DoDCT_reg/clk
          Clock: (R) CLK1
       Endpoint: (F) u_DCT/tposemem/Bisted_RF_2P_ADV64x16/RF_2P_ADV64x16_u0/SRAM_i0/DB[14]
          Clock: (F) CLK1

                     Capture       Launch     
        Clock Edge:+    4000            0     
       Src Latency:+       0            0     
       Net Latency:+    2000 (I)     2000 (I) 
           Arrival:=    6000         2000     
                                              
             Setup:-     223                  
       Uncertainty:-     500                  
     Required Time:=    5277                  
      Launch Clock:-    2000                  
         Data Path:-    2671                  
             Slack:=     606                  

#-------------------------------------------------------------------------------------------------------------------------------------------------------
#                             Timing Point                              Flags     Arc    Edge      Cell        Fanout Load Trans Delay Arrival Instance 
#                                                                                                                     (fF)  (ps)  (ps)   (ps)  Location 
#-------------------------------------------------------------------------------------------------------------------------------------------------------
  d_DoDCT_reg/clk                                                       -       -        R     (arrival)         3520    -     0     -    2000    (-,-) 
  d_DoDCT_reg/q                                                         (u)     clk->q   F     unmapped_d_flop    102 41.8     0   506    2506    (-,-) 
  u_DCT/IDRU8/g177/z                                                    (u)     in_0->z  R     unmapped_not        76 36.9     0   151    2657    (-,-) 
  u_DCT/IDRU8/mux_29_41/g2/z                                            (u)     sel0->z  F     unmapped_bmux3       2  7.6     0   137    2794    (-,-) 
  u_DCT/IDRU8/g179/z                                                    (u)     in_0->z  R     unmapped_not         2  8.2     0    54    2848    (-,-) 
  u_DCT/IDRU8/g168/z                                                    (u)     in_1->z  F     unmapped_nand2       1  3.8     0    60    2908    (-,-) 
  u_DCT/IDRU8/g169/z                                                    (u)     in_0->z  R     unmapped_not        18 73.8     0   130    3038    (-,-) 
  u_DCT/IDRU8/mux_71_50/g17/z                                           (u)     sel0->z  R     unmapped_bmux3       1  4.1     0   122    3160    (-,-) 
  u_DCT/IDRU8/mux_70_50/g17/z                                           (u)     data0->z R     unmapped_bmux3       1  4.1     0   122    3281    (-,-) 
  u_DCT/IDRU8/mux_69_50/g17/z                                           (u)     data0->z R     unmapped_bmux3       4 16.4     0   166    3447    (-,-) 
  u_DCT/IDRU8/add_86_45/g6/z                                            (u)     in_0->z  F     unmapped_nor2        1  3.8     0    60    3507    (-,-) 
  u_DCT/IDRU8/add_86_45/g40/z                                           (u)     in_0->z  R     unmapped_not         2  8.2     0    54    3560    (-,-) 
  u_DCT/IDRU8/add_86_45/g41/z                                           (u)     in_1->z  F     unmapped_nand2       1  3.8     0    60    3621    (-,-) 
  u_DCT/IDRU8/add_86_45/g42/z                                           (u)     in_1->z  R     unmapped_nand2       3 12.3     0    90    3711    (-,-) 
  u_DCT/IDRU8/add_86_45/g78/z                                           (u)     in_1->z  F     unmapped_nand2       1  3.8     0    60    3771    (-,-) 
  u_DCT/IDRU8/add_86_45/g79/z                                           (u)     in_1->z  R     unmapped_nand2       5 20.5     0   111    3882    (-,-) 
  u_DCT/IDRU8/add_86_45/g119/z                                          (u)     in_0->z  F     unmapped_nand2       1  3.8     0    60    3942    (-,-) 
  u_DCT/IDRU8/add_86_45/g120/z                                          (u)     in_1->z  R     unmapped_nand2       9 36.9     0   122    4064    (-,-) 
  u_DCT/IDRU8/add_86_45/g155/z                                          (u)     in_1->z  F     unmapped_nand2       1  3.8     0    60    4125    (-,-) 
  u_DCT/IDRU8/add_86_45/g156/z                                          (u)     in_1->z  R     unmapped_nand2       2  8.2     0    76    4200    (-,-) 
  u_DCT/IDRU8/add_86_45/g201/z                                          (u)     in_0->z  F     unmapped_xnor2       1  3.8     0   122    4322    (-,-) 
  u_DCT/IDRU8/mux_89_39/g2/z                                            (u)     data0->z F     unmapped_bmux3       1  3.8     0   122    4444    (-,-) 
  u_DCT/IDRU8/mux_112_29/g2/z                                           (u)     data1->z F     unmapped_bmux3       1  3.8     0   122    4566    (-,-) 
  u_DCT/tposemem/Bisted_RF_2P_ADV64x16/RF_2P_ADV64x16_u0/mux_46_19/g2/z (u)     data0->z F     unmapped_bmux3       1  2.6     0   106    4671    (-,-) 
  u_DCT/tposemem/Bisted_RF_2P_ADV64x16/RF_2P_ADV64x16_u0/SRAM_i0/DB[14] (P)     -        F     rf_2p_hse            1    -     -     0    4671    (-,-) 
#-------------------------------------------------------------------------------------------------------------------------------------------------------

(P) : Instance is preserved
(u) : Net has unmapped pin(s).



Path 41: MET (627 ps) Setup Check with Pin u_IDCT/tposemem/Bisted_RF_2P_ADV64x16/RF_2P_ADV64x16_u0/SRAM_i0/CLKB->DB[3]
           Mode: func_mode
          Group: C2C_func_mode
     Startpoint: (R) d_DoDCT_reg/clk
          Clock: (R) CLK1
       Endpoint: (F) u_IDCT/tposemem/Bisted_RF_2P_ADV64x16/RF_2P_ADV64x16_u0/SRAM_i0/DB[3]
          Clock: (F) CLK1

                     Capture       Launch     
        Clock Edge:+    4000            0     
       Src Latency:+       0            0     
       Net Latency:+    2000 (I)     2000 (I) 
           Arrival:=    6000         2000     
                                              
             Setup:-     223                  
       Uncertainty:-     500                  
     Required Time:=    5277                  
      Launch Clock:-    2000                  
         Data Path:-    2650                  
             Slack:=     627                  

#---------------------------------------------------------------------------------------------------------------------------------------------------------
#                              Timing Point                               Flags     Arc    Edge      Cell        Fanout Load Trans Delay Arrival Instance 
#                                                                                                                       (fF)  (ps)  (ps)   (ps)  Location 
#---------------------------------------------------------------------------------------------------------------------------------------------------------
  d_DoDCT_reg/clk                                                         -       -        R     (arrival)         3520    -     0     -    2000    (-,-) 
  d_DoDCT_reg/q                                                           (u)     clk->q   R     unmapped_d_flop    102 45.1     0   506    2506    (-,-) 
  g10/z                                                                   (u)     in_0->z  F     unmapped_not       101 41.8     0   161    2668    (-,-) 
  u_IDCT/IDRU8/g177/z                                                     (u)     in_0->z  R     unmapped_not        76 36.9     0   151    2818    (-,-) 
  u_IDCT/IDRU8/mux_29_41/g2/z                                             (u)     sel0->z  F     unmapped_bmux3       2  7.6     0   137    2956    (-,-) 
  u_IDCT/IDRU8/g179/z                                                     (u)     in_0->z  R     unmapped_not         2  8.2     0    54    3009    (-,-) 
  u_IDCT/IDRU8/g168/z                                                     (u)     in_1->z  F     unmapped_nand2       1  3.8     0    60    3069    (-,-) 
  u_IDCT/IDRU8/g169/z                                                     (u)     in_0->z  R     unmapped_not        18 73.8     0   130    3199    (-,-) 
  u_IDCT/IDRU8/mux_71_50/g17/z                                            (u)     sel0->z  R     unmapped_bmux3       1  4.1     0   122    3321    (-,-) 
  u_IDCT/IDRU8/mux_70_50/g17/z                                            (u)     data0->z R     unmapped_bmux3       1  4.1     0   122    3443    (-,-) 
  u_IDCT/IDRU8/mux_69_50/g17/z                                            (u)     data0->z R     unmapped_bmux3       4 16.4     0   166    3608    (-,-) 
  u_IDCT/IDRU8/add_86_45/g6/z                                             (u)     in_0->z  F     unmapped_nor2        1  3.8     0    60    3668    (-,-) 
  u_IDCT/IDRU8/add_86_45/g40/z                                            (u)     in_0->z  R     unmapped_not         2  8.2     0    54    3722    (-,-) 
  u_IDCT/IDRU8/add_86_45/g41/z                                            (u)     in_1->z  F     unmapped_nand2       1  3.8     0    60    3782    (-,-) 
  u_IDCT/IDRU8/add_86_45/g42/z                                            (u)     in_1->z  R     unmapped_nand2       3 12.3     0    90    3872    (-,-) 
  u_IDCT/IDRU8/add_86_45/g78/z                                            (u)     in_1->z  F     unmapped_nand2       1  3.8     0    60    3932    (-,-) 
  u_IDCT/IDRU8/add_86_45/g79/z                                            (u)     in_1->z  R     unmapped_nand2       5 20.5     0   111    4043    (-,-) 
  u_IDCT/IDRU8/add_86_45/g111/z                                           (u)     in_0->z  F     unmapped_nand2       1  3.8     0    60    4103    (-,-) 
  u_IDCT/IDRU8/add_86_45/g112/z                                           (u)     in_1->z  R     unmapped_nand2       1  4.1     0    60    4164    (-,-) 
  u_IDCT/IDRU8/add_86_45/g173/z                                           (u)     in_0->z  F     unmapped_xnor2       1  3.8     0   122    4285    (-,-) 
  u_IDCT/IDRU8/mux_89_39/g13/z                                            (u)     data0->z F     unmapped_bmux3       2  7.6     0   137    4422    (-,-) 
  u_IDCT/IDRU8/mux_112_29/g13/z                                           (u)     data1->z F     unmapped_bmux3       1  3.8     0   122    4544    (-,-) 
  u_IDCT/tposemem/Bisted_RF_2P_ADV64x16/RF_2P_ADV64x16_u0/mux_46_19/g13/z (u)     data0->z F     unmapped_bmux3       1  2.6     0   106    4650    (-,-) 
  u_IDCT/tposemem/Bisted_RF_2P_ADV64x16/RF_2P_ADV64x16_u0/SRAM_i0/DB[3]   (P)     -        F     rf_2p_hse            1    -     -     0    4650    (-,-) 
#---------------------------------------------------------------------------------------------------------------------------------------------------------

(P) : Instance is preserved
(u) : Net has unmapped pin(s).



Path 42: MET (627 ps) Setup Check with Pin u_IDCT/tposemem/Bisted_RF_2P_ADV64x16/RF_2P_ADV64x16_u0/SRAM_i0/CLKB->DB[4]
           Mode: func_mode
          Group: C2C_func_mode
     Startpoint: (R) d_DoDCT_reg/clk
          Clock: (R) CLK1
       Endpoint: (F) u_IDCT/tposemem/Bisted_RF_2P_ADV64x16/RF_2P_ADV64x16_u0/SRAM_i0/DB[4]
          Clock: (F) CLK1

                     Capture       Launch     
        Clock Edge:+    4000            0     
       Src Latency:+       0            0     
       Net Latency:+    2000 (I)     2000 (I) 
           Arrival:=    6000         2000     
                                              
             Setup:-     223                  
       Uncertainty:-     500                  
     Required Time:=    5277                  
      Launch Clock:-    2000                  
         Data Path:-    2650                  
             Slack:=     627                  

#---------------------------------------------------------------------------------------------------------------------------------------------------------
#                              Timing Point                               Flags     Arc    Edge      Cell        Fanout Load Trans Delay Arrival Instance 
#                                                                                                                       (fF)  (ps)  (ps)   (ps)  Location 
#---------------------------------------------------------------------------------------------------------------------------------------------------------
  d_DoDCT_reg/clk                                                         -       -        R     (arrival)         3520    -     0     -    2000    (-,-) 
  d_DoDCT_reg/q                                                           (u)     clk->q   R     unmapped_d_flop    102 45.1     0   506    2506    (-,-) 
  g10/z                                                                   (u)     in_0->z  F     unmapped_not       101 41.8     0   161    2668    (-,-) 
  u_IDCT/IDRU8/g177/z                                                     (u)     in_0->z  R     unmapped_not        76 36.9     0   151    2818    (-,-) 
  u_IDCT/IDRU8/mux_29_41/g2/z                                             (u)     sel0->z  F     unmapped_bmux3       2  7.6     0   137    2956    (-,-) 
  u_IDCT/IDRU8/g179/z                                                     (u)     in_0->z  R     unmapped_not         2  8.2     0    54    3009    (-,-) 
  u_IDCT/IDRU8/g168/z                                                     (u)     in_1->z  F     unmapped_nand2       1  3.8     0    60    3069    (-,-) 
  u_IDCT/IDRU8/g169/z                                                     (u)     in_0->z  R     unmapped_not        18 73.8     0   130    3199    (-,-) 
  u_IDCT/IDRU8/mux_71_50/g17/z                                            (u)     sel0->z  R     unmapped_bmux3       1  4.1     0   122    3321    (-,-) 
  u_IDCT/IDRU8/mux_70_50/g17/z                                            (u)     data0->z R     unmapped_bmux3       1  4.1     0   122    3443    (-,-) 
  u_IDCT/IDRU8/mux_69_50/g17/z                                            (u)     data0->z R     unmapped_bmux3       4 16.4     0   166    3608    (-,-) 
  u_IDCT/IDRU8/add_86_45/g6/z                                             (u)     in_0->z  F     unmapped_nor2        1  3.8     0    60    3668    (-,-) 
  u_IDCT/IDRU8/add_86_45/g40/z                                            (u)     in_0->z  R     unmapped_not         2  8.2     0    54    3722    (-,-) 
  u_IDCT/IDRU8/add_86_45/g41/z                                            (u)     in_1->z  F     unmapped_nand2       1  3.8     0    60    3782    (-,-) 
  u_IDCT/IDRU8/add_86_45/g42/z                                            (u)     in_1->z  R     unmapped_nand2       3 12.3     0    90    3872    (-,-) 
  u_IDCT/IDRU8/add_86_45/g78/z                                            (u)     in_1->z  F     unmapped_nand2       1  3.8     0    60    3932    (-,-) 
  u_IDCT/IDRU8/add_86_45/g79/z                                            (u)     in_1->z  R     unmapped_nand2       5 20.5     0   111    4043    (-,-) 
  u_IDCT/IDRU8/add_86_45/g113/z                                           (u)     in_1->z  F     unmapped_nand2       1  3.8     0    60    4103    (-,-) 
  u_IDCT/IDRU8/add_86_45/g114/z                                           (u)     in_1->z  R     unmapped_nand2       1  4.1     0    60    4164    (-,-) 
  u_IDCT/IDRU8/add_86_45/g175/z                                           (u)     in_0->z  F     unmapped_xnor2       1  3.8     0   122    4285    (-,-) 
  u_IDCT/IDRU8/mux_89_39/g12/z                                            (u)     data0->z F     unmapped_bmux3       2  7.6     0   137    4422    (-,-) 
  u_IDCT/IDRU8/mux_112_29/g12/z                                           (u)     data1->z F     unmapped_bmux3       1  3.8     0   122    4544    (-,-) 
  u_IDCT/tposemem/Bisted_RF_2P_ADV64x16/RF_2P_ADV64x16_u0/mux_46_19/g12/z (u)     data0->z F     unmapped_bmux3       1  2.6     0   106    4650    (-,-) 
  u_IDCT/tposemem/Bisted_RF_2P_ADV64x16/RF_2P_ADV64x16_u0/SRAM_i0/DB[4]   (P)     -        F     rf_2p_hse            1    -     -     0    4650    (-,-) 
#---------------------------------------------------------------------------------------------------------------------------------------------------------

(P) : Instance is preserved
(u) : Net has unmapped pin(s).



Path 43: MET (627 ps) Setup Check with Pin u_IDCT/tposemem/Bisted_RF_2P_ADV64x16/RF_2P_ADV64x16_u0/SRAM_i0/CLKB->DB[5]
           Mode: func_mode
          Group: C2C_func_mode
     Startpoint: (R) d_DoDCT_reg/clk
          Clock: (R) CLK1
       Endpoint: (F) u_IDCT/tposemem/Bisted_RF_2P_ADV64x16/RF_2P_ADV64x16_u0/SRAM_i0/DB[5]
          Clock: (F) CLK1

                     Capture       Launch     
        Clock Edge:+    4000            0     
       Src Latency:+       0            0     
       Net Latency:+    2000 (I)     2000 (I) 
           Arrival:=    6000         2000     
                                              
             Setup:-     223                  
       Uncertainty:-     500                  
     Required Time:=    5277                  
      Launch Clock:-    2000                  
         Data Path:-    2650                  
             Slack:=     627                  

#---------------------------------------------------------------------------------------------------------------------------------------------------------
#                              Timing Point                               Flags     Arc    Edge      Cell        Fanout Load Trans Delay Arrival Instance 
#                                                                                                                       (fF)  (ps)  (ps)   (ps)  Location 
#---------------------------------------------------------------------------------------------------------------------------------------------------------
  d_DoDCT_reg/clk                                                         -       -        R     (arrival)         3520    -     0     -    2000    (-,-) 
  d_DoDCT_reg/q                                                           (u)     clk->q   R     unmapped_d_flop    102 45.1     0   506    2506    (-,-) 
  g10/z                                                                   (u)     in_0->z  F     unmapped_not       101 41.8     0   161    2668    (-,-) 
  u_IDCT/IDRU8/g177/z                                                     (u)     in_0->z  R     unmapped_not        76 36.9     0   151    2818    (-,-) 
  u_IDCT/IDRU8/mux_29_41/g2/z                                             (u)     sel0->z  F     unmapped_bmux3       2  7.6     0   137    2956    (-,-) 
  u_IDCT/IDRU8/g179/z                                                     (u)     in_0->z  R     unmapped_not         2  8.2     0    54    3009    (-,-) 
  u_IDCT/IDRU8/g168/z                                                     (u)     in_1->z  F     unmapped_nand2       1  3.8     0    60    3069    (-,-) 
  u_IDCT/IDRU8/g169/z                                                     (u)     in_0->z  R     unmapped_not        18 73.8     0   130    3199    (-,-) 
  u_IDCT/IDRU8/mux_71_50/g17/z                                            (u)     sel0->z  R     unmapped_bmux3       1  4.1     0   122    3321    (-,-) 
  u_IDCT/IDRU8/mux_70_50/g17/z                                            (u)     data0->z R     unmapped_bmux3       1  4.1     0   122    3443    (-,-) 
  u_IDCT/IDRU8/mux_69_50/g17/z                                            (u)     data0->z R     unmapped_bmux3       4 16.4     0   166    3608    (-,-) 
  u_IDCT/IDRU8/add_86_45/g6/z                                             (u)     in_0->z  F     unmapped_nor2        1  3.8     0    60    3668    (-,-) 
  u_IDCT/IDRU8/add_86_45/g40/z                                            (u)     in_0->z  R     unmapped_not         2  8.2     0    54    3722    (-,-) 
  u_IDCT/IDRU8/add_86_45/g41/z                                            (u)     in_1->z  F     unmapped_nand2       1  3.8     0    60    3782    (-,-) 
  u_IDCT/IDRU8/add_86_45/g42/z                                            (u)     in_1->z  R     unmapped_nand2       3 12.3     0    90    3872    (-,-) 
  u_IDCT/IDRU8/add_86_45/g78/z                                            (u)     in_1->z  F     unmapped_nand2       1  3.8     0    60    3932    (-,-) 
  u_IDCT/IDRU8/add_86_45/g79/z                                            (u)     in_1->z  R     unmapped_nand2       5 20.5     0   111    4043    (-,-) 
  u_IDCT/IDRU8/add_86_45/g116/z                                           (u)     in_0->z  F     unmapped_nand2       1  3.8     0    60    4103    (-,-) 
  u_IDCT/IDRU8/add_86_45/g117/z                                           (u)     in_1->z  R     unmapped_nand2       1  4.1     0    60    4164    (-,-) 
  u_IDCT/IDRU8/add_86_45/g178/z                                           (u)     in_0->z  F     unmapped_xnor2       1  3.8     0   122    4285    (-,-) 
  u_IDCT/IDRU8/mux_89_39/g11/z                                            (u)     data0->z F     unmapped_bmux3       2  7.6     0   137    4422    (-,-) 
  u_IDCT/IDRU8/mux_112_29/g11/z                                           (u)     data1->z F     unmapped_bmux3       1  3.8     0   122    4544    (-,-) 
  u_IDCT/tposemem/Bisted_RF_2P_ADV64x16/RF_2P_ADV64x16_u0/mux_46_19/g11/z (u)     data0->z F     unmapped_bmux3       1  2.6     0   106    4650    (-,-) 
  u_IDCT/tposemem/Bisted_RF_2P_ADV64x16/RF_2P_ADV64x16_u0/SRAM_i0/DB[5]   (P)     -        F     rf_2p_hse            1    -     -     0    4650    (-,-) 
#---------------------------------------------------------------------------------------------------------------------------------------------------------

(P) : Instance is preserved
(u) : Net has unmapped pin(s).



Path 44: MET (726 ps) Setup Check with Pin u_DCT/tposemem/Bisted_RF_2P_ADV64x16/RF_2P_ADV64x16_u0/SRAM_i0/CLKB->DB[6]
           Mode: func_mode
          Group: C2C_func_mode
     Startpoint: (R) d_DoDCT_reg/clk
          Clock: (R) CLK1
       Endpoint: (F) u_DCT/tposemem/Bisted_RF_2P_ADV64x16/RF_2P_ADV64x16_u0/SRAM_i0/DB[6]
          Clock: (F) CLK1

                     Capture       Launch     
        Clock Edge:+    4000            0     
       Src Latency:+       0            0     
       Net Latency:+    2000 (I)     2000 (I) 
           Arrival:=    6000         2000     
                                              
             Setup:-     223                  
       Uncertainty:-     500                  
     Required Time:=    5277                  
      Launch Clock:-    2000                  
         Data Path:-    2551                  
             Slack:=     726                  

#--------------------------------------------------------------------------------------------------------------------------------------------------------
#                             Timing Point                               Flags     Arc    Edge      Cell        Fanout Load Trans Delay Arrival Instance 
#                                                                                                                      (fF)  (ps)  (ps)   (ps)  Location 
#--------------------------------------------------------------------------------------------------------------------------------------------------------
  d_DoDCT_reg/clk                                                        -       -        R     (arrival)         3520    -     0     -    2000    (-,-) 
  d_DoDCT_reg/q                                                          (u)     clk->q   F     unmapped_d_flop    102 41.8     0   506    2506    (-,-) 
  u_DCT/IDRU8/g177/z                                                     (u)     in_0->z  R     unmapped_not        76 36.9     0   151    2657    (-,-) 
  u_DCT/IDRU8/mux_29_41/g2/z                                             (u)     sel0->z  F     unmapped_bmux3       2  7.6     0   137    2794    (-,-) 
  u_DCT/IDRU8/g179/z                                                     (u)     in_0->z  R     unmapped_not         2  8.2     0    54    2848    (-,-) 
  u_DCT/IDRU8/g168/z                                                     (u)     in_1->z  F     unmapped_nand2       1  3.8     0    60    2908    (-,-) 
  u_DCT/IDRU8/g169/z                                                     (u)     in_0->z  R     unmapped_not        18 73.8     0   130    3038    (-,-) 
  u_DCT/IDRU8/mux_71_50/g17/z                                            (u)     sel0->z  R     unmapped_bmux3       1  4.1     0   122    3160    (-,-) 
  u_DCT/IDRU8/mux_70_50/g17/z                                            (u)     data0->z R     unmapped_bmux3       1  4.1     0   122    3281    (-,-) 
  u_DCT/IDRU8/mux_69_50/g17/z                                            (u)     data0->z R     unmapped_bmux3       4 16.4     0   166    3447    (-,-) 
  u_DCT/IDRU8/add_86_45/g6/z                                             (u)     in_0->z  F     unmapped_nor2        1  3.8     0    60    3507    (-,-) 
  u_DCT/IDRU8/add_86_45/g40/z                                            (u)     in_0->z  R     unmapped_not         2  8.2     0    54    3560    (-,-) 
  u_DCT/IDRU8/add_86_45/g41/z                                            (u)     in_1->z  F     unmapped_nand2       1  3.8     0    60    3621    (-,-) 
  u_DCT/IDRU8/add_86_45/g42/z                                            (u)     in_1->z  R     unmapped_nand2       3 12.3     0    90    3711    (-,-) 
  u_DCT/IDRU8/add_86_45/g78/z                                            (u)     in_1->z  F     unmapped_nand2       1  3.8     0    60    3771    (-,-) 
  u_DCT/IDRU8/add_86_45/g79/z                                            (u)     in_1->z  R     unmapped_nand2       5 20.5     0   111    3882    (-,-) 
  u_DCT/IDRU8/add_86_45/g119/z                                           (u)     in_0->z  F     unmapped_nand2       1  3.8     0    60    3942    (-,-) 
  u_DCT/IDRU8/add_86_45/g120/z                                           (u)     in_1->z  R     unmapped_nand2       9 36.9     0   122    4064    (-,-) 
  u_DCT/IDRU8/add_86_45/g180/z                                           (u)     in_0->z  F     unmapped_xnor2       1  3.8     0   122    4186    (-,-) 
  u_DCT/IDRU8/mux_89_39/g10/z                                            (u)     data0->z F     unmapped_bmux3       2  7.6     0   137    4323    (-,-) 
  u_DCT/IDRU8/mux_112_29/g10/z                                           (u)     data1->z F     unmapped_bmux3       1  3.8     0   122    4445    (-,-) 
  u_DCT/tposemem/Bisted_RF_2P_ADV64x16/RF_2P_ADV64x16_u0/mux_46_19/g10/z (u)     data0->z F     unmapped_bmux3       1  2.6     0   106    4551    (-,-) 
  u_DCT/tposemem/Bisted_RF_2P_ADV64x16/RF_2P_ADV64x16_u0/SRAM_i0/DB[6]   (P)     -        F     rf_2p_hse            1    -     -     0    4551    (-,-) 
#--------------------------------------------------------------------------------------------------------------------------------------------------------

(P) : Instance is preserved
(u) : Net has unmapped pin(s).



Path 45: MET (748 ps) Setup Check with Pin u_IDCT/tposemem/Bisted_RF_2P_ADV64x16/RF_2P_ADV64x16_u0/SRAM_i0/CLKB->DB[2]
           Mode: func_mode
          Group: C2C_func_mode
     Startpoint: (R) d_DoDCT_reg/clk
          Clock: (R) CLK1
       Endpoint: (F) u_IDCT/tposemem/Bisted_RF_2P_ADV64x16/RF_2P_ADV64x16_u0/SRAM_i0/DB[2]
          Clock: (F) CLK1

                     Capture       Launch     
        Clock Edge:+    4000            0     
       Src Latency:+       0            0     
       Net Latency:+    2000 (I)     2000 (I) 
           Arrival:=    6000         2000     
                                              
             Setup:-     223                  
       Uncertainty:-     500                  
     Required Time:=    5277                  
      Launch Clock:-    2000                  
         Data Path:-    2529                  
             Slack:=     748                  

#---------------------------------------------------------------------------------------------------------------------------------------------------------
#                              Timing Point                               Flags     Arc    Edge      Cell        Fanout Load Trans Delay Arrival Instance 
#                                                                                                                       (fF)  (ps)  (ps)   (ps)  Location 
#---------------------------------------------------------------------------------------------------------------------------------------------------------
  d_DoDCT_reg/clk                                                         -       -        R     (arrival)         3520    -     0     -    2000    (-,-) 
  d_DoDCT_reg/q                                                           (u)     clk->q   R     unmapped_d_flop    102 45.1     0   506    2506    (-,-) 
  g10/z                                                                   (u)     in_0->z  F     unmapped_not       101 41.8     0   161    2668    (-,-) 
  u_IDCT/IDRU8/g177/z                                                     (u)     in_0->z  R     unmapped_not        76 36.9     0   151    2818    (-,-) 
  u_IDCT/IDRU8/mux_29_41/g2/z                                             (u)     sel0->z  F     unmapped_bmux3       2  7.6     0   137    2956    (-,-) 
  u_IDCT/IDRU8/g179/z                                                     (u)     in_0->z  R     unmapped_not         2  8.2     0    54    3009    (-,-) 
  u_IDCT/IDRU8/g168/z                                                     (u)     in_1->z  F     unmapped_nand2       1  3.8     0    60    3069    (-,-) 
  u_IDCT/IDRU8/g169/z                                                     (u)     in_0->z  R     unmapped_not        18 73.8     0   130    3199    (-,-) 
  u_IDCT/IDRU8/mux_71_50/g17/z                                            (u)     sel0->z  R     unmapped_bmux3       1  4.1     0   122    3321    (-,-) 
  u_IDCT/IDRU8/mux_70_50/g17/z                                            (u)     data0->z R     unmapped_bmux3       1  4.1     0   122    3443    (-,-) 
  u_IDCT/IDRU8/mux_69_50/g17/z                                            (u)     data0->z R     unmapped_bmux3       4 16.4     0   166    3608    (-,-) 
  u_IDCT/IDRU8/add_86_45/g6/z                                             (u)     in_0->z  F     unmapped_nor2        1  3.8     0    60    3668    (-,-) 
  u_IDCT/IDRU8/add_86_45/g40/z                                            (u)     in_0->z  R     unmapped_not         2  8.2     0    54    3722    (-,-) 
  u_IDCT/IDRU8/add_86_45/g41/z                                            (u)     in_1->z  F     unmapped_nand2       1  3.8     0    60    3782    (-,-) 
  u_IDCT/IDRU8/add_86_45/g42/z                                            (u)     in_1->z  R     unmapped_nand2       3 12.3     0    90    3872    (-,-) 
  u_IDCT/IDRU8/add_86_45/g78/z                                            (u)     in_1->z  F     unmapped_nand2       1  3.8     0    60    3932    (-,-) 
  u_IDCT/IDRU8/add_86_45/g79/z                                            (u)     in_1->z  R     unmapped_nand2       5 20.5     0   111    4043    (-,-) 
  u_IDCT/IDRU8/add_86_45/g170/z                                           (u)     in_0->z  F     unmapped_xnor2       1  3.8     0   122    4165    (-,-) 
  u_IDCT/IDRU8/mux_89_39/g14/z                                            (u)     data0->z F     unmapped_bmux3       2  7.6     0   137    4302    (-,-) 
  u_IDCT/IDRU8/mux_112_29/g14/z                                           (u)     data1->z F     unmapped_bmux3       1  3.8     0   122    4424    (-,-) 
  u_IDCT/tposemem/Bisted_RF_2P_ADV64x16/RF_2P_ADV64x16_u0/mux_46_19/g14/z (u)     data0->z F     unmapped_bmux3       1  2.6     0   106    4529    (-,-) 
  u_IDCT/tposemem/Bisted_RF_2P_ADV64x16/RF_2P_ADV64x16_u0/SRAM_i0/DB[2]   (P)     -        F     rf_2p_hse            1    -     -     0    4529    (-,-) 
#---------------------------------------------------------------------------------------------------------------------------------------------------------

(P) : Instance is preserved
(u) : Net has unmapped pin(s).



Path 46: MET (788 ps) Setup Check with Pin u_DCT/tposemem/Bisted_RF_2P_ADV64x16/RF_2P_ADV64x16_u0/SRAM_i0/CLKB->DB[3]
           Mode: func_mode
          Group: C2C_func_mode
     Startpoint: (R) d_DoDCT_reg/clk
          Clock: (R) CLK1
       Endpoint: (F) u_DCT/tposemem/Bisted_RF_2P_ADV64x16/RF_2P_ADV64x16_u0/SRAM_i0/DB[3]
          Clock: (F) CLK1

                     Capture       Launch     
        Clock Edge:+    4000            0     
       Src Latency:+       0            0     
       Net Latency:+    2000 (I)     2000 (I) 
           Arrival:=    6000         2000     
                                              
             Setup:-     223                  
       Uncertainty:-     500                  
     Required Time:=    5277                  
      Launch Clock:-    2000                  
         Data Path:-    2488                  
             Slack:=     788                  

#--------------------------------------------------------------------------------------------------------------------------------------------------------
#                             Timing Point                               Flags     Arc    Edge      Cell        Fanout Load Trans Delay Arrival Instance 
#                                                                                                                      (fF)  (ps)  (ps)   (ps)  Location 
#--------------------------------------------------------------------------------------------------------------------------------------------------------
  d_DoDCT_reg/clk                                                        -       -        R     (arrival)         3520    -     0     -    2000    (-,-) 
  d_DoDCT_reg/q                                                          (u)     clk->q   F     unmapped_d_flop    102 41.8     0   506    2506    (-,-) 
  u_DCT/IDRU8/g177/z                                                     (u)     in_0->z  R     unmapped_not        76 36.9     0   151    2657    (-,-) 
  u_DCT/IDRU8/mux_29_41/g2/z                                             (u)     sel0->z  F     unmapped_bmux3       2  7.6     0   137    2794    (-,-) 
  u_DCT/IDRU8/g179/z                                                     (u)     in_0->z  R     unmapped_not         2  8.2     0    54    2848    (-,-) 
  u_DCT/IDRU8/g168/z                                                     (u)     in_1->z  F     unmapped_nand2       1  3.8     0    60    2908    (-,-) 
  u_DCT/IDRU8/g169/z                                                     (u)     in_0->z  R     unmapped_not        18 73.8     0   130    3038    (-,-) 
  u_DCT/IDRU8/mux_71_50/g17/z                                            (u)     sel0->z  R     unmapped_bmux3       1  4.1     0   122    3160    (-,-) 
  u_DCT/IDRU8/mux_70_50/g17/z                                            (u)     data0->z R     unmapped_bmux3       1  4.1     0   122    3281    (-,-) 
  u_DCT/IDRU8/mux_69_50/g17/z                                            (u)     data0->z R     unmapped_bmux3       4 16.4     0   166    3447    (-,-) 
  u_DCT/IDRU8/add_86_45/g6/z                                             (u)     in_0->z  F     unmapped_nor2        1  3.8     0    60    3507    (-,-) 
  u_DCT/IDRU8/add_86_45/g40/z                                            (u)     in_0->z  R     unmapped_not         2  8.2     0    54    3560    (-,-) 
  u_DCT/IDRU8/add_86_45/g41/z                                            (u)     in_1->z  F     unmapped_nand2       1  3.8     0    60    3621    (-,-) 
  u_DCT/IDRU8/add_86_45/g42/z                                            (u)     in_1->z  R     unmapped_nand2       3 12.3     0    90    3711    (-,-) 
  u_DCT/IDRU8/add_86_45/g78/z                                            (u)     in_1->z  F     unmapped_nand2       1  3.8     0    60    3771    (-,-) 
  u_DCT/IDRU8/add_86_45/g79/z                                            (u)     in_1->z  R     unmapped_nand2       5 20.5     0   111    3882    (-,-) 
  u_DCT/IDRU8/add_86_45/g111/z                                           (u)     in_0->z  F     unmapped_nand2       1  3.8     0    60    3942    (-,-) 
  u_DCT/IDRU8/add_86_45/g112/z                                           (u)     in_1->z  R     unmapped_nand2       1  4.1     0    60    4002    (-,-) 
  u_DCT/IDRU8/add_86_45/g173/z                                           (u)     in_0->z  F     unmapped_xnor2       1  3.8     0   122    4124    (-,-) 
  u_DCT/IDRU8/mux_89_39/g13/z                                            (u)     data0->z F     unmapped_bmux3       2  7.6     0   137    4261    (-,-) 
  u_DCT/IDRU8/mux_112_29/g13/z                                           (u)     data1->z F     unmapped_bmux3       1  3.8     0   122    4383    (-,-) 
  u_DCT/tposemem/Bisted_RF_2P_ADV64x16/RF_2P_ADV64x16_u0/mux_46_19/g13/z (u)     data0->z F     unmapped_bmux3       1  2.6     0   106    4488    (-,-) 
  u_DCT/tposemem/Bisted_RF_2P_ADV64x16/RF_2P_ADV64x16_u0/SRAM_i0/DB[3]   (P)     -        F     rf_2p_hse            1    -     -     0    4488    (-,-) 
#--------------------------------------------------------------------------------------------------------------------------------------------------------

(P) : Instance is preserved
(u) : Net has unmapped pin(s).



Path 47: MET (788 ps) Setup Check with Pin u_DCT/tposemem/Bisted_RF_2P_ADV64x16/RF_2P_ADV64x16_u0/SRAM_i0/CLKB->DB[4]
           Mode: func_mode
          Group: C2C_func_mode
     Startpoint: (R) d_DoDCT_reg/clk
          Clock: (R) CLK1
       Endpoint: (F) u_DCT/tposemem/Bisted_RF_2P_ADV64x16/RF_2P_ADV64x16_u0/SRAM_i0/DB[4]
          Clock: (F) CLK1

                     Capture       Launch     
        Clock Edge:+    4000            0     
       Src Latency:+       0            0     
       Net Latency:+    2000 (I)     2000 (I) 
           Arrival:=    6000         2000     
                                              
             Setup:-     223                  
       Uncertainty:-     500                  
     Required Time:=    5277                  
      Launch Clock:-    2000                  
         Data Path:-    2488                  
             Slack:=     788                  

#--------------------------------------------------------------------------------------------------------------------------------------------------------
#                             Timing Point                               Flags     Arc    Edge      Cell        Fanout Load Trans Delay Arrival Instance 
#                                                                                                                      (fF)  (ps)  (ps)   (ps)  Location 
#--------------------------------------------------------------------------------------------------------------------------------------------------------
  d_DoDCT_reg/clk                                                        -       -        R     (arrival)         3520    -     0     -    2000    (-,-) 
  d_DoDCT_reg/q                                                          (u)     clk->q   F     unmapped_d_flop    102 41.8     0   506    2506    (-,-) 
  u_DCT/IDRU8/g177/z                                                     (u)     in_0->z  R     unmapped_not        76 36.9     0   151    2657    (-,-) 
  u_DCT/IDRU8/mux_29_41/g2/z                                             (u)     sel0->z  F     unmapped_bmux3       2  7.6     0   137    2794    (-,-) 
  u_DCT/IDRU8/g179/z                                                     (u)     in_0->z  R     unmapped_not         2  8.2     0    54    2848    (-,-) 
  u_DCT/IDRU8/g168/z                                                     (u)     in_1->z  F     unmapped_nand2       1  3.8     0    60    2908    (-,-) 
  u_DCT/IDRU8/g169/z                                                     (u)     in_0->z  R     unmapped_not        18 73.8     0   130    3038    (-,-) 
  u_DCT/IDRU8/mux_71_50/g17/z                                            (u)     sel0->z  R     unmapped_bmux3       1  4.1     0   122    3160    (-,-) 
  u_DCT/IDRU8/mux_70_50/g17/z                                            (u)     data0->z R     unmapped_bmux3       1  4.1     0   122    3281    (-,-) 
  u_DCT/IDRU8/mux_69_50/g17/z                                            (u)     data0->z R     unmapped_bmux3       4 16.4     0   166    3447    (-,-) 
  u_DCT/IDRU8/add_86_45/g6/z                                             (u)     in_0->z  F     unmapped_nor2        1  3.8     0    60    3507    (-,-) 
  u_DCT/IDRU8/add_86_45/g40/z                                            (u)     in_0->z  R     unmapped_not         2  8.2     0    54    3560    (-,-) 
  u_DCT/IDRU8/add_86_45/g41/z                                            (u)     in_1->z  F     unmapped_nand2       1  3.8     0    60    3621    (-,-) 
  u_DCT/IDRU8/add_86_45/g42/z                                            (u)     in_1->z  R     unmapped_nand2       3 12.3     0    90    3711    (-,-) 
  u_DCT/IDRU8/add_86_45/g78/z                                            (u)     in_1->z  F     unmapped_nand2       1  3.8     0    60    3771    (-,-) 
  u_DCT/IDRU8/add_86_45/g79/z                                            (u)     in_1->z  R     unmapped_nand2       5 20.5     0   111    3882    (-,-) 
  u_DCT/IDRU8/add_86_45/g113/z                                           (u)     in_1->z  F     unmapped_nand2       1  3.8     0    60    3942    (-,-) 
  u_DCT/IDRU8/add_86_45/g114/z                                           (u)     in_1->z  R     unmapped_nand2       1  4.1     0    60    4002    (-,-) 
  u_DCT/IDRU8/add_86_45/g175/z                                           (u)     in_0->z  F     unmapped_xnor2       1  3.8     0   122    4124    (-,-) 
  u_DCT/IDRU8/mux_89_39/g12/z                                            (u)     data0->z F     unmapped_bmux3       2  7.6     0   137    4261    (-,-) 
  u_DCT/IDRU8/mux_112_29/g12/z                                           (u)     data1->z F     unmapped_bmux3       1  3.8     0   122    4383    (-,-) 
  u_DCT/tposemem/Bisted_RF_2P_ADV64x16/RF_2P_ADV64x16_u0/mux_46_19/g12/z (u)     data0->z F     unmapped_bmux3       1  2.6     0   106    4488    (-,-) 
  u_DCT/tposemem/Bisted_RF_2P_ADV64x16/RF_2P_ADV64x16_u0/SRAM_i0/DB[4]   (P)     -        F     rf_2p_hse            1    -     -     0    4488    (-,-) 
#--------------------------------------------------------------------------------------------------------------------------------------------------------

(P) : Instance is preserved
(u) : Net has unmapped pin(s).



Path 48: MET (788 ps) Setup Check with Pin u_DCT/tposemem/Bisted_RF_2P_ADV64x16/RF_2P_ADV64x16_u0/SRAM_i0/CLKB->DB[5]
           Mode: func_mode
          Group: C2C_func_mode
     Startpoint: (R) d_DoDCT_reg/clk
          Clock: (R) CLK1
       Endpoint: (F) u_DCT/tposemem/Bisted_RF_2P_ADV64x16/RF_2P_ADV64x16_u0/SRAM_i0/DB[5]
          Clock: (F) CLK1

                     Capture       Launch     
        Clock Edge:+    4000            0     
       Src Latency:+       0            0     
       Net Latency:+    2000 (I)     2000 (I) 
           Arrival:=    6000         2000     
                                              
             Setup:-     223                  
       Uncertainty:-     500                  
     Required Time:=    5277                  
      Launch Clock:-    2000                  
         Data Path:-    2488                  
             Slack:=     788                  

#--------------------------------------------------------------------------------------------------------------------------------------------------------
#                             Timing Point                               Flags     Arc    Edge      Cell        Fanout Load Trans Delay Arrival Instance 
#                                                                                                                      (fF)  (ps)  (ps)   (ps)  Location 
#--------------------------------------------------------------------------------------------------------------------------------------------------------
  d_DoDCT_reg/clk                                                        -       -        R     (arrival)         3520    -     0     -    2000    (-,-) 
  d_DoDCT_reg/q                                                          (u)     clk->q   F     unmapped_d_flop    102 41.8     0   506    2506    (-,-) 
  u_DCT/IDRU8/g177/z                                                     (u)     in_0->z  R     unmapped_not        76 36.9     0   151    2657    (-,-) 
  u_DCT/IDRU8/mux_29_41/g2/z                                             (u)     sel0->z  F     unmapped_bmux3       2  7.6     0   137    2794    (-,-) 
  u_DCT/IDRU8/g179/z                                                     (u)     in_0->z  R     unmapped_not         2  8.2     0    54    2848    (-,-) 
  u_DCT/IDRU8/g168/z                                                     (u)     in_1->z  F     unmapped_nand2       1  3.8     0    60    2908    (-,-) 
  u_DCT/IDRU8/g169/z                                                     (u)     in_0->z  R     unmapped_not        18 73.8     0   130    3038    (-,-) 
  u_DCT/IDRU8/mux_71_50/g17/z                                            (u)     sel0->z  R     unmapped_bmux3       1  4.1     0   122    3160    (-,-) 
  u_DCT/IDRU8/mux_70_50/g17/z                                            (u)     data0->z R     unmapped_bmux3       1  4.1     0   122    3281    (-,-) 
  u_DCT/IDRU8/mux_69_50/g17/z                                            (u)     data0->z R     unmapped_bmux3       4 16.4     0   166    3447    (-,-) 
  u_DCT/IDRU8/add_86_45/g6/z                                             (u)     in_0->z  F     unmapped_nor2        1  3.8     0    60    3507    (-,-) 
  u_DCT/IDRU8/add_86_45/g40/z                                            (u)     in_0->z  R     unmapped_not         2  8.2     0    54    3560    (-,-) 
  u_DCT/IDRU8/add_86_45/g41/z                                            (u)     in_1->z  F     unmapped_nand2       1  3.8     0    60    3621    (-,-) 
  u_DCT/IDRU8/add_86_45/g42/z                                            (u)     in_1->z  R     unmapped_nand2       3 12.3     0    90    3711    (-,-) 
  u_DCT/IDRU8/add_86_45/g78/z                                            (u)     in_1->z  F     unmapped_nand2       1  3.8     0    60    3771    (-,-) 
  u_DCT/IDRU8/add_86_45/g79/z                                            (u)     in_1->z  R     unmapped_nand2       5 20.5     0   111    3882    (-,-) 
  u_DCT/IDRU8/add_86_45/g116/z                                           (u)     in_0->z  F     unmapped_nand2       1  3.8     0    60    3942    (-,-) 
  u_DCT/IDRU8/add_86_45/g117/z                                           (u)     in_1->z  R     unmapped_nand2       1  4.1     0    60    4002    (-,-) 
  u_DCT/IDRU8/add_86_45/g178/z                                           (u)     in_0->z  F     unmapped_xnor2       1  3.8     0   122    4124    (-,-) 
  u_DCT/IDRU8/mux_89_39/g11/z                                            (u)     data0->z F     unmapped_bmux3       2  7.6     0   137    4261    (-,-) 
  u_DCT/IDRU8/mux_112_29/g11/z                                           (u)     data1->z F     unmapped_bmux3       1  3.8     0   122    4383    (-,-) 
  u_DCT/tposemem/Bisted_RF_2P_ADV64x16/RF_2P_ADV64x16_u0/mux_46_19/g11/z (u)     data0->z F     unmapped_bmux3       1  2.6     0   106    4488    (-,-) 
  u_DCT/tposemem/Bisted_RF_2P_ADV64x16/RF_2P_ADV64x16_u0/SRAM_i0/DB[5]   (P)     -        F     rf_2p_hse            1    -     -     0    4488    (-,-) 
#--------------------------------------------------------------------------------------------------------------------------------------------------------

(P) : Instance is preserved
(u) : Net has unmapped pin(s).



Path 49: MET (813 ps) Setup Check with Pin u_IDCT/tposemem/Bisted_RF_2P_ADV64x16/RF_2P_ADV64x16_u0/SRAM_i0/CLKB->DB[1]
           Mode: func_mode
          Group: C2C_func_mode
     Startpoint: (R) d_DoDCT_reg/clk
          Clock: (R) CLK1
       Endpoint: (F) u_IDCT/tposemem/Bisted_RF_2P_ADV64x16/RF_2P_ADV64x16_u0/SRAM_i0/DB[1]
          Clock: (F) CLK1

                     Capture       Launch     
        Clock Edge:+    4000            0     
       Src Latency:+       0            0     
       Net Latency:+    2000 (I)     2000 (I) 
           Arrival:=    6000         2000     
                                              
             Setup:-     223                  
       Uncertainty:-     500                  
     Required Time:=    5277                  
      Launch Clock:-    2000                  
         Data Path:-    2464                  
             Slack:=     813                  

#---------------------------------------------------------------------------------------------------------------------------------------------------------
#                              Timing Point                               Flags     Arc    Edge      Cell        Fanout Load Trans Delay Arrival Instance 
#                                                                                                                       (fF)  (ps)  (ps)   (ps)  Location 
#---------------------------------------------------------------------------------------------------------------------------------------------------------
  d_DoDCT_reg/clk                                                         -       -        R     (arrival)         3520    -     0     -    2000    (-,-) 
  d_DoDCT_reg/q                                                           (u)     clk->q   R     unmapped_d_flop    102 45.1     0   506    2506    (-,-) 
  g10/z                                                                   (u)     in_0->z  F     unmapped_not       101 41.8     0   161    2668    (-,-) 
  u_IDCT/IDRU8/g177/z                                                     (u)     in_0->z  R     unmapped_not        76 36.9     0   151    2818    (-,-) 
  u_IDCT/IDRU8/mux_29_41/g2/z                                             (u)     sel0->z  F     unmapped_bmux3       2  7.6     0   137    2956    (-,-) 
  u_IDCT/IDRU8/g179/z                                                     (u)     in_0->z  R     unmapped_not         2  8.2     0    54    3009    (-,-) 
  u_IDCT/IDRU8/g168/z                                                     (u)     in_1->z  F     unmapped_nand2       1  3.8     0    60    3069    (-,-) 
  u_IDCT/IDRU8/g169/z                                                     (u)     in_0->z  R     unmapped_not        18 73.8     0   130    3199    (-,-) 
  u_IDCT/IDRU8/mux_71_50/g17/z                                            (u)     sel0->z  R     unmapped_bmux3       1  4.1     0   122    3321    (-,-) 
  u_IDCT/IDRU8/mux_70_50/g17/z                                            (u)     data0->z R     unmapped_bmux3       1  4.1     0   122    3443    (-,-) 
  u_IDCT/IDRU8/mux_69_50/g17/z                                            (u)     data0->z R     unmapped_bmux3       4 16.4     0   166    3608    (-,-) 
  u_IDCT/IDRU8/add_86_45/g6/z                                             (u)     in_0->z  F     unmapped_nor2        1  3.8     0    60    3668    (-,-) 
  u_IDCT/IDRU8/add_86_45/g40/z                                            (u)     in_0->z  R     unmapped_not         2  8.2     0    54    3722    (-,-) 
  u_IDCT/IDRU8/add_86_45/g41/z                                            (u)     in_1->z  F     unmapped_nand2       1  3.8     0    60    3782    (-,-) 
  u_IDCT/IDRU8/add_86_45/g42/z                                            (u)     in_1->z  R     unmapped_nand2       3 12.3     0    90    3872    (-,-) 
  u_IDCT/IDRU8/add_86_45/g76/z                                            (u)     in_0->z  F     unmapped_nand2       1  3.8     0    60    3932    (-,-) 
  u_IDCT/IDRU8/add_86_45/g77/z                                            (u)     in_1->z  R     unmapped_nand2       1  4.1     0    60    3993    (-,-) 
  u_IDCT/IDRU8/add_86_45/g168/z                                           (u)     in_0->z  F     unmapped_xnor2       1  3.8     0   122    4114    (-,-) 
  u_IDCT/IDRU8/mux_89_39/g15/z                                            (u)     data0->z F     unmapped_bmux3       1  3.8     0   122    4236    (-,-) 
  u_IDCT/IDRU8/mux_112_29/g15/z                                           (u)     data1->z F     unmapped_bmux3       1  3.8     0   122    4358    (-,-) 
  u_IDCT/tposemem/Bisted_RF_2P_ADV64x16/RF_2P_ADV64x16_u0/mux_46_19/g15/z (u)     data0->z F     unmapped_bmux3       1  2.6     0   106    4464    (-,-) 
  u_IDCT/tposemem/Bisted_RF_2P_ADV64x16/RF_2P_ADV64x16_u0/SRAM_i0/DB[1]   (P)     -        F     rf_2p_hse            1    -     -     0    4464    (-,-) 
#---------------------------------------------------------------------------------------------------------------------------------------------------------

(P) : Instance is preserved
(u) : Net has unmapped pin(s).



Path 50: MET (909 ps) Setup Check with Pin u_DCT/tposemem/Bisted_RF_2P_ADV64x16/RF_2P_ADV64x16_u0/SRAM_i0/CLKB->DB[2]
           Mode: func_mode
          Group: C2C_func_mode
     Startpoint: (R) d_DoDCT_reg/clk
          Clock: (R) CLK1
       Endpoint: (F) u_DCT/tposemem/Bisted_RF_2P_ADV64x16/RF_2P_ADV64x16_u0/SRAM_i0/DB[2]
          Clock: (F) CLK1

                     Capture       Launch     
        Clock Edge:+    4000            0     
       Src Latency:+       0            0     
       Net Latency:+    2000 (I)     2000 (I) 
           Arrival:=    6000         2000     
                                              
             Setup:-     223                  
       Uncertainty:-     500                  
     Required Time:=    5277                  
      Launch Clock:-    2000                  
         Data Path:-    2368                  
             Slack:=     909                  

#--------------------------------------------------------------------------------------------------------------------------------------------------------
#                             Timing Point                               Flags     Arc    Edge      Cell        Fanout Load Trans Delay Arrival Instance 
#                                                                                                                      (fF)  (ps)  (ps)   (ps)  Location 
#--------------------------------------------------------------------------------------------------------------------------------------------------------
  d_DoDCT_reg/clk                                                        -       -        R     (arrival)         3520    -     0     -    2000    (-,-) 
  d_DoDCT_reg/q                                                          (u)     clk->q   F     unmapped_d_flop    102 41.8     0   506    2506    (-,-) 
  u_DCT/IDRU8/g177/z                                                     (u)     in_0->z  R     unmapped_not        76 36.9     0   151    2657    (-,-) 
  u_DCT/IDRU8/mux_29_41/g2/z                                             (u)     sel0->z  F     unmapped_bmux3       2  7.6     0   137    2794    (-,-) 
  u_DCT/IDRU8/g179/z                                                     (u)     in_0->z  R     unmapped_not         2  8.2     0    54    2848    (-,-) 
  u_DCT/IDRU8/g168/z                                                     (u)     in_1->z  F     unmapped_nand2       1  3.8     0    60    2908    (-,-) 
  u_DCT/IDRU8/g169/z                                                     (u)     in_0->z  R     unmapped_not        18 73.8     0   130    3038    (-,-) 
  u_DCT/IDRU8/mux_71_50/g17/z                                            (u)     sel0->z  R     unmapped_bmux3       1  4.1     0   122    3160    (-,-) 
  u_DCT/IDRU8/mux_70_50/g17/z                                            (u)     data0->z R     unmapped_bmux3       1  4.1     0   122    3281    (-,-) 
  u_DCT/IDRU8/mux_69_50/g17/z                                            (u)     data0->z R     unmapped_bmux3       4 16.4     0   166    3447    (-,-) 
  u_DCT/IDRU8/add_86_45/g6/z                                             (u)     in_0->z  F     unmapped_nor2        1  3.8     0    60    3507    (-,-) 
  u_DCT/IDRU8/add_86_45/g40/z                                            (u)     in_0->z  R     unmapped_not         2  8.2     0    54    3560    (-,-) 
  u_DCT/IDRU8/add_86_45/g41/z                                            (u)     in_1->z  F     unmapped_nand2       1  3.8     0    60    3621    (-,-) 
  u_DCT/IDRU8/add_86_45/g42/z                                            (u)     in_1->z  R     unmapped_nand2       3 12.3     0    90    3711    (-,-) 
  u_DCT/IDRU8/add_86_45/g78/z                                            (u)     in_1->z  F     unmapped_nand2       1  3.8     0    60    3771    (-,-) 
  u_DCT/IDRU8/add_86_45/g79/z                                            (u)     in_1->z  R     unmapped_nand2       5 20.5     0   111    3882    (-,-) 
  u_DCT/IDRU8/add_86_45/g170/z                                           (u)     in_0->z  F     unmapped_xnor2       1  3.8     0   122    4004    (-,-) 
  u_DCT/IDRU8/mux_89_39/g14/z                                            (u)     data0->z F     unmapped_bmux3       2  7.6     0   137    4141    (-,-) 
  u_DCT/IDRU8/mux_112_29/g14/z                                           (u)     data1->z F     unmapped_bmux3       1  3.8     0   122    4262    (-,-) 
  u_DCT/tposemem/Bisted_RF_2P_ADV64x16/RF_2P_ADV64x16_u0/mux_46_19/g14/z (u)     data0->z F     unmapped_bmux3       1  2.6     0   106    4368    (-,-) 
  u_DCT/tposemem/Bisted_RF_2P_ADV64x16/RF_2P_ADV64x16_u0/SRAM_i0/DB[2]   (P)     -        F     rf_2p_hse            1    -     -     0    4368    (-,-) 
#--------------------------------------------------------------------------------------------------------------------------------------------------------

(P) : Instance is preserved
(u) : Net has unmapped pin(s).


