============================================================
  Generated by:           Genus(TM) Synthesis Solution 19.10-p002_1
  Generated on:           Jun 03 2020  11:41:34 am
  Module:                 CHIP
  Operating conditions:   slow 
  Interconnect mode:      global
  Area mode:              physical library
============================================================


Path 1: MET (39516 ps) Setup Check with Pin u_IDCT/tposemem/Bisted_RF_2P_ADV64x16/RF_2P_ADV64x16_u0/SRAM_i0/CLKA->CLKB
           Mode: scan_mode
          Group: I2C_scan_mode
     Startpoint: (F) CLK
          Clock: (F) CLK1
       Endpoint: (R) u_IDCT/tposemem/Bisted_RF_2P_ADV64x16/RF_2P_ADV64x16_u0/SRAM_i0/CLKB
          Clock: (R) CLK1

                     Capture       Launch     
        Clock Edge:+  100000        50000     
        Drv Adjust:+       0        10000     
       Src Latency:+       0            0     
       Net Latency:+    2000 (I)        0 (I) 
           Arrival:=  102000        60000     
                                              
             Setup:-     564                  
       Uncertainty:-     500                  
     Required Time:=  100936                  
      Launch Clock:-   60000                  
       Input Delay:-       0                  
         Data Path:-    1420                  
             Slack:=   39516                  

Exceptions/Constraints:
  input_delay              0              create_clock_delay_domain_1_CLK1_F_0_1 

#---------------------------------------------------------------------------------------------------------------------------------------------------
#                            Timing Point                              Flags    Arc    Edge     Cell      Fanout  Load Trans Delay Arrival Instance 
#                                                                                                                 (fF)  (ps)  (ps)   (ps)  Location 
#---------------------------------------------------------------------------------------------------------------------------------------------------
  CLK                                                                  -       -       F     (arrival)         1 100.0 10000     0   60000    (-,-) 
  ipad_CLK/C                                                           (i,u,P) PAD->C  F     PADIN          3520   0.0     0  1398   61398    (-,-) 
  u_IDCT/tposemem/g9/z                                                 (i,u)   in_0->z R     unmapped_not      1   0.0     0    22   61420    (-,-) 
  u_IDCT/tposemem/Bisted_RF_2P_ADV64x16/RF_2P_ADV64x16_u0/SRAM_i0/CLKB (P)     -       R     rf_2p_hse         1     -     -     0   61420    (-,-) 
#---------------------------------------------------------------------------------------------------------------------------------------------------

(P) : Instance is preserved
(u) : Net has unmapped pin(s).
(i) : Net is ideal.



Path 2: MET (39516 ps) Setup Check with Pin u_DCT/tposemem/Bisted_RF_2P_ADV64x16/RF_2P_ADV64x16_u0/SRAM_i0/CLKA->CLKB
           Mode: scan_mode
          Group: I2C_scan_mode
     Startpoint: (F) CLK
          Clock: (F) CLK1
       Endpoint: (R) u_DCT/tposemem/Bisted_RF_2P_ADV64x16/RF_2P_ADV64x16_u0/SRAM_i0/CLKB
          Clock: (R) CLK1

                     Capture       Launch     
        Clock Edge:+  100000        50000     
        Drv Adjust:+       0        10000     
       Src Latency:+       0            0     
       Net Latency:+    2000 (I)        0 (I) 
           Arrival:=  102000        60000     
                                              
             Setup:-     564                  
       Uncertainty:-     500                  
     Required Time:=  100936                  
      Launch Clock:-   60000                  
       Input Delay:-       0                  
         Data Path:-    1420                  
             Slack:=   39516                  

Exceptions/Constraints:
  input_delay              0              create_clock_delay_domain_1_CLK1_F_0_1 

#--------------------------------------------------------------------------------------------------------------------------------------------------
#                            Timing Point                             Flags    Arc    Edge     Cell      Fanout  Load Trans Delay Arrival Instance 
#                                                                                                                (fF)  (ps)  (ps)   (ps)  Location 
#--------------------------------------------------------------------------------------------------------------------------------------------------
  CLK                                                                 -       -       F     (arrival)         1 100.0 10000     0   60000    (-,-) 
  ipad_CLK/C                                                          (i,u,P) PAD->C  F     PADIN          3520   0.0     0  1398   61398    (-,-) 
  u_DCT/tposemem/g9/z                                                 (i,u)   in_0->z R     unmapped_not      1   0.0     0    22   61420    (-,-) 
  u_DCT/tposemem/Bisted_RF_2P_ADV64x16/RF_2P_ADV64x16_u0/SRAM_i0/CLKB (P)     -       R     rf_2p_hse         1     -     -     0   61420    (-,-) 
#--------------------------------------------------------------------------------------------------------------------------------------------------

(P) : Instance is preserved
(u) : Net has unmapped pin(s).
(i) : Net is ideal.



Path 3: MET (39612 ps) Setup Check with Pin u_IDCT/tposemem/Bisted_RF_2P_ADV64x16/RF_2P_ADV64x16_u0/SRAM_i0/CLKB->CLKA
           Mode: scan_mode
          Group: I2C_scan_mode
     Startpoint: (R) CLK
          Clock: (R) CLK1
       Endpoint: (R) u_IDCT/tposemem/Bisted_RF_2P_ADV64x16/RF_2P_ADV64x16_u0/SRAM_i0/CLKA
          Clock: (F) CLK1

                     Capture       Launch     
        Clock Edge:+   50000            0     
        Drv Adjust:+       0        10000     
       Src Latency:+       0            0     
       Net Latency:+    2000 (I)        0 (I) 
           Arrival:=   52000        10000     
                                              
             Setup:-     486                  
       Uncertainty:-     500                  
     Required Time:=   51014                  
      Launch Clock:-   10000                  
       Input Delay:-       0                  
         Data Path:-    1403                  
             Slack:=   39612                  

Exceptions/Constraints:
  input_delay              0              create_clock_delay_domain_1_CLK1_R_0_1 

#-----------------------------------------------------------------------------------------------------------------------------------------------
#                            Timing Point                              Flags    Arc   Edge   Cell     Fanout  Load Trans Delay Arrival Instance 
#                                                                                                             (fF)  (ps)  (ps)   (ps)  Location 
#-----------------------------------------------------------------------------------------------------------------------------------------------
  CLK                                                                  -       -      R     (arrival)      1 100.0 10000     0   10000    (-,-) 
  ipad_CLK/C                                                           (i,u,P) PAD->C R     PADIN       3520   0.0     0  1403   11403    (-,-) 
  u_IDCT/tposemem/Bisted_RF_2P_ADV64x16/RF_2P_ADV64x16_u0/SRAM_i0/CLKA (P)     -      R     rf_2p_hse   3520     -     -     0   11403    (-,-) 
#-----------------------------------------------------------------------------------------------------------------------------------------------

(P) : Instance is preserved
(u) : Net has unmapped pin(s).
(i) : Net is ideal.



Path 4: MET (39612 ps) Setup Check with Pin u_DCT/tposemem/Bisted_RF_2P_ADV64x16/RF_2P_ADV64x16_u0/SRAM_i0/CLKB->CLKA
           Mode: scan_mode
          Group: I2C_scan_mode
     Startpoint: (R) CLK
          Clock: (R) CLK1
       Endpoint: (R) u_DCT/tposemem/Bisted_RF_2P_ADV64x16/RF_2P_ADV64x16_u0/SRAM_i0/CLKA
          Clock: (F) CLK1

                     Capture       Launch     
        Clock Edge:+   50000            0     
        Drv Adjust:+       0        10000     
       Src Latency:+       0            0     
       Net Latency:+    2000 (I)        0 (I) 
           Arrival:=   52000        10000     
                                              
             Setup:-     486                  
       Uncertainty:-     500                  
     Required Time:=   51014                  
      Launch Clock:-   10000                  
       Input Delay:-       0                  
         Data Path:-    1403                  
             Slack:=   39612                  

Exceptions/Constraints:
  input_delay              0              create_clock_delay_domain_1_CLK1_R_0_1 

#----------------------------------------------------------------------------------------------------------------------------------------------
#                            Timing Point                             Flags    Arc   Edge   Cell     Fanout  Load Trans Delay Arrival Instance 
#                                                                                                            (fF)  (ps)  (ps)   (ps)  Location 
#----------------------------------------------------------------------------------------------------------------------------------------------
  CLK                                                                 -       -      R     (arrival)      1 100.0 10000     0   10000    (-,-) 
  ipad_CLK/C                                                          (i,u,P) PAD->C R     PADIN       3520   0.0     0  1403   11403    (-,-) 
  u_DCT/tposemem/Bisted_RF_2P_ADV64x16/RF_2P_ADV64x16_u0/SRAM_i0/CLKA (P)     -      R     rf_2p_hse   3520     -     -     0   11403    (-,-) 
#----------------------------------------------------------------------------------------------------------------------------------------------

(P) : Instance is preserved
(u) : Net has unmapped pin(s).
(i) : Net is ideal.



Path 5: MET (46324 ps) Setup Check with Pin u_IDCT/tposemem/Bisted_RF_2P_ADV64x16/RF_2P_ADV64x16_u0/SRAM_i0/CLKB->DB[15]
           Mode: scan_mode
          Group: C2C_scan_mode
     Startpoint: (R) d_DoDCT_reg/clk
          Clock: (R) CLK1
       Endpoint: (F) u_IDCT/tposemem/Bisted_RF_2P_ADV64x16/RF_2P_ADV64x16_u0/SRAM_i0/DB[15]
          Clock: (F) CLK1

                     Capture       Launch     
        Clock Edge:+   50000            0     
       Src Latency:+       0            0     
       Net Latency:+    2000 (I)     2000 (I) 
           Arrival:=   52000         2000     
                                              
             Setup:-     223                  
       Uncertainty:-     500                  
     Required Time:=   51277                  
      Launch Clock:-    2000                  
         Data Path:-    2953                  
             Slack:=   46324                  

#--------------------------------------------------------------------------------------------------------------------------------------------------------
#                             Timing Point                               Flags     Arc    Edge      Cell        Fanout Load Trans Delay Arrival Instance 
#                                                                                                                      (fF)  (ps)  (ps)   (ps)  Location 
#--------------------------------------------------------------------------------------------------------------------------------------------------------
  d_DoDCT_reg/clk                                                        -       -        R     (arrival)         3520    -     0     -    2000    (-,-) 
  d_DoDCT_reg/q                                                          (u)     clk->q   R     unmapped_d_flop    102 45.1     0   506    2506    (-,-) 
  g10/z                                                                  (u)     in_0->z  F     unmapped_not       101 41.8     0   161    2668    (-,-) 
  u_IDCT/IDRU8/g177/z                                                    (u)     in_0->z  R     unmapped_not        76 36.9     0   151    2818    (-,-) 
  u_IDCT/IDRU8/mux_29_41/g2/z                                            (u)     sel0->z  F     unmapped_bmux3       2  7.6     0   137    2956    (-,-) 
  u_IDCT/IDRU8/g179/z                                                    (u)     in_0->z  R     unmapped_not         2  8.2     0    54    3009    (-,-) 
  u_IDCT/IDRU8/g168/z                                                    (u)     in_1->z  F     unmapped_nand2       1  3.8     0    60    3069    (-,-) 
  u_IDCT/IDRU8/g169/z                                                    (u)     in_0->z  R     unmapped_not        18 73.8     0   130    3199    (-,-) 
  u_IDCT/IDRU8/mux_71_50/g17/z                                           (u)     sel0->z  R     unmapped_bmux3       1  4.1     0   122    3321    (-,-) 
  u_IDCT/IDRU8/mux_70_50/g17/z                                           (u)     data0->z R     unmapped_bmux3       1  4.1     0   122    3443    (-,-) 
  u_IDCT/IDRU8/mux_69_50/g17/z                                           (u)     data0->z R     unmapped_bmux3       4 16.4     0   166    3608    (-,-) 
  u_IDCT/IDRU8/add_86_45/g6/z                                            (u)     in_0->z  F     unmapped_nor2        1  3.8     0    60    3668    (-,-) 
  u_IDCT/IDRU8/add_86_45/g40/z                                           (u)     in_0->z  R     unmapped_not         2  8.2     0    54    3722    (-,-) 
  u_IDCT/IDRU8/add_86_45/g41/z                                           (u)     in_1->z  F     unmapped_nand2       1  3.8     0    60    3782    (-,-) 
  u_IDCT/IDRU8/add_86_45/g42/z                                           (u)     in_1->z  R     unmapped_nand2       3 12.3     0    90    3872    (-,-) 
  u_IDCT/IDRU8/add_86_45/g78/z                                           (u)     in_1->z  F     unmapped_nand2       1  3.8     0    60    3932    (-,-) 
  u_IDCT/IDRU8/add_86_45/g79/z                                           (u)     in_1->z  R     unmapped_nand2       5 20.5     0   111    4043    (-,-) 
  u_IDCT/IDRU8/add_86_45/g119/z                                          (u)     in_0->z  F     unmapped_nand2       1  3.8     0    60    4103    (-,-) 
  u_IDCT/IDRU8/add_86_45/g120/z                                          (u)     in_1->z  R     unmapped_nand2       9 36.9     0   122    4226    (-,-) 
  u_IDCT/IDRU8/add_86_45/g155/z                                          (u)     in_1->z  F     unmapped_nand2       1  3.8     0    60    4286    (-,-) 
  u_IDCT/IDRU8/add_86_45/g156/z                                          (u)     in_1->z  R     unmapped_nand2       2  8.2     0    76    4362    (-,-) 
  u_IDCT/IDRU8/add_86_45/g158/z                                          (u)     in_0->z  F     unmapped_nand2       1  3.8     0    60    4422    (-,-) 
  u_IDCT/IDRU8/add_86_45/g159/z                                          (u)     in_1->z  R     unmapped_nand2       1  4.1     0    60    4482    (-,-) 
  u_IDCT/IDRU8/add_86_45/g204/z                                          (u)     in_0->z  F     unmapped_xnor2       1  3.8     0   122    4604    (-,-) 
  u_IDCT/IDRU8/mux_89_39/g1/z                                            (u)     data0->z F     unmapped_bmux3       1  3.8     0   122    4726    (-,-) 
  u_IDCT/IDRU8/mux_112_29/g1/z                                           (u)     data1->z F     unmapped_bmux3       1  3.8     0   122    4847    (-,-) 
  u_IDCT/tposemem/Bisted_RF_2P_ADV64x16/RF_2P_ADV64x16_u0/mux_46_19/g1/z (u)     data0->z F     unmapped_bmux3       1  2.6     0   106    4953    (-,-) 
  u_IDCT/tposemem/Bisted_RF_2P_ADV64x16/RF_2P_ADV64x16_u0/SRAM_i0/DB[15] (P)     -        F     rf_2p_hse            1    -     -     0    4953    (-,-) 
#--------------------------------------------------------------------------------------------------------------------------------------------------------

(P) : Instance is preserved
(u) : Net has unmapped pin(s).



Path 6: MET (46444 ps) Setup Check with Pin u_IDCT/tposemem/Bisted_RF_2P_ADV64x16/RF_2P_ADV64x16_u0/SRAM_i0/CLKB->DB[7]
           Mode: scan_mode
          Group: C2C_scan_mode
     Startpoint: (R) d_DoDCT_reg/clk
          Clock: (R) CLK1
       Endpoint: (F) u_IDCT/tposemem/Bisted_RF_2P_ADV64x16/RF_2P_ADV64x16_u0/SRAM_i0/DB[7]
          Clock: (F) CLK1

                     Capture       Launch     
        Clock Edge:+   50000            0     
       Src Latency:+       0            0     
       Net Latency:+    2000 (I)     2000 (I) 
           Arrival:=   52000         2000     
                                              
             Setup:-     223                  
       Uncertainty:-     500                  
     Required Time:=   51277                  
      Launch Clock:-    2000                  
         Data Path:-    2832                  
             Slack:=   46444                  

#--------------------------------------------------------------------------------------------------------------------------------------------------------
#                             Timing Point                               Flags     Arc    Edge      Cell        Fanout Load Trans Delay Arrival Instance 
#                                                                                                                      (fF)  (ps)  (ps)   (ps)  Location 
#--------------------------------------------------------------------------------------------------------------------------------------------------------
  d_DoDCT_reg/clk                                                        -       -        R     (arrival)         3520    -     0     -    2000    (-,-) 
  d_DoDCT_reg/q                                                          (u)     clk->q   R     unmapped_d_flop    102 45.1     0   506    2506    (-,-) 
  g10/z                                                                  (u)     in_0->z  F     unmapped_not       101 41.8     0   161    2668    (-,-) 
  u_IDCT/IDRU8/g177/z                                                    (u)     in_0->z  R     unmapped_not        76 36.9     0   151    2818    (-,-) 
  u_IDCT/IDRU8/mux_29_41/g2/z                                            (u)     sel0->z  F     unmapped_bmux3       2  7.6     0   137    2956    (-,-) 
  u_IDCT/IDRU8/g179/z                                                    (u)     in_0->z  R     unmapped_not         2  8.2     0    54    3009    (-,-) 
  u_IDCT/IDRU8/g168/z                                                    (u)     in_1->z  F     unmapped_nand2       1  3.8     0    60    3069    (-,-) 
  u_IDCT/IDRU8/g169/z                                                    (u)     in_0->z  R     unmapped_not        18 73.8     0   130    3199    (-,-) 
  u_IDCT/IDRU8/mux_71_50/g17/z                                           (u)     sel0->z  R     unmapped_bmux3       1  4.1     0   122    3321    (-,-) 
  u_IDCT/IDRU8/mux_70_50/g17/z                                           (u)     data0->z R     unmapped_bmux3       1  4.1     0   122    3443    (-,-) 
  u_IDCT/IDRU8/mux_69_50/g17/z                                           (u)     data0->z R     unmapped_bmux3       4 16.4     0   166    3608    (-,-) 
  u_IDCT/IDRU8/add_86_45/g6/z                                            (u)     in_0->z  F     unmapped_nor2        1  3.8     0    60    3668    (-,-) 
  u_IDCT/IDRU8/add_86_45/g40/z                                           (u)     in_0->z  R     unmapped_not         2  8.2     0    54    3722    (-,-) 
  u_IDCT/IDRU8/add_86_45/g41/z                                           (u)     in_1->z  F     unmapped_nand2       1  3.8     0    60    3782    (-,-) 
  u_IDCT/IDRU8/add_86_45/g42/z                                           (u)     in_1->z  R     unmapped_nand2       3 12.3     0    90    3872    (-,-) 
  u_IDCT/IDRU8/add_86_45/g78/z                                           (u)     in_1->z  F     unmapped_nand2       1  3.8     0    60    3932    (-,-) 
  u_IDCT/IDRU8/add_86_45/g79/z                                           (u)     in_1->z  R     unmapped_nand2       5 20.5     0   111    4043    (-,-) 
  u_IDCT/IDRU8/add_86_45/g119/z                                          (u)     in_0->z  F     unmapped_nand2       1  3.8     0    60    4103    (-,-) 
  u_IDCT/IDRU8/add_86_45/g120/z                                          (u)     in_1->z  R     unmapped_nand2       9 36.9     0   122    4226    (-,-) 
  u_IDCT/IDRU8/add_86_45/g139/z                                          (u)     in_0->z  F     unmapped_nand2       1  3.8     0    60    4286    (-,-) 
  u_IDCT/IDRU8/add_86_45/g140/z                                          (u)     in_1->z  R     unmapped_nand2       1  4.1     0    60    4346    (-,-) 
  u_IDCT/IDRU8/add_86_45/g183/z                                          (u)     in_0->z  F     unmapped_xnor2       1  3.8     0   122    4468    (-,-) 
  u_IDCT/IDRU8/mux_89_39/g9/z                                            (u)     data0->z F     unmapped_bmux3       2  7.6     0   137    4605    (-,-) 
  u_IDCT/IDRU8/mux_112_29/g9/z                                           (u)     data1->z F     unmapped_bmux3       1  3.8     0   122    4727    (-,-) 
  u_IDCT/tposemem/Bisted_RF_2P_ADV64x16/RF_2P_ADV64x16_u0/mux_46_19/g9/z (u)     data0->z F     unmapped_bmux3       1  2.6     0   106    4832    (-,-) 
  u_IDCT/tposemem/Bisted_RF_2P_ADV64x16/RF_2P_ADV64x16_u0/SRAM_i0/DB[7]  (P)     -        F     rf_2p_hse            1    -     -     0    4832    (-,-) 
#--------------------------------------------------------------------------------------------------------------------------------------------------------

(P) : Instance is preserved
(u) : Net has unmapped pin(s).



Path 7: MET (46444 ps) Setup Check with Pin u_IDCT/tposemem/Bisted_RF_2P_ADV64x16/RF_2P_ADV64x16_u0/SRAM_i0/CLKB->DB[8]
           Mode: scan_mode
          Group: C2C_scan_mode
     Startpoint: (R) d_DoDCT_reg/clk
          Clock: (R) CLK1
       Endpoint: (F) u_IDCT/tposemem/Bisted_RF_2P_ADV64x16/RF_2P_ADV64x16_u0/SRAM_i0/DB[8]
          Clock: (F) CLK1

                     Capture       Launch     
        Clock Edge:+   50000            0     
       Src Latency:+       0            0     
       Net Latency:+    2000 (I)     2000 (I) 
           Arrival:=   52000         2000     
                                              
             Setup:-     223                  
       Uncertainty:-     500                  
     Required Time:=   51277                  
      Launch Clock:-    2000                  
         Data Path:-    2832                  
             Slack:=   46444                  

#--------------------------------------------------------------------------------------------------------------------------------------------------------
#                             Timing Point                               Flags     Arc    Edge      Cell        Fanout Load Trans Delay Arrival Instance 
#                                                                                                                      (fF)  (ps)  (ps)   (ps)  Location 
#--------------------------------------------------------------------------------------------------------------------------------------------------------
  d_DoDCT_reg/clk                                                        -       -        R     (arrival)         3520    -     0     -    2000    (-,-) 
  d_DoDCT_reg/q                                                          (u)     clk->q   R     unmapped_d_flop    102 45.1     0   506    2506    (-,-) 
  g10/z                                                                  (u)     in_0->z  F     unmapped_not       101 41.8     0   161    2668    (-,-) 
  u_IDCT/IDRU8/g177/z                                                    (u)     in_0->z  R     unmapped_not        76 36.9     0   151    2818    (-,-) 
  u_IDCT/IDRU8/mux_29_41/g2/z                                            (u)     sel0->z  F     unmapped_bmux3       2  7.6     0   137    2956    (-,-) 
  u_IDCT/IDRU8/g179/z                                                    (u)     in_0->z  R     unmapped_not         2  8.2     0    54    3009    (-,-) 
  u_IDCT/IDRU8/g168/z                                                    (u)     in_1->z  F     unmapped_nand2       1  3.8     0    60    3069    (-,-) 
  u_IDCT/IDRU8/g169/z                                                    (u)     in_0->z  R     unmapped_not        18 73.8     0   130    3199    (-,-) 
  u_IDCT/IDRU8/mux_71_50/g17/z                                           (u)     sel0->z  R     unmapped_bmux3       1  4.1     0   122    3321    (-,-) 
  u_IDCT/IDRU8/mux_70_50/g17/z                                           (u)     data0->z R     unmapped_bmux3       1  4.1     0   122    3443    (-,-) 
  u_IDCT/IDRU8/mux_69_50/g17/z                                           (u)     data0->z R     unmapped_bmux3       4 16.4     0   166    3608    (-,-) 
  u_IDCT/IDRU8/add_86_45/g6/z                                            (u)     in_0->z  F     unmapped_nor2        1  3.8     0    60    3668    (-,-) 
  u_IDCT/IDRU8/add_86_45/g40/z                                           (u)     in_0->z  R     unmapped_not         2  8.2     0    54    3722    (-,-) 
  u_IDCT/IDRU8/add_86_45/g41/z                                           (u)     in_1->z  F     unmapped_nand2       1  3.8     0    60    3782    (-,-) 
  u_IDCT/IDRU8/add_86_45/g42/z                                           (u)     in_1->z  R     unmapped_nand2       3 12.3     0    90    3872    (-,-) 
  u_IDCT/IDRU8/add_86_45/g78/z                                           (u)     in_1->z  F     unmapped_nand2       1  3.8     0    60    3932    (-,-) 
  u_IDCT/IDRU8/add_86_45/g79/z                                           (u)     in_1->z  R     unmapped_nand2       5 20.5     0   111    4043    (-,-) 
  u_IDCT/IDRU8/add_86_45/g119/z                                          (u)     in_0->z  F     unmapped_nand2       1  3.8     0    60    4103    (-,-) 
  u_IDCT/IDRU8/add_86_45/g120/z                                          (u)     in_1->z  R     unmapped_nand2       9 36.9     0   122    4226    (-,-) 
  u_IDCT/IDRU8/add_86_45/g141/z                                          (u)     in_1->z  F     unmapped_nand2       1  3.8     0    60    4286    (-,-) 
  u_IDCT/IDRU8/add_86_45/g142/z                                          (u)     in_1->z  R     unmapped_nand2       1  4.1     0    60    4346    (-,-) 
  u_IDCT/IDRU8/add_86_45/g185/z                                          (u)     in_0->z  F     unmapped_xnor2       1  3.8     0   122    4468    (-,-) 
  u_IDCT/IDRU8/mux_89_39/g8/z                                            (u)     data0->z F     unmapped_bmux3       2  7.6     0   137    4605    (-,-) 
  u_IDCT/IDRU8/mux_112_29/g8/z                                           (u)     data1->z F     unmapped_bmux3       1  3.8     0   122    4727    (-,-) 
  u_IDCT/tposemem/Bisted_RF_2P_ADV64x16/RF_2P_ADV64x16_u0/mux_46_19/g8/z (u)     data0->z F     unmapped_bmux3       1  2.6     0   106    4832    (-,-) 
  u_IDCT/tposemem/Bisted_RF_2P_ADV64x16/RF_2P_ADV64x16_u0/SRAM_i0/DB[8]  (P)     -        F     rf_2p_hse            1    -     -     0    4832    (-,-) 
#--------------------------------------------------------------------------------------------------------------------------------------------------------

(P) : Instance is preserved
(u) : Net has unmapped pin(s).



Path 8: MET (46444 ps) Setup Check with Pin u_IDCT/tposemem/Bisted_RF_2P_ADV64x16/RF_2P_ADV64x16_u0/SRAM_i0/CLKB->DB[9]
           Mode: scan_mode
          Group: C2C_scan_mode
     Startpoint: (R) d_DoDCT_reg/clk
          Clock: (R) CLK1
       Endpoint: (F) u_IDCT/tposemem/Bisted_RF_2P_ADV64x16/RF_2P_ADV64x16_u0/SRAM_i0/DB[9]
          Clock: (F) CLK1

                     Capture       Launch     
        Clock Edge:+   50000            0     
       Src Latency:+       0            0     
       Net Latency:+    2000 (I)     2000 (I) 
           Arrival:=   52000         2000     
                                              
             Setup:-     223                  
       Uncertainty:-     500                  
     Required Time:=   51277                  
      Launch Clock:-    2000                  
         Data Path:-    2832                  
             Slack:=   46444                  

#--------------------------------------------------------------------------------------------------------------------------------------------------------
#                             Timing Point                               Flags     Arc    Edge      Cell        Fanout Load Trans Delay Arrival Instance 
#                                                                                                                      (fF)  (ps)  (ps)   (ps)  Location 
#--------------------------------------------------------------------------------------------------------------------------------------------------------
  d_DoDCT_reg/clk                                                        -       -        R     (arrival)         3520    -     0     -    2000    (-,-) 
  d_DoDCT_reg/q                                                          (u)     clk->q   R     unmapped_d_flop    102 45.1     0   506    2506    (-,-) 
  g10/z                                                                  (u)     in_0->z  F     unmapped_not       101 41.8     0   161    2668    (-,-) 
  u_IDCT/IDRU8/g177/z                                                    (u)     in_0->z  R     unmapped_not        76 36.9     0   151    2818    (-,-) 
  u_IDCT/IDRU8/mux_29_41/g2/z                                            (u)     sel0->z  F     unmapped_bmux3       2  7.6     0   137    2956    (-,-) 
  u_IDCT/IDRU8/g179/z                                                    (u)     in_0->z  R     unmapped_not         2  8.2     0    54    3009    (-,-) 
  u_IDCT/IDRU8/g168/z                                                    (u)     in_1->z  F     unmapped_nand2       1  3.8     0    60    3069    (-,-) 
  u_IDCT/IDRU8/g169/z                                                    (u)     in_0->z  R     unmapped_not        18 73.8     0   130    3199    (-,-) 
  u_IDCT/IDRU8/mux_71_50/g17/z                                           (u)     sel0->z  R     unmapped_bmux3       1  4.1     0   122    3321    (-,-) 
  u_IDCT/IDRU8/mux_70_50/g17/z                                           (u)     data0->z R     unmapped_bmux3       1  4.1     0   122    3443    (-,-) 
  u_IDCT/IDRU8/mux_69_50/g17/z                                           (u)     data0->z R     unmapped_bmux3       4 16.4     0   166    3608    (-,-) 
  u_IDCT/IDRU8/add_86_45/g6/z                                            (u)     in_0->z  F     unmapped_nor2        1  3.8     0    60    3668    (-,-) 
  u_IDCT/IDRU8/add_86_45/g40/z                                           (u)     in_0->z  R     unmapped_not         2  8.2     0    54    3722    (-,-) 
  u_IDCT/IDRU8/add_86_45/g41/z                                           (u)     in_1->z  F     unmapped_nand2       1  3.8     0    60    3782    (-,-) 
  u_IDCT/IDRU8/add_86_45/g42/z                                           (u)     in_1->z  R     unmapped_nand2       3 12.3     0    90    3872    (-,-) 
  u_IDCT/IDRU8/add_86_45/g78/z                                           (u)     in_1->z  F     unmapped_nand2       1  3.8     0    60    3932    (-,-) 
  u_IDCT/IDRU8/add_86_45/g79/z                                           (u)     in_1->z  R     unmapped_nand2       5 20.5     0   111    4043    (-,-) 
  u_IDCT/IDRU8/add_86_45/g119/z                                          (u)     in_0->z  F     unmapped_nand2       1  3.8     0    60    4103    (-,-) 
  u_IDCT/IDRU8/add_86_45/g120/z                                          (u)     in_1->z  R     unmapped_nand2       9 36.9     0   122    4226    (-,-) 
  u_IDCT/IDRU8/add_86_45/g144/z                                          (u)     in_0->z  F     unmapped_nand2       1  3.8     0    60    4286    (-,-) 
  u_IDCT/IDRU8/add_86_45/g145/z                                          (u)     in_1->z  R     unmapped_nand2       1  4.1     0    60    4346    (-,-) 
  u_IDCT/IDRU8/add_86_45/g188/z                                          (u)     in_0->z  F     unmapped_xnor2       1  3.8     0   122    4468    (-,-) 
  u_IDCT/IDRU8/mux_89_39/g7/z                                            (u)     data0->z F     unmapped_bmux3       2  7.6     0   137    4605    (-,-) 
  u_IDCT/IDRU8/mux_112_29/g7/z                                           (u)     data1->z F     unmapped_bmux3       1  3.8     0   122    4727    (-,-) 
  u_IDCT/tposemem/Bisted_RF_2P_ADV64x16/RF_2P_ADV64x16_u0/mux_46_19/g7/z (u)     data0->z F     unmapped_bmux3       1  2.6     0   106    4832    (-,-) 
  u_IDCT/tposemem/Bisted_RF_2P_ADV64x16/RF_2P_ADV64x16_u0/SRAM_i0/DB[9]  (P)     -        F     rf_2p_hse            1    -     -     0    4832    (-,-) 
#--------------------------------------------------------------------------------------------------------------------------------------------------------

(P) : Instance is preserved
(u) : Net has unmapped pin(s).



Path 9: MET (46444 ps) Setup Check with Pin u_IDCT/tposemem/Bisted_RF_2P_ADV64x16/RF_2P_ADV64x16_u0/SRAM_i0/CLKB->DB[10]
           Mode: scan_mode
          Group: C2C_scan_mode
     Startpoint: (R) d_DoDCT_reg/clk
          Clock: (R) CLK1
       Endpoint: (F) u_IDCT/tposemem/Bisted_RF_2P_ADV64x16/RF_2P_ADV64x16_u0/SRAM_i0/DB[10]
          Clock: (F) CLK1

                     Capture       Launch     
        Clock Edge:+   50000            0     
       Src Latency:+       0            0     
       Net Latency:+    2000 (I)     2000 (I) 
           Arrival:=   52000         2000     
                                              
             Setup:-     223                  
       Uncertainty:-     500                  
     Required Time:=   51277                  
      Launch Clock:-    2000                  
         Data Path:-    2832                  
             Slack:=   46444                  

#--------------------------------------------------------------------------------------------------------------------------------------------------------
#                             Timing Point                               Flags     Arc    Edge      Cell        Fanout Load Trans Delay Arrival Instance 
#                                                                                                                      (fF)  (ps)  (ps)   (ps)  Location 
#--------------------------------------------------------------------------------------------------------------------------------------------------------
  d_DoDCT_reg/clk                                                        -       -        R     (arrival)         3520    -     0     -    2000    (-,-) 
  d_DoDCT_reg/q                                                          (u)     clk->q   R     unmapped_d_flop    102 45.1     0   506    2506    (-,-) 
  g10/z                                                                  (u)     in_0->z  F     unmapped_not       101 41.8     0   161    2668    (-,-) 
  u_IDCT/IDRU8/g177/z                                                    (u)     in_0->z  R     unmapped_not        76 36.9     0   151    2818    (-,-) 
  u_IDCT/IDRU8/mux_29_41/g2/z                                            (u)     sel0->z  F     unmapped_bmux3       2  7.6     0   137    2956    (-,-) 
  u_IDCT/IDRU8/g179/z                                                    (u)     in_0->z  R     unmapped_not         2  8.2     0    54    3009    (-,-) 
  u_IDCT/IDRU8/g168/z                                                    (u)     in_1->z  F     unmapped_nand2       1  3.8     0    60    3069    (-,-) 
  u_IDCT/IDRU8/g169/z                                                    (u)     in_0->z  R     unmapped_not        18 73.8     0   130    3199    (-,-) 
  u_IDCT/IDRU8/mux_71_50/g17/z                                           (u)     sel0->z  R     unmapped_bmux3       1  4.1     0   122    3321    (-,-) 
  u_IDCT/IDRU8/mux_70_50/g17/z                                           (u)     data0->z R     unmapped_bmux3       1  4.1     0   122    3443    (-,-) 
  u_IDCT/IDRU8/mux_69_50/g17/z                                           (u)     data0->z R     unmapped_bmux3       4 16.4     0   166    3608    (-,-) 
  u_IDCT/IDRU8/add_86_45/g6/z                                            (u)     in_0->z  F     unmapped_nor2        1  3.8     0    60    3668    (-,-) 
  u_IDCT/IDRU8/add_86_45/g40/z                                           (u)     in_0->z  R     unmapped_not         2  8.2     0    54    3722    (-,-) 
  u_IDCT/IDRU8/add_86_45/g41/z                                           (u)     in_1->z  F     unmapped_nand2       1  3.8     0    60    3782    (-,-) 
  u_IDCT/IDRU8/add_86_45/g42/z                                           (u)     in_1->z  R     unmapped_nand2       3 12.3     0    90    3872    (-,-) 
  u_IDCT/IDRU8/add_86_45/g78/z                                           (u)     in_1->z  F     unmapped_nand2       1  3.8     0    60    3932    (-,-) 
  u_IDCT/IDRU8/add_86_45/g79/z                                           (u)     in_1->z  R     unmapped_nand2       5 20.5     0   111    4043    (-,-) 
  u_IDCT/IDRU8/add_86_45/g119/z                                          (u)     in_0->z  F     unmapped_nand2       1  3.8     0    60    4103    (-,-) 
  u_IDCT/IDRU8/add_86_45/g120/z                                          (u)     in_1->z  R     unmapped_nand2       9 36.9     0   122    4226    (-,-) 
  u_IDCT/IDRU8/add_86_45/g147/z                                          (u)     in_0->z  F     unmapped_nand2       1  3.8     0    60    4286    (-,-) 
  u_IDCT/IDRU8/add_86_45/g148/z                                          (u)     in_1->z  R     unmapped_nand2       1  4.1     0    60    4346    (-,-) 
  u_IDCT/IDRU8/add_86_45/g191/z                                          (u)     in_0->z  F     unmapped_xnor2       1  3.8     0   122    4468    (-,-) 
  u_IDCT/IDRU8/mux_89_39/g6/z                                            (u)     data0->z F     unmapped_bmux3       2  7.6     0   137    4605    (-,-) 
  u_IDCT/IDRU8/mux_112_29/g6/z                                           (u)     data1->z F     unmapped_bmux3       1  3.8     0   122    4727    (-,-) 
  u_IDCT/tposemem/Bisted_RF_2P_ADV64x16/RF_2P_ADV64x16_u0/mux_46_19/g6/z (u)     data0->z F     unmapped_bmux3       1  2.6     0   106    4832    (-,-) 
  u_IDCT/tposemem/Bisted_RF_2P_ADV64x16/RF_2P_ADV64x16_u0/SRAM_i0/DB[10] (P)     -        F     rf_2p_hse            1    -     -     0    4832    (-,-) 
#--------------------------------------------------------------------------------------------------------------------------------------------------------

(P) : Instance is preserved
(u) : Net has unmapped pin(s).



Path 10: MET (46444 ps) Setup Check with Pin u_IDCT/tposemem/Bisted_RF_2P_ADV64x16/RF_2P_ADV64x16_u0/SRAM_i0/CLKB->DB[11]
           Mode: scan_mode
          Group: C2C_scan_mode
     Startpoint: (R) d_DoDCT_reg/clk
          Clock: (R) CLK1
       Endpoint: (F) u_IDCT/tposemem/Bisted_RF_2P_ADV64x16/RF_2P_ADV64x16_u0/SRAM_i0/DB[11]
          Clock: (F) CLK1

                     Capture       Launch     
        Clock Edge:+   50000            0     
       Src Latency:+       0            0     
       Net Latency:+    2000 (I)     2000 (I) 
           Arrival:=   52000         2000     
                                              
             Setup:-     223                  
       Uncertainty:-     500                  
     Required Time:=   51277                  
      Launch Clock:-    2000                  
         Data Path:-    2832                  
             Slack:=   46444                  

#--------------------------------------------------------------------------------------------------------------------------------------------------------
#                             Timing Point                               Flags     Arc    Edge      Cell        Fanout Load Trans Delay Arrival Instance 
#                                                                                                                      (fF)  (ps)  (ps)   (ps)  Location 
#--------------------------------------------------------------------------------------------------------------------------------------------------------
  d_DoDCT_reg/clk                                                        -       -        R     (arrival)         3520    -     0     -    2000    (-,-) 
  d_DoDCT_reg/q                                                          (u)     clk->q   R     unmapped_d_flop    102 45.1     0   506    2506    (-,-) 
  g10/z                                                                  (u)     in_0->z  F     unmapped_not       101 41.8     0   161    2668    (-,-) 
  u_IDCT/IDRU8/g177/z                                                    (u)     in_0->z  R     unmapped_not        76 36.9     0   151    2818    (-,-) 
  u_IDCT/IDRU8/mux_29_41/g2/z                                            (u)     sel0->z  F     unmapped_bmux3       2  7.6     0   137    2956    (-,-) 
  u_IDCT/IDRU8/g179/z                                                    (u)     in_0->z  R     unmapped_not         2  8.2     0    54    3009    (-,-) 
  u_IDCT/IDRU8/g168/z                                                    (u)     in_1->z  F     unmapped_nand2       1  3.8     0    60    3069    (-,-) 
  u_IDCT/IDRU8/g169/z                                                    (u)     in_0->z  R     unmapped_not        18 73.8     0   130    3199    (-,-) 
  u_IDCT/IDRU8/mux_71_50/g17/z                                           (u)     sel0->z  R     unmapped_bmux3       1  4.1     0   122    3321    (-,-) 
  u_IDCT/IDRU8/mux_70_50/g17/z                                           (u)     data0->z R     unmapped_bmux3       1  4.1     0   122    3443    (-,-) 
  u_IDCT/IDRU8/mux_69_50/g17/z                                           (u)     data0->z R     unmapped_bmux3       4 16.4     0   166    3608    (-,-) 
  u_IDCT/IDRU8/add_86_45/g6/z                                            (u)     in_0->z  F     unmapped_nor2        1  3.8     0    60    3668    (-,-) 
  u_IDCT/IDRU8/add_86_45/g40/z                                           (u)     in_0->z  R     unmapped_not         2  8.2     0    54    3722    (-,-) 
  u_IDCT/IDRU8/add_86_45/g41/z                                           (u)     in_1->z  F     unmapped_nand2       1  3.8     0    60    3782    (-,-) 
  u_IDCT/IDRU8/add_86_45/g42/z                                           (u)     in_1->z  R     unmapped_nand2       3 12.3     0    90    3872    (-,-) 
  u_IDCT/IDRU8/add_86_45/g78/z                                           (u)     in_1->z  F     unmapped_nand2       1  3.8     0    60    3932    (-,-) 
  u_IDCT/IDRU8/add_86_45/g79/z                                           (u)     in_1->z  R     unmapped_nand2       5 20.5     0   111    4043    (-,-) 
  u_IDCT/IDRU8/add_86_45/g119/z                                          (u)     in_0->z  F     unmapped_nand2       1  3.8     0    60    4103    (-,-) 
  u_IDCT/IDRU8/add_86_45/g120/z                                          (u)     in_1->z  R     unmapped_nand2       9 36.9     0   122    4226    (-,-) 
  u_IDCT/IDRU8/add_86_45/g149/z                                          (u)     in_1->z  F     unmapped_nand2       1  3.8     0    60    4286    (-,-) 
  u_IDCT/IDRU8/add_86_45/g150/z                                          (u)     in_1->z  R     unmapped_nand2       1  4.1     0    60    4346    (-,-) 
  u_IDCT/IDRU8/add_86_45/g194/z                                          (u)     in_0->z  F     unmapped_xnor2       1  3.8     0   122    4468    (-,-) 
  u_IDCT/IDRU8/mux_89_39/g5/z                                            (u)     data0->z F     unmapped_bmux3       2  7.6     0   137    4605    (-,-) 
  u_IDCT/IDRU8/mux_112_29/g5/z                                           (u)     data1->z F     unmapped_bmux3       1  3.8     0   122    4727    (-,-) 
  u_IDCT/tposemem/Bisted_RF_2P_ADV64x16/RF_2P_ADV64x16_u0/mux_46_19/g5/z (u)     data0->z F     unmapped_bmux3       1  2.6     0   106    4832    (-,-) 
  u_IDCT/tposemem/Bisted_RF_2P_ADV64x16/RF_2P_ADV64x16_u0/SRAM_i0/DB[11] (P)     -        F     rf_2p_hse            1    -     -     0    4832    (-,-) 
#--------------------------------------------------------------------------------------------------------------------------------------------------------

(P) : Instance is preserved
(u) : Net has unmapped pin(s).



Path 11: MET (46444 ps) Setup Check with Pin u_IDCT/tposemem/Bisted_RF_2P_ADV64x16/RF_2P_ADV64x16_u0/SRAM_i0/CLKB->DB[12]
           Mode: scan_mode
          Group: C2C_scan_mode
     Startpoint: (R) d_DoDCT_reg/clk
          Clock: (R) CLK1
       Endpoint: (F) u_IDCT/tposemem/Bisted_RF_2P_ADV64x16/RF_2P_ADV64x16_u0/SRAM_i0/DB[12]
          Clock: (F) CLK1

                     Capture       Launch     
        Clock Edge:+   50000            0     
       Src Latency:+       0            0     
       Net Latency:+    2000 (I)     2000 (I) 
           Arrival:=   52000         2000     
                                              
             Setup:-     223                  
       Uncertainty:-     500                  
     Required Time:=   51277                  
      Launch Clock:-    2000                  
         Data Path:-    2832                  
             Slack:=   46444                  

#--------------------------------------------------------------------------------------------------------------------------------------------------------
#                             Timing Point                               Flags     Arc    Edge      Cell        Fanout Load Trans Delay Arrival Instance 
#                                                                                                                      (fF)  (ps)  (ps)   (ps)  Location 
#--------------------------------------------------------------------------------------------------------------------------------------------------------
  d_DoDCT_reg/clk                                                        -       -        R     (arrival)         3520    -     0     -    2000    (-,-) 
  d_DoDCT_reg/q                                                          (u)     clk->q   R     unmapped_d_flop    102 45.1     0   506    2506    (-,-) 
  g10/z                                                                  (u)     in_0->z  F     unmapped_not       101 41.8     0   161    2668    (-,-) 
  u_IDCT/IDRU8/g177/z                                                    (u)     in_0->z  R     unmapped_not        76 36.9     0   151    2818    (-,-) 
  u_IDCT/IDRU8/mux_29_41/g2/z                                            (u)     sel0->z  F     unmapped_bmux3       2  7.6     0   137    2956    (-,-) 
  u_IDCT/IDRU8/g179/z                                                    (u)     in_0->z  R     unmapped_not         2  8.2     0    54    3009    (-,-) 
  u_IDCT/IDRU8/g168/z                                                    (u)     in_1->z  F     unmapped_nand2       1  3.8     0    60    3069    (-,-) 
  u_IDCT/IDRU8/g169/z                                                    (u)     in_0->z  R     unmapped_not        18 73.8     0   130    3199    (-,-) 
  u_IDCT/IDRU8/mux_71_50/g17/z                                           (u)     sel0->z  R     unmapped_bmux3       1  4.1     0   122    3321    (-,-) 
  u_IDCT/IDRU8/mux_70_50/g17/z                                           (u)     data0->z R     unmapped_bmux3       1  4.1     0   122    3443    (-,-) 
  u_IDCT/IDRU8/mux_69_50/g17/z                                           (u)     data0->z R     unmapped_bmux3       4 16.4     0   166    3608    (-,-) 
  u_IDCT/IDRU8/add_86_45/g6/z                                            (u)     in_0->z  F     unmapped_nor2        1  3.8     0    60    3668    (-,-) 
  u_IDCT/IDRU8/add_86_45/g40/z                                           (u)     in_0->z  R     unmapped_not         2  8.2     0    54    3722    (-,-) 
  u_IDCT/IDRU8/add_86_45/g41/z                                           (u)     in_1->z  F     unmapped_nand2       1  3.8     0    60    3782    (-,-) 
  u_IDCT/IDRU8/add_86_45/g42/z                                           (u)     in_1->z  R     unmapped_nand2       3 12.3     0    90    3872    (-,-) 
  u_IDCT/IDRU8/add_86_45/g78/z                                           (u)     in_1->z  F     unmapped_nand2       1  3.8     0    60    3932    (-,-) 
  u_IDCT/IDRU8/add_86_45/g79/z                                           (u)     in_1->z  R     unmapped_nand2       5 20.5     0   111    4043    (-,-) 
  u_IDCT/IDRU8/add_86_45/g119/z                                          (u)     in_0->z  F     unmapped_nand2       1  3.8     0    60    4103    (-,-) 
  u_IDCT/IDRU8/add_86_45/g120/z                                          (u)     in_1->z  R     unmapped_nand2       9 36.9     0   122    4226    (-,-) 
  u_IDCT/IDRU8/add_86_45/g151/z                                          (u)     in_1->z  F     unmapped_nand2       1  3.8     0    60    4286    (-,-) 
  u_IDCT/IDRU8/add_86_45/g152/z                                          (u)     in_1->z  R     unmapped_nand2       1  4.1     0    60    4346    (-,-) 
  u_IDCT/IDRU8/add_86_45/g196/z                                          (u)     in_0->z  F     unmapped_xnor2       1  3.8     0   122    4468    (-,-) 
  u_IDCT/IDRU8/mux_89_39/g4/z                                            (u)     data0->z F     unmapped_bmux3       2  7.6     0   137    4605    (-,-) 
  u_IDCT/IDRU8/mux_112_29/g4/z                                           (u)     data1->z F     unmapped_bmux3       1  3.8     0   122    4727    (-,-) 
  u_IDCT/tposemem/Bisted_RF_2P_ADV64x16/RF_2P_ADV64x16_u0/mux_46_19/g4/z (u)     data0->z F     unmapped_bmux3       1  2.6     0   106    4832    (-,-) 
  u_IDCT/tposemem/Bisted_RF_2P_ADV64x16/RF_2P_ADV64x16_u0/SRAM_i0/DB[12] (P)     -        F     rf_2p_hse            1    -     -     0    4832    (-,-) 
#--------------------------------------------------------------------------------------------------------------------------------------------------------

(P) : Instance is preserved
(u) : Net has unmapped pin(s).



Path 12: MET (46444 ps) Setup Check with Pin u_IDCT/tposemem/Bisted_RF_2P_ADV64x16/RF_2P_ADV64x16_u0/SRAM_i0/CLKB->DB[13]
           Mode: scan_mode
          Group: C2C_scan_mode
     Startpoint: (R) d_DoDCT_reg/clk
          Clock: (R) CLK1
       Endpoint: (F) u_IDCT/tposemem/Bisted_RF_2P_ADV64x16/RF_2P_ADV64x16_u0/SRAM_i0/DB[13]
          Clock: (F) CLK1

                     Capture       Launch     
        Clock Edge:+   50000            0     
       Src Latency:+       0            0     
       Net Latency:+    2000 (I)     2000 (I) 
           Arrival:=   52000         2000     
                                              
             Setup:-     223                  
       Uncertainty:-     500                  
     Required Time:=   51277                  
      Launch Clock:-    2000                  
         Data Path:-    2832                  
             Slack:=   46444                  

#--------------------------------------------------------------------------------------------------------------------------------------------------------
#                             Timing Point                               Flags     Arc    Edge      Cell        Fanout Load Trans Delay Arrival Instance 
#                                                                                                                      (fF)  (ps)  (ps)   (ps)  Location 
#--------------------------------------------------------------------------------------------------------------------------------------------------------
  d_DoDCT_reg/clk                                                        -       -        R     (arrival)         3520    -     0     -    2000    (-,-) 
  d_DoDCT_reg/q                                                          (u)     clk->q   R     unmapped_d_flop    102 45.1     0   506    2506    (-,-) 
  g10/z                                                                  (u)     in_0->z  F     unmapped_not       101 41.8     0   161    2668    (-,-) 
  u_IDCT/IDRU8/g177/z                                                    (u)     in_0->z  R     unmapped_not        76 36.9     0   151    2818    (-,-) 
  u_IDCT/IDRU8/mux_29_41/g2/z                                            (u)     sel0->z  F     unmapped_bmux3       2  7.6     0   137    2956    (-,-) 
  u_IDCT/IDRU8/g179/z                                                    (u)     in_0->z  R     unmapped_not         2  8.2     0    54    3009    (-,-) 
  u_IDCT/IDRU8/g168/z                                                    (u)     in_1->z  F     unmapped_nand2       1  3.8     0    60    3069    (-,-) 
  u_IDCT/IDRU8/g169/z                                                    (u)     in_0->z  R     unmapped_not        18 73.8     0   130    3199    (-,-) 
  u_IDCT/IDRU8/mux_71_50/g17/z                                           (u)     sel0->z  R     unmapped_bmux3       1  4.1     0   122    3321    (-,-) 
  u_IDCT/IDRU8/mux_70_50/g17/z                                           (u)     data0->z R     unmapped_bmux3       1  4.1     0   122    3443    (-,-) 
  u_IDCT/IDRU8/mux_69_50/g17/z                                           (u)     data0->z R     unmapped_bmux3       4 16.4     0   166    3608    (-,-) 
  u_IDCT/IDRU8/add_86_45/g6/z                                            (u)     in_0->z  F     unmapped_nor2        1  3.8     0    60    3668    (-,-) 
  u_IDCT/IDRU8/add_86_45/g40/z                                           (u)     in_0->z  R     unmapped_not         2  8.2     0    54    3722    (-,-) 
  u_IDCT/IDRU8/add_86_45/g41/z                                           (u)     in_1->z  F     unmapped_nand2       1  3.8     0    60    3782    (-,-) 
  u_IDCT/IDRU8/add_86_45/g42/z                                           (u)     in_1->z  R     unmapped_nand2       3 12.3     0    90    3872    (-,-) 
  u_IDCT/IDRU8/add_86_45/g78/z                                           (u)     in_1->z  F     unmapped_nand2       1  3.8     0    60    3932    (-,-) 
  u_IDCT/IDRU8/add_86_45/g79/z                                           (u)     in_1->z  R     unmapped_nand2       5 20.5     0   111    4043    (-,-) 
  u_IDCT/IDRU8/add_86_45/g119/z                                          (u)     in_0->z  F     unmapped_nand2       1  3.8     0    60    4103    (-,-) 
  u_IDCT/IDRU8/add_86_45/g120/z                                          (u)     in_1->z  R     unmapped_nand2       9 36.9     0   122    4226    (-,-) 
  u_IDCT/IDRU8/add_86_45/g153/z                                          (u)     in_1->z  F     unmapped_nand2       1  3.8     0    60    4286    (-,-) 
  u_IDCT/IDRU8/add_86_45/g154/z                                          (u)     in_1->z  R     unmapped_nand2       1  4.1     0    60    4346    (-,-) 
  u_IDCT/IDRU8/add_86_45/g199/z                                          (u)     in_0->z  F     unmapped_xnor2       1  3.8     0   122    4468    (-,-) 
  u_IDCT/IDRU8/mux_89_39/g3/z                                            (u)     data0->z F     unmapped_bmux3       2  7.6     0   137    4605    (-,-) 
  u_IDCT/IDRU8/mux_112_29/g3/z                                           (u)     data1->z F     unmapped_bmux3       1  3.8     0   122    4727    (-,-) 
  u_IDCT/tposemem/Bisted_RF_2P_ADV64x16/RF_2P_ADV64x16_u0/mux_46_19/g3/z (u)     data0->z F     unmapped_bmux3       1  2.6     0   106    4832    (-,-) 
  u_IDCT/tposemem/Bisted_RF_2P_ADV64x16/RF_2P_ADV64x16_u0/SRAM_i0/DB[13] (P)     -        F     rf_2p_hse            1    -     -     0    4832    (-,-) 
#--------------------------------------------------------------------------------------------------------------------------------------------------------

(P) : Instance is preserved
(u) : Net has unmapped pin(s).



Path 13: MET (46444 ps) Setup Check with Pin u_IDCT/tposemem/Bisted_RF_2P_ADV64x16/RF_2P_ADV64x16_u0/SRAM_i0/CLKB->DB[14]
           Mode: scan_mode
          Group: C2C_scan_mode
     Startpoint: (R) d_DoDCT_reg/clk
          Clock: (R) CLK1
       Endpoint: (F) u_IDCT/tposemem/Bisted_RF_2P_ADV64x16/RF_2P_ADV64x16_u0/SRAM_i0/DB[14]
          Clock: (F) CLK1

                     Capture       Launch     
        Clock Edge:+   50000            0     
       Src Latency:+       0            0     
       Net Latency:+    2000 (I)     2000 (I) 
           Arrival:=   52000         2000     
                                              
             Setup:-     223                  
       Uncertainty:-     500                  
     Required Time:=   51277                  
      Launch Clock:-    2000                  
         Data Path:-    2832                  
             Slack:=   46444                  

#--------------------------------------------------------------------------------------------------------------------------------------------------------
#                             Timing Point                               Flags     Arc    Edge      Cell        Fanout Load Trans Delay Arrival Instance 
#                                                                                                                      (fF)  (ps)  (ps)   (ps)  Location 
#--------------------------------------------------------------------------------------------------------------------------------------------------------
  d_DoDCT_reg/clk                                                        -       -        R     (arrival)         3520    -     0     -    2000    (-,-) 
  d_DoDCT_reg/q                                                          (u)     clk->q   R     unmapped_d_flop    102 45.1     0   506    2506    (-,-) 
  g10/z                                                                  (u)     in_0->z  F     unmapped_not       101 41.8     0   161    2668    (-,-) 
  u_IDCT/IDRU8/g177/z                                                    (u)     in_0->z  R     unmapped_not        76 36.9     0   151    2818    (-,-) 
  u_IDCT/IDRU8/mux_29_41/g2/z                                            (u)     sel0->z  F     unmapped_bmux3       2  7.6     0   137    2956    (-,-) 
  u_IDCT/IDRU8/g179/z                                                    (u)     in_0->z  R     unmapped_not         2  8.2     0    54    3009    (-,-) 
  u_IDCT/IDRU8/g168/z                                                    (u)     in_1->z  F     unmapped_nand2       1  3.8     0    60    3069    (-,-) 
  u_IDCT/IDRU8/g169/z                                                    (u)     in_0->z  R     unmapped_not        18 73.8     0   130    3199    (-,-) 
  u_IDCT/IDRU8/mux_71_50/g17/z                                           (u)     sel0->z  R     unmapped_bmux3       1  4.1     0   122    3321    (-,-) 
  u_IDCT/IDRU8/mux_70_50/g17/z                                           (u)     data0->z R     unmapped_bmux3       1  4.1     0   122    3443    (-,-) 
  u_IDCT/IDRU8/mux_69_50/g17/z                                           (u)     data0->z R     unmapped_bmux3       4 16.4     0   166    3608    (-,-) 
  u_IDCT/IDRU8/add_86_45/g6/z                                            (u)     in_0->z  F     unmapped_nor2        1  3.8     0    60    3668    (-,-) 
  u_IDCT/IDRU8/add_86_45/g40/z                                           (u)     in_0->z  R     unmapped_not         2  8.2     0    54    3722    (-,-) 
  u_IDCT/IDRU8/add_86_45/g41/z                                           (u)     in_1->z  F     unmapped_nand2       1  3.8     0    60    3782    (-,-) 
  u_IDCT/IDRU8/add_86_45/g42/z                                           (u)     in_1->z  R     unmapped_nand2       3 12.3     0    90    3872    (-,-) 
  u_IDCT/IDRU8/add_86_45/g78/z                                           (u)     in_1->z  F     unmapped_nand2       1  3.8     0    60    3932    (-,-) 
  u_IDCT/IDRU8/add_86_45/g79/z                                           (u)     in_1->z  R     unmapped_nand2       5 20.5     0   111    4043    (-,-) 
  u_IDCT/IDRU8/add_86_45/g119/z                                          (u)     in_0->z  F     unmapped_nand2       1  3.8     0    60    4103    (-,-) 
  u_IDCT/IDRU8/add_86_45/g120/z                                          (u)     in_1->z  R     unmapped_nand2       9 36.9     0   122    4226    (-,-) 
  u_IDCT/IDRU8/add_86_45/g155/z                                          (u)     in_1->z  F     unmapped_nand2       1  3.8     0    60    4286    (-,-) 
  u_IDCT/IDRU8/add_86_45/g156/z                                          (u)     in_1->z  R     unmapped_nand2       2  8.2     0    76    4362    (-,-) 
  u_IDCT/IDRU8/add_86_45/g201/z                                          (u)     in_0->z  F     unmapped_xnor2       1  3.8     0   122    4483    (-,-) 
  u_IDCT/IDRU8/mux_89_39/g2/z                                            (u)     data0->z F     unmapped_bmux3       1  3.8     0   122    4605    (-,-) 
  u_IDCT/IDRU8/mux_112_29/g2/z                                           (u)     data1->z F     unmapped_bmux3       1  3.8     0   122    4727    (-,-) 
  u_IDCT/tposemem/Bisted_RF_2P_ADV64x16/RF_2P_ADV64x16_u0/mux_46_19/g2/z (u)     data0->z F     unmapped_bmux3       1  2.6     0   106    4832    (-,-) 
  u_IDCT/tposemem/Bisted_RF_2P_ADV64x16/RF_2P_ADV64x16_u0/SRAM_i0/DB[14] (P)     -        F     rf_2p_hse            1    -     -     0    4832    (-,-) 
#--------------------------------------------------------------------------------------------------------------------------------------------------------

(P) : Instance is preserved
(u) : Net has unmapped pin(s).



Path 14: MET (46485 ps) Setup Check with Pin u_DCT/tposemem/Bisted_RF_2P_ADV64x16/RF_2P_ADV64x16_u0/SRAM_i0/CLKB->DB[15]
           Mode: scan_mode
          Group: C2C_scan_mode
     Startpoint: (R) d_DoDCT_reg/clk
          Clock: (R) CLK1
       Endpoint: (F) u_DCT/tposemem/Bisted_RF_2P_ADV64x16/RF_2P_ADV64x16_u0/SRAM_i0/DB[15]
          Clock: (F) CLK1

                     Capture       Launch     
        Clock Edge:+   50000            0     
       Src Latency:+       0            0     
       Net Latency:+    2000 (I)     2000 (I) 
           Arrival:=   52000         2000     
                                              
             Setup:-     223                  
       Uncertainty:-     500                  
     Required Time:=   51277                  
      Launch Clock:-    2000                  
         Data Path:-    2792                  
             Slack:=   46485                  

#-------------------------------------------------------------------------------------------------------------------------------------------------------
#                             Timing Point                              Flags     Arc    Edge      Cell        Fanout Load Trans Delay Arrival Instance 
#                                                                                                                     (fF)  (ps)  (ps)   (ps)  Location 
#-------------------------------------------------------------------------------------------------------------------------------------------------------
  d_DoDCT_reg/clk                                                       -       -        R     (arrival)         3520    -     0     -    2000    (-,-) 
  d_DoDCT_reg/q                                                         (u)     clk->q   F     unmapped_d_flop    102 41.8     0   506    2506    (-,-) 
  u_DCT/IDRU8/g177/z                                                    (u)     in_0->z  R     unmapped_not        76 36.9     0   151    2657    (-,-) 
  u_DCT/IDRU8/mux_29_41/g2/z                                            (u)     sel0->z  F     unmapped_bmux3       2  7.6     0   137    2794    (-,-) 
  u_DCT/IDRU8/g179/z                                                    (u)     in_0->z  R     unmapped_not         2  8.2     0    54    2848    (-,-) 
  u_DCT/IDRU8/g168/z                                                    (u)     in_1->z  F     unmapped_nand2       1  3.8     0    60    2908    (-,-) 
  u_DCT/IDRU8/g169/z                                                    (u)     in_0->z  R     unmapped_not        18 73.8     0   130    3038    (-,-) 
  u_DCT/IDRU8/mux_71_50/g17/z                                           (u)     sel0->z  R     unmapped_bmux3       1  4.1     0   122    3160    (-,-) 
  u_DCT/IDRU8/mux_70_50/g17/z                                           (u)     data0->z R     unmapped_bmux3       1  4.1     0   122    3281    (-,-) 
  u_DCT/IDRU8/mux_69_50/g17/z                                           (u)     data0->z R     unmapped_bmux3       4 16.4     0   166    3447    (-,-) 
  u_DCT/IDRU8/add_86_45/g6/z                                            (u)     in_0->z  F     unmapped_nor2        1  3.8     0    60    3507    (-,-) 
  u_DCT/IDRU8/add_86_45/g40/z                                           (u)     in_0->z  R     unmapped_not         2  8.2     0    54    3560    (-,-) 
  u_DCT/IDRU8/add_86_45/g41/z                                           (u)     in_1->z  F     unmapped_nand2       1  3.8     0    60    3621    (-,-) 
  u_DCT/IDRU8/add_86_45/g42/z                                           (u)     in_1->z  R     unmapped_nand2       3 12.3     0    90    3711    (-,-) 
  u_DCT/IDRU8/add_86_45/g78/z                                           (u)     in_1->z  F     unmapped_nand2       1  3.8     0    60    3771    (-,-) 
  u_DCT/IDRU8/add_86_45/g79/z                                           (u)     in_1->z  R     unmapped_nand2       5 20.5     0   111    3882    (-,-) 
  u_DCT/IDRU8/add_86_45/g119/z                                          (u)     in_0->z  F     unmapped_nand2       1  3.8     0    60    3942    (-,-) 
  u_DCT/IDRU8/add_86_45/g120/z                                          (u)     in_1->z  R     unmapped_nand2       9 36.9     0   122    4064    (-,-) 
  u_DCT/IDRU8/add_86_45/g155/z                                          (u)     in_1->z  F     unmapped_nand2       1  3.8     0    60    4125    (-,-) 
  u_DCT/IDRU8/add_86_45/g156/z                                          (u)     in_1->z  R     unmapped_nand2       2  8.2     0    76    4200    (-,-) 
  u_DCT/IDRU8/add_86_45/g158/z                                          (u)     in_0->z  F     unmapped_nand2       1  3.8     0    60    4260    (-,-) 
  u_DCT/IDRU8/add_86_45/g159/z                                          (u)     in_1->z  R     unmapped_nand2       1  4.1     0    60    4321    (-,-) 
  u_DCT/IDRU8/add_86_45/g204/z                                          (u)     in_0->z  F     unmapped_xnor2       1  3.8     0   122    4442    (-,-) 
  u_DCT/IDRU8/mux_89_39/g1/z                                            (u)     data0->z F     unmapped_bmux3       1  3.8     0   122    4564    (-,-) 
  u_DCT/IDRU8/mux_112_29/g1/z                                           (u)     data1->z F     unmapped_bmux3       1  3.8     0   122    4686    (-,-) 
  u_DCT/tposemem/Bisted_RF_2P_ADV64x16/RF_2P_ADV64x16_u0/mux_46_19/g1/z (u)     data0->z F     unmapped_bmux3       1  2.6     0   106    4792    (-,-) 
  u_DCT/tposemem/Bisted_RF_2P_ADV64x16/RF_2P_ADV64x16_u0/SRAM_i0/DB[15] (P)     -        F     rf_2p_hse            1    -     -     0    4792    (-,-) 
#-------------------------------------------------------------------------------------------------------------------------------------------------------

(P) : Instance is preserved
(u) : Net has unmapped pin(s).



Path 15: MET (46565 ps) Setup Check with Pin u_IDCT/tposemem/Bisted_RF_2P_ADV64x16/RF_2P_ADV64x16_u0/SRAM_i0/CLKB->DB[6]
           Mode: scan_mode
          Group: C2C_scan_mode
     Startpoint: (R) d_DoDCT_reg/clk
          Clock: (R) CLK1
       Endpoint: (F) u_IDCT/tposemem/Bisted_RF_2P_ADV64x16/RF_2P_ADV64x16_u0/SRAM_i0/DB[6]
          Clock: (F) CLK1

                     Capture       Launch     
        Clock Edge:+   50000            0     
       Src Latency:+       0            0     
       Net Latency:+    2000 (I)     2000 (I) 
           Arrival:=   52000         2000     
                                              
             Setup:-     223                  
       Uncertainty:-     500                  
     Required Time:=   51277                  
      Launch Clock:-    2000                  
         Data Path:-    2712                  
             Slack:=   46565                  

#---------------------------------------------------------------------------------------------------------------------------------------------------------
#                              Timing Point                               Flags     Arc    Edge      Cell        Fanout Load Trans Delay Arrival Instance 
#                                                                                                                       (fF)  (ps)  (ps)   (ps)  Location 
#---------------------------------------------------------------------------------------------------------------------------------------------------------
  d_DoDCT_reg/clk                                                         -       -        R     (arrival)         3520    -     0     -    2000    (-,-) 
  d_DoDCT_reg/q                                                           (u)     clk->q   R     unmapped_d_flop    102 45.1     0   506    2506    (-,-) 
  g10/z                                                                   (u)     in_0->z  F     unmapped_not       101 41.8     0   161    2668    (-,-) 
  u_IDCT/IDRU8/g177/z                                                     (u)     in_0->z  R     unmapped_not        76 36.9     0   151    2818    (-,-) 
  u_IDCT/IDRU8/mux_29_41/g2/z                                             (u)     sel0->z  F     unmapped_bmux3       2  7.6     0   137    2956    (-,-) 
  u_IDCT/IDRU8/g179/z                                                     (u)     in_0->z  R     unmapped_not         2  8.2     0    54    3009    (-,-) 
  u_IDCT/IDRU8/g168/z                                                     (u)     in_1->z  F     unmapped_nand2       1  3.8     0    60    3069    (-,-) 
  u_IDCT/IDRU8/g169/z                                                     (u)     in_0->z  R     unmapped_not        18 73.8     0   130    3199    (-,-) 
  u_IDCT/IDRU8/mux_71_50/g17/z                                            (u)     sel0->z  R     unmapped_bmux3       1  4.1     0   122    3321    (-,-) 
  u_IDCT/IDRU8/mux_70_50/g17/z                                            (u)     data0->z R     unmapped_bmux3       1  4.1     0   122    3443    (-,-) 
  u_IDCT/IDRU8/mux_69_50/g17/z                                            (u)     data0->z R     unmapped_bmux3       4 16.4     0   166    3608    (-,-) 
  u_IDCT/IDRU8/add_86_45/g6/z                                             (u)     in_0->z  F     unmapped_nor2        1  3.8     0    60    3668    (-,-) 
  u_IDCT/IDRU8/add_86_45/g40/z                                            (u)     in_0->z  R     unmapped_not         2  8.2     0    54    3722    (-,-) 
  u_IDCT/IDRU8/add_86_45/g41/z                                            (u)     in_1->z  F     unmapped_nand2       1  3.8     0    60    3782    (-,-) 
  u_IDCT/IDRU8/add_86_45/g42/z                                            (u)     in_1->z  R     unmapped_nand2       3 12.3     0    90    3872    (-,-) 
  u_IDCT/IDRU8/add_86_45/g78/z                                            (u)     in_1->z  F     unmapped_nand2       1  3.8     0    60    3932    (-,-) 
  u_IDCT/IDRU8/add_86_45/g79/z                                            (u)     in_1->z  R     unmapped_nand2       5 20.5     0   111    4043    (-,-) 
  u_IDCT/IDRU8/add_86_45/g119/z                                           (u)     in_0->z  F     unmapped_nand2       1  3.8     0    60    4103    (-,-) 
  u_IDCT/IDRU8/add_86_45/g120/z                                           (u)     in_1->z  R     unmapped_nand2       9 36.9     0   122    4226    (-,-) 
  u_IDCT/IDRU8/add_86_45/g180/z                                           (u)     in_0->z  F     unmapped_xnor2       1  3.8     0   122    4348    (-,-) 
  u_IDCT/IDRU8/mux_89_39/g10/z                                            (u)     data0->z F     unmapped_bmux3       2  7.6     0   137    4485    (-,-) 
  u_IDCT/IDRU8/mux_112_29/g10/z                                           (u)     data1->z F     unmapped_bmux3       1  3.8     0   122    4606    (-,-) 
  u_IDCT/tposemem/Bisted_RF_2P_ADV64x16/RF_2P_ADV64x16_u0/mux_46_19/g10/z (u)     data0->z F     unmapped_bmux3       1  2.6     0   106    4712    (-,-) 
  u_IDCT/tposemem/Bisted_RF_2P_ADV64x16/RF_2P_ADV64x16_u0/SRAM_i0/DB[6]   (P)     -        F     rf_2p_hse            1    -     -     0    4712    (-,-) 
#---------------------------------------------------------------------------------------------------------------------------------------------------------

(P) : Instance is preserved
(u) : Net has unmapped pin(s).



Path 16: MET (46606 ps) Setup Check with Pin u_DCT/tposemem/Bisted_RF_2P_ADV64x16/RF_2P_ADV64x16_u0/SRAM_i0/CLKB->DB[7]
           Mode: scan_mode
          Group: C2C_scan_mode
     Startpoint: (R) d_DoDCT_reg/clk
          Clock: (R) CLK1
       Endpoint: (F) u_DCT/tposemem/Bisted_RF_2P_ADV64x16/RF_2P_ADV64x16_u0/SRAM_i0/DB[7]
          Clock: (F) CLK1

                     Capture       Launch     
        Clock Edge:+   50000            0     
       Src Latency:+       0            0     
       Net Latency:+    2000 (I)     2000 (I) 
           Arrival:=   52000         2000     
                                              
             Setup:-     223                  
       Uncertainty:-     500                  
     Required Time:=   51277                  
      Launch Clock:-    2000                  
         Data Path:-    2671                  
             Slack:=   46606                  

#-------------------------------------------------------------------------------------------------------------------------------------------------------
#                             Timing Point                              Flags     Arc    Edge      Cell        Fanout Load Trans Delay Arrival Instance 
#                                                                                                                     (fF)  (ps)  (ps)   (ps)  Location 
#-------------------------------------------------------------------------------------------------------------------------------------------------------
  d_DoDCT_reg/clk                                                       -       -        R     (arrival)         3520    -     0     -    2000    (-,-) 
  d_DoDCT_reg/q                                                         (u)     clk->q   F     unmapped_d_flop    102 41.8     0   506    2506    (-,-) 
  u_DCT/IDRU8/g177/z                                                    (u)     in_0->z  R     unmapped_not        76 36.9     0   151    2657    (-,-) 
  u_DCT/IDRU8/mux_29_41/g2/z                                            (u)     sel0->z  F     unmapped_bmux3       2  7.6     0   137    2794    (-,-) 
  u_DCT/IDRU8/g179/z                                                    (u)     in_0->z  R     unmapped_not         2  8.2     0    54    2848    (-,-) 
  u_DCT/IDRU8/g168/z                                                    (u)     in_1->z  F     unmapped_nand2       1  3.8     0    60    2908    (-,-) 
  u_DCT/IDRU8/g169/z                                                    (u)     in_0->z  R     unmapped_not        18 73.8     0   130    3038    (-,-) 
  u_DCT/IDRU8/mux_71_50/g17/z                                           (u)     sel0->z  R     unmapped_bmux3       1  4.1     0   122    3160    (-,-) 
  u_DCT/IDRU8/mux_70_50/g17/z                                           (u)     data0->z R     unmapped_bmux3       1  4.1     0   122    3281    (-,-) 
  u_DCT/IDRU8/mux_69_50/g17/z                                           (u)     data0->z R     unmapped_bmux3       4 16.4     0   166    3447    (-,-) 
  u_DCT/IDRU8/add_86_45/g6/z                                            (u)     in_0->z  F     unmapped_nor2        1  3.8     0    60    3507    (-,-) 
  u_DCT/IDRU8/add_86_45/g40/z                                           (u)     in_0->z  R     unmapped_not         2  8.2     0    54    3560    (-,-) 
  u_DCT/IDRU8/add_86_45/g41/z                                           (u)     in_1->z  F     unmapped_nand2       1  3.8     0    60    3621    (-,-) 
  u_DCT/IDRU8/add_86_45/g42/z                                           (u)     in_1->z  R     unmapped_nand2       3 12.3     0    90    3711    (-,-) 
  u_DCT/IDRU8/add_86_45/g78/z                                           (u)     in_1->z  F     unmapped_nand2       1  3.8     0    60    3771    (-,-) 
  u_DCT/IDRU8/add_86_45/g79/z                                           (u)     in_1->z  R     unmapped_nand2       5 20.5     0   111    3882    (-,-) 
  u_DCT/IDRU8/add_86_45/g119/z                                          (u)     in_0->z  F     unmapped_nand2       1  3.8     0    60    3942    (-,-) 
  u_DCT/IDRU8/add_86_45/g120/z                                          (u)     in_1->z  R     unmapped_nand2       9 36.9     0   122    4064    (-,-) 
  u_DCT/IDRU8/add_86_45/g139/z                                          (u)     in_0->z  F     unmapped_nand2       1  3.8     0    60    4125    (-,-) 
  u_DCT/IDRU8/add_86_45/g140/z                                          (u)     in_1->z  R     unmapped_nand2       1  4.1     0    60    4185    (-,-) 
  u_DCT/IDRU8/add_86_45/g183/z                                          (u)     in_0->z  F     unmapped_xnor2       1  3.8     0   122    4307    (-,-) 
  u_DCT/IDRU8/mux_89_39/g9/z                                            (u)     data0->z F     unmapped_bmux3       2  7.6     0   137    4444    (-,-) 
  u_DCT/IDRU8/mux_112_29/g9/z                                           (u)     data1->z F     unmapped_bmux3       1  3.8     0   122    4566    (-,-) 
  u_DCT/tposemem/Bisted_RF_2P_ADV64x16/RF_2P_ADV64x16_u0/mux_46_19/g9/z (u)     data0->z F     unmapped_bmux3       1  2.6     0   106    4671    (-,-) 
  u_DCT/tposemem/Bisted_RF_2P_ADV64x16/RF_2P_ADV64x16_u0/SRAM_i0/DB[7]  (P)     -        F     rf_2p_hse            1    -     -     0    4671    (-,-) 
#-------------------------------------------------------------------------------------------------------------------------------------------------------

(P) : Instance is preserved
(u) : Net has unmapped pin(s).



Path 17: MET (46606 ps) Setup Check with Pin u_DCT/tposemem/Bisted_RF_2P_ADV64x16/RF_2P_ADV64x16_u0/SRAM_i0/CLKB->DB[8]
           Mode: scan_mode
          Group: C2C_scan_mode
     Startpoint: (R) d_DoDCT_reg/clk
          Clock: (R) CLK1
       Endpoint: (F) u_DCT/tposemem/Bisted_RF_2P_ADV64x16/RF_2P_ADV64x16_u0/SRAM_i0/DB[8]
          Clock: (F) CLK1

                     Capture       Launch     
        Clock Edge:+   50000            0     
       Src Latency:+       0            0     
       Net Latency:+    2000 (I)     2000 (I) 
           Arrival:=   52000         2000     
                                              
             Setup:-     223                  
       Uncertainty:-     500                  
     Required Time:=   51277                  
      Launch Clock:-    2000                  
         Data Path:-    2671                  
             Slack:=   46606                  

#-------------------------------------------------------------------------------------------------------------------------------------------------------
#                             Timing Point                              Flags     Arc    Edge      Cell        Fanout Load Trans Delay Arrival Instance 
#                                                                                                                     (fF)  (ps)  (ps)   (ps)  Location 
#-------------------------------------------------------------------------------------------------------------------------------------------------------
  d_DoDCT_reg/clk                                                       -       -        R     (arrival)         3520    -     0     -    2000    (-,-) 
  d_DoDCT_reg/q                                                         (u)     clk->q   F     unmapped_d_flop    102 41.8     0   506    2506    (-,-) 
  u_DCT/IDRU8/g177/z                                                    (u)     in_0->z  R     unmapped_not        76 36.9     0   151    2657    (-,-) 
  u_DCT/IDRU8/mux_29_41/g2/z                                            (u)     sel0->z  F     unmapped_bmux3       2  7.6     0   137    2794    (-,-) 
  u_DCT/IDRU8/g179/z                                                    (u)     in_0->z  R     unmapped_not         2  8.2     0    54    2848    (-,-) 
  u_DCT/IDRU8/g168/z                                                    (u)     in_1->z  F     unmapped_nand2       1  3.8     0    60    2908    (-,-) 
  u_DCT/IDRU8/g169/z                                                    (u)     in_0->z  R     unmapped_not        18 73.8     0   130    3038    (-,-) 
  u_DCT/IDRU8/mux_71_50/g17/z                                           (u)     sel0->z  R     unmapped_bmux3       1  4.1     0   122    3160    (-,-) 
  u_DCT/IDRU8/mux_70_50/g17/z                                           (u)     data0->z R     unmapped_bmux3       1  4.1     0   122    3281    (-,-) 
  u_DCT/IDRU8/mux_69_50/g17/z                                           (u)     data0->z R     unmapped_bmux3       4 16.4     0   166    3447    (-,-) 
  u_DCT/IDRU8/add_86_45/g6/z                                            (u)     in_0->z  F     unmapped_nor2        1  3.8     0    60    3507    (-,-) 
  u_DCT/IDRU8/add_86_45/g40/z                                           (u)     in_0->z  R     unmapped_not         2  8.2     0    54    3560    (-,-) 
  u_DCT/IDRU8/add_86_45/g41/z                                           (u)     in_1->z  F     unmapped_nand2       1  3.8     0    60    3621    (-,-) 
  u_DCT/IDRU8/add_86_45/g42/z                                           (u)     in_1->z  R     unmapped_nand2       3 12.3     0    90    3711    (-,-) 
  u_DCT/IDRU8/add_86_45/g78/z                                           (u)     in_1->z  F     unmapped_nand2       1  3.8     0    60    3771    (-,-) 
  u_DCT/IDRU8/add_86_45/g79/z                                           (u)     in_1->z  R     unmapped_nand2       5 20.5     0   111    3882    (-,-) 
  u_DCT/IDRU8/add_86_45/g119/z                                          (u)     in_0->z  F     unmapped_nand2       1  3.8     0    60    3942    (-,-) 
  u_DCT/IDRU8/add_86_45/g120/z                                          (u)     in_1->z  R     unmapped_nand2       9 36.9     0   122    4064    (-,-) 
  u_DCT/IDRU8/add_86_45/g141/z                                          (u)     in_1->z  F     unmapped_nand2       1  3.8     0    60    4125    (-,-) 
  u_DCT/IDRU8/add_86_45/g142/z                                          (u)     in_1->z  R     unmapped_nand2       1  4.1     0    60    4185    (-,-) 
  u_DCT/IDRU8/add_86_45/g185/z                                          (u)     in_0->z  F     unmapped_xnor2       1  3.8     0   122    4307    (-,-) 
  u_DCT/IDRU8/mux_89_39/g8/z                                            (u)     data0->z F     unmapped_bmux3       2  7.6     0   137    4444    (-,-) 
  u_DCT/IDRU8/mux_112_29/g8/z                                           (u)     data1->z F     unmapped_bmux3       1  3.8     0   122    4566    (-,-) 
  u_DCT/tposemem/Bisted_RF_2P_ADV64x16/RF_2P_ADV64x16_u0/mux_46_19/g8/z (u)     data0->z F     unmapped_bmux3       1  2.6     0   106    4671    (-,-) 
  u_DCT/tposemem/Bisted_RF_2P_ADV64x16/RF_2P_ADV64x16_u0/SRAM_i0/DB[8]  (P)     -        F     rf_2p_hse            1    -     -     0    4671    (-,-) 
#-------------------------------------------------------------------------------------------------------------------------------------------------------

(P) : Instance is preserved
(u) : Net has unmapped pin(s).



Path 18: MET (46606 ps) Setup Check with Pin u_DCT/tposemem/Bisted_RF_2P_ADV64x16/RF_2P_ADV64x16_u0/SRAM_i0/CLKB->DB[9]
           Mode: scan_mode
          Group: C2C_scan_mode
     Startpoint: (R) d_DoDCT_reg/clk
          Clock: (R) CLK1
       Endpoint: (F) u_DCT/tposemem/Bisted_RF_2P_ADV64x16/RF_2P_ADV64x16_u0/SRAM_i0/DB[9]
          Clock: (F) CLK1

                     Capture       Launch     
        Clock Edge:+   50000            0     
       Src Latency:+       0            0     
       Net Latency:+    2000 (I)     2000 (I) 
           Arrival:=   52000         2000     
                                              
             Setup:-     223                  
       Uncertainty:-     500                  
     Required Time:=   51277                  
      Launch Clock:-    2000                  
         Data Path:-    2671                  
             Slack:=   46606                  

#-------------------------------------------------------------------------------------------------------------------------------------------------------
#                             Timing Point                              Flags     Arc    Edge      Cell        Fanout Load Trans Delay Arrival Instance 
#                                                                                                                     (fF)  (ps)  (ps)   (ps)  Location 
#-------------------------------------------------------------------------------------------------------------------------------------------------------
  d_DoDCT_reg/clk                                                       -       -        R     (arrival)         3520    -     0     -    2000    (-,-) 
  d_DoDCT_reg/q                                                         (u)     clk->q   F     unmapped_d_flop    102 41.8     0   506    2506    (-,-) 
  u_DCT/IDRU8/g177/z                                                    (u)     in_0->z  R     unmapped_not        76 36.9     0   151    2657    (-,-) 
  u_DCT/IDRU8/mux_29_41/g2/z                                            (u)     sel0->z  F     unmapped_bmux3       2  7.6     0   137    2794    (-,-) 
  u_DCT/IDRU8/g179/z                                                    (u)     in_0->z  R     unmapped_not         2  8.2     0    54    2848    (-,-) 
  u_DCT/IDRU8/g168/z                                                    (u)     in_1->z  F     unmapped_nand2       1  3.8     0    60    2908    (-,-) 
  u_DCT/IDRU8/g169/z                                                    (u)     in_0->z  R     unmapped_not        18 73.8     0   130    3038    (-,-) 
  u_DCT/IDRU8/mux_71_50/g17/z                                           (u)     sel0->z  R     unmapped_bmux3       1  4.1     0   122    3160    (-,-) 
  u_DCT/IDRU8/mux_70_50/g17/z                                           (u)     data0->z R     unmapped_bmux3       1  4.1     0   122    3281    (-,-) 
  u_DCT/IDRU8/mux_69_50/g17/z                                           (u)     data0->z R     unmapped_bmux3       4 16.4     0   166    3447    (-,-) 
  u_DCT/IDRU8/add_86_45/g6/z                                            (u)     in_0->z  F     unmapped_nor2        1  3.8     0    60    3507    (-,-) 
  u_DCT/IDRU8/add_86_45/g40/z                                           (u)     in_0->z  R     unmapped_not         2  8.2     0    54    3560    (-,-) 
  u_DCT/IDRU8/add_86_45/g41/z                                           (u)     in_1->z  F     unmapped_nand2       1  3.8     0    60    3621    (-,-) 
  u_DCT/IDRU8/add_86_45/g42/z                                           (u)     in_1->z  R     unmapped_nand2       3 12.3     0    90    3711    (-,-) 
  u_DCT/IDRU8/add_86_45/g78/z                                           (u)     in_1->z  F     unmapped_nand2       1  3.8     0    60    3771    (-,-) 
  u_DCT/IDRU8/add_86_45/g79/z                                           (u)     in_1->z  R     unmapped_nand2       5 20.5     0   111    3882    (-,-) 
  u_DCT/IDRU8/add_86_45/g119/z                                          (u)     in_0->z  F     unmapped_nand2       1  3.8     0    60    3942    (-,-) 
  u_DCT/IDRU8/add_86_45/g120/z                                          (u)     in_1->z  R     unmapped_nand2       9 36.9     0   122    4064    (-,-) 
  u_DCT/IDRU8/add_86_45/g144/z                                          (u)     in_0->z  F     unmapped_nand2       1  3.8     0    60    4125    (-,-) 
  u_DCT/IDRU8/add_86_45/g145/z                                          (u)     in_1->z  R     unmapped_nand2       1  4.1     0    60    4185    (-,-) 
  u_DCT/IDRU8/add_86_45/g188/z                                          (u)     in_0->z  F     unmapped_xnor2       1  3.8     0   122    4307    (-,-) 
  u_DCT/IDRU8/mux_89_39/g7/z                                            (u)     data0->z F     unmapped_bmux3       2  7.6     0   137    4444    (-,-) 
  u_DCT/IDRU8/mux_112_29/g7/z                                           (u)     data1->z F     unmapped_bmux3       1  3.8     0   122    4566    (-,-) 
  u_DCT/tposemem/Bisted_RF_2P_ADV64x16/RF_2P_ADV64x16_u0/mux_46_19/g7/z (u)     data0->z F     unmapped_bmux3       1  2.6     0   106    4671    (-,-) 
  u_DCT/tposemem/Bisted_RF_2P_ADV64x16/RF_2P_ADV64x16_u0/SRAM_i0/DB[9]  (P)     -        F     rf_2p_hse            1    -     -     0    4671    (-,-) 
#-------------------------------------------------------------------------------------------------------------------------------------------------------

(P) : Instance is preserved
(u) : Net has unmapped pin(s).



Path 19: MET (46606 ps) Setup Check with Pin u_DCT/tposemem/Bisted_RF_2P_ADV64x16/RF_2P_ADV64x16_u0/SRAM_i0/CLKB->DB[10]
           Mode: scan_mode
          Group: C2C_scan_mode
     Startpoint: (R) d_DoDCT_reg/clk
          Clock: (R) CLK1
       Endpoint: (F) u_DCT/tposemem/Bisted_RF_2P_ADV64x16/RF_2P_ADV64x16_u0/SRAM_i0/DB[10]
          Clock: (F) CLK1

                     Capture       Launch     
        Clock Edge:+   50000            0     
       Src Latency:+       0            0     
       Net Latency:+    2000 (I)     2000 (I) 
           Arrival:=   52000         2000     
                                              
             Setup:-     223                  
       Uncertainty:-     500                  
     Required Time:=   51277                  
      Launch Clock:-    2000                  
         Data Path:-    2671                  
             Slack:=   46606                  

#-------------------------------------------------------------------------------------------------------------------------------------------------------
#                             Timing Point                              Flags     Arc    Edge      Cell        Fanout Load Trans Delay Arrival Instance 
#                                                                                                                     (fF)  (ps)  (ps)   (ps)  Location 
#-------------------------------------------------------------------------------------------------------------------------------------------------------
  d_DoDCT_reg/clk                                                       -       -        R     (arrival)         3520    -     0     -    2000    (-,-) 
  d_DoDCT_reg/q                                                         (u)     clk->q   F     unmapped_d_flop    102 41.8     0   506    2506    (-,-) 
  u_DCT/IDRU8/g177/z                                                    (u)     in_0->z  R     unmapped_not        76 36.9     0   151    2657    (-,-) 
  u_DCT/IDRU8/mux_29_41/g2/z                                            (u)     sel0->z  F     unmapped_bmux3       2  7.6     0   137    2794    (-,-) 
  u_DCT/IDRU8/g179/z                                                    (u)     in_0->z  R     unmapped_not         2  8.2     0    54    2848    (-,-) 
  u_DCT/IDRU8/g168/z                                                    (u)     in_1->z  F     unmapped_nand2       1  3.8     0    60    2908    (-,-) 
  u_DCT/IDRU8/g169/z                                                    (u)     in_0->z  R     unmapped_not        18 73.8     0   130    3038    (-,-) 
  u_DCT/IDRU8/mux_71_50/g17/z                                           (u)     sel0->z  R     unmapped_bmux3       1  4.1     0   122    3160    (-,-) 
  u_DCT/IDRU8/mux_70_50/g17/z                                           (u)     data0->z R     unmapped_bmux3       1  4.1     0   122    3281    (-,-) 
  u_DCT/IDRU8/mux_69_50/g17/z                                           (u)     data0->z R     unmapped_bmux3       4 16.4     0   166    3447    (-,-) 
  u_DCT/IDRU8/add_86_45/g6/z                                            (u)     in_0->z  F     unmapped_nor2        1  3.8     0    60    3507    (-,-) 
  u_DCT/IDRU8/add_86_45/g40/z                                           (u)     in_0->z  R     unmapped_not         2  8.2     0    54    3560    (-,-) 
  u_DCT/IDRU8/add_86_45/g41/z                                           (u)     in_1->z  F     unmapped_nand2       1  3.8     0    60    3621    (-,-) 
  u_DCT/IDRU8/add_86_45/g42/z                                           (u)     in_1->z  R     unmapped_nand2       3 12.3     0    90    3711    (-,-) 
  u_DCT/IDRU8/add_86_45/g78/z                                           (u)     in_1->z  F     unmapped_nand2       1  3.8     0    60    3771    (-,-) 
  u_DCT/IDRU8/add_86_45/g79/z                                           (u)     in_1->z  R     unmapped_nand2       5 20.5     0   111    3882    (-,-) 
  u_DCT/IDRU8/add_86_45/g119/z                                          (u)     in_0->z  F     unmapped_nand2       1  3.8     0    60    3942    (-,-) 
  u_DCT/IDRU8/add_86_45/g120/z                                          (u)     in_1->z  R     unmapped_nand2       9 36.9     0   122    4064    (-,-) 
  u_DCT/IDRU8/add_86_45/g147/z                                          (u)     in_0->z  F     unmapped_nand2       1  3.8     0    60    4125    (-,-) 
  u_DCT/IDRU8/add_86_45/g148/z                                          (u)     in_1->z  R     unmapped_nand2       1  4.1     0    60    4185    (-,-) 
  u_DCT/IDRU8/add_86_45/g191/z                                          (u)     in_0->z  F     unmapped_xnor2       1  3.8     0   122    4307    (-,-) 
  u_DCT/IDRU8/mux_89_39/g6/z                                            (u)     data0->z F     unmapped_bmux3       2  7.6     0   137    4444    (-,-) 
  u_DCT/IDRU8/mux_112_29/g6/z                                           (u)     data1->z F     unmapped_bmux3       1  3.8     0   122    4566    (-,-) 
  u_DCT/tposemem/Bisted_RF_2P_ADV64x16/RF_2P_ADV64x16_u0/mux_46_19/g6/z (u)     data0->z F     unmapped_bmux3       1  2.6     0   106    4671    (-,-) 
  u_DCT/tposemem/Bisted_RF_2P_ADV64x16/RF_2P_ADV64x16_u0/SRAM_i0/DB[10] (P)     -        F     rf_2p_hse            1    -     -     0    4671    (-,-) 
#-------------------------------------------------------------------------------------------------------------------------------------------------------

(P) : Instance is preserved
(u) : Net has unmapped pin(s).



Path 20: MET (46606 ps) Setup Check with Pin u_DCT/tposemem/Bisted_RF_2P_ADV64x16/RF_2P_ADV64x16_u0/SRAM_i0/CLKB->DB[11]
           Mode: scan_mode
          Group: C2C_scan_mode
     Startpoint: (R) d_DoDCT_reg/clk
          Clock: (R) CLK1
       Endpoint: (F) u_DCT/tposemem/Bisted_RF_2P_ADV64x16/RF_2P_ADV64x16_u0/SRAM_i0/DB[11]
          Clock: (F) CLK1

                     Capture       Launch     
        Clock Edge:+   50000            0     
       Src Latency:+       0            0     
       Net Latency:+    2000 (I)     2000 (I) 
           Arrival:=   52000         2000     
                                              
             Setup:-     223                  
       Uncertainty:-     500                  
     Required Time:=   51277                  
      Launch Clock:-    2000                  
         Data Path:-    2671                  
             Slack:=   46606                  

#-------------------------------------------------------------------------------------------------------------------------------------------------------
#                             Timing Point                              Flags     Arc    Edge      Cell        Fanout Load Trans Delay Arrival Instance 
#                                                                                                                     (fF)  (ps)  (ps)   (ps)  Location 
#-------------------------------------------------------------------------------------------------------------------------------------------------------
  d_DoDCT_reg/clk                                                       -       -        R     (arrival)         3520    -     0     -    2000    (-,-) 
  d_DoDCT_reg/q                                                         (u)     clk->q   F     unmapped_d_flop    102 41.8     0   506    2506    (-,-) 
  u_DCT/IDRU8/g177/z                                                    (u)     in_0->z  R     unmapped_not        76 36.9     0   151    2657    (-,-) 
  u_DCT/IDRU8/mux_29_41/g2/z                                            (u)     sel0->z  F     unmapped_bmux3       2  7.6     0   137    2794    (-,-) 
  u_DCT/IDRU8/g179/z                                                    (u)     in_0->z  R     unmapped_not         2  8.2     0    54    2848    (-,-) 
  u_DCT/IDRU8/g168/z                                                    (u)     in_1->z  F     unmapped_nand2       1  3.8     0    60    2908    (-,-) 
  u_DCT/IDRU8/g169/z                                                    (u)     in_0->z  R     unmapped_not        18 73.8     0   130    3038    (-,-) 
  u_DCT/IDRU8/mux_71_50/g17/z                                           (u)     sel0->z  R     unmapped_bmux3       1  4.1     0   122    3160    (-,-) 
  u_DCT/IDRU8/mux_70_50/g17/z                                           (u)     data0->z R     unmapped_bmux3       1  4.1     0   122    3281    (-,-) 
  u_DCT/IDRU8/mux_69_50/g17/z                                           (u)     data0->z R     unmapped_bmux3       4 16.4     0   166    3447    (-,-) 
  u_DCT/IDRU8/add_86_45/g6/z                                            (u)     in_0->z  F     unmapped_nor2        1  3.8     0    60    3507    (-,-) 
  u_DCT/IDRU8/add_86_45/g40/z                                           (u)     in_0->z  R     unmapped_not         2  8.2     0    54    3560    (-,-) 
  u_DCT/IDRU8/add_86_45/g41/z                                           (u)     in_1->z  F     unmapped_nand2       1  3.8     0    60    3621    (-,-) 
  u_DCT/IDRU8/add_86_45/g42/z                                           (u)     in_1->z  R     unmapped_nand2       3 12.3     0    90    3711    (-,-) 
  u_DCT/IDRU8/add_86_45/g78/z                                           (u)     in_1->z  F     unmapped_nand2       1  3.8     0    60    3771    (-,-) 
  u_DCT/IDRU8/add_86_45/g79/z                                           (u)     in_1->z  R     unmapped_nand2       5 20.5     0   111    3882    (-,-) 
  u_DCT/IDRU8/add_86_45/g119/z                                          (u)     in_0->z  F     unmapped_nand2       1  3.8     0    60    3942    (-,-) 
  u_DCT/IDRU8/add_86_45/g120/z                                          (u)     in_1->z  R     unmapped_nand2       9 36.9     0   122    4064    (-,-) 
  u_DCT/IDRU8/add_86_45/g149/z                                          (u)     in_1->z  F     unmapped_nand2       1  3.8     0    60    4125    (-,-) 
  u_DCT/IDRU8/add_86_45/g150/z                                          (u)     in_1->z  R     unmapped_nand2       1  4.1     0    60    4185    (-,-) 
  u_DCT/IDRU8/add_86_45/g194/z                                          (u)     in_0->z  F     unmapped_xnor2       1  3.8     0   122    4307    (-,-) 
  u_DCT/IDRU8/mux_89_39/g5/z                                            (u)     data0->z F     unmapped_bmux3       2  7.6     0   137    4444    (-,-) 
  u_DCT/IDRU8/mux_112_29/g5/z                                           (u)     data1->z F     unmapped_bmux3       1  3.8     0   122    4566    (-,-) 
  u_DCT/tposemem/Bisted_RF_2P_ADV64x16/RF_2P_ADV64x16_u0/mux_46_19/g5/z (u)     data0->z F     unmapped_bmux3       1  2.6     0   106    4671    (-,-) 
  u_DCT/tposemem/Bisted_RF_2P_ADV64x16/RF_2P_ADV64x16_u0/SRAM_i0/DB[11] (P)     -        F     rf_2p_hse            1    -     -     0    4671    (-,-) 
#-------------------------------------------------------------------------------------------------------------------------------------------------------

(P) : Instance is preserved
(u) : Net has unmapped pin(s).



Path 21: MET (46606 ps) Setup Check with Pin u_DCT/tposemem/Bisted_RF_2P_ADV64x16/RF_2P_ADV64x16_u0/SRAM_i0/CLKB->DB[12]
           Mode: scan_mode
          Group: C2C_scan_mode
     Startpoint: (R) d_DoDCT_reg/clk
          Clock: (R) CLK1
       Endpoint: (F) u_DCT/tposemem/Bisted_RF_2P_ADV64x16/RF_2P_ADV64x16_u0/SRAM_i0/DB[12]
          Clock: (F) CLK1

                     Capture       Launch     
        Clock Edge:+   50000            0     
       Src Latency:+       0            0     
       Net Latency:+    2000 (I)     2000 (I) 
           Arrival:=   52000         2000     
                                              
             Setup:-     223                  
       Uncertainty:-     500                  
     Required Time:=   51277                  
      Launch Clock:-    2000                  
         Data Path:-    2671                  
             Slack:=   46606                  

#-------------------------------------------------------------------------------------------------------------------------------------------------------
#                             Timing Point                              Flags     Arc    Edge      Cell        Fanout Load Trans Delay Arrival Instance 
#                                                                                                                     (fF)  (ps)  (ps)   (ps)  Location 
#-------------------------------------------------------------------------------------------------------------------------------------------------------
  d_DoDCT_reg/clk                                                       -       -        R     (arrival)         3520    -     0     -    2000    (-,-) 
  d_DoDCT_reg/q                                                         (u)     clk->q   F     unmapped_d_flop    102 41.8     0   506    2506    (-,-) 
  u_DCT/IDRU8/g177/z                                                    (u)     in_0->z  R     unmapped_not        76 36.9     0   151    2657    (-,-) 
  u_DCT/IDRU8/mux_29_41/g2/z                                            (u)     sel0->z  F     unmapped_bmux3       2  7.6     0   137    2794    (-,-) 
  u_DCT/IDRU8/g179/z                                                    (u)     in_0->z  R     unmapped_not         2  8.2     0    54    2848    (-,-) 
  u_DCT/IDRU8/g168/z                                                    (u)     in_1->z  F     unmapped_nand2       1  3.8     0    60    2908    (-,-) 
  u_DCT/IDRU8/g169/z                                                    (u)     in_0->z  R     unmapped_not        18 73.8     0   130    3038    (-,-) 
  u_DCT/IDRU8/mux_71_50/g17/z                                           (u)     sel0->z  R     unmapped_bmux3       1  4.1     0   122    3160    (-,-) 
  u_DCT/IDRU8/mux_70_50/g17/z                                           (u)     data0->z R     unmapped_bmux3       1  4.1     0   122    3281    (-,-) 
  u_DCT/IDRU8/mux_69_50/g17/z                                           (u)     data0->z R     unmapped_bmux3       4 16.4     0   166    3447    (-,-) 
  u_DCT/IDRU8/add_86_45/g6/z                                            (u)     in_0->z  F     unmapped_nor2        1  3.8     0    60    3507    (-,-) 
  u_DCT/IDRU8/add_86_45/g40/z                                           (u)     in_0->z  R     unmapped_not         2  8.2     0    54    3560    (-,-) 
  u_DCT/IDRU8/add_86_45/g41/z                                           (u)     in_1->z  F     unmapped_nand2       1  3.8     0    60    3621    (-,-) 
  u_DCT/IDRU8/add_86_45/g42/z                                           (u)     in_1->z  R     unmapped_nand2       3 12.3     0    90    3711    (-,-) 
  u_DCT/IDRU8/add_86_45/g78/z                                           (u)     in_1->z  F     unmapped_nand2       1  3.8     0    60    3771    (-,-) 
  u_DCT/IDRU8/add_86_45/g79/z                                           (u)     in_1->z  R     unmapped_nand2       5 20.5     0   111    3882    (-,-) 
  u_DCT/IDRU8/add_86_45/g119/z                                          (u)     in_0->z  F     unmapped_nand2       1  3.8     0    60    3942    (-,-) 
  u_DCT/IDRU8/add_86_45/g120/z                                          (u)     in_1->z  R     unmapped_nand2       9 36.9     0   122    4064    (-,-) 
  u_DCT/IDRU8/add_86_45/g151/z                                          (u)     in_1->z  F     unmapped_nand2       1  3.8     0    60    4125    (-,-) 
  u_DCT/IDRU8/add_86_45/g152/z                                          (u)     in_1->z  R     unmapped_nand2       1  4.1     0    60    4185    (-,-) 
  u_DCT/IDRU8/add_86_45/g196/z                                          (u)     in_0->z  F     unmapped_xnor2       1  3.8     0   122    4307    (-,-) 
  u_DCT/IDRU8/mux_89_39/g4/z                                            (u)     data0->z F     unmapped_bmux3       2  7.6     0   137    4444    (-,-) 
  u_DCT/IDRU8/mux_112_29/g4/z                                           (u)     data1->z F     unmapped_bmux3       1  3.8     0   122    4566    (-,-) 
  u_DCT/tposemem/Bisted_RF_2P_ADV64x16/RF_2P_ADV64x16_u0/mux_46_19/g4/z (u)     data0->z F     unmapped_bmux3       1  2.6     0   106    4671    (-,-) 
  u_DCT/tposemem/Bisted_RF_2P_ADV64x16/RF_2P_ADV64x16_u0/SRAM_i0/DB[12] (P)     -        F     rf_2p_hse            1    -     -     0    4671    (-,-) 
#-------------------------------------------------------------------------------------------------------------------------------------------------------

(P) : Instance is preserved
(u) : Net has unmapped pin(s).



Path 22: MET (46606 ps) Setup Check with Pin u_DCT/tposemem/Bisted_RF_2P_ADV64x16/RF_2P_ADV64x16_u0/SRAM_i0/CLKB->DB[13]
           Mode: scan_mode
          Group: C2C_scan_mode
     Startpoint: (R) d_DoDCT_reg/clk
          Clock: (R) CLK1
       Endpoint: (F) u_DCT/tposemem/Bisted_RF_2P_ADV64x16/RF_2P_ADV64x16_u0/SRAM_i0/DB[13]
          Clock: (F) CLK1

                     Capture       Launch     
        Clock Edge:+   50000            0     
       Src Latency:+       0            0     
       Net Latency:+    2000 (I)     2000 (I) 
           Arrival:=   52000         2000     
                                              
             Setup:-     223                  
       Uncertainty:-     500                  
     Required Time:=   51277                  
      Launch Clock:-    2000                  
         Data Path:-    2671                  
             Slack:=   46606                  

#-------------------------------------------------------------------------------------------------------------------------------------------------------
#                             Timing Point                              Flags     Arc    Edge      Cell        Fanout Load Trans Delay Arrival Instance 
#                                                                                                                     (fF)  (ps)  (ps)   (ps)  Location 
#-------------------------------------------------------------------------------------------------------------------------------------------------------
  d_DoDCT_reg/clk                                                       -       -        R     (arrival)         3520    -     0     -    2000    (-,-) 
  d_DoDCT_reg/q                                                         (u)     clk->q   F     unmapped_d_flop    102 41.8     0   506    2506    (-,-) 
  u_DCT/IDRU8/g177/z                                                    (u)     in_0->z  R     unmapped_not        76 36.9     0   151    2657    (-,-) 
  u_DCT/IDRU8/mux_29_41/g2/z                                            (u)     sel0->z  F     unmapped_bmux3       2  7.6     0   137    2794    (-,-) 
  u_DCT/IDRU8/g179/z                                                    (u)     in_0->z  R     unmapped_not         2  8.2     0    54    2848    (-,-) 
  u_DCT/IDRU8/g168/z                                                    (u)     in_1->z  F     unmapped_nand2       1  3.8     0    60    2908    (-,-) 
  u_DCT/IDRU8/g169/z                                                    (u)     in_0->z  R     unmapped_not        18 73.8     0   130    3038    (-,-) 
  u_DCT/IDRU8/mux_71_50/g17/z                                           (u)     sel0->z  R     unmapped_bmux3       1  4.1     0   122    3160    (-,-) 
  u_DCT/IDRU8/mux_70_50/g17/z                                           (u)     data0->z R     unmapped_bmux3       1  4.1     0   122    3281    (-,-) 
  u_DCT/IDRU8/mux_69_50/g17/z                                           (u)     data0->z R     unmapped_bmux3       4 16.4     0   166    3447    (-,-) 
  u_DCT/IDRU8/add_86_45/g6/z                                            (u)     in_0->z  F     unmapped_nor2        1  3.8     0    60    3507    (-,-) 
  u_DCT/IDRU8/add_86_45/g40/z                                           (u)     in_0->z  R     unmapped_not         2  8.2     0    54    3560    (-,-) 
  u_DCT/IDRU8/add_86_45/g41/z                                           (u)     in_1->z  F     unmapped_nand2       1  3.8     0    60    3621    (-,-) 
  u_DCT/IDRU8/add_86_45/g42/z                                           (u)     in_1->z  R     unmapped_nand2       3 12.3     0    90    3711    (-,-) 
  u_DCT/IDRU8/add_86_45/g78/z                                           (u)     in_1->z  F     unmapped_nand2       1  3.8     0    60    3771    (-,-) 
  u_DCT/IDRU8/add_86_45/g79/z                                           (u)     in_1->z  R     unmapped_nand2       5 20.5     0   111    3882    (-,-) 
  u_DCT/IDRU8/add_86_45/g119/z                                          (u)     in_0->z  F     unmapped_nand2       1  3.8     0    60    3942    (-,-) 
  u_DCT/IDRU8/add_86_45/g120/z                                          (u)     in_1->z  R     unmapped_nand2       9 36.9     0   122    4064    (-,-) 
  u_DCT/IDRU8/add_86_45/g153/z                                          (u)     in_1->z  F     unmapped_nand2       1  3.8     0    60    4125    (-,-) 
  u_DCT/IDRU8/add_86_45/g154/z                                          (u)     in_1->z  R     unmapped_nand2       1  4.1     0    60    4185    (-,-) 
  u_DCT/IDRU8/add_86_45/g199/z                                          (u)     in_0->z  F     unmapped_xnor2       1  3.8     0   122    4307    (-,-) 
  u_DCT/IDRU8/mux_89_39/g3/z                                            (u)     data0->z F     unmapped_bmux3       2  7.6     0   137    4444    (-,-) 
  u_DCT/IDRU8/mux_112_29/g3/z                                           (u)     data1->z F     unmapped_bmux3       1  3.8     0   122    4566    (-,-) 
  u_DCT/tposemem/Bisted_RF_2P_ADV64x16/RF_2P_ADV64x16_u0/mux_46_19/g3/z (u)     data0->z F     unmapped_bmux3       1  2.6     0   106    4671    (-,-) 
  u_DCT/tposemem/Bisted_RF_2P_ADV64x16/RF_2P_ADV64x16_u0/SRAM_i0/DB[13] (P)     -        F     rf_2p_hse            1    -     -     0    4671    (-,-) 
#-------------------------------------------------------------------------------------------------------------------------------------------------------

(P) : Instance is preserved
(u) : Net has unmapped pin(s).



Path 23: MET (46606 ps) Setup Check with Pin u_DCT/tposemem/Bisted_RF_2P_ADV64x16/RF_2P_ADV64x16_u0/SRAM_i0/CLKB->DB[14]
           Mode: scan_mode
          Group: C2C_scan_mode
     Startpoint: (R) d_DoDCT_reg/clk
          Clock: (R) CLK1
       Endpoint: (F) u_DCT/tposemem/Bisted_RF_2P_ADV64x16/RF_2P_ADV64x16_u0/SRAM_i0/DB[14]
          Clock: (F) CLK1

                     Capture       Launch     
        Clock Edge:+   50000            0     
       Src Latency:+       0            0     
       Net Latency:+    2000 (I)     2000 (I) 
           Arrival:=   52000         2000     
                                              
             Setup:-     223                  
       Uncertainty:-     500                  
     Required Time:=   51277                  
      Launch Clock:-    2000                  
         Data Path:-    2671                  
             Slack:=   46606                  

#-------------------------------------------------------------------------------------------------------------------------------------------------------
#                             Timing Point                              Flags     Arc    Edge      Cell        Fanout Load Trans Delay Arrival Instance 
#                                                                                                                     (fF)  (ps)  (ps)   (ps)  Location 
#-------------------------------------------------------------------------------------------------------------------------------------------------------
  d_DoDCT_reg/clk                                                       -       -        R     (arrival)         3520    -     0     -    2000    (-,-) 
  d_DoDCT_reg/q                                                         (u)     clk->q   F     unmapped_d_flop    102 41.8     0   506    2506    (-,-) 
  u_DCT/IDRU8/g177/z                                                    (u)     in_0->z  R     unmapped_not        76 36.9     0   151    2657    (-,-) 
  u_DCT/IDRU8/mux_29_41/g2/z                                            (u)     sel0->z  F     unmapped_bmux3       2  7.6     0   137    2794    (-,-) 
  u_DCT/IDRU8/g179/z                                                    (u)     in_0->z  R     unmapped_not         2  8.2     0    54    2848    (-,-) 
  u_DCT/IDRU8/g168/z                                                    (u)     in_1->z  F     unmapped_nand2       1  3.8     0    60    2908    (-,-) 
  u_DCT/IDRU8/g169/z                                                    (u)     in_0->z  R     unmapped_not        18 73.8     0   130    3038    (-,-) 
  u_DCT/IDRU8/mux_71_50/g17/z                                           (u)     sel0->z  R     unmapped_bmux3       1  4.1     0   122    3160    (-,-) 
  u_DCT/IDRU8/mux_70_50/g17/z                                           (u)     data0->z R     unmapped_bmux3       1  4.1     0   122    3281    (-,-) 
  u_DCT/IDRU8/mux_69_50/g17/z                                           (u)     data0->z R     unmapped_bmux3       4 16.4     0   166    3447    (-,-) 
  u_DCT/IDRU8/add_86_45/g6/z                                            (u)     in_0->z  F     unmapped_nor2        1  3.8     0    60    3507    (-,-) 
  u_DCT/IDRU8/add_86_45/g40/z                                           (u)     in_0->z  R     unmapped_not         2  8.2     0    54    3560    (-,-) 
  u_DCT/IDRU8/add_86_45/g41/z                                           (u)     in_1->z  F     unmapped_nand2       1  3.8     0    60    3621    (-,-) 
  u_DCT/IDRU8/add_86_45/g42/z                                           (u)     in_1->z  R     unmapped_nand2       3 12.3     0    90    3711    (-,-) 
  u_DCT/IDRU8/add_86_45/g78/z                                           (u)     in_1->z  F     unmapped_nand2       1  3.8     0    60    3771    (-,-) 
  u_DCT/IDRU8/add_86_45/g79/z                                           (u)     in_1->z  R     unmapped_nand2       5 20.5     0   111    3882    (-,-) 
  u_DCT/IDRU8/add_86_45/g119/z                                          (u)     in_0->z  F     unmapped_nand2       1  3.8     0    60    3942    (-,-) 
  u_DCT/IDRU8/add_86_45/g120/z                                          (u)     in_1->z  R     unmapped_nand2       9 36.9     0   122    4064    (-,-) 
  u_DCT/IDRU8/add_86_45/g155/z                                          (u)     in_1->z  F     unmapped_nand2       1  3.8     0    60    4125    (-,-) 
  u_DCT/IDRU8/add_86_45/g156/z                                          (u)     in_1->z  R     unmapped_nand2       2  8.2     0    76    4200    (-,-) 
  u_DCT/IDRU8/add_86_45/g201/z                                          (u)     in_0->z  F     unmapped_xnor2       1  3.8     0   122    4322    (-,-) 
  u_DCT/IDRU8/mux_89_39/g2/z                                            (u)     data0->z F     unmapped_bmux3       1  3.8     0   122    4444    (-,-) 
  u_DCT/IDRU8/mux_112_29/g2/z                                           (u)     data1->z F     unmapped_bmux3       1  3.8     0   122    4566    (-,-) 
  u_DCT/tposemem/Bisted_RF_2P_ADV64x16/RF_2P_ADV64x16_u0/mux_46_19/g2/z (u)     data0->z F     unmapped_bmux3       1  2.6     0   106    4671    (-,-) 
  u_DCT/tposemem/Bisted_RF_2P_ADV64x16/RF_2P_ADV64x16_u0/SRAM_i0/DB[14] (P)     -        F     rf_2p_hse            1    -     -     0    4671    (-,-) 
#-------------------------------------------------------------------------------------------------------------------------------------------------------

(P) : Instance is preserved
(u) : Net has unmapped pin(s).



Path 24: MET (46627 ps) Setup Check with Pin u_IDCT/tposemem/Bisted_RF_2P_ADV64x16/RF_2P_ADV64x16_u0/SRAM_i0/CLKB->DB[3]
           Mode: scan_mode
          Group: C2C_scan_mode
     Startpoint: (R) d_DoDCT_reg/clk
          Clock: (R) CLK1
       Endpoint: (F) u_IDCT/tposemem/Bisted_RF_2P_ADV64x16/RF_2P_ADV64x16_u0/SRAM_i0/DB[3]
          Clock: (F) CLK1

                     Capture       Launch     
        Clock Edge:+   50000            0     
       Src Latency:+       0            0     
       Net Latency:+    2000 (I)     2000 (I) 
           Arrival:=   52000         2000     
                                              
             Setup:-     223                  
       Uncertainty:-     500                  
     Required Time:=   51277                  
      Launch Clock:-    2000                  
         Data Path:-    2650                  
             Slack:=   46627                  

#---------------------------------------------------------------------------------------------------------------------------------------------------------
#                              Timing Point                               Flags     Arc    Edge      Cell        Fanout Load Trans Delay Arrival Instance 
#                                                                                                                       (fF)  (ps)  (ps)   (ps)  Location 
#---------------------------------------------------------------------------------------------------------------------------------------------------------
  d_DoDCT_reg/clk                                                         -       -        R     (arrival)         3520    -     0     -    2000    (-,-) 
  d_DoDCT_reg/q                                                           (u)     clk->q   R     unmapped_d_flop    102 45.1     0   506    2506    (-,-) 
  g10/z                                                                   (u)     in_0->z  F     unmapped_not       101 41.8     0   161    2668    (-,-) 
  u_IDCT/IDRU8/g177/z                                                     (u)     in_0->z  R     unmapped_not        76 36.9     0   151    2818    (-,-) 
  u_IDCT/IDRU8/mux_29_41/g2/z                                             (u)     sel0->z  F     unmapped_bmux3       2  7.6     0   137    2956    (-,-) 
  u_IDCT/IDRU8/g179/z                                                     (u)     in_0->z  R     unmapped_not         2  8.2     0    54    3009    (-,-) 
  u_IDCT/IDRU8/g168/z                                                     (u)     in_1->z  F     unmapped_nand2       1  3.8     0    60    3069    (-,-) 
  u_IDCT/IDRU8/g169/z                                                     (u)     in_0->z  R     unmapped_not        18 73.8     0   130    3199    (-,-) 
  u_IDCT/IDRU8/mux_71_50/g17/z                                            (u)     sel0->z  R     unmapped_bmux3       1  4.1     0   122    3321    (-,-) 
  u_IDCT/IDRU8/mux_70_50/g17/z                                            (u)     data0->z R     unmapped_bmux3       1  4.1     0   122    3443    (-,-) 
  u_IDCT/IDRU8/mux_69_50/g17/z                                            (u)     data0->z R     unmapped_bmux3       4 16.4     0   166    3608    (-,-) 
  u_IDCT/IDRU8/add_86_45/g6/z                                             (u)     in_0->z  F     unmapped_nor2        1  3.8     0    60    3668    (-,-) 
  u_IDCT/IDRU8/add_86_45/g40/z                                            (u)     in_0->z  R     unmapped_not         2  8.2     0    54    3722    (-,-) 
  u_IDCT/IDRU8/add_86_45/g41/z                                            (u)     in_1->z  F     unmapped_nand2       1  3.8     0    60    3782    (-,-) 
  u_IDCT/IDRU8/add_86_45/g42/z                                            (u)     in_1->z  R     unmapped_nand2       3 12.3     0    90    3872    (-,-) 
  u_IDCT/IDRU8/add_86_45/g78/z                                            (u)     in_1->z  F     unmapped_nand2       1  3.8     0    60    3932    (-,-) 
  u_IDCT/IDRU8/add_86_45/g79/z                                            (u)     in_1->z  R     unmapped_nand2       5 20.5     0   111    4043    (-,-) 
  u_IDCT/IDRU8/add_86_45/g111/z                                           (u)     in_0->z  F     unmapped_nand2       1  3.8     0    60    4103    (-,-) 
  u_IDCT/IDRU8/add_86_45/g112/z                                           (u)     in_1->z  R     unmapped_nand2       1  4.1     0    60    4164    (-,-) 
  u_IDCT/IDRU8/add_86_45/g173/z                                           (u)     in_0->z  F     unmapped_xnor2       1  3.8     0   122    4285    (-,-) 
  u_IDCT/IDRU8/mux_89_39/g13/z                                            (u)     data0->z F     unmapped_bmux3       2  7.6     0   137    4422    (-,-) 
  u_IDCT/IDRU8/mux_112_29/g13/z                                           (u)     data1->z F     unmapped_bmux3       1  3.8     0   122    4544    (-,-) 
  u_IDCT/tposemem/Bisted_RF_2P_ADV64x16/RF_2P_ADV64x16_u0/mux_46_19/g13/z (u)     data0->z F     unmapped_bmux3       1  2.6     0   106    4650    (-,-) 
  u_IDCT/tposemem/Bisted_RF_2P_ADV64x16/RF_2P_ADV64x16_u0/SRAM_i0/DB[3]   (P)     -        F     rf_2p_hse            1    -     -     0    4650    (-,-) 
#---------------------------------------------------------------------------------------------------------------------------------------------------------

(P) : Instance is preserved
(u) : Net has unmapped pin(s).



Path 25: MET (46627 ps) Setup Check with Pin u_IDCT/tposemem/Bisted_RF_2P_ADV64x16/RF_2P_ADV64x16_u0/SRAM_i0/CLKB->DB[4]
           Mode: scan_mode
          Group: C2C_scan_mode
     Startpoint: (R) d_DoDCT_reg/clk
          Clock: (R) CLK1
       Endpoint: (F) u_IDCT/tposemem/Bisted_RF_2P_ADV64x16/RF_2P_ADV64x16_u0/SRAM_i0/DB[4]
          Clock: (F) CLK1

                     Capture       Launch     
        Clock Edge:+   50000            0     
       Src Latency:+       0            0     
       Net Latency:+    2000 (I)     2000 (I) 
           Arrival:=   52000         2000     
                                              
             Setup:-     223                  
       Uncertainty:-     500                  
     Required Time:=   51277                  
      Launch Clock:-    2000                  
         Data Path:-    2650                  
             Slack:=   46627                  

#---------------------------------------------------------------------------------------------------------------------------------------------------------
#                              Timing Point                               Flags     Arc    Edge      Cell        Fanout Load Trans Delay Arrival Instance 
#                                                                                                                       (fF)  (ps)  (ps)   (ps)  Location 
#---------------------------------------------------------------------------------------------------------------------------------------------------------
  d_DoDCT_reg/clk                                                         -       -        R     (arrival)         3520    -     0     -    2000    (-,-) 
  d_DoDCT_reg/q                                                           (u)     clk->q   R     unmapped_d_flop    102 45.1     0   506    2506    (-,-) 
  g10/z                                                                   (u)     in_0->z  F     unmapped_not       101 41.8     0   161    2668    (-,-) 
  u_IDCT/IDRU8/g177/z                                                     (u)     in_0->z  R     unmapped_not        76 36.9     0   151    2818    (-,-) 
  u_IDCT/IDRU8/mux_29_41/g2/z                                             (u)     sel0->z  F     unmapped_bmux3       2  7.6     0   137    2956    (-,-) 
  u_IDCT/IDRU8/g179/z                                                     (u)     in_0->z  R     unmapped_not         2  8.2     0    54    3009    (-,-) 
  u_IDCT/IDRU8/g168/z                                                     (u)     in_1->z  F     unmapped_nand2       1  3.8     0    60    3069    (-,-) 
  u_IDCT/IDRU8/g169/z                                                     (u)     in_0->z  R     unmapped_not        18 73.8     0   130    3199    (-,-) 
  u_IDCT/IDRU8/mux_71_50/g17/z                                            (u)     sel0->z  R     unmapped_bmux3       1  4.1     0   122    3321    (-,-) 
  u_IDCT/IDRU8/mux_70_50/g17/z                                            (u)     data0->z R     unmapped_bmux3       1  4.1     0   122    3443    (-,-) 
  u_IDCT/IDRU8/mux_69_50/g17/z                                            (u)     data0->z R     unmapped_bmux3       4 16.4     0   166    3608    (-,-) 
  u_IDCT/IDRU8/add_86_45/g6/z                                             (u)     in_0->z  F     unmapped_nor2        1  3.8     0    60    3668    (-,-) 
  u_IDCT/IDRU8/add_86_45/g40/z                                            (u)     in_0->z  R     unmapped_not         2  8.2     0    54    3722    (-,-) 
  u_IDCT/IDRU8/add_86_45/g41/z                                            (u)     in_1->z  F     unmapped_nand2       1  3.8     0    60    3782    (-,-) 
  u_IDCT/IDRU8/add_86_45/g42/z                                            (u)     in_1->z  R     unmapped_nand2       3 12.3     0    90    3872    (-,-) 
  u_IDCT/IDRU8/add_86_45/g78/z                                            (u)     in_1->z  F     unmapped_nand2       1  3.8     0    60    3932    (-,-) 
  u_IDCT/IDRU8/add_86_45/g79/z                                            (u)     in_1->z  R     unmapped_nand2       5 20.5     0   111    4043    (-,-) 
  u_IDCT/IDRU8/add_86_45/g113/z                                           (u)     in_1->z  F     unmapped_nand2       1  3.8     0    60    4103    (-,-) 
  u_IDCT/IDRU8/add_86_45/g114/z                                           (u)     in_1->z  R     unmapped_nand2       1  4.1     0    60    4164    (-,-) 
  u_IDCT/IDRU8/add_86_45/g175/z                                           (u)     in_0->z  F     unmapped_xnor2       1  3.8     0   122    4285    (-,-) 
  u_IDCT/IDRU8/mux_89_39/g12/z                                            (u)     data0->z F     unmapped_bmux3       2  7.6     0   137    4422    (-,-) 
  u_IDCT/IDRU8/mux_112_29/g12/z                                           (u)     data1->z F     unmapped_bmux3       1  3.8     0   122    4544    (-,-) 
  u_IDCT/tposemem/Bisted_RF_2P_ADV64x16/RF_2P_ADV64x16_u0/mux_46_19/g12/z (u)     data0->z F     unmapped_bmux3       1  2.6     0   106    4650    (-,-) 
  u_IDCT/tposemem/Bisted_RF_2P_ADV64x16/RF_2P_ADV64x16_u0/SRAM_i0/DB[4]   (P)     -        F     rf_2p_hse            1    -     -     0    4650    (-,-) 
#---------------------------------------------------------------------------------------------------------------------------------------------------------

(P) : Instance is preserved
(u) : Net has unmapped pin(s).



Path 26: MET (46627 ps) Setup Check with Pin u_IDCT/tposemem/Bisted_RF_2P_ADV64x16/RF_2P_ADV64x16_u0/SRAM_i0/CLKB->DB[5]
           Mode: scan_mode
          Group: C2C_scan_mode
     Startpoint: (R) d_DoDCT_reg/clk
          Clock: (R) CLK1
       Endpoint: (F) u_IDCT/tposemem/Bisted_RF_2P_ADV64x16/RF_2P_ADV64x16_u0/SRAM_i0/DB[5]
          Clock: (F) CLK1

                     Capture       Launch     
        Clock Edge:+   50000            0     
       Src Latency:+       0            0     
       Net Latency:+    2000 (I)     2000 (I) 
           Arrival:=   52000         2000     
                                              
             Setup:-     223                  
       Uncertainty:-     500                  
     Required Time:=   51277                  
      Launch Clock:-    2000                  
         Data Path:-    2650                  
             Slack:=   46627                  

#---------------------------------------------------------------------------------------------------------------------------------------------------------
#                              Timing Point                               Flags     Arc    Edge      Cell        Fanout Load Trans Delay Arrival Instance 
#                                                                                                                       (fF)  (ps)  (ps)   (ps)  Location 
#---------------------------------------------------------------------------------------------------------------------------------------------------------
  d_DoDCT_reg/clk                                                         -       -        R     (arrival)         3520    -     0     -    2000    (-,-) 
  d_DoDCT_reg/q                                                           (u)     clk->q   R     unmapped_d_flop    102 45.1     0   506    2506    (-,-) 
  g10/z                                                                   (u)     in_0->z  F     unmapped_not       101 41.8     0   161    2668    (-,-) 
  u_IDCT/IDRU8/g177/z                                                     (u)     in_0->z  R     unmapped_not        76 36.9     0   151    2818    (-,-) 
  u_IDCT/IDRU8/mux_29_41/g2/z                                             (u)     sel0->z  F     unmapped_bmux3       2  7.6     0   137    2956    (-,-) 
  u_IDCT/IDRU8/g179/z                                                     (u)     in_0->z  R     unmapped_not         2  8.2     0    54    3009    (-,-) 
  u_IDCT/IDRU8/g168/z                                                     (u)     in_1->z  F     unmapped_nand2       1  3.8     0    60    3069    (-,-) 
  u_IDCT/IDRU8/g169/z                                                     (u)     in_0->z  R     unmapped_not        18 73.8     0   130    3199    (-,-) 
  u_IDCT/IDRU8/mux_71_50/g17/z                                            (u)     sel0->z  R     unmapped_bmux3       1  4.1     0   122    3321    (-,-) 
  u_IDCT/IDRU8/mux_70_50/g17/z                                            (u)     data0->z R     unmapped_bmux3       1  4.1     0   122    3443    (-,-) 
  u_IDCT/IDRU8/mux_69_50/g17/z                                            (u)     data0->z R     unmapped_bmux3       4 16.4     0   166    3608    (-,-) 
  u_IDCT/IDRU8/add_86_45/g6/z                                             (u)     in_0->z  F     unmapped_nor2        1  3.8     0    60    3668    (-,-) 
  u_IDCT/IDRU8/add_86_45/g40/z                                            (u)     in_0->z  R     unmapped_not         2  8.2     0    54    3722    (-,-) 
  u_IDCT/IDRU8/add_86_45/g41/z                                            (u)     in_1->z  F     unmapped_nand2       1  3.8     0    60    3782    (-,-) 
  u_IDCT/IDRU8/add_86_45/g42/z                                            (u)     in_1->z  R     unmapped_nand2       3 12.3     0    90    3872    (-,-) 
  u_IDCT/IDRU8/add_86_45/g78/z                                            (u)     in_1->z  F     unmapped_nand2       1  3.8     0    60    3932    (-,-) 
  u_IDCT/IDRU8/add_86_45/g79/z                                            (u)     in_1->z  R     unmapped_nand2       5 20.5     0   111    4043    (-,-) 
  u_IDCT/IDRU8/add_86_45/g116/z                                           (u)     in_0->z  F     unmapped_nand2       1  3.8     0    60    4103    (-,-) 
  u_IDCT/IDRU8/add_86_45/g117/z                                           (u)     in_1->z  R     unmapped_nand2       1  4.1     0    60    4164    (-,-) 
  u_IDCT/IDRU8/add_86_45/g178/z                                           (u)     in_0->z  F     unmapped_xnor2       1  3.8     0   122    4285    (-,-) 
  u_IDCT/IDRU8/mux_89_39/g11/z                                            (u)     data0->z F     unmapped_bmux3       2  7.6     0   137    4422    (-,-) 
  u_IDCT/IDRU8/mux_112_29/g11/z                                           (u)     data1->z F     unmapped_bmux3       1  3.8     0   122    4544    (-,-) 
  u_IDCT/tposemem/Bisted_RF_2P_ADV64x16/RF_2P_ADV64x16_u0/mux_46_19/g11/z (u)     data0->z F     unmapped_bmux3       1  2.6     0   106    4650    (-,-) 
  u_IDCT/tposemem/Bisted_RF_2P_ADV64x16/RF_2P_ADV64x16_u0/SRAM_i0/DB[5]   (P)     -        F     rf_2p_hse            1    -     -     0    4650    (-,-) 
#---------------------------------------------------------------------------------------------------------------------------------------------------------

(P) : Instance is preserved
(u) : Net has unmapped pin(s).



Path 27: MET (46726 ps) Setup Check with Pin u_DCT/tposemem/Bisted_RF_2P_ADV64x16/RF_2P_ADV64x16_u0/SRAM_i0/CLKB->DB[6]
           Mode: scan_mode
          Group: C2C_scan_mode
     Startpoint: (R) d_DoDCT_reg/clk
          Clock: (R) CLK1
       Endpoint: (F) u_DCT/tposemem/Bisted_RF_2P_ADV64x16/RF_2P_ADV64x16_u0/SRAM_i0/DB[6]
          Clock: (F) CLK1

                     Capture       Launch     
        Clock Edge:+   50000            0     
       Src Latency:+       0            0     
       Net Latency:+    2000 (I)     2000 (I) 
           Arrival:=   52000         2000     
                                              
             Setup:-     223                  
       Uncertainty:-     500                  
     Required Time:=   51277                  
      Launch Clock:-    2000                  
         Data Path:-    2551                  
             Slack:=   46726                  

#--------------------------------------------------------------------------------------------------------------------------------------------------------
#                             Timing Point                               Flags     Arc    Edge      Cell        Fanout Load Trans Delay Arrival Instance 
#                                                                                                                      (fF)  (ps)  (ps)   (ps)  Location 
#--------------------------------------------------------------------------------------------------------------------------------------------------------
  d_DoDCT_reg/clk                                                        -       -        R     (arrival)         3520    -     0     -    2000    (-,-) 
  d_DoDCT_reg/q                                                          (u)     clk->q   F     unmapped_d_flop    102 41.8     0   506    2506    (-,-) 
  u_DCT/IDRU8/g177/z                                                     (u)     in_0->z  R     unmapped_not        76 36.9     0   151    2657    (-,-) 
  u_DCT/IDRU8/mux_29_41/g2/z                                             (u)     sel0->z  F     unmapped_bmux3       2  7.6     0   137    2794    (-,-) 
  u_DCT/IDRU8/g179/z                                                     (u)     in_0->z  R     unmapped_not         2  8.2     0    54    2848    (-,-) 
  u_DCT/IDRU8/g168/z                                                     (u)     in_1->z  F     unmapped_nand2       1  3.8     0    60    2908    (-,-) 
  u_DCT/IDRU8/g169/z                                                     (u)     in_0->z  R     unmapped_not        18 73.8     0   130    3038    (-,-) 
  u_DCT/IDRU8/mux_71_50/g17/z                                            (u)     sel0->z  R     unmapped_bmux3       1  4.1     0   122    3160    (-,-) 
  u_DCT/IDRU8/mux_70_50/g17/z                                            (u)     data0->z R     unmapped_bmux3       1  4.1     0   122    3281    (-,-) 
  u_DCT/IDRU8/mux_69_50/g17/z                                            (u)     data0->z R     unmapped_bmux3       4 16.4     0   166    3447    (-,-) 
  u_DCT/IDRU8/add_86_45/g6/z                                             (u)     in_0->z  F     unmapped_nor2        1  3.8     0    60    3507    (-,-) 
  u_DCT/IDRU8/add_86_45/g40/z                                            (u)     in_0->z  R     unmapped_not         2  8.2     0    54    3560    (-,-) 
  u_DCT/IDRU8/add_86_45/g41/z                                            (u)     in_1->z  F     unmapped_nand2       1  3.8     0    60    3621    (-,-) 
  u_DCT/IDRU8/add_86_45/g42/z                                            (u)     in_1->z  R     unmapped_nand2       3 12.3     0    90    3711    (-,-) 
  u_DCT/IDRU8/add_86_45/g78/z                                            (u)     in_1->z  F     unmapped_nand2       1  3.8     0    60    3771    (-,-) 
  u_DCT/IDRU8/add_86_45/g79/z                                            (u)     in_1->z  R     unmapped_nand2       5 20.5     0   111    3882    (-,-) 
  u_DCT/IDRU8/add_86_45/g119/z                                           (u)     in_0->z  F     unmapped_nand2       1  3.8     0    60    3942    (-,-) 
  u_DCT/IDRU8/add_86_45/g120/z                                           (u)     in_1->z  R     unmapped_nand2       9 36.9     0   122    4064    (-,-) 
  u_DCT/IDRU8/add_86_45/g180/z                                           (u)     in_0->z  F     unmapped_xnor2       1  3.8     0   122    4186    (-,-) 
  u_DCT/IDRU8/mux_89_39/g10/z                                            (u)     data0->z F     unmapped_bmux3       2  7.6     0   137    4323    (-,-) 
  u_DCT/IDRU8/mux_112_29/g10/z                                           (u)     data1->z F     unmapped_bmux3       1  3.8     0   122    4445    (-,-) 
  u_DCT/tposemem/Bisted_RF_2P_ADV64x16/RF_2P_ADV64x16_u0/mux_46_19/g10/z (u)     data0->z F     unmapped_bmux3       1  2.6     0   106    4551    (-,-) 
  u_DCT/tposemem/Bisted_RF_2P_ADV64x16/RF_2P_ADV64x16_u0/SRAM_i0/DB[6]   (P)     -        F     rf_2p_hse            1    -     -     0    4551    (-,-) 
#--------------------------------------------------------------------------------------------------------------------------------------------------------

(P) : Instance is preserved
(u) : Net has unmapped pin(s).



Path 28: MET (46748 ps) Setup Check with Pin u_IDCT/tposemem/Bisted_RF_2P_ADV64x16/RF_2P_ADV64x16_u0/SRAM_i0/CLKB->DB[2]
           Mode: scan_mode
          Group: C2C_scan_mode
     Startpoint: (R) d_DoDCT_reg/clk
          Clock: (R) CLK1
       Endpoint: (F) u_IDCT/tposemem/Bisted_RF_2P_ADV64x16/RF_2P_ADV64x16_u0/SRAM_i0/DB[2]
          Clock: (F) CLK1

                     Capture       Launch     
        Clock Edge:+   50000            0     
       Src Latency:+       0            0     
       Net Latency:+    2000 (I)     2000 (I) 
           Arrival:=   52000         2000     
                                              
             Setup:-     223                  
       Uncertainty:-     500                  
     Required Time:=   51277                  
      Launch Clock:-    2000                  
         Data Path:-    2529                  
             Slack:=   46748                  

#---------------------------------------------------------------------------------------------------------------------------------------------------------
#                              Timing Point                               Flags     Arc    Edge      Cell        Fanout Load Trans Delay Arrival Instance 
#                                                                                                                       (fF)  (ps)  (ps)   (ps)  Location 
#---------------------------------------------------------------------------------------------------------------------------------------------------------
  d_DoDCT_reg/clk                                                         -       -        R     (arrival)         3520    -     0     -    2000    (-,-) 
  d_DoDCT_reg/q                                                           (u)     clk->q   R     unmapped_d_flop    102 45.1     0   506    2506    (-,-) 
  g10/z                                                                   (u)     in_0->z  F     unmapped_not       101 41.8     0   161    2668    (-,-) 
  u_IDCT/IDRU8/g177/z                                                     (u)     in_0->z  R     unmapped_not        76 36.9     0   151    2818    (-,-) 
  u_IDCT/IDRU8/mux_29_41/g2/z                                             (u)     sel0->z  F     unmapped_bmux3       2  7.6     0   137    2956    (-,-) 
  u_IDCT/IDRU8/g179/z                                                     (u)     in_0->z  R     unmapped_not         2  8.2     0    54    3009    (-,-) 
  u_IDCT/IDRU8/g168/z                                                     (u)     in_1->z  F     unmapped_nand2       1  3.8     0    60    3069    (-,-) 
  u_IDCT/IDRU8/g169/z                                                     (u)     in_0->z  R     unmapped_not        18 73.8     0   130    3199    (-,-) 
  u_IDCT/IDRU8/mux_71_50/g17/z                                            (u)     sel0->z  R     unmapped_bmux3       1  4.1     0   122    3321    (-,-) 
  u_IDCT/IDRU8/mux_70_50/g17/z                                            (u)     data0->z R     unmapped_bmux3       1  4.1     0   122    3443    (-,-) 
  u_IDCT/IDRU8/mux_69_50/g17/z                                            (u)     data0->z R     unmapped_bmux3       4 16.4     0   166    3608    (-,-) 
  u_IDCT/IDRU8/add_86_45/g6/z                                             (u)     in_0->z  F     unmapped_nor2        1  3.8     0    60    3668    (-,-) 
  u_IDCT/IDRU8/add_86_45/g40/z                                            (u)     in_0->z  R     unmapped_not         2  8.2     0    54    3722    (-,-) 
  u_IDCT/IDRU8/add_86_45/g41/z                                            (u)     in_1->z  F     unmapped_nand2       1  3.8     0    60    3782    (-,-) 
  u_IDCT/IDRU8/add_86_45/g42/z                                            (u)     in_1->z  R     unmapped_nand2       3 12.3     0    90    3872    (-,-) 
  u_IDCT/IDRU8/add_86_45/g78/z                                            (u)     in_1->z  F     unmapped_nand2       1  3.8     0    60    3932    (-,-) 
  u_IDCT/IDRU8/add_86_45/g79/z                                            (u)     in_1->z  R     unmapped_nand2       5 20.5     0   111    4043    (-,-) 
  u_IDCT/IDRU8/add_86_45/g170/z                                           (u)     in_0->z  F     unmapped_xnor2       1  3.8     0   122    4165    (-,-) 
  u_IDCT/IDRU8/mux_89_39/g14/z                                            (u)     data0->z F     unmapped_bmux3       2  7.6     0   137    4302    (-,-) 
  u_IDCT/IDRU8/mux_112_29/g14/z                                           (u)     data1->z F     unmapped_bmux3       1  3.8     0   122    4424    (-,-) 
  u_IDCT/tposemem/Bisted_RF_2P_ADV64x16/RF_2P_ADV64x16_u0/mux_46_19/g14/z (u)     data0->z F     unmapped_bmux3       1  2.6     0   106    4529    (-,-) 
  u_IDCT/tposemem/Bisted_RF_2P_ADV64x16/RF_2P_ADV64x16_u0/SRAM_i0/DB[2]   (P)     -        F     rf_2p_hse            1    -     -     0    4529    (-,-) 
#---------------------------------------------------------------------------------------------------------------------------------------------------------

(P) : Instance is preserved
(u) : Net has unmapped pin(s).



Path 29: MET (46788 ps) Setup Check with Pin u_DCT/tposemem/Bisted_RF_2P_ADV64x16/RF_2P_ADV64x16_u0/SRAM_i0/CLKB->DB[3]
           Mode: scan_mode
          Group: C2C_scan_mode
     Startpoint: (R) d_DoDCT_reg/clk
          Clock: (R) CLK1
       Endpoint: (F) u_DCT/tposemem/Bisted_RF_2P_ADV64x16/RF_2P_ADV64x16_u0/SRAM_i0/DB[3]
          Clock: (F) CLK1

                     Capture       Launch     
        Clock Edge:+   50000            0     
       Src Latency:+       0            0     
       Net Latency:+    2000 (I)     2000 (I) 
           Arrival:=   52000         2000     
                                              
             Setup:-     223                  
       Uncertainty:-     500                  
     Required Time:=   51277                  
      Launch Clock:-    2000                  
         Data Path:-    2488                  
             Slack:=   46788                  

#--------------------------------------------------------------------------------------------------------------------------------------------------------
#                             Timing Point                               Flags     Arc    Edge      Cell        Fanout Load Trans Delay Arrival Instance 
#                                                                                                                      (fF)  (ps)  (ps)   (ps)  Location 
#--------------------------------------------------------------------------------------------------------------------------------------------------------
  d_DoDCT_reg/clk                                                        -       -        R     (arrival)         3520    -     0     -    2000    (-,-) 
  d_DoDCT_reg/q                                                          (u)     clk->q   F     unmapped_d_flop    102 41.8     0   506    2506    (-,-) 
  u_DCT/IDRU8/g177/z                                                     (u)     in_0->z  R     unmapped_not        76 36.9     0   151    2657    (-,-) 
  u_DCT/IDRU8/mux_29_41/g2/z                                             (u)     sel0->z  F     unmapped_bmux3       2  7.6     0   137    2794    (-,-) 
  u_DCT/IDRU8/g179/z                                                     (u)     in_0->z  R     unmapped_not         2  8.2     0    54    2848    (-,-) 
  u_DCT/IDRU8/g168/z                                                     (u)     in_1->z  F     unmapped_nand2       1  3.8     0    60    2908    (-,-) 
  u_DCT/IDRU8/g169/z                                                     (u)     in_0->z  R     unmapped_not        18 73.8     0   130    3038    (-,-) 
  u_DCT/IDRU8/mux_71_50/g17/z                                            (u)     sel0->z  R     unmapped_bmux3       1  4.1     0   122    3160    (-,-) 
  u_DCT/IDRU8/mux_70_50/g17/z                                            (u)     data0->z R     unmapped_bmux3       1  4.1     0   122    3281    (-,-) 
  u_DCT/IDRU8/mux_69_50/g17/z                                            (u)     data0->z R     unmapped_bmux3       4 16.4     0   166    3447    (-,-) 
  u_DCT/IDRU8/add_86_45/g6/z                                             (u)     in_0->z  F     unmapped_nor2        1  3.8     0    60    3507    (-,-) 
  u_DCT/IDRU8/add_86_45/g40/z                                            (u)     in_0->z  R     unmapped_not         2  8.2     0    54    3560    (-,-) 
  u_DCT/IDRU8/add_86_45/g41/z                                            (u)     in_1->z  F     unmapped_nand2       1  3.8     0    60    3621    (-,-) 
  u_DCT/IDRU8/add_86_45/g42/z                                            (u)     in_1->z  R     unmapped_nand2       3 12.3     0    90    3711    (-,-) 
  u_DCT/IDRU8/add_86_45/g78/z                                            (u)     in_1->z  F     unmapped_nand2       1  3.8     0    60    3771    (-,-) 
  u_DCT/IDRU8/add_86_45/g79/z                                            (u)     in_1->z  R     unmapped_nand2       5 20.5     0   111    3882    (-,-) 
  u_DCT/IDRU8/add_86_45/g111/z                                           (u)     in_0->z  F     unmapped_nand2       1  3.8     0    60    3942    (-,-) 
  u_DCT/IDRU8/add_86_45/g112/z                                           (u)     in_1->z  R     unmapped_nand2       1  4.1     0    60    4002    (-,-) 
  u_DCT/IDRU8/add_86_45/g173/z                                           (u)     in_0->z  F     unmapped_xnor2       1  3.8     0   122    4124    (-,-) 
  u_DCT/IDRU8/mux_89_39/g13/z                                            (u)     data0->z F     unmapped_bmux3       2  7.6     0   137    4261    (-,-) 
  u_DCT/IDRU8/mux_112_29/g13/z                                           (u)     data1->z F     unmapped_bmux3       1  3.8     0   122    4383    (-,-) 
  u_DCT/tposemem/Bisted_RF_2P_ADV64x16/RF_2P_ADV64x16_u0/mux_46_19/g13/z (u)     data0->z F     unmapped_bmux3       1  2.6     0   106    4488    (-,-) 
  u_DCT/tposemem/Bisted_RF_2P_ADV64x16/RF_2P_ADV64x16_u0/SRAM_i0/DB[3]   (P)     -        F     rf_2p_hse            1    -     -     0    4488    (-,-) 
#--------------------------------------------------------------------------------------------------------------------------------------------------------

(P) : Instance is preserved
(u) : Net has unmapped pin(s).



Path 30: MET (46788 ps) Setup Check with Pin u_DCT/tposemem/Bisted_RF_2P_ADV64x16/RF_2P_ADV64x16_u0/SRAM_i0/CLKB->DB[4]
           Mode: scan_mode
          Group: C2C_scan_mode
     Startpoint: (R) d_DoDCT_reg/clk
          Clock: (R) CLK1
       Endpoint: (F) u_DCT/tposemem/Bisted_RF_2P_ADV64x16/RF_2P_ADV64x16_u0/SRAM_i0/DB[4]
          Clock: (F) CLK1

                     Capture       Launch     
        Clock Edge:+   50000            0     
       Src Latency:+       0            0     
       Net Latency:+    2000 (I)     2000 (I) 
           Arrival:=   52000         2000     
                                              
             Setup:-     223                  
       Uncertainty:-     500                  
     Required Time:=   51277                  
      Launch Clock:-    2000                  
         Data Path:-    2488                  
             Slack:=   46788                  

#--------------------------------------------------------------------------------------------------------------------------------------------------------
#                             Timing Point                               Flags     Arc    Edge      Cell        Fanout Load Trans Delay Arrival Instance 
#                                                                                                                      (fF)  (ps)  (ps)   (ps)  Location 
#--------------------------------------------------------------------------------------------------------------------------------------------------------
  d_DoDCT_reg/clk                                                        -       -        R     (arrival)         3520    -     0     -    2000    (-,-) 
  d_DoDCT_reg/q                                                          (u)     clk->q   F     unmapped_d_flop    102 41.8     0   506    2506    (-,-) 
  u_DCT/IDRU8/g177/z                                                     (u)     in_0->z  R     unmapped_not        76 36.9     0   151    2657    (-,-) 
  u_DCT/IDRU8/mux_29_41/g2/z                                             (u)     sel0->z  F     unmapped_bmux3       2  7.6     0   137    2794    (-,-) 
  u_DCT/IDRU8/g179/z                                                     (u)     in_0->z  R     unmapped_not         2  8.2     0    54    2848    (-,-) 
  u_DCT/IDRU8/g168/z                                                     (u)     in_1->z  F     unmapped_nand2       1  3.8     0    60    2908    (-,-) 
  u_DCT/IDRU8/g169/z                                                     (u)     in_0->z  R     unmapped_not        18 73.8     0   130    3038    (-,-) 
  u_DCT/IDRU8/mux_71_50/g17/z                                            (u)     sel0->z  R     unmapped_bmux3       1  4.1     0   122    3160    (-,-) 
  u_DCT/IDRU8/mux_70_50/g17/z                                            (u)     data0->z R     unmapped_bmux3       1  4.1     0   122    3281    (-,-) 
  u_DCT/IDRU8/mux_69_50/g17/z                                            (u)     data0->z R     unmapped_bmux3       4 16.4     0   166    3447    (-,-) 
  u_DCT/IDRU8/add_86_45/g6/z                                             (u)     in_0->z  F     unmapped_nor2        1  3.8     0    60    3507    (-,-) 
  u_DCT/IDRU8/add_86_45/g40/z                                            (u)     in_0->z  R     unmapped_not         2  8.2     0    54    3560    (-,-) 
  u_DCT/IDRU8/add_86_45/g41/z                                            (u)     in_1->z  F     unmapped_nand2       1  3.8     0    60    3621    (-,-) 
  u_DCT/IDRU8/add_86_45/g42/z                                            (u)     in_1->z  R     unmapped_nand2       3 12.3     0    90    3711    (-,-) 
  u_DCT/IDRU8/add_86_45/g78/z                                            (u)     in_1->z  F     unmapped_nand2       1  3.8     0    60    3771    (-,-) 
  u_DCT/IDRU8/add_86_45/g79/z                                            (u)     in_1->z  R     unmapped_nand2       5 20.5     0   111    3882    (-,-) 
  u_DCT/IDRU8/add_86_45/g113/z                                           (u)     in_1->z  F     unmapped_nand2       1  3.8     0    60    3942    (-,-) 
  u_DCT/IDRU8/add_86_45/g114/z                                           (u)     in_1->z  R     unmapped_nand2       1  4.1     0    60    4002    (-,-) 
  u_DCT/IDRU8/add_86_45/g175/z                                           (u)     in_0->z  F     unmapped_xnor2       1  3.8     0   122    4124    (-,-) 
  u_DCT/IDRU8/mux_89_39/g12/z                                            (u)     data0->z F     unmapped_bmux3       2  7.6     0   137    4261    (-,-) 
  u_DCT/IDRU8/mux_112_29/g12/z                                           (u)     data1->z F     unmapped_bmux3       1  3.8     0   122    4383    (-,-) 
  u_DCT/tposemem/Bisted_RF_2P_ADV64x16/RF_2P_ADV64x16_u0/mux_46_19/g12/z (u)     data0->z F     unmapped_bmux3       1  2.6     0   106    4488    (-,-) 
  u_DCT/tposemem/Bisted_RF_2P_ADV64x16/RF_2P_ADV64x16_u0/SRAM_i0/DB[4]   (P)     -        F     rf_2p_hse            1    -     -     0    4488    (-,-) 
#--------------------------------------------------------------------------------------------------------------------------------------------------------

(P) : Instance is preserved
(u) : Net has unmapped pin(s).



Path 31: MET (46788 ps) Setup Check with Pin u_DCT/tposemem/Bisted_RF_2P_ADV64x16/RF_2P_ADV64x16_u0/SRAM_i0/CLKB->DB[5]
           Mode: scan_mode
          Group: C2C_scan_mode
     Startpoint: (R) d_DoDCT_reg/clk
          Clock: (R) CLK1
       Endpoint: (F) u_DCT/tposemem/Bisted_RF_2P_ADV64x16/RF_2P_ADV64x16_u0/SRAM_i0/DB[5]
          Clock: (F) CLK1

                     Capture       Launch     
        Clock Edge:+   50000            0     
       Src Latency:+       0            0     
       Net Latency:+    2000 (I)     2000 (I) 
           Arrival:=   52000         2000     
                                              
             Setup:-     223                  
       Uncertainty:-     500                  
     Required Time:=   51277                  
      Launch Clock:-    2000                  
         Data Path:-    2488                  
             Slack:=   46788                  

#--------------------------------------------------------------------------------------------------------------------------------------------------------
#                             Timing Point                               Flags     Arc    Edge      Cell        Fanout Load Trans Delay Arrival Instance 
#                                                                                                                      (fF)  (ps)  (ps)   (ps)  Location 
#--------------------------------------------------------------------------------------------------------------------------------------------------------
  d_DoDCT_reg/clk                                                        -       -        R     (arrival)         3520    -     0     -    2000    (-,-) 
  d_DoDCT_reg/q                                                          (u)     clk->q   F     unmapped_d_flop    102 41.8     0   506    2506    (-,-) 
  u_DCT/IDRU8/g177/z                                                     (u)     in_0->z  R     unmapped_not        76 36.9     0   151    2657    (-,-) 
  u_DCT/IDRU8/mux_29_41/g2/z                                             (u)     sel0->z  F     unmapped_bmux3       2  7.6     0   137    2794    (-,-) 
  u_DCT/IDRU8/g179/z                                                     (u)     in_0->z  R     unmapped_not         2  8.2     0    54    2848    (-,-) 
  u_DCT/IDRU8/g168/z                                                     (u)     in_1->z  F     unmapped_nand2       1  3.8     0    60    2908    (-,-) 
  u_DCT/IDRU8/g169/z                                                     (u)     in_0->z  R     unmapped_not        18 73.8     0   130    3038    (-,-) 
  u_DCT/IDRU8/mux_71_50/g17/z                                            (u)     sel0->z  R     unmapped_bmux3       1  4.1     0   122    3160    (-,-) 
  u_DCT/IDRU8/mux_70_50/g17/z                                            (u)     data0->z R     unmapped_bmux3       1  4.1     0   122    3281    (-,-) 
  u_DCT/IDRU8/mux_69_50/g17/z                                            (u)     data0->z R     unmapped_bmux3       4 16.4     0   166    3447    (-,-) 
  u_DCT/IDRU8/add_86_45/g6/z                                             (u)     in_0->z  F     unmapped_nor2        1  3.8     0    60    3507    (-,-) 
  u_DCT/IDRU8/add_86_45/g40/z                                            (u)     in_0->z  R     unmapped_not         2  8.2     0    54    3560    (-,-) 
  u_DCT/IDRU8/add_86_45/g41/z                                            (u)     in_1->z  F     unmapped_nand2       1  3.8     0    60    3621    (-,-) 
  u_DCT/IDRU8/add_86_45/g42/z                                            (u)     in_1->z  R     unmapped_nand2       3 12.3     0    90    3711    (-,-) 
  u_DCT/IDRU8/add_86_45/g78/z                                            (u)     in_1->z  F     unmapped_nand2       1  3.8     0    60    3771    (-,-) 
  u_DCT/IDRU8/add_86_45/g79/z                                            (u)     in_1->z  R     unmapped_nand2       5 20.5     0   111    3882    (-,-) 
  u_DCT/IDRU8/add_86_45/g116/z                                           (u)     in_0->z  F     unmapped_nand2       1  3.8     0    60    3942    (-,-) 
  u_DCT/IDRU8/add_86_45/g117/z                                           (u)     in_1->z  R     unmapped_nand2       1  4.1     0    60    4002    (-,-) 
  u_DCT/IDRU8/add_86_45/g178/z                                           (u)     in_0->z  F     unmapped_xnor2       1  3.8     0   122    4124    (-,-) 
  u_DCT/IDRU8/mux_89_39/g11/z                                            (u)     data0->z F     unmapped_bmux3       2  7.6     0   137    4261    (-,-) 
  u_DCT/IDRU8/mux_112_29/g11/z                                           (u)     data1->z F     unmapped_bmux3       1  3.8     0   122    4383    (-,-) 
  u_DCT/tposemem/Bisted_RF_2P_ADV64x16/RF_2P_ADV64x16_u0/mux_46_19/g11/z (u)     data0->z F     unmapped_bmux3       1  2.6     0   106    4488    (-,-) 
  u_DCT/tposemem/Bisted_RF_2P_ADV64x16/RF_2P_ADV64x16_u0/SRAM_i0/DB[5]   (P)     -        F     rf_2p_hse            1    -     -     0    4488    (-,-) 
#--------------------------------------------------------------------------------------------------------------------------------------------------------

(P) : Instance is preserved
(u) : Net has unmapped pin(s).



Path 32: MET (46813 ps) Setup Check with Pin u_IDCT/tposemem/Bisted_RF_2P_ADV64x16/RF_2P_ADV64x16_u0/SRAM_i0/CLKB->DB[1]
           Mode: scan_mode
          Group: C2C_scan_mode
     Startpoint: (R) d_DoDCT_reg/clk
          Clock: (R) CLK1
       Endpoint: (F) u_IDCT/tposemem/Bisted_RF_2P_ADV64x16/RF_2P_ADV64x16_u0/SRAM_i0/DB[1]
          Clock: (F) CLK1

                     Capture       Launch     
        Clock Edge:+   50000            0     
       Src Latency:+       0            0     
       Net Latency:+    2000 (I)     2000 (I) 
           Arrival:=   52000         2000     
                                              
             Setup:-     223                  
       Uncertainty:-     500                  
     Required Time:=   51277                  
      Launch Clock:-    2000                  
         Data Path:-    2464                  
             Slack:=   46813                  

#---------------------------------------------------------------------------------------------------------------------------------------------------------
#                              Timing Point                               Flags     Arc    Edge      Cell        Fanout Load Trans Delay Arrival Instance 
#                                                                                                                       (fF)  (ps)  (ps)   (ps)  Location 
#---------------------------------------------------------------------------------------------------------------------------------------------------------
  d_DoDCT_reg/clk                                                         -       -        R     (arrival)         3520    -     0     -    2000    (-,-) 
  d_DoDCT_reg/q                                                           (u)     clk->q   R     unmapped_d_flop    102 45.1     0   506    2506    (-,-) 
  g10/z                                                                   (u)     in_0->z  F     unmapped_not       101 41.8     0   161    2668    (-,-) 
  u_IDCT/IDRU8/g177/z                                                     (u)     in_0->z  R     unmapped_not        76 36.9     0   151    2818    (-,-) 
  u_IDCT/IDRU8/mux_29_41/g2/z                                             (u)     sel0->z  F     unmapped_bmux3       2  7.6     0   137    2956    (-,-) 
  u_IDCT/IDRU8/g179/z                                                     (u)     in_0->z  R     unmapped_not         2  8.2     0    54    3009    (-,-) 
  u_IDCT/IDRU8/g168/z                                                     (u)     in_1->z  F     unmapped_nand2       1  3.8     0    60    3069    (-,-) 
  u_IDCT/IDRU8/g169/z                                                     (u)     in_0->z  R     unmapped_not        18 73.8     0   130    3199    (-,-) 
  u_IDCT/IDRU8/mux_71_50/g17/z                                            (u)     sel0->z  R     unmapped_bmux3       1  4.1     0   122    3321    (-,-) 
  u_IDCT/IDRU8/mux_70_50/g17/z                                            (u)     data0->z R     unmapped_bmux3       1  4.1     0   122    3443    (-,-) 
  u_IDCT/IDRU8/mux_69_50/g17/z                                            (u)     data0->z R     unmapped_bmux3       4 16.4     0   166    3608    (-,-) 
  u_IDCT/IDRU8/add_86_45/g6/z                                             (u)     in_0->z  F     unmapped_nor2        1  3.8     0    60    3668    (-,-) 
  u_IDCT/IDRU8/add_86_45/g40/z                                            (u)     in_0->z  R     unmapped_not         2  8.2     0    54    3722    (-,-) 
  u_IDCT/IDRU8/add_86_45/g41/z                                            (u)     in_1->z  F     unmapped_nand2       1  3.8     0    60    3782    (-,-) 
  u_IDCT/IDRU8/add_86_45/g42/z                                            (u)     in_1->z  R     unmapped_nand2       3 12.3     0    90    3872    (-,-) 
  u_IDCT/IDRU8/add_86_45/g76/z                                            (u)     in_0->z  F     unmapped_nand2       1  3.8     0    60    3932    (-,-) 
  u_IDCT/IDRU8/add_86_45/g77/z                                            (u)     in_1->z  R     unmapped_nand2       1  4.1     0    60    3993    (-,-) 
  u_IDCT/IDRU8/add_86_45/g168/z                                           (u)     in_0->z  F     unmapped_xnor2       1  3.8     0   122    4114    (-,-) 
  u_IDCT/IDRU8/mux_89_39/g15/z                                            (u)     data0->z F     unmapped_bmux3       1  3.8     0   122    4236    (-,-) 
  u_IDCT/IDRU8/mux_112_29/g15/z                                           (u)     data1->z F     unmapped_bmux3       1  3.8     0   122    4358    (-,-) 
  u_IDCT/tposemem/Bisted_RF_2P_ADV64x16/RF_2P_ADV64x16_u0/mux_46_19/g15/z (u)     data0->z F     unmapped_bmux3       1  2.6     0   106    4464    (-,-) 
  u_IDCT/tposemem/Bisted_RF_2P_ADV64x16/RF_2P_ADV64x16_u0/SRAM_i0/DB[1]   (P)     -        F     rf_2p_hse            1    -     -     0    4464    (-,-) 
#---------------------------------------------------------------------------------------------------------------------------------------------------------

(P) : Instance is preserved
(u) : Net has unmapped pin(s).



Path 33: MET (46909 ps) Setup Check with Pin u_DCT/tposemem/Bisted_RF_2P_ADV64x16/RF_2P_ADV64x16_u0/SRAM_i0/CLKB->DB[2]
           Mode: scan_mode
          Group: C2C_scan_mode
     Startpoint: (R) d_DoDCT_reg/clk
          Clock: (R) CLK1
       Endpoint: (F) u_DCT/tposemem/Bisted_RF_2P_ADV64x16/RF_2P_ADV64x16_u0/SRAM_i0/DB[2]
          Clock: (F) CLK1

                     Capture       Launch     
        Clock Edge:+   50000            0     
       Src Latency:+       0            0     
       Net Latency:+    2000 (I)     2000 (I) 
           Arrival:=   52000         2000     
                                              
             Setup:-     223                  
       Uncertainty:-     500                  
     Required Time:=   51277                  
      Launch Clock:-    2000                  
         Data Path:-    2368                  
             Slack:=   46909                  

#--------------------------------------------------------------------------------------------------------------------------------------------------------
#                             Timing Point                               Flags     Arc    Edge      Cell        Fanout Load Trans Delay Arrival Instance 
#                                                                                                                      (fF)  (ps)  (ps)   (ps)  Location 
#--------------------------------------------------------------------------------------------------------------------------------------------------------
  d_DoDCT_reg/clk                                                        -       -        R     (arrival)         3520    -     0     -    2000    (-,-) 
  d_DoDCT_reg/q                                                          (u)     clk->q   F     unmapped_d_flop    102 41.8     0   506    2506    (-,-) 
  u_DCT/IDRU8/g177/z                                                     (u)     in_0->z  R     unmapped_not        76 36.9     0   151    2657    (-,-) 
  u_DCT/IDRU8/mux_29_41/g2/z                                             (u)     sel0->z  F     unmapped_bmux3       2  7.6     0   137    2794    (-,-) 
  u_DCT/IDRU8/g179/z                                                     (u)     in_0->z  R     unmapped_not         2  8.2     0    54    2848    (-,-) 
  u_DCT/IDRU8/g168/z                                                     (u)     in_1->z  F     unmapped_nand2       1  3.8     0    60    2908    (-,-) 
  u_DCT/IDRU8/g169/z                                                     (u)     in_0->z  R     unmapped_not        18 73.8     0   130    3038    (-,-) 
  u_DCT/IDRU8/mux_71_50/g17/z                                            (u)     sel0->z  R     unmapped_bmux3       1  4.1     0   122    3160    (-,-) 
  u_DCT/IDRU8/mux_70_50/g17/z                                            (u)     data0->z R     unmapped_bmux3       1  4.1     0   122    3281    (-,-) 
  u_DCT/IDRU8/mux_69_50/g17/z                                            (u)     data0->z R     unmapped_bmux3       4 16.4     0   166    3447    (-,-) 
  u_DCT/IDRU8/add_86_45/g6/z                                             (u)     in_0->z  F     unmapped_nor2        1  3.8     0    60    3507    (-,-) 
  u_DCT/IDRU8/add_86_45/g40/z                                            (u)     in_0->z  R     unmapped_not         2  8.2     0    54    3560    (-,-) 
  u_DCT/IDRU8/add_86_45/g41/z                                            (u)     in_1->z  F     unmapped_nand2       1  3.8     0    60    3621    (-,-) 
  u_DCT/IDRU8/add_86_45/g42/z                                            (u)     in_1->z  R     unmapped_nand2       3 12.3     0    90    3711    (-,-) 
  u_DCT/IDRU8/add_86_45/g78/z                                            (u)     in_1->z  F     unmapped_nand2       1  3.8     0    60    3771    (-,-) 
  u_DCT/IDRU8/add_86_45/g79/z                                            (u)     in_1->z  R     unmapped_nand2       5 20.5     0   111    3882    (-,-) 
  u_DCT/IDRU8/add_86_45/g170/z                                           (u)     in_0->z  F     unmapped_xnor2       1  3.8     0   122    4004    (-,-) 
  u_DCT/IDRU8/mux_89_39/g14/z                                            (u)     data0->z F     unmapped_bmux3       2  7.6     0   137    4141    (-,-) 
  u_DCT/IDRU8/mux_112_29/g14/z                                           (u)     data1->z F     unmapped_bmux3       1  3.8     0   122    4262    (-,-) 
  u_DCT/tposemem/Bisted_RF_2P_ADV64x16/RF_2P_ADV64x16_u0/mux_46_19/g14/z (u)     data0->z F     unmapped_bmux3       1  2.6     0   106    4368    (-,-) 
  u_DCT/tposemem/Bisted_RF_2P_ADV64x16/RF_2P_ADV64x16_u0/SRAM_i0/DB[2]   (P)     -        F     rf_2p_hse            1    -     -     0    4368    (-,-) 
#--------------------------------------------------------------------------------------------------------------------------------------------------------

(P) : Instance is preserved
(u) : Net has unmapped pin(s).



Path 34: MET (46934 ps) Setup Check with Pin u_IDCT/tposemem/Bisted_RF_2P_ADV64x16/RF_2P_ADV64x16_u0/SRAM_i0/CLKB->DB[0]
           Mode: scan_mode
          Group: C2C_scan_mode
     Startpoint: (R) d_DoDCT_reg/clk
          Clock: (R) CLK1
       Endpoint: (F) u_IDCT/tposemem/Bisted_RF_2P_ADV64x16/RF_2P_ADV64x16_u0/SRAM_i0/DB[0]
          Clock: (F) CLK1

                     Capture       Launch     
        Clock Edge:+   50000            0     
       Src Latency:+       0            0     
       Net Latency:+    2000 (I)     2000 (I) 
           Arrival:=   52000         2000     
                                              
             Setup:-     223                  
       Uncertainty:-     500                  
     Required Time:=   51277                  
      Launch Clock:-    2000                  
         Data Path:-    2343                  
             Slack:=   46934                  

#---------------------------------------------------------------------------------------------------------------------------------------------------------
#                              Timing Point                               Flags     Arc    Edge      Cell        Fanout Load Trans Delay Arrival Instance 
#                                                                                                                       (fF)  (ps)  (ps)   (ps)  Location 
#---------------------------------------------------------------------------------------------------------------------------------------------------------
  d_DoDCT_reg/clk                                                         -       -        R     (arrival)         3520    -     0     -    2000    (-,-) 
  d_DoDCT_reg/q                                                           (u)     clk->q   R     unmapped_d_flop    102 45.1     0   506    2506    (-,-) 
  g10/z                                                                   (u)     in_0->z  F     unmapped_not       101 41.8     0   161    2668    (-,-) 
  u_IDCT/IDRU8/g177/z                                                     (u)     in_0->z  R     unmapped_not        76 36.9     0   151    2818    (-,-) 
  u_IDCT/IDRU8/mux_29_41/g2/z                                             (u)     sel0->z  F     unmapped_bmux3       2  7.6     0   137    2956    (-,-) 
  u_IDCT/IDRU8/g179/z                                                     (u)     in_0->z  R     unmapped_not         2  8.2     0    54    3009    (-,-) 
  u_IDCT/IDRU8/g168/z                                                     (u)     in_1->z  F     unmapped_nand2       1  3.8     0    60    3069    (-,-) 
  u_IDCT/IDRU8/g169/z                                                     (u)     in_0->z  R     unmapped_not        18 73.8     0   130    3199    (-,-) 
  u_IDCT/IDRU8/mux_71_50/g17/z                                            (u)     sel0->z  R     unmapped_bmux3       1  4.1     0   122    3321    (-,-) 
  u_IDCT/IDRU8/mux_70_50/g17/z                                            (u)     data0->z R     unmapped_bmux3       1  4.1     0   122    3443    (-,-) 
  u_IDCT/IDRU8/mux_69_50/g17/z                                            (u)     data0->z R     unmapped_bmux3       4 16.4     0   166    3608    (-,-) 
  u_IDCT/IDRU8/add_86_45/g6/z                                             (u)     in_0->z  F     unmapped_nor2        1  3.8     0    60    3668    (-,-) 
  u_IDCT/IDRU8/add_86_45/g40/z                                            (u)     in_0->z  R     unmapped_not         2  8.2     0    54    3722    (-,-) 
  u_IDCT/IDRU8/add_86_45/g41/z                                            (u)     in_1->z  F     unmapped_nand2       1  3.8     0    60    3782    (-,-) 
  u_IDCT/IDRU8/add_86_45/g42/z                                            (u)     in_1->z  R     unmapped_nand2       3 12.3     0    90    3872    (-,-) 
  u_IDCT/IDRU8/add_86_45/g165/z                                           (u)     in_0->z  F     unmapped_xnor2       1  3.8     0   122    3994    (-,-) 
  u_IDCT/IDRU8/mux_89_39/g16/z                                            (u)     data0->z F     unmapped_bmux3       1  3.8     0   122    4116    (-,-) 
  u_IDCT/IDRU8/mux_112_29/g16/z                                           (u)     data1->z F     unmapped_bmux3       1  3.8     0   122    4238    (-,-) 
  u_IDCT/tposemem/Bisted_RF_2P_ADV64x16/RF_2P_ADV64x16_u0/mux_46_19/g16/z (u)     data0->z F     unmapped_bmux3       1  2.6     0   106    4343    (-,-) 
  u_IDCT/tposemem/Bisted_RF_2P_ADV64x16/RF_2P_ADV64x16_u0/SRAM_i0/DB[0]   (P)     -        F     rf_2p_hse            1    -     -     0    4343    (-,-) 
#---------------------------------------------------------------------------------------------------------------------------------------------------------

(P) : Instance is preserved
(u) : Net has unmapped pin(s).



Path 35: MET (46974 ps) Setup Check with Pin u_DCT/tposemem/Bisted_RF_2P_ADV64x16/RF_2P_ADV64x16_u0/SRAM_i0/CLKB->DB[1]
           Mode: scan_mode
          Group: C2C_scan_mode
     Startpoint: (R) d_DoDCT_reg/clk
          Clock: (R) CLK1
       Endpoint: (F) u_DCT/tposemem/Bisted_RF_2P_ADV64x16/RF_2P_ADV64x16_u0/SRAM_i0/DB[1]
          Clock: (F) CLK1

                     Capture       Launch     
        Clock Edge:+   50000            0     
       Src Latency:+       0            0     
       Net Latency:+    2000 (I)     2000 (I) 
           Arrival:=   52000         2000     
                                              
             Setup:-     223                  
       Uncertainty:-     500                  
     Required Time:=   51277                  
      Launch Clock:-    2000                  
         Data Path:-    2302                  
             Slack:=   46974                  

#--------------------------------------------------------------------------------------------------------------------------------------------------------
#                             Timing Point                               Flags     Arc    Edge      Cell        Fanout Load Trans Delay Arrival Instance 
#                                                                                                                      (fF)  (ps)  (ps)   (ps)  Location 
#--------------------------------------------------------------------------------------------------------------------------------------------------------
  d_DoDCT_reg/clk                                                        -       -        R     (arrival)         3520    -     0     -    2000    (-,-) 
  d_DoDCT_reg/q                                                          (u)     clk->q   F     unmapped_d_flop    102 41.8     0   506    2506    (-,-) 
  u_DCT/IDRU8/g177/z                                                     (u)     in_0->z  R     unmapped_not        76 36.9     0   151    2657    (-,-) 
  u_DCT/IDRU8/mux_29_41/g2/z                                             (u)     sel0->z  F     unmapped_bmux3       2  7.6     0   137    2794    (-,-) 
  u_DCT/IDRU8/g179/z                                                     (u)     in_0->z  R     unmapped_not         2  8.2     0    54    2848    (-,-) 
  u_DCT/IDRU8/g168/z                                                     (u)     in_1->z  F     unmapped_nand2       1  3.8     0    60    2908    (-,-) 
  u_DCT/IDRU8/g169/z                                                     (u)     in_0->z  R     unmapped_not        18 73.8     0   130    3038    (-,-) 
  u_DCT/IDRU8/mux_71_50/g17/z                                            (u)     sel0->z  R     unmapped_bmux3       1  4.1     0   122    3160    (-,-) 
  u_DCT/IDRU8/mux_70_50/g17/z                                            (u)     data0->z R     unmapped_bmux3       1  4.1     0   122    3281    (-,-) 
  u_DCT/IDRU8/mux_69_50/g17/z                                            (u)     data0->z R     unmapped_bmux3       4 16.4     0   166    3447    (-,-) 
  u_DCT/IDRU8/add_86_45/g6/z                                             (u)     in_0->z  F     unmapped_nor2        1  3.8     0    60    3507    (-,-) 
  u_DCT/IDRU8/add_86_45/g40/z                                            (u)     in_0->z  R     unmapped_not         2  8.2     0    54    3560    (-,-) 
  u_DCT/IDRU8/add_86_45/g41/z                                            (u)     in_1->z  F     unmapped_nand2       1  3.8     0    60    3621    (-,-) 
  u_DCT/IDRU8/add_86_45/g42/z                                            (u)     in_1->z  R     unmapped_nand2       3 12.3     0    90    3711    (-,-) 
  u_DCT/IDRU8/add_86_45/g76/z                                            (u)     in_0->z  F     unmapped_nand2       1  3.8     0    60    3771    (-,-) 
  u_DCT/IDRU8/add_86_45/g77/z                                            (u)     in_1->z  R     unmapped_nand2       1  4.1     0    60    3831    (-,-) 
  u_DCT/IDRU8/add_86_45/g168/z                                           (u)     in_0->z  F     unmapped_xnor2       1  3.8     0   122    3953    (-,-) 
  u_DCT/IDRU8/mux_89_39/g15/z                                            (u)     data0->z F     unmapped_bmux3       1  3.8     0   122    4075    (-,-) 
  u_DCT/IDRU8/mux_112_29/g15/z                                           (u)     data1->z F     unmapped_bmux3       1  3.8     0   122    4197    (-,-) 
  u_DCT/tposemem/Bisted_RF_2P_ADV64x16/RF_2P_ADV64x16_u0/mux_46_19/g15/z (u)     data0->z F     unmapped_bmux3       1  2.6     0   106    4302    (-,-) 
  u_DCT/tposemem/Bisted_RF_2P_ADV64x16/RF_2P_ADV64x16_u0/SRAM_i0/DB[1]   (P)     -        F     rf_2p_hse            1    -     -     0    4302    (-,-) 
#--------------------------------------------------------------------------------------------------------------------------------------------------------

(P) : Instance is preserved
(u) : Net has unmapped pin(s).



Path 36: MET (47095 ps) Setup Check with Pin u_DCT/tposemem/Bisted_RF_2P_ADV64x16/RF_2P_ADV64x16_u0/SRAM_i0/CLKB->DB[0]
           Mode: scan_mode
          Group: C2C_scan_mode
     Startpoint: (R) d_DoDCT_reg/clk
          Clock: (R) CLK1
       Endpoint: (F) u_DCT/tposemem/Bisted_RF_2P_ADV64x16/RF_2P_ADV64x16_u0/SRAM_i0/DB[0]
          Clock: (F) CLK1

                     Capture       Launch     
        Clock Edge:+   50000            0     
       Src Latency:+       0            0     
       Net Latency:+    2000 (I)     2000 (I) 
           Arrival:=   52000         2000     
                                              
             Setup:-     223                  
       Uncertainty:-     500                  
     Required Time:=   51277                  
      Launch Clock:-    2000                  
         Data Path:-    2182                  
             Slack:=   47095                  

#--------------------------------------------------------------------------------------------------------------------------------------------------------
#                             Timing Point                               Flags     Arc    Edge      Cell        Fanout Load Trans Delay Arrival Instance 
#                                                                                                                      (fF)  (ps)  (ps)   (ps)  Location 
#--------------------------------------------------------------------------------------------------------------------------------------------------------
  d_DoDCT_reg/clk                                                        -       -        R     (arrival)         3520    -     0     -    2000    (-,-) 
  d_DoDCT_reg/q                                                          (u)     clk->q   F     unmapped_d_flop    102 41.8     0   506    2506    (-,-) 
  u_DCT/IDRU8/g177/z                                                     (u)     in_0->z  R     unmapped_not        76 36.9     0   151    2657    (-,-) 
  u_DCT/IDRU8/mux_29_41/g2/z                                             (u)     sel0->z  F     unmapped_bmux3       2  7.6     0   137    2794    (-,-) 
  u_DCT/IDRU8/g179/z                                                     (u)     in_0->z  R     unmapped_not         2  8.2     0    54    2848    (-,-) 
  u_DCT/IDRU8/g168/z                                                     (u)     in_1->z  F     unmapped_nand2       1  3.8     0    60    2908    (-,-) 
  u_DCT/IDRU8/g169/z                                                     (u)     in_0->z  R     unmapped_not        18 73.8     0   130    3038    (-,-) 
  u_DCT/IDRU8/mux_71_50/g17/z                                            (u)     sel0->z  R     unmapped_bmux3       1  4.1     0   122    3160    (-,-) 
  u_DCT/IDRU8/mux_70_50/g17/z                                            (u)     data0->z R     unmapped_bmux3       1  4.1     0   122    3281    (-,-) 
  u_DCT/IDRU8/mux_69_50/g17/z                                            (u)     data0->z R     unmapped_bmux3       4 16.4     0   166    3447    (-,-) 
  u_DCT/IDRU8/add_86_45/g6/z                                             (u)     in_0->z  F     unmapped_nor2        1  3.8     0    60    3507    (-,-) 
  u_DCT/IDRU8/add_86_45/g40/z                                            (u)     in_0->z  R     unmapped_not         2  8.2     0    54    3560    (-,-) 
  u_DCT/IDRU8/add_86_45/g41/z                                            (u)     in_1->z  F     unmapped_nand2       1  3.8     0    60    3621    (-,-) 
  u_DCT/IDRU8/add_86_45/g42/z                                            (u)     in_1->z  R     unmapped_nand2       3 12.3     0    90    3711    (-,-) 
  u_DCT/IDRU8/add_86_45/g165/z                                           (u)     in_0->z  F     unmapped_xnor2       1  3.8     0   122    3833    (-,-) 
  u_DCT/IDRU8/mux_89_39/g16/z                                            (u)     data0->z F     unmapped_bmux3       1  3.8     0   122    3955    (-,-) 
  u_DCT/IDRU8/mux_112_29/g16/z                                           (u)     data1->z F     unmapped_bmux3       1  3.8     0   122    4076    (-,-) 
  u_DCT/tposemem/Bisted_RF_2P_ADV64x16/RF_2P_ADV64x16_u0/mux_46_19/g16/z (u)     data0->z F     unmapped_bmux3       1  2.6     0   106    4182    (-,-) 
  u_DCT/tposemem/Bisted_RF_2P_ADV64x16/RF_2P_ADV64x16_u0/SRAM_i0/DB[0]   (P)     -        F     rf_2p_hse            1    -     -     0    4182    (-,-) 
#--------------------------------------------------------------------------------------------------------------------------------------------------------

(P) : Instance is preserved
(u) : Net has unmapped pin(s).



Path 37: MET (47867 ps) Setup Check with Pin u_IDCT/DRU/ToBDEG_reg[16]/clk->d
           Mode: scan_mode
          Group: C2C_scan_mode
     Startpoint: (R) u_IDCT/tposemem/Bisted_RF_2P_ADV64x16/BistCtrl_i0/S44/Finish_reg/clk
          Clock: (F) CLK1
       Endpoint: (R) u_IDCT/DRU/ToBDEG_reg[16]/d
          Clock: (R) CLK1

                     Capture       Launch     
        Clock Edge:+  100000        50000     
       Src Latency:+       0            0     
       Net Latency:+    2000 (I)     2000 (I) 
           Arrival:=  102000        52000     
                                              
             Setup:-     257                  
       Uncertainty:-     500                  
     Required Time:=  101243                  
      Launch Clock:-   52000                  
         Data Path:-    1376                  
             Slack:=   47867                  

#------------------------------------------------------------------------------------------------------------------------------------------------------
#                            Timing Point                              Flags     Arc    Edge      Cell        Fanout Load Trans Delay Arrival Instance 
#                                                                                                                    (fF)  (ps)  (ps)   (ps)  Location 
#------------------------------------------------------------------------------------------------------------------------------------------------------
  u_IDCT/tposemem/Bisted_RF_2P_ADV64x16/BistCtrl_i0/S44/Finish_reg/clk -       -        R     (arrival)            7    -     0     -   52000    (-,-) 
  u_IDCT/tposemem/Bisted_RF_2P_ADV64x16/BistCtrl_i0/S44/Finish_reg/q   (u)     clk->q   F     unmapped_d_flop      1  3.8     0    16   52016    (-,-) 
  u_IDCT/tposemem/mux_62_22/g2/z                                       (u)     data0->z F     unmapped_bmux3       3 11.4     0   152   52168    (-,-) 
  u_IDCT/DRU/mux_41_41/g15/z                                           (u)     data1->z F     unmapped_bmux3       5 19.0     0   172   52340    (-,-) 
  u_IDCT/DRU/sub_60_47/g17/z                                           (u)     in_0->z  R     unmapped_not         2  8.2     0    54   52394    (-,-) 
  u_IDCT/DRU/sub_60_47/g24/z                                           (u)     in_1->z  F     unmapped_nor2        1  3.8     0    60   52454    (-,-) 
  u_IDCT/DRU/sub_60_47/g56/z                                           (u)     in_0->z  R     unmapped_not         2  8.2     0    54   52508    (-,-) 
  u_IDCT/DRU/sub_60_47/g57/z                                           (u)     in_1->z  F     unmapped_nand2       1  3.8     0    60   52568    (-,-) 
  u_IDCT/DRU/sub_60_47/g58/z                                           (u)     in_1->z  R     unmapped_nand2       3 12.3     0    90   52658    (-,-) 
  u_IDCT/DRU/sub_60_47/g90/z                                           (u)     in_1->z  F     unmapped_nand2       1  3.8     0    60   52718    (-,-) 
  u_IDCT/DRU/sub_60_47/g91/z                                           (u)     in_1->z  R     unmapped_nand2       5 20.5     0   111   52829    (-,-) 
  u_IDCT/DRU/sub_60_47/g131/z                                          (u)     in_0->z  F     unmapped_nand2       1  3.8     0    60   52889    (-,-) 
  u_IDCT/DRU/sub_60_47/g132/z                                          (u)     in_1->z  R     unmapped_nand2       9 36.9     0   122   53012    (-,-) 
  u_IDCT/DRU/sub_60_47/g167/z                                          (u)     in_1->z  F     unmapped_nand2       1  3.8     0    60   53072    (-,-) 
  u_IDCT/DRU/sub_60_47/g168/z                                          (u)     in_1->z  R     unmapped_nand2       1  4.1     0    60   53132    (-,-) 
  u_IDCT/DRU/sub_60_47/g211/z                                          (u)     in_0->z  R     unmapped_xnor2       1  4.1     0   122   53254    (-,-) 
  u_IDCT/DRU/mux_ToBDEG_68_18/g1/z                                     (u)     data1->z R     unmapped_bmux3       1  4.1     0   122   53376    (-,-) 
  u_IDCT/DRU/ToBDEG_reg[16]/d                                          -       -        R     unmapped_d_flop      1    -     -     0   53376    (-,-) 
#------------------------------------------------------------------------------------------------------------------------------------------------------

(u) : Net has unmapped pin(s).



Path 38: MET (47867 ps) Setup Check with Pin u_IDCT/DRU/ToBDEG_reg[15]/clk->d
           Mode: scan_mode
          Group: C2C_scan_mode
     Startpoint: (R) u_IDCT/tposemem/Bisted_RF_2P_ADV64x16/BistCtrl_i0/S44/Finish_reg/clk
          Clock: (F) CLK1
       Endpoint: (R) u_IDCT/DRU/ToBDEG_reg[15]/d
          Clock: (R) CLK1

                     Capture       Launch     
        Clock Edge:+  100000        50000     
       Src Latency:+       0            0     
       Net Latency:+    2000 (I)     2000 (I) 
           Arrival:=  102000        52000     
                                              
             Setup:-     257                  
       Uncertainty:-     500                  
     Required Time:=  101243                  
      Launch Clock:-   52000                  
         Data Path:-    1376                  
             Slack:=   47867                  

#------------------------------------------------------------------------------------------------------------------------------------------------------
#                            Timing Point                              Flags     Arc    Edge      Cell        Fanout Load Trans Delay Arrival Instance 
#                                                                                                                    (fF)  (ps)  (ps)   (ps)  Location 
#------------------------------------------------------------------------------------------------------------------------------------------------------
  u_IDCT/tposemem/Bisted_RF_2P_ADV64x16/BistCtrl_i0/S44/Finish_reg/clk -       -        R     (arrival)            7    -     0     -   52000    (-,-) 
  u_IDCT/tposemem/Bisted_RF_2P_ADV64x16/BistCtrl_i0/S44/Finish_reg/q   (u)     clk->q   F     unmapped_d_flop      1  3.8     0    16   52016    (-,-) 
  u_IDCT/tposemem/mux_62_22/g2/z                                       (u)     data0->z F     unmapped_bmux3       3 11.4     0   152   52168    (-,-) 
  u_IDCT/DRU/mux_41_41/g15/z                                           (u)     data1->z F     unmapped_bmux3       5 19.0     0   172   52340    (-,-) 
  u_IDCT/DRU/sub_60_47/g17/z                                           (u)     in_0->z  R     unmapped_not         2  8.2     0    54   52394    (-,-) 
  u_IDCT/DRU/sub_60_47/g24/z                                           (u)     in_1->z  F     unmapped_nor2        1  3.8     0    60   52454    (-,-) 
  u_IDCT/DRU/sub_60_47/g56/z                                           (u)     in_0->z  R     unmapped_not         2  8.2     0    54   52508    (-,-) 
  u_IDCT/DRU/sub_60_47/g57/z                                           (u)     in_1->z  F     unmapped_nand2       1  3.8     0    60   52568    (-,-) 
  u_IDCT/DRU/sub_60_47/g58/z                                           (u)     in_1->z  R     unmapped_nand2       3 12.3     0    90   52658    (-,-) 
  u_IDCT/DRU/sub_60_47/g90/z                                           (u)     in_1->z  F     unmapped_nand2       1  3.8     0    60   52718    (-,-) 
  u_IDCT/DRU/sub_60_47/g91/z                                           (u)     in_1->z  R     unmapped_nand2       5 20.5     0   111   52829    (-,-) 
  u_IDCT/DRU/sub_60_47/g131/z                                          (u)     in_0->z  F     unmapped_nand2       1  3.8     0    60   52889    (-,-) 
  u_IDCT/DRU/sub_60_47/g132/z                                          (u)     in_1->z  R     unmapped_nand2       9 36.9     0   122   53012    (-,-) 
  u_IDCT/DRU/sub_60_47/g165/z                                          (u)     in_1->z  F     unmapped_nand2       1  3.8     0    60   53072    (-,-) 
  u_IDCT/DRU/sub_60_47/g166/z                                          (u)     in_1->z  R     unmapped_nand2       1  4.1     0    60   53132    (-,-) 
  u_IDCT/DRU/sub_60_47/g209/z                                          (u)     in_0->z  R     unmapped_xnor2       1  4.1     0   122   53254    (-,-) 
  u_IDCT/DRU/mux_ToBDEG_68_18/g2/z                                     (u)     data1->z R     unmapped_bmux3       1  4.1     0   122   53376    (-,-) 
  u_IDCT/DRU/ToBDEG_reg[15]/d                                          -       -        R     unmapped_d_flop      1    -     -     0   53376    (-,-) 
#------------------------------------------------------------------------------------------------------------------------------------------------------

(u) : Net has unmapped pin(s).



Path 39: MET (47867 ps) Setup Check with Pin u_IDCT/DRU/ToBDEG_reg[14]/clk->d
           Mode: scan_mode
          Group: C2C_scan_mode
     Startpoint: (R) u_IDCT/tposemem/Bisted_RF_2P_ADV64x16/BistCtrl_i0/S44/Finish_reg/clk
          Clock: (F) CLK1
       Endpoint: (R) u_IDCT/DRU/ToBDEG_reg[14]/d
          Clock: (R) CLK1

                     Capture       Launch     
        Clock Edge:+  100000        50000     
       Src Latency:+       0            0     
       Net Latency:+    2000 (I)     2000 (I) 
           Arrival:=  102000        52000     
                                              
             Setup:-     257                  
       Uncertainty:-     500                  
     Required Time:=  101243                  
      Launch Clock:-   52000                  
         Data Path:-    1376                  
             Slack:=   47867                  

#------------------------------------------------------------------------------------------------------------------------------------------------------
#                            Timing Point                              Flags     Arc    Edge      Cell        Fanout Load Trans Delay Arrival Instance 
#                                                                                                                    (fF)  (ps)  (ps)   (ps)  Location 
#------------------------------------------------------------------------------------------------------------------------------------------------------
  u_IDCT/tposemem/Bisted_RF_2P_ADV64x16/BistCtrl_i0/S44/Finish_reg/clk -       -        R     (arrival)            7    -     0     -   52000    (-,-) 
  u_IDCT/tposemem/Bisted_RF_2P_ADV64x16/BistCtrl_i0/S44/Finish_reg/q   (u)     clk->q   F     unmapped_d_flop      1  3.8     0    16   52016    (-,-) 
  u_IDCT/tposemem/mux_62_22/g2/z                                       (u)     data0->z F     unmapped_bmux3       3 11.4     0   152   52168    (-,-) 
  u_IDCT/DRU/mux_41_41/g15/z                                           (u)     data1->z F     unmapped_bmux3       5 19.0     0   172   52340    (-,-) 
  u_IDCT/DRU/sub_60_47/g17/z                                           (u)     in_0->z  R     unmapped_not         2  8.2     0    54   52394    (-,-) 
  u_IDCT/DRU/sub_60_47/g24/z                                           (u)     in_1->z  F     unmapped_nor2        1  3.8     0    60   52454    (-,-) 
  u_IDCT/DRU/sub_60_47/g56/z                                           (u)     in_0->z  R     unmapped_not         2  8.2     0    54   52508    (-,-) 
  u_IDCT/DRU/sub_60_47/g57/z                                           (u)     in_1->z  F     unmapped_nand2       1  3.8     0    60   52568    (-,-) 
  u_IDCT/DRU/sub_60_47/g58/z                                           (u)     in_1->z  R     unmapped_nand2       3 12.3     0    90   52658    (-,-) 
  u_IDCT/DRU/sub_60_47/g90/z                                           (u)     in_1->z  F     unmapped_nand2       1  3.8     0    60   52718    (-,-) 
  u_IDCT/DRU/sub_60_47/g91/z                                           (u)     in_1->z  R     unmapped_nand2       5 20.5     0   111   52829    (-,-) 
  u_IDCT/DRU/sub_60_47/g131/z                                          (u)     in_0->z  F     unmapped_nand2       1  3.8     0    60   52889    (-,-) 
  u_IDCT/DRU/sub_60_47/g132/z                                          (u)     in_1->z  R     unmapped_nand2       9 36.9     0   122   53012    (-,-) 
  u_IDCT/DRU/sub_60_47/g163/z                                          (u)     in_1->z  F     unmapped_nand2       1  3.8     0    60   53072    (-,-) 
  u_IDCT/DRU/sub_60_47/g164/z                                          (u)     in_1->z  R     unmapped_nand2       1  4.1     0    60   53132    (-,-) 
  u_IDCT/DRU/sub_60_47/g206/z                                          (u)     in_0->z  R     unmapped_xnor2       1  4.1     0   122   53254    (-,-) 
  u_IDCT/DRU/mux_ToBDEG_68_18/g3/z                                     (u)     data1->z R     unmapped_bmux3       1  4.1     0   122   53376    (-,-) 
  u_IDCT/DRU/ToBDEG_reg[14]/d                                          -       -        R     unmapped_d_flop      1    -     -     0   53376    (-,-) 
#------------------------------------------------------------------------------------------------------------------------------------------------------

(u) : Net has unmapped pin(s).



Path 40: MET (47867 ps) Setup Check with Pin u_IDCT/DRU/ToBDEG_reg[13]/clk->d
           Mode: scan_mode
          Group: C2C_scan_mode
     Startpoint: (R) u_IDCT/tposemem/Bisted_RF_2P_ADV64x16/BistCtrl_i0/S44/Finish_reg/clk
          Clock: (F) CLK1
       Endpoint: (R) u_IDCT/DRU/ToBDEG_reg[13]/d
          Clock: (R) CLK1

                     Capture       Launch     
        Clock Edge:+  100000        50000     
       Src Latency:+       0            0     
       Net Latency:+    2000 (I)     2000 (I) 
           Arrival:=  102000        52000     
                                              
             Setup:-     257                  
       Uncertainty:-     500                  
     Required Time:=  101243                  
      Launch Clock:-   52000                  
         Data Path:-    1376                  
             Slack:=   47867                  

#------------------------------------------------------------------------------------------------------------------------------------------------------
#                            Timing Point                              Flags     Arc    Edge      Cell        Fanout Load Trans Delay Arrival Instance 
#                                                                                                                    (fF)  (ps)  (ps)   (ps)  Location 
#------------------------------------------------------------------------------------------------------------------------------------------------------
  u_IDCT/tposemem/Bisted_RF_2P_ADV64x16/BistCtrl_i0/S44/Finish_reg/clk -       -        R     (arrival)            7    -     0     -   52000    (-,-) 
  u_IDCT/tposemem/Bisted_RF_2P_ADV64x16/BistCtrl_i0/S44/Finish_reg/q   (u)     clk->q   F     unmapped_d_flop      1  3.8     0    16   52016    (-,-) 
  u_IDCT/tposemem/mux_62_22/g2/z                                       (u)     data0->z F     unmapped_bmux3       3 11.4     0   152   52168    (-,-) 
  u_IDCT/DRU/mux_41_41/g15/z                                           (u)     data1->z F     unmapped_bmux3       5 19.0     0   172   52340    (-,-) 
  u_IDCT/DRU/sub_60_47/g17/z                                           (u)     in_0->z  R     unmapped_not         2  8.2     0    54   52394    (-,-) 
  u_IDCT/DRU/sub_60_47/g24/z                                           (u)     in_1->z  F     unmapped_nor2        1  3.8     0    60   52454    (-,-) 
  u_IDCT/DRU/sub_60_47/g56/z                                           (u)     in_0->z  R     unmapped_not         2  8.2     0    54   52508    (-,-) 
  u_IDCT/DRU/sub_60_47/g57/z                                           (u)     in_1->z  F     unmapped_nand2       1  3.8     0    60   52568    (-,-) 
  u_IDCT/DRU/sub_60_47/g58/z                                           (u)     in_1->z  R     unmapped_nand2       3 12.3     0    90   52658    (-,-) 
  u_IDCT/DRU/sub_60_47/g90/z                                           (u)     in_1->z  F     unmapped_nand2       1  3.8     0    60   52718    (-,-) 
  u_IDCT/DRU/sub_60_47/g91/z                                           (u)     in_1->z  R     unmapped_nand2       5 20.5     0   111   52829    (-,-) 
  u_IDCT/DRU/sub_60_47/g131/z                                          (u)     in_0->z  F     unmapped_nand2       1  3.8     0    60   52889    (-,-) 
  u_IDCT/DRU/sub_60_47/g132/z                                          (u)     in_1->z  R     unmapped_nand2       9 36.9     0   122   53012    (-,-) 
  u_IDCT/DRU/sub_60_47/g161/z                                          (u)     in_1->z  F     unmapped_nand2       1  3.8     0    60   53072    (-,-) 
  u_IDCT/DRU/sub_60_47/g162/z                                          (u)     in_1->z  R     unmapped_nand2       1  4.1     0    60   53132    (-,-) 
  u_IDCT/DRU/sub_60_47/g204/z                                          (u)     in_0->z  R     unmapped_xnor2       1  4.1     0   122   53254    (-,-) 
  u_IDCT/DRU/mux_ToBDEG_68_18/g4/z                                     (u)     data1->z R     unmapped_bmux3       1  4.1     0   122   53376    (-,-) 
  u_IDCT/DRU/ToBDEG_reg[13]/d                                          -       -        R     unmapped_d_flop      1    -     -     0   53376    (-,-) 
#------------------------------------------------------------------------------------------------------------------------------------------------------

(u) : Net has unmapped pin(s).



Path 41: MET (47867 ps) Setup Check with Pin u_IDCT/DRU/ToBDEG_reg[12]/clk->d
           Mode: scan_mode
          Group: C2C_scan_mode
     Startpoint: (R) u_IDCT/tposemem/Bisted_RF_2P_ADV64x16/BistCtrl_i0/S44/Finish_reg/clk
          Clock: (F) CLK1
       Endpoint: (R) u_IDCT/DRU/ToBDEG_reg[12]/d
          Clock: (R) CLK1

                     Capture       Launch     
        Clock Edge:+  100000        50000     
       Src Latency:+       0            0     
       Net Latency:+    2000 (I)     2000 (I) 
           Arrival:=  102000        52000     
                                              
             Setup:-     257                  
       Uncertainty:-     500                  
     Required Time:=  101243                  
      Launch Clock:-   52000                  
         Data Path:-    1376                  
             Slack:=   47867                  

#------------------------------------------------------------------------------------------------------------------------------------------------------
#                            Timing Point                              Flags     Arc    Edge      Cell        Fanout Load Trans Delay Arrival Instance 
#                                                                                                                    (fF)  (ps)  (ps)   (ps)  Location 
#------------------------------------------------------------------------------------------------------------------------------------------------------
  u_IDCT/tposemem/Bisted_RF_2P_ADV64x16/BistCtrl_i0/S44/Finish_reg/clk -       -        R     (arrival)            7    -     0     -   52000    (-,-) 
  u_IDCT/tposemem/Bisted_RF_2P_ADV64x16/BistCtrl_i0/S44/Finish_reg/q   (u)     clk->q   F     unmapped_d_flop      1  3.8     0    16   52016    (-,-) 
  u_IDCT/tposemem/mux_62_22/g2/z                                       (u)     data0->z F     unmapped_bmux3       3 11.4     0   152   52168    (-,-) 
  u_IDCT/DRU/mux_41_41/g15/z                                           (u)     data1->z F     unmapped_bmux3       5 19.0     0   172   52340    (-,-) 
  u_IDCT/DRU/sub_60_47/g17/z                                           (u)     in_0->z  R     unmapped_not         2  8.2     0    54   52394    (-,-) 
  u_IDCT/DRU/sub_60_47/g24/z                                           (u)     in_1->z  F     unmapped_nor2        1  3.8     0    60   52454    (-,-) 
  u_IDCT/DRU/sub_60_47/g56/z                                           (u)     in_0->z  R     unmapped_not         2  8.2     0    54   52508    (-,-) 
  u_IDCT/DRU/sub_60_47/g57/z                                           (u)     in_1->z  F     unmapped_nand2       1  3.8     0    60   52568    (-,-) 
  u_IDCT/DRU/sub_60_47/g58/z                                           (u)     in_1->z  R     unmapped_nand2       3 12.3     0    90   52658    (-,-) 
  u_IDCT/DRU/sub_60_47/g90/z                                           (u)     in_1->z  F     unmapped_nand2       1  3.8     0    60   52718    (-,-) 
  u_IDCT/DRU/sub_60_47/g91/z                                           (u)     in_1->z  R     unmapped_nand2       5 20.5     0   111   52829    (-,-) 
  u_IDCT/DRU/sub_60_47/g131/z                                          (u)     in_0->z  F     unmapped_nand2       1  3.8     0    60   52889    (-,-) 
  u_IDCT/DRU/sub_60_47/g132/z                                          (u)     in_1->z  R     unmapped_nand2       9 36.9     0   122   53012    (-,-) 
  u_IDCT/DRU/sub_60_47/g159/z                                          (u)     in_0->z  F     unmapped_nand2       1  3.8     0    60   53072    (-,-) 
  u_IDCT/DRU/sub_60_47/g160/z                                          (u)     in_1->z  R     unmapped_nand2       1  4.1     0    60   53132    (-,-) 
  u_IDCT/DRU/sub_60_47/g201/z                                          (u)     in_0->z  R     unmapped_xnor2       1  4.1     0   122   53254    (-,-) 
  u_IDCT/DRU/mux_ToBDEG_68_18/g5/z                                     (u)     data1->z R     unmapped_bmux3       1  4.1     0   122   53376    (-,-) 
  u_IDCT/DRU/ToBDEG_reg[12]/d                                          -       -        R     unmapped_d_flop      1    -     -     0   53376    (-,-) 
#------------------------------------------------------------------------------------------------------------------------------------------------------

(u) : Net has unmapped pin(s).



Path 42: MET (47867 ps) Setup Check with Pin u_IDCT/DRU/ToBDEG_reg[11]/clk->d
           Mode: scan_mode
          Group: C2C_scan_mode
     Startpoint: (R) u_IDCT/tposemem/Bisted_RF_2P_ADV64x16/BistCtrl_i0/S44/Finish_reg/clk
          Clock: (F) CLK1
       Endpoint: (R) u_IDCT/DRU/ToBDEG_reg[11]/d
          Clock: (R) CLK1

                     Capture       Launch     
        Clock Edge:+  100000        50000     
       Src Latency:+       0            0     
       Net Latency:+    2000 (I)     2000 (I) 
           Arrival:=  102000        52000     
                                              
             Setup:-     257                  
       Uncertainty:-     500                  
     Required Time:=  101243                  
      Launch Clock:-   52000                  
         Data Path:-    1376                  
             Slack:=   47867                  

#------------------------------------------------------------------------------------------------------------------------------------------------------
#                            Timing Point                              Flags     Arc    Edge      Cell        Fanout Load Trans Delay Arrival Instance 
#                                                                                                                    (fF)  (ps)  (ps)   (ps)  Location 
#------------------------------------------------------------------------------------------------------------------------------------------------------
  u_IDCT/tposemem/Bisted_RF_2P_ADV64x16/BistCtrl_i0/S44/Finish_reg/clk -       -        R     (arrival)            7    -     0     -   52000    (-,-) 
  u_IDCT/tposemem/Bisted_RF_2P_ADV64x16/BistCtrl_i0/S44/Finish_reg/q   (u)     clk->q   F     unmapped_d_flop      1  3.8     0    16   52016    (-,-) 
  u_IDCT/tposemem/mux_62_22/g2/z                                       (u)     data0->z F     unmapped_bmux3       3 11.4     0   152   52168    (-,-) 
  u_IDCT/DRU/mux_41_41/g15/z                                           (u)     data1->z F     unmapped_bmux3       5 19.0     0   172   52340    (-,-) 
  u_IDCT/DRU/sub_60_47/g17/z                                           (u)     in_0->z  R     unmapped_not         2  8.2     0    54   52394    (-,-) 
  u_IDCT/DRU/sub_60_47/g24/z                                           (u)     in_1->z  F     unmapped_nor2        1  3.8     0    60   52454    (-,-) 
  u_IDCT/DRU/sub_60_47/g56/z                                           (u)     in_0->z  R     unmapped_not         2  8.2     0    54   52508    (-,-) 
  u_IDCT/DRU/sub_60_47/g57/z                                           (u)     in_1->z  F     unmapped_nand2       1  3.8     0    60   52568    (-,-) 
  u_IDCT/DRU/sub_60_47/g58/z                                           (u)     in_1->z  R     unmapped_nand2       3 12.3     0    90   52658    (-,-) 
  u_IDCT/DRU/sub_60_47/g90/z                                           (u)     in_1->z  F     unmapped_nand2       1  3.8     0    60   52718    (-,-) 
  u_IDCT/DRU/sub_60_47/g91/z                                           (u)     in_1->z  R     unmapped_nand2       5 20.5     0   111   52829    (-,-) 
  u_IDCT/DRU/sub_60_47/g131/z                                          (u)     in_0->z  F     unmapped_nand2       1  3.8     0    60   52889    (-,-) 
  u_IDCT/DRU/sub_60_47/g132/z                                          (u)     in_1->z  R     unmapped_nand2       9 36.9     0   122   53012    (-,-) 
  u_IDCT/DRU/sub_60_47/g156/z                                          (u)     in_0->z  F     unmapped_nand2       1  3.8     0    60   53072    (-,-) 
  u_IDCT/DRU/sub_60_47/g157/z                                          (u)     in_1->z  R     unmapped_nand2       1  4.1     0    60   53132    (-,-) 
  u_IDCT/DRU/sub_60_47/g198/z                                          (u)     in_0->z  R     unmapped_xnor2       1  4.1     0   122   53254    (-,-) 
  u_IDCT/DRU/mux_ToBDEG_68_18/g6/z                                     (u)     data1->z R     unmapped_bmux3       1  4.1     0   122   53376    (-,-) 
  u_IDCT/DRU/ToBDEG_reg[11]/d                                          -       -        R     unmapped_d_flop      1    -     -     0   53376    (-,-) 
#------------------------------------------------------------------------------------------------------------------------------------------------------

(u) : Net has unmapped pin(s).



Path 43: MET (47867 ps) Setup Check with Pin u_IDCT/DRU/ToBDEG_reg[10]/clk->d
           Mode: scan_mode
          Group: C2C_scan_mode
     Startpoint: (R) u_IDCT/tposemem/Bisted_RF_2P_ADV64x16/BistCtrl_i0/S44/Finish_reg/clk
          Clock: (F) CLK1
       Endpoint: (R) u_IDCT/DRU/ToBDEG_reg[10]/d
          Clock: (R) CLK1

                     Capture       Launch     
        Clock Edge:+  100000        50000     
       Src Latency:+       0            0     
       Net Latency:+    2000 (I)     2000 (I) 
           Arrival:=  102000        52000     
                                              
             Setup:-     257                  
       Uncertainty:-     500                  
     Required Time:=  101243                  
      Launch Clock:-   52000                  
         Data Path:-    1376                  
             Slack:=   47867                  

#------------------------------------------------------------------------------------------------------------------------------------------------------
#                            Timing Point                              Flags     Arc    Edge      Cell        Fanout Load Trans Delay Arrival Instance 
#                                                                                                                    (fF)  (ps)  (ps)   (ps)  Location 
#------------------------------------------------------------------------------------------------------------------------------------------------------
  u_IDCT/tposemem/Bisted_RF_2P_ADV64x16/BistCtrl_i0/S44/Finish_reg/clk -       -        R     (arrival)            7    -     0     -   52000    (-,-) 
  u_IDCT/tposemem/Bisted_RF_2P_ADV64x16/BistCtrl_i0/S44/Finish_reg/q   (u)     clk->q   F     unmapped_d_flop      1  3.8     0    16   52016    (-,-) 
  u_IDCT/tposemem/mux_62_22/g2/z                                       (u)     data0->z F     unmapped_bmux3       3 11.4     0   152   52168    (-,-) 
  u_IDCT/DRU/mux_41_41/g15/z                                           (u)     data1->z F     unmapped_bmux3       5 19.0     0   172   52340    (-,-) 
  u_IDCT/DRU/sub_60_47/g17/z                                           (u)     in_0->z  R     unmapped_not         2  8.2     0    54   52394    (-,-) 
  u_IDCT/DRU/sub_60_47/g24/z                                           (u)     in_1->z  F     unmapped_nor2        1  3.8     0    60   52454    (-,-) 
  u_IDCT/DRU/sub_60_47/g56/z                                           (u)     in_0->z  R     unmapped_not         2  8.2     0    54   52508    (-,-) 
  u_IDCT/DRU/sub_60_47/g57/z                                           (u)     in_1->z  F     unmapped_nand2       1  3.8     0    60   52568    (-,-) 
  u_IDCT/DRU/sub_60_47/g58/z                                           (u)     in_1->z  R     unmapped_nand2       3 12.3     0    90   52658    (-,-) 
  u_IDCT/DRU/sub_60_47/g90/z                                           (u)     in_1->z  F     unmapped_nand2       1  3.8     0    60   52718    (-,-) 
  u_IDCT/DRU/sub_60_47/g91/z                                           (u)     in_1->z  R     unmapped_nand2       5 20.5     0   111   52829    (-,-) 
  u_IDCT/DRU/sub_60_47/g131/z                                          (u)     in_0->z  F     unmapped_nand2       1  3.8     0    60   52889    (-,-) 
  u_IDCT/DRU/sub_60_47/g132/z                                          (u)     in_1->z  R     unmapped_nand2       9 36.9     0   122   53012    (-,-) 
  u_IDCT/DRU/sub_60_47/g153/z                                          (u)     in_1->z  F     unmapped_nand2       1  3.8     0    60   53072    (-,-) 
  u_IDCT/DRU/sub_60_47/g154/z                                          (u)     in_1->z  R     unmapped_nand2       1  4.1     0    60   53132    (-,-) 
  u_IDCT/DRU/sub_60_47/g195/z                                          (u)     in_0->z  R     unmapped_xnor2       1  4.1     0   122   53254    (-,-) 
  u_IDCT/DRU/mux_ToBDEG_68_18/g7/z                                     (u)     data1->z R     unmapped_bmux3       1  4.1     0   122   53376    (-,-) 
  u_IDCT/DRU/ToBDEG_reg[10]/d                                          -       -        R     unmapped_d_flop      1    -     -     0   53376    (-,-) 
#------------------------------------------------------------------------------------------------------------------------------------------------------

(u) : Net has unmapped pin(s).



Path 44: MET (47867 ps) Setup Check with Pin u_IDCT/DRU/ToBDEG_reg[9]/clk->d
           Mode: scan_mode
          Group: C2C_scan_mode
     Startpoint: (R) u_IDCT/tposemem/Bisted_RF_2P_ADV64x16/BistCtrl_i0/S44/Finish_reg/clk
          Clock: (F) CLK1
       Endpoint: (R) u_IDCT/DRU/ToBDEG_reg[9]/d
          Clock: (R) CLK1

                     Capture       Launch     
        Clock Edge:+  100000        50000     
       Src Latency:+       0            0     
       Net Latency:+    2000 (I)     2000 (I) 
           Arrival:=  102000        52000     
                                              
             Setup:-     257                  
       Uncertainty:-     500                  
     Required Time:=  101243                  
      Launch Clock:-   52000                  
         Data Path:-    1376                  
             Slack:=   47867                  

#------------------------------------------------------------------------------------------------------------------------------------------------------
#                            Timing Point                              Flags     Arc    Edge      Cell        Fanout Load Trans Delay Arrival Instance 
#                                                                                                                    (fF)  (ps)  (ps)   (ps)  Location 
#------------------------------------------------------------------------------------------------------------------------------------------------------
  u_IDCT/tposemem/Bisted_RF_2P_ADV64x16/BistCtrl_i0/S44/Finish_reg/clk -       -        R     (arrival)            7    -     0     -   52000    (-,-) 
  u_IDCT/tposemem/Bisted_RF_2P_ADV64x16/BistCtrl_i0/S44/Finish_reg/q   (u)     clk->q   F     unmapped_d_flop      1  3.8     0    16   52016    (-,-) 
  u_IDCT/tposemem/mux_62_22/g2/z                                       (u)     data0->z F     unmapped_bmux3       3 11.4     0   152   52168    (-,-) 
  u_IDCT/DRU/mux_41_41/g15/z                                           (u)     data1->z F     unmapped_bmux3       5 19.0     0   172   52340    (-,-) 
  u_IDCT/DRU/sub_60_47/g17/z                                           (u)     in_0->z  R     unmapped_not         2  8.2     0    54   52394    (-,-) 
  u_IDCT/DRU/sub_60_47/g24/z                                           (u)     in_1->z  F     unmapped_nor2        1  3.8     0    60   52454    (-,-) 
  u_IDCT/DRU/sub_60_47/g56/z                                           (u)     in_0->z  R     unmapped_not         2  8.2     0    54   52508    (-,-) 
  u_IDCT/DRU/sub_60_47/g57/z                                           (u)     in_1->z  F     unmapped_nand2       1  3.8     0    60   52568    (-,-) 
  u_IDCT/DRU/sub_60_47/g58/z                                           (u)     in_1->z  R     unmapped_nand2       3 12.3     0    90   52658    (-,-) 
  u_IDCT/DRU/sub_60_47/g90/z                                           (u)     in_1->z  F     unmapped_nand2       1  3.8     0    60   52718    (-,-) 
  u_IDCT/DRU/sub_60_47/g91/z                                           (u)     in_1->z  R     unmapped_nand2       5 20.5     0   111   52829    (-,-) 
  u_IDCT/DRU/sub_60_47/g131/z                                          (u)     in_0->z  F     unmapped_nand2       1  3.8     0    60   52889    (-,-) 
  u_IDCT/DRU/sub_60_47/g132/z                                          (u)     in_1->z  R     unmapped_nand2       9 36.9     0   122   53012    (-,-) 
  u_IDCT/DRU/sub_60_47/g151/z                                          (u)     in_0->z  F     unmapped_nand2       1  3.8     0    60   53072    (-,-) 
  u_IDCT/DRU/sub_60_47/g152/z                                          (u)     in_1->z  R     unmapped_nand2       1  4.1     0    60   53132    (-,-) 
  u_IDCT/DRU/sub_60_47/g193/z                                          (u)     in_0->z  R     unmapped_xnor2       1  4.1     0   122   53254    (-,-) 
  u_IDCT/DRU/mux_ToBDEG_68_18/g8/z                                     (u)     data1->z R     unmapped_bmux3       1  4.1     0   122   53376    (-,-) 
  u_IDCT/DRU/ToBDEG_reg[9]/d                                           -       -        R     unmapped_d_flop      1    -     -     0   53376    (-,-) 
#------------------------------------------------------------------------------------------------------------------------------------------------------

(u) : Net has unmapped pin(s).



Path 45: MET (47867 ps) Setup Check with Pin u_DCT/DRU/ToBDEG_reg[16]/clk->d
           Mode: scan_mode
          Group: C2C_scan_mode
     Startpoint: (R) u_DCT/tposemem/Bisted_RF_2P_ADV64x16/BistCtrl_i0/S44/Finish_reg/clk
          Clock: (F) CLK1
       Endpoint: (R) u_DCT/DRU/ToBDEG_reg[16]/d
          Clock: (R) CLK1

                     Capture       Launch     
        Clock Edge:+  100000        50000     
       Src Latency:+       0            0     
       Net Latency:+    2000 (I)     2000 (I) 
           Arrival:=  102000        52000     
                                              
             Setup:-     257                  
       Uncertainty:-     500                  
     Required Time:=  101243                  
      Launch Clock:-   52000                  
         Data Path:-    1376                  
             Slack:=   47867                  

#-----------------------------------------------------------------------------------------------------------------------------------------------------
#                            Timing Point                             Flags     Arc    Edge      Cell        Fanout Load Trans Delay Arrival Instance 
#                                                                                                                   (fF)  (ps)  (ps)   (ps)  Location 
#-----------------------------------------------------------------------------------------------------------------------------------------------------
  u_DCT/tposemem/Bisted_RF_2P_ADV64x16/BistCtrl_i0/S44/Finish_reg/clk -       -        R     (arrival)            7    -     0     -   52000    (-,-) 
  u_DCT/tposemem/Bisted_RF_2P_ADV64x16/BistCtrl_i0/S44/Finish_reg/q   (u)     clk->q   F     unmapped_d_flop      1  3.8     0    16   52016    (-,-) 
  u_DCT/tposemem/mux_62_22/g2/z                                       (u)     data0->z F     unmapped_bmux3       3 11.4     0   152   52168    (-,-) 
  u_DCT/DRU/mux_41_41/g15/z                                           (u)     data1->z F     unmapped_bmux3       5 19.0     0   172   52340    (-,-) 
  u_DCT/DRU/sub_60_47/g17/z                                           (u)     in_0->z  R     unmapped_not         2  8.2     0    54   52394    (-,-) 
  u_DCT/DRU/sub_60_47/g24/z                                           (u)     in_1->z  F     unmapped_nor2        1  3.8     0    60   52454    (-,-) 
  u_DCT/DRU/sub_60_47/g56/z                                           (u)     in_0->z  R     unmapped_not         2  8.2     0    54   52508    (-,-) 
  u_DCT/DRU/sub_60_47/g57/z                                           (u)     in_1->z  F     unmapped_nand2       1  3.8     0    60   52568    (-,-) 
  u_DCT/DRU/sub_60_47/g58/z                                           (u)     in_1->z  R     unmapped_nand2       3 12.3     0    90   52658    (-,-) 
  u_DCT/DRU/sub_60_47/g90/z                                           (u)     in_1->z  F     unmapped_nand2       1  3.8     0    60   52718    (-,-) 
  u_DCT/DRU/sub_60_47/g91/z                                           (u)     in_1->z  R     unmapped_nand2       5 20.5     0   111   52829    (-,-) 
  u_DCT/DRU/sub_60_47/g131/z                                          (u)     in_0->z  F     unmapped_nand2       1  3.8     0    60   52889    (-,-) 
  u_DCT/DRU/sub_60_47/g132/z                                          (u)     in_1->z  R     unmapped_nand2       9 36.9     0   122   53012    (-,-) 
  u_DCT/DRU/sub_60_47/g167/z                                          (u)     in_1->z  F     unmapped_nand2       1  3.8     0    60   53072    (-,-) 
  u_DCT/DRU/sub_60_47/g168/z                                          (u)     in_1->z  R     unmapped_nand2       1  4.1     0    60   53132    (-,-) 
  u_DCT/DRU/sub_60_47/g211/z                                          (u)     in_0->z  R     unmapped_xnor2       1  4.1     0   122   53254    (-,-) 
  u_DCT/DRU/mux_ToBDEG_68_18/g1/z                                     (u)     data1->z R     unmapped_bmux3       1  4.1     0   122   53376    (-,-) 
  u_DCT/DRU/ToBDEG_reg[16]/d                                          -       -        R     unmapped_d_flop      1    -     -     0   53376    (-,-) 
#-----------------------------------------------------------------------------------------------------------------------------------------------------

(u) : Net has unmapped pin(s).



Path 46: MET (47867 ps) Setup Check with Pin u_DCT/DRU/ToBDEG_reg[15]/clk->d
           Mode: scan_mode
          Group: C2C_scan_mode
     Startpoint: (R) u_DCT/tposemem/Bisted_RF_2P_ADV64x16/BistCtrl_i0/S44/Finish_reg/clk
          Clock: (F) CLK1
       Endpoint: (R) u_DCT/DRU/ToBDEG_reg[15]/d
          Clock: (R) CLK1

                     Capture       Launch     
        Clock Edge:+  100000        50000     
       Src Latency:+       0            0     
       Net Latency:+    2000 (I)     2000 (I) 
           Arrival:=  102000        52000     
                                              
             Setup:-     257                  
       Uncertainty:-     500                  
     Required Time:=  101243                  
      Launch Clock:-   52000                  
         Data Path:-    1376                  
             Slack:=   47867                  

#-----------------------------------------------------------------------------------------------------------------------------------------------------
#                            Timing Point                             Flags     Arc    Edge      Cell        Fanout Load Trans Delay Arrival Instance 
#                                                                                                                   (fF)  (ps)  (ps)   (ps)  Location 
#-----------------------------------------------------------------------------------------------------------------------------------------------------
  u_DCT/tposemem/Bisted_RF_2P_ADV64x16/BistCtrl_i0/S44/Finish_reg/clk -       -        R     (arrival)            7    -     0     -   52000    (-,-) 
  u_DCT/tposemem/Bisted_RF_2P_ADV64x16/BistCtrl_i0/S44/Finish_reg/q   (u)     clk->q   F     unmapped_d_flop      1  3.8     0    16   52016    (-,-) 
  u_DCT/tposemem/mux_62_22/g2/z                                       (u)     data0->z F     unmapped_bmux3       3 11.4     0   152   52168    (-,-) 
  u_DCT/DRU/mux_41_41/g15/z                                           (u)     data1->z F     unmapped_bmux3       5 19.0     0   172   52340    (-,-) 
  u_DCT/DRU/sub_60_47/g17/z                                           (u)     in_0->z  R     unmapped_not         2  8.2     0    54   52394    (-,-) 
  u_DCT/DRU/sub_60_47/g24/z                                           (u)     in_1->z  F     unmapped_nor2        1  3.8     0    60   52454    (-,-) 
  u_DCT/DRU/sub_60_47/g56/z                                           (u)     in_0->z  R     unmapped_not         2  8.2     0    54   52508    (-,-) 
  u_DCT/DRU/sub_60_47/g57/z                                           (u)     in_1->z  F     unmapped_nand2       1  3.8     0    60   52568    (-,-) 
  u_DCT/DRU/sub_60_47/g58/z                                           (u)     in_1->z  R     unmapped_nand2       3 12.3     0    90   52658    (-,-) 
  u_DCT/DRU/sub_60_47/g90/z                                           (u)     in_1->z  F     unmapped_nand2       1  3.8     0    60   52718    (-,-) 
  u_DCT/DRU/sub_60_47/g91/z                                           (u)     in_1->z  R     unmapped_nand2       5 20.5     0   111   52829    (-,-) 
  u_DCT/DRU/sub_60_47/g131/z                                          (u)     in_0->z  F     unmapped_nand2       1  3.8     0    60   52889    (-,-) 
  u_DCT/DRU/sub_60_47/g132/z                                          (u)     in_1->z  R     unmapped_nand2       9 36.9     0   122   53012    (-,-) 
  u_DCT/DRU/sub_60_47/g165/z                                          (u)     in_1->z  F     unmapped_nand2       1  3.8     0    60   53072    (-,-) 
  u_DCT/DRU/sub_60_47/g166/z                                          (u)     in_1->z  R     unmapped_nand2       1  4.1     0    60   53132    (-,-) 
  u_DCT/DRU/sub_60_47/g209/z                                          (u)     in_0->z  R     unmapped_xnor2       1  4.1     0   122   53254    (-,-) 
  u_DCT/DRU/mux_ToBDEG_68_18/g2/z                                     (u)     data1->z R     unmapped_bmux3       1  4.1     0   122   53376    (-,-) 
  u_DCT/DRU/ToBDEG_reg[15]/d                                          -       -        R     unmapped_d_flop      1    -     -     0   53376    (-,-) 
#-----------------------------------------------------------------------------------------------------------------------------------------------------

(u) : Net has unmapped pin(s).



Path 47: MET (47867 ps) Setup Check with Pin u_DCT/DRU/ToBDEG_reg[14]/clk->d
           Mode: scan_mode
          Group: C2C_scan_mode
     Startpoint: (R) u_DCT/tposemem/Bisted_RF_2P_ADV64x16/BistCtrl_i0/S44/Finish_reg/clk
          Clock: (F) CLK1
       Endpoint: (R) u_DCT/DRU/ToBDEG_reg[14]/d
          Clock: (R) CLK1

                     Capture       Launch     
        Clock Edge:+  100000        50000     
       Src Latency:+       0            0     
       Net Latency:+    2000 (I)     2000 (I) 
           Arrival:=  102000        52000     
                                              
             Setup:-     257                  
       Uncertainty:-     500                  
     Required Time:=  101243                  
      Launch Clock:-   52000                  
         Data Path:-    1376                  
             Slack:=   47867                  

#-----------------------------------------------------------------------------------------------------------------------------------------------------
#                            Timing Point                             Flags     Arc    Edge      Cell        Fanout Load Trans Delay Arrival Instance 
#                                                                                                                   (fF)  (ps)  (ps)   (ps)  Location 
#-----------------------------------------------------------------------------------------------------------------------------------------------------
  u_DCT/tposemem/Bisted_RF_2P_ADV64x16/BistCtrl_i0/S44/Finish_reg/clk -       -        R     (arrival)            7    -     0     -   52000    (-,-) 
  u_DCT/tposemem/Bisted_RF_2P_ADV64x16/BistCtrl_i0/S44/Finish_reg/q   (u)     clk->q   F     unmapped_d_flop      1  3.8     0    16   52016    (-,-) 
  u_DCT/tposemem/mux_62_22/g2/z                                       (u)     data0->z F     unmapped_bmux3       3 11.4     0   152   52168    (-,-) 
  u_DCT/DRU/mux_41_41/g15/z                                           (u)     data1->z F     unmapped_bmux3       5 19.0     0   172   52340    (-,-) 
  u_DCT/DRU/sub_60_47/g17/z                                           (u)     in_0->z  R     unmapped_not         2  8.2     0    54   52394    (-,-) 
  u_DCT/DRU/sub_60_47/g24/z                                           (u)     in_1->z  F     unmapped_nor2        1  3.8     0    60   52454    (-,-) 
  u_DCT/DRU/sub_60_47/g56/z                                           (u)     in_0->z  R     unmapped_not         2  8.2     0    54   52508    (-,-) 
  u_DCT/DRU/sub_60_47/g57/z                                           (u)     in_1->z  F     unmapped_nand2       1  3.8     0    60   52568    (-,-) 
  u_DCT/DRU/sub_60_47/g58/z                                           (u)     in_1->z  R     unmapped_nand2       3 12.3     0    90   52658    (-,-) 
  u_DCT/DRU/sub_60_47/g90/z                                           (u)     in_1->z  F     unmapped_nand2       1  3.8     0    60   52718    (-,-) 
  u_DCT/DRU/sub_60_47/g91/z                                           (u)     in_1->z  R     unmapped_nand2       5 20.5     0   111   52829    (-,-) 
  u_DCT/DRU/sub_60_47/g131/z                                          (u)     in_0->z  F     unmapped_nand2       1  3.8     0    60   52889    (-,-) 
  u_DCT/DRU/sub_60_47/g132/z                                          (u)     in_1->z  R     unmapped_nand2       9 36.9     0   122   53012    (-,-) 
  u_DCT/DRU/sub_60_47/g163/z                                          (u)     in_1->z  F     unmapped_nand2       1  3.8     0    60   53072    (-,-) 
  u_DCT/DRU/sub_60_47/g164/z                                          (u)     in_1->z  R     unmapped_nand2       1  4.1     0    60   53132    (-,-) 
  u_DCT/DRU/sub_60_47/g206/z                                          (u)     in_0->z  R     unmapped_xnor2       1  4.1     0   122   53254    (-,-) 
  u_DCT/DRU/mux_ToBDEG_68_18/g3/z                                     (u)     data1->z R     unmapped_bmux3       1  4.1     0   122   53376    (-,-) 
  u_DCT/DRU/ToBDEG_reg[14]/d                                          -       -        R     unmapped_d_flop      1    -     -     0   53376    (-,-) 
#-----------------------------------------------------------------------------------------------------------------------------------------------------

(u) : Net has unmapped pin(s).



Path 48: MET (47867 ps) Setup Check with Pin u_DCT/DRU/ToBDEG_reg[13]/clk->d
           Mode: scan_mode
          Group: C2C_scan_mode
     Startpoint: (R) u_DCT/tposemem/Bisted_RF_2P_ADV64x16/BistCtrl_i0/S44/Finish_reg/clk
          Clock: (F) CLK1
       Endpoint: (R) u_DCT/DRU/ToBDEG_reg[13]/d
          Clock: (R) CLK1

                     Capture       Launch     
        Clock Edge:+  100000        50000     
       Src Latency:+       0            0     
       Net Latency:+    2000 (I)     2000 (I) 
           Arrival:=  102000        52000     
                                              
             Setup:-     257                  
       Uncertainty:-     500                  
     Required Time:=  101243                  
      Launch Clock:-   52000                  
         Data Path:-    1376                  
             Slack:=   47867                  

#-----------------------------------------------------------------------------------------------------------------------------------------------------
#                            Timing Point                             Flags     Arc    Edge      Cell        Fanout Load Trans Delay Arrival Instance 
#                                                                                                                   (fF)  (ps)  (ps)   (ps)  Location 
#-----------------------------------------------------------------------------------------------------------------------------------------------------
  u_DCT/tposemem/Bisted_RF_2P_ADV64x16/BistCtrl_i0/S44/Finish_reg/clk -       -        R     (arrival)            7    -     0     -   52000    (-,-) 
  u_DCT/tposemem/Bisted_RF_2P_ADV64x16/BistCtrl_i0/S44/Finish_reg/q   (u)     clk->q   F     unmapped_d_flop      1  3.8     0    16   52016    (-,-) 
  u_DCT/tposemem/mux_62_22/g2/z                                       (u)     data0->z F     unmapped_bmux3       3 11.4     0   152   52168    (-,-) 
  u_DCT/DRU/mux_41_41/g15/z                                           (u)     data1->z F     unmapped_bmux3       5 19.0     0   172   52340    (-,-) 
  u_DCT/DRU/sub_60_47/g17/z                                           (u)     in_0->z  R     unmapped_not         2  8.2     0    54   52394    (-,-) 
  u_DCT/DRU/sub_60_47/g24/z                                           (u)     in_1->z  F     unmapped_nor2        1  3.8     0    60   52454    (-,-) 
  u_DCT/DRU/sub_60_47/g56/z                                           (u)     in_0->z  R     unmapped_not         2  8.2     0    54   52508    (-,-) 
  u_DCT/DRU/sub_60_47/g57/z                                           (u)     in_1->z  F     unmapped_nand2       1  3.8     0    60   52568    (-,-) 
  u_DCT/DRU/sub_60_47/g58/z                                           (u)     in_1->z  R     unmapped_nand2       3 12.3     0    90   52658    (-,-) 
  u_DCT/DRU/sub_60_47/g90/z                                           (u)     in_1->z  F     unmapped_nand2       1  3.8     0    60   52718    (-,-) 
  u_DCT/DRU/sub_60_47/g91/z                                           (u)     in_1->z  R     unmapped_nand2       5 20.5     0   111   52829    (-,-) 
  u_DCT/DRU/sub_60_47/g131/z                                          (u)     in_0->z  F     unmapped_nand2       1  3.8     0    60   52889    (-,-) 
  u_DCT/DRU/sub_60_47/g132/z                                          (u)     in_1->z  R     unmapped_nand2       9 36.9     0   122   53012    (-,-) 
  u_DCT/DRU/sub_60_47/g161/z                                          (u)     in_1->z  F     unmapped_nand2       1  3.8     0    60   53072    (-,-) 
  u_DCT/DRU/sub_60_47/g162/z                                          (u)     in_1->z  R     unmapped_nand2       1  4.1     0    60   53132    (-,-) 
  u_DCT/DRU/sub_60_47/g204/z                                          (u)     in_0->z  R     unmapped_xnor2       1  4.1     0   122   53254    (-,-) 
  u_DCT/DRU/mux_ToBDEG_68_18/g4/z                                     (u)     data1->z R     unmapped_bmux3       1  4.1     0   122   53376    (-,-) 
  u_DCT/DRU/ToBDEG_reg[13]/d                                          -       -        R     unmapped_d_flop      1    -     -     0   53376    (-,-) 
#-----------------------------------------------------------------------------------------------------------------------------------------------------

(u) : Net has unmapped pin(s).



Path 49: MET (47867 ps) Setup Check with Pin u_DCT/DRU/ToBDEG_reg[12]/clk->d
           Mode: scan_mode
          Group: C2C_scan_mode
     Startpoint: (R) u_DCT/tposemem/Bisted_RF_2P_ADV64x16/BistCtrl_i0/S44/Finish_reg/clk
          Clock: (F) CLK1
       Endpoint: (R) u_DCT/DRU/ToBDEG_reg[12]/d
          Clock: (R) CLK1

                     Capture       Launch     
        Clock Edge:+  100000        50000     
       Src Latency:+       0            0     
       Net Latency:+    2000 (I)     2000 (I) 
           Arrival:=  102000        52000     
                                              
             Setup:-     257                  
       Uncertainty:-     500                  
     Required Time:=  101243                  
      Launch Clock:-   52000                  
         Data Path:-    1376                  
             Slack:=   47867                  

#-----------------------------------------------------------------------------------------------------------------------------------------------------
#                            Timing Point                             Flags     Arc    Edge      Cell        Fanout Load Trans Delay Arrival Instance 
#                                                                                                                   (fF)  (ps)  (ps)   (ps)  Location 
#-----------------------------------------------------------------------------------------------------------------------------------------------------
  u_DCT/tposemem/Bisted_RF_2P_ADV64x16/BistCtrl_i0/S44/Finish_reg/clk -       -        R     (arrival)            7    -     0     -   52000    (-,-) 
  u_DCT/tposemem/Bisted_RF_2P_ADV64x16/BistCtrl_i0/S44/Finish_reg/q   (u)     clk->q   F     unmapped_d_flop      1  3.8     0    16   52016    (-,-) 
  u_DCT/tposemem/mux_62_22/g2/z                                       (u)     data0->z F     unmapped_bmux3       3 11.4     0   152   52168    (-,-) 
  u_DCT/DRU/mux_41_41/g15/z                                           (u)     data1->z F     unmapped_bmux3       5 19.0     0   172   52340    (-,-) 
  u_DCT/DRU/sub_60_47/g17/z                                           (u)     in_0->z  R     unmapped_not         2  8.2     0    54   52394    (-,-) 
  u_DCT/DRU/sub_60_47/g24/z                                           (u)     in_1->z  F     unmapped_nor2        1  3.8     0    60   52454    (-,-) 
  u_DCT/DRU/sub_60_47/g56/z                                           (u)     in_0->z  R     unmapped_not         2  8.2     0    54   52508    (-,-) 
  u_DCT/DRU/sub_60_47/g57/z                                           (u)     in_1->z  F     unmapped_nand2       1  3.8     0    60   52568    (-,-) 
  u_DCT/DRU/sub_60_47/g58/z                                           (u)     in_1->z  R     unmapped_nand2       3 12.3     0    90   52658    (-,-) 
  u_DCT/DRU/sub_60_47/g90/z                                           (u)     in_1->z  F     unmapped_nand2       1  3.8     0    60   52718    (-,-) 
  u_DCT/DRU/sub_60_47/g91/z                                           (u)     in_1->z  R     unmapped_nand2       5 20.5     0   111   52829    (-,-) 
  u_DCT/DRU/sub_60_47/g131/z                                          (u)     in_0->z  F     unmapped_nand2       1  3.8     0    60   52889    (-,-) 
  u_DCT/DRU/sub_60_47/g132/z                                          (u)     in_1->z  R     unmapped_nand2       9 36.9     0   122   53012    (-,-) 
  u_DCT/DRU/sub_60_47/g159/z                                          (u)     in_0->z  F     unmapped_nand2       1  3.8     0    60   53072    (-,-) 
  u_DCT/DRU/sub_60_47/g160/z                                          (u)     in_1->z  R     unmapped_nand2       1  4.1     0    60   53132    (-,-) 
  u_DCT/DRU/sub_60_47/g201/z                                          (u)     in_0->z  R     unmapped_xnor2       1  4.1     0   122   53254    (-,-) 
  u_DCT/DRU/mux_ToBDEG_68_18/g5/z                                     (u)     data1->z R     unmapped_bmux3       1  4.1     0   122   53376    (-,-) 
  u_DCT/DRU/ToBDEG_reg[12]/d                                          -       -        R     unmapped_d_flop      1    -     -     0   53376    (-,-) 
#-----------------------------------------------------------------------------------------------------------------------------------------------------

(u) : Net has unmapped pin(s).



Path 50: MET (47867 ps) Setup Check with Pin u_DCT/DRU/ToBDEG_reg[11]/clk->d
           Mode: scan_mode
          Group: C2C_scan_mode
     Startpoint: (R) u_DCT/tposemem/Bisted_RF_2P_ADV64x16/BistCtrl_i0/S44/Finish_reg/clk
          Clock: (F) CLK1
       Endpoint: (R) u_DCT/DRU/ToBDEG_reg[11]/d
          Clock: (R) CLK1

                     Capture       Launch     
        Clock Edge:+  100000        50000     
       Src Latency:+       0            0     
       Net Latency:+    2000 (I)     2000 (I) 
           Arrival:=  102000        52000     
                                              
             Setup:-     257                  
       Uncertainty:-     500                  
     Required Time:=  101243                  
      Launch Clock:-   52000                  
         Data Path:-    1376                  
             Slack:=   47867                  

#-----------------------------------------------------------------------------------------------------------------------------------------------------
#                            Timing Point                             Flags     Arc    Edge      Cell        Fanout Load Trans Delay Arrival Instance 
#                                                                                                                   (fF)  (ps)  (ps)   (ps)  Location 
#-----------------------------------------------------------------------------------------------------------------------------------------------------
  u_DCT/tposemem/Bisted_RF_2P_ADV64x16/BistCtrl_i0/S44/Finish_reg/clk -       -        R     (arrival)            7    -     0     -   52000    (-,-) 
  u_DCT/tposemem/Bisted_RF_2P_ADV64x16/BistCtrl_i0/S44/Finish_reg/q   (u)     clk->q   F     unmapped_d_flop      1  3.8     0    16   52016    (-,-) 
  u_DCT/tposemem/mux_62_22/g2/z                                       (u)     data0->z F     unmapped_bmux3       3 11.4     0   152   52168    (-,-) 
  u_DCT/DRU/mux_41_41/g15/z                                           (u)     data1->z F     unmapped_bmux3       5 19.0     0   172   52340    (-,-) 
  u_DCT/DRU/sub_60_47/g17/z                                           (u)     in_0->z  R     unmapped_not         2  8.2     0    54   52394    (-,-) 
  u_DCT/DRU/sub_60_47/g24/z                                           (u)     in_1->z  F     unmapped_nor2        1  3.8     0    60   52454    (-,-) 
  u_DCT/DRU/sub_60_47/g56/z                                           (u)     in_0->z  R     unmapped_not         2  8.2     0    54   52508    (-,-) 
  u_DCT/DRU/sub_60_47/g57/z                                           (u)     in_1->z  F     unmapped_nand2       1  3.8     0    60   52568    (-,-) 
  u_DCT/DRU/sub_60_47/g58/z                                           (u)     in_1->z  R     unmapped_nand2       3 12.3     0    90   52658    (-,-) 
  u_DCT/DRU/sub_60_47/g90/z                                           (u)     in_1->z  F     unmapped_nand2       1  3.8     0    60   52718    (-,-) 
  u_DCT/DRU/sub_60_47/g91/z                                           (u)     in_1->z  R     unmapped_nand2       5 20.5     0   111   52829    (-,-) 
  u_DCT/DRU/sub_60_47/g131/z                                          (u)     in_0->z  F     unmapped_nand2       1  3.8     0    60   52889    (-,-) 
  u_DCT/DRU/sub_60_47/g132/z                                          (u)     in_1->z  R     unmapped_nand2       9 36.9     0   122   53012    (-,-) 
  u_DCT/DRU/sub_60_47/g156/z                                          (u)     in_0->z  F     unmapped_nand2       1  3.8     0    60   53072    (-,-) 
  u_DCT/DRU/sub_60_47/g157/z                                          (u)     in_1->z  R     unmapped_nand2       1  4.1     0    60   53132    (-,-) 
  u_DCT/DRU/sub_60_47/g198/z                                          (u)     in_0->z  R     unmapped_xnor2       1  4.1     0   122   53254    (-,-) 
  u_DCT/DRU/mux_ToBDEG_68_18/g6/z                                     (u)     data1->z R     unmapped_bmux3       1  4.1     0   122   53376    (-,-) 
  u_DCT/DRU/ToBDEG_reg[11]/d                                          -       -        R     unmapped_d_flop      1    -     -     0   53376    (-,-) 
#-----------------------------------------------------------------------------------------------------------------------------------------------------

(u) : Net has unmapped pin(s).


