============================================================
  Generated by:           Genus(TM) Synthesis Solution 19.10-p002_1
  Generated on:           Jun 03 2020  11:46:23 am
  Module:                 CHIP
  Operating conditions:   slow 
  Interconnect mode:      global
  Area mode:              physical library
============================================================


Path 1: MET (39721 ps) Setup Check with Pin u_IDCT/tposemem_Bisted_RF_2P_ADV64x16_RF_2P_ADV64x16_u0_SRAM_i0/CLKA->CLKB
           Mode: scan_mode
          Group: I2C_scan_mode
     Startpoint: (F) CLK
          Clock: (F) CLK1
       Endpoint: (R) u_IDCT/tposemem_Bisted_RF_2P_ADV64x16_RF_2P_ADV64x16_u0_SRAM_i0/CLKB
          Clock: (R) CLK1

                     Capture       Launch     
        Clock Edge:+  100000        50000     
        Drv Adjust:+       0        10000     
       Src Latency:+       0            0     
       Net Latency:+    2000 (I)        0 (I) 
           Arrival:=  102000        60000     
                                              
             Setup:-     564                  
       Uncertainty:-     500                  
     Required Time:=  100936                  
      Launch Clock:-   60000                  
       Input Delay:-       0                  
         Data Path:-    1215                  
             Slack:=   39721                  

Exceptions/Constraints:
  input_delay              0              create_clock_delay_domain_1_CLK1_F_0_1 

#-----------------------------------------------------------------------------------------------------------------------------------------------
#                            Timing Point                              Flags    Arc   Edge   Cell     Fanout  Load Trans Delay Arrival Instance 
#                                                                                                             (fF)  (ps)  (ps)   (ps)  Location 
#-----------------------------------------------------------------------------------------------------------------------------------------------
  CLK                                                                  -       -      F     (arrival)      1 100.0 10000     0   60000    (-,-) 
  ipad_CLK/C                                                           (i,P)   PAD->C F     PADIN        734   0.0     0  1200   61200    (-,-) 
  u_IDCT/g3873/ZN                                                      (i)     A->ZN  R     INV_X1         3   0.0     0    15   61215    (-,-) 
  u_IDCT/tposemem_Bisted_RF_2P_ADV64x16_RF_2P_ADV64x16_u0_SRAM_i0/CLKB (P)     -      R     rf_2p_hse      3     -     -     0   61215    (-,-) 
#-----------------------------------------------------------------------------------------------------------------------------------------------

(P) : Instance is preserved
(i) : Net is ideal.



Path 2: MET (39721 ps) Setup Check with Pin u_DCT/tposemem_Bisted_RF_2P_ADV64x16_RF_2P_ADV64x16_u0_SRAM_i0/CLKA->CLKB
           Mode: scan_mode
          Group: I2C_scan_mode
     Startpoint: (F) CLK
          Clock: (F) CLK1
       Endpoint: (R) u_DCT/tposemem_Bisted_RF_2P_ADV64x16_RF_2P_ADV64x16_u0_SRAM_i0/CLKB
          Clock: (R) CLK1

                     Capture       Launch     
        Clock Edge:+  100000        50000     
        Drv Adjust:+       0        10000     
       Src Latency:+       0            0     
       Net Latency:+    2000 (I)        0 (I) 
           Arrival:=  102000        60000     
                                              
             Setup:-     564                  
       Uncertainty:-     500                  
     Required Time:=  100936                  
      Launch Clock:-   60000                  
       Input Delay:-       0                  
         Data Path:-    1215                  
             Slack:=   39721                  

Exceptions/Constraints:
  input_delay              0              create_clock_delay_domain_1_CLK1_F_0_1 

#----------------------------------------------------------------------------------------------------------------------------------------------
#                            Timing Point                             Flags    Arc   Edge   Cell     Fanout  Load Trans Delay Arrival Instance 
#                                                                                                            (fF)  (ps)  (ps)   (ps)  Location 
#----------------------------------------------------------------------------------------------------------------------------------------------
  CLK                                                                 -       -      F     (arrival)      1 100.0 10000     0   60000    (-,-) 
  ipad_CLK/C                                                          (i,P)   PAD->C F     PADIN        734   0.0     0  1200   61200    (-,-) 
  u_DCT/g3873/ZN                                                      (i)     A->ZN  R     INV_X1         3   0.0     0    15   61215    (-,-) 
  u_DCT/tposemem_Bisted_RF_2P_ADV64x16_RF_2P_ADV64x16_u0_SRAM_i0/CLKB (P)     -      R     rf_2p_hse      3     -     -     0   61215    (-,-) 
#----------------------------------------------------------------------------------------------------------------------------------------------

(P) : Instance is preserved
(i) : Net is ideal.



Path 3: MET (39814 ps) Setup Check with Pin u_IDCT/tposemem_Bisted_RF_2P_ADV64x16_RF_2P_ADV64x16_u0_SRAM_i0/CLKB->CLKA
           Mode: scan_mode
          Group: I2C_scan_mode
     Startpoint: (R) CLK
          Clock: (R) CLK1
       Endpoint: (R) u_IDCT/tposemem_Bisted_RF_2P_ADV64x16_RF_2P_ADV64x16_u0_SRAM_i0/CLKA
          Clock: (F) CLK1

                     Capture       Launch     
        Clock Edge:+   50000            0     
        Drv Adjust:+       0        10000     
       Src Latency:+       0            0     
       Net Latency:+    2000 (I)        0 (I) 
           Arrival:=   52000        10000     
                                              
             Setup:-     486                  
       Uncertainty:-     500                  
     Required Time:=   51014                  
      Launch Clock:-   10000                  
       Input Delay:-       0                  
         Data Path:-    1200                  
             Slack:=   39814                  

Exceptions/Constraints:
  input_delay              0              create_clock_delay_domain_1_CLK1_R_0_1 

#-----------------------------------------------------------------------------------------------------------------------------------------------
#                            Timing Point                              Flags    Arc   Edge   Cell     Fanout  Load Trans Delay Arrival Instance 
#                                                                                                             (fF)  (ps)  (ps)   (ps)  Location 
#-----------------------------------------------------------------------------------------------------------------------------------------------
  CLK                                                                  -       -      R     (arrival)      1 100.0 10000     0   10000    (-,-) 
  ipad_CLK/C                                                           (i,P)   PAD->C R     PADIN        734   0.0     0  1200   11200    (-,-) 
  u_IDCT/tposemem_Bisted_RF_2P_ADV64x16_RF_2P_ADV64x16_u0_SRAM_i0/CLKA (P)     -      R     rf_2p_hse    734     -     -     0   11200    (-,-) 
#-----------------------------------------------------------------------------------------------------------------------------------------------

(P) : Instance is preserved
(i) : Net is ideal.



Path 4: MET (39814 ps) Setup Check with Pin u_DCT/tposemem_Bisted_RF_2P_ADV64x16_RF_2P_ADV64x16_u0_SRAM_i0/CLKB->CLKA
           Mode: scan_mode
          Group: I2C_scan_mode
     Startpoint: (R) CLK
          Clock: (R) CLK1
       Endpoint: (R) u_DCT/tposemem_Bisted_RF_2P_ADV64x16_RF_2P_ADV64x16_u0_SRAM_i0/CLKA
          Clock: (F) CLK1

                     Capture       Launch     
        Clock Edge:+   50000            0     
        Drv Adjust:+       0        10000     
       Src Latency:+       0            0     
       Net Latency:+    2000 (I)        0 (I) 
           Arrival:=   52000        10000     
                                              
             Setup:-     486                  
       Uncertainty:-     500                  
     Required Time:=   51014                  
      Launch Clock:-   10000                  
       Input Delay:-       0                  
         Data Path:-    1200                  
             Slack:=   39814                  

Exceptions/Constraints:
  input_delay              0              create_clock_delay_domain_1_CLK1_R_0_1 

#----------------------------------------------------------------------------------------------------------------------------------------------
#                            Timing Point                             Flags    Arc   Edge   Cell     Fanout  Load Trans Delay Arrival Instance 
#                                                                                                            (fF)  (ps)  (ps)   (ps)  Location 
#----------------------------------------------------------------------------------------------------------------------------------------------
  CLK                                                                 -       -      R     (arrival)      1 100.0 10000     0   10000    (-,-) 
  ipad_CLK/C                                                          (i,P)   PAD->C R     PADIN        734   0.0     0  1200   11200    (-,-) 
  u_DCT/tposemem_Bisted_RF_2P_ADV64x16_RF_2P_ADV64x16_u0_SRAM_i0/CLKA (P)     -      R     rf_2p_hse    734     -     -     0   11200    (-,-) 
#----------------------------------------------------------------------------------------------------------------------------------------------

(P) : Instance is preserved
(i) : Net is ideal.



Path 5: MET (46002 ps) Setup Check with Pin u_DCT/tposemem_Bisted_RF_2P_ADV64x16_RF_2P_ADV64x16_u0_SRAM_i0/CLKB->DB[14]
           Mode: scan_mode
          Group: C2C_scan_mode
     Startpoint: (R) u_DCT/IDRU8/Count_reg[0]/CK
          Clock: (R) CLK1
       Endpoint: (F) u_DCT/tposemem_Bisted_RF_2P_ADV64x16_RF_2P_ADV64x16_u0_SRAM_i0/DB[14]
          Clock: (F) CLK1

                     Capture       Launch     
        Clock Edge:+   50000            0     
       Src Latency:+       0            0     
       Net Latency:+    2000 (I)     2000 (I) 
           Arrival:=   52000         2000     
                                              
             Setup:-     236                  
       Uncertainty:-     500                  
     Required Time:=   51264                  
      Launch Clock:-    2000                  
         Data Path:-    3262                  
             Slack:=   46002                  

#-----------------------------------------------------------------------------------------------------------------------------------------------
#                             Timing Point                              Flags    Arc   Edge   Cell     Fanout Load Trans Delay Arrival Instance 
#                                                                                                             (fF)  (ps)  (ps)   (ps)  Location 
#-----------------------------------------------------------------------------------------------------------------------------------------------
  u_DCT/IDRU8/Count_reg[0]/CK                                           -       -      R     (arrival)     15    -     0     -    2000    (-,-) 
  u_DCT/IDRU8/Count_reg[0]/Q                                            -       CK->Q  F     SDFF_X2        3 10.2    78   360    2360    (-,-) 
  u_DCT/IDRU8/g5849/ZN                                                  -       A->ZN  R     INV_X4         5 15.8    47    95    2454    (-,-) 
  u_DCT/IDRU8/g5834__1840/ZN                                            -       A2->ZN R     AND2_X4        7 21.8    56   131    2585    (-,-) 
  u_DCT/IDRU8/g5810__2250/ZN                                            -       A1->ZN F     NAND2_X2       5 14.9    44    78    2663    (-,-) 
  u_DCT/IDRU8/g5775/ZN                                                  -       A->ZN  R     INV_X4        14 31.8    73   109    2772    (-,-) 
  u_DCT/IDRU8/g5756__4296/ZN                                            -       A1->ZN F     NAND2_X1       1  2.2    27    54    2826    (-,-) 
  u_DCT/IDRU8/g5640__9682/ZN                                            -       A2->ZN F     AND2_X1        1  4.1    23   119    2945    (-,-) 
  u_DCT/IDRU8/g5623__5703/ZN                                            -       A1->ZN R     NAND3_X2       3  8.7    63    77    3022    (-,-) 
  u_DCT/IDRU8/add_86_45_g704__5019/ZN                                   -       B->ZN  F     OAI211_X2      1  4.1    40    89    3111    (-,-) 
  u_DCT/IDRU8/add_86_45_g694__5953/ZN                                   -       A1->ZN R     NAND2_X2       2  5.7    42    69    3180    (-,-) 
  u_DCT/IDRU8/add_86_45_g691__7118/ZN                                   -       A1->ZN F     NAND2_X1       1  4.1    26    55    3234    (-,-) 
  u_DCT/IDRU8/add_86_45_g688__2900/ZN                                   -       A1->ZN R     NAND2_X2       2  5.7    42    60    3295    (-,-) 
  u_DCT/IDRU8/add_86_45_g686__1309/ZN                                   -       A1->ZN F     NAND2_X1       1  4.1    26    55    3350    (-,-) 
  u_DCT/IDRU8/add_86_45_g684__9682/ZN                                   -       A1->ZN R     NAND2_X2       3  7.9    51    70    3420    (-,-) 
  u_DCT/IDRU8/add_86_45_g680__4296/ZN                                   -       A1->ZN F     NAND3_X1       1  4.1    43    77    3496    (-,-) 
  u_DCT/IDRU8/add_86_45_g679__8780/ZN                                   -       A1->ZN R     NAND3_X2       2  5.7    52    76    3572    (-,-) 
  u_DCT/IDRU8/add_86_45_g677__1857/ZN                                   -       A1->ZN F     NAND2_X1       1  4.1    28    59    3631    (-,-) 
  u_DCT/IDRU8/add_86_45_g675__1840/ZN                                   -       A1->ZN R     NAND2_X2       2  5.7    44    62    3693    (-,-) 
  u_DCT/IDRU8/add_86_45_g674__7344/ZN                                   -       A1->ZN F     NAND2_X1       1  2.8    22    49    3741    (-,-) 
  u_DCT/IDRU8/add_86_45_g672__2703/ZN                                   -       A1->ZN R     NAND2_X1       2  5.0    61    76    3818    (-,-) 
  u_DCT/IDRU8/add_86_45_g671__6083/ZN                                   -       A1->ZN R     AND2_X1        3  6.6    64   150    3967    (-,-) 
  u_DCT/IDRU8/add_86_45_g669__5266/ZN                                   -       A1->ZN F     NAND2_X1       1  4.3    38    65    4032    (-,-) 
  u_DCT/IDRU8/add_86_45_g666__5953/ZN                                   -       A->ZN  R     OAI211_X2      2  7.1   114    97    4129    (-,-) 
  u_DCT/IDRU8/add_86_45_g664__8757/ZN                                   -       A1->ZN F     NAND2_X2       2  6.3    40    73    4203    (-,-) 
  u_DCT/IDRU8/add_86_45_g659__6877/ZN                                   -       B1->ZN R     OAI221_X2      3  7.9   172   228    4431    (-,-) 
  u_DCT/IDRU8/add_86_45_g654__1474/ZN                                   -       B1->ZN F     AOI21_X1       1  2.7    52    83    4514    (-,-) 
  u_DCT/IDRU8/add_86_45_g653__3772/ZN                                   -       B1->ZN R     OAI21_X1       1  4.0   111   158    4672    (-,-) 
  u_DCT/IDRU8/add_86_45_g651__8780/S                                    -       CI->S  F     FA_X1          1  2.8    57   344    5016    (-,-) 
  u_DCT/IDRU8/g5266__1857/ZN                                            -       A1->ZN R     NAND2_X1       1  2.9    48    78    5094    (-,-) 
  u_DCT/IDRU8/g5123__7118/ZN                                            -       A1->ZN F     NAND2_X1       1  2.8    40    50    5144    (-,-) 
  u_DCT/g3864/ZN                                                        -       A->ZN  R     INV_X1         1  4.3    43    75    5219    (-,-) 
  u_DCT/g3745/ZN                                                        -       B1->ZN F     OAI21_X2       1  2.6    26    43    5262    (-,-) 
  u_DCT/tposemem_Bisted_RF_2P_ADV64x16_RF_2P_ADV64x16_u0_SRAM_i0/DB[14] (P)     -      F     rf_2p_hse      1    -     -     0    5262    (-,-) 
#-----------------------------------------------------------------------------------------------------------------------------------------------

(P) : Instance is preserved



Path 6: MET (46004 ps) Setup Check with Pin u_DCT/tposemem_Bisted_RF_2P_ADV64x16_RF_2P_ADV64x16_u0_SRAM_i0/CLKB->DB[15]
           Mode: scan_mode
          Group: C2C_scan_mode
     Startpoint: (R) u_DCT/IDRU8/Count_reg[0]/CK
          Clock: (R) CLK1
       Endpoint: (R) u_DCT/tposemem_Bisted_RF_2P_ADV64x16_RF_2P_ADV64x16_u0_SRAM_i0/DB[15]
          Clock: (F) CLK1

                     Capture       Launch     
        Clock Edge:+   50000            0     
       Src Latency:+       0            0     
       Net Latency:+    2000 (I)     2000 (I) 
           Arrival:=   52000         2000     
                                              
             Setup:-     252                  
       Uncertainty:-     500                  
     Required Time:=   51248                  
      Launch Clock:-    2000                  
         Data Path:-    3244                  
             Slack:=   46004                  

#-----------------------------------------------------------------------------------------------------------------------------------------------
#                             Timing Point                              Flags    Arc   Edge   Cell     Fanout Load Trans Delay Arrival Instance 
#                                                                                                             (fF)  (ps)  (ps)   (ps)  Location 
#-----------------------------------------------------------------------------------------------------------------------------------------------
  u_DCT/IDRU8/Count_reg[0]/CK                                           -       -      R     (arrival)     15    -     0     -    2000    (-,-) 
  u_DCT/IDRU8/Count_reg[0]/Q                                            -       CK->Q  F     SDFF_X2        3 10.2    78   360    2360    (-,-) 
  u_DCT/IDRU8/g5849/ZN                                                  -       A->ZN  R     INV_X4         5 15.8    47    95    2454    (-,-) 
  u_DCT/IDRU8/g5834__1840/ZN                                            -       A2->ZN R     AND2_X4        7 21.8    56   131    2585    (-,-) 
  u_DCT/IDRU8/g5810__2250/ZN                                            -       A1->ZN F     NAND2_X2       5 14.9    44    78    2663    (-,-) 
  u_DCT/IDRU8/g5775/ZN                                                  -       A->ZN  R     INV_X4        14 31.8    73   109    2772    (-,-) 
  u_DCT/IDRU8/g5756__4296/ZN                                            -       A1->ZN F     NAND2_X1       1  2.2    27    54    2826    (-,-) 
  u_DCT/IDRU8/g5640__9682/ZN                                            -       A2->ZN F     AND2_X1        1  4.1    23   119    2945    (-,-) 
  u_DCT/IDRU8/g5623__5703/ZN                                            -       A1->ZN R     NAND3_X2       3  8.7    63    77    3022    (-,-) 
  u_DCT/IDRU8/add_86_45_g704__5019/ZN                                   -       B->ZN  F     OAI211_X2      1  4.1    40    89    3111    (-,-) 
  u_DCT/IDRU8/add_86_45_g694__5953/ZN                                   -       A1->ZN R     NAND2_X2       2  5.7    42    69    3180    (-,-) 
  u_DCT/IDRU8/add_86_45_g691__7118/ZN                                   -       A1->ZN F     NAND2_X1       1  4.1    26    55    3234    (-,-) 
  u_DCT/IDRU8/add_86_45_g688__2900/ZN                                   -       A1->ZN R     NAND2_X2       2  5.7    42    60    3295    (-,-) 
  u_DCT/IDRU8/add_86_45_g686__1309/ZN                                   -       A1->ZN F     NAND2_X1       1  4.1    26    55    3350    (-,-) 
  u_DCT/IDRU8/add_86_45_g684__9682/ZN                                   -       A1->ZN R     NAND2_X2       3  7.9    51    70    3420    (-,-) 
  u_DCT/IDRU8/add_86_45_g680__4296/ZN                                   -       A1->ZN F     NAND3_X1       1  4.1    43    77    3496    (-,-) 
  u_DCT/IDRU8/add_86_45_g679__8780/ZN                                   -       A1->ZN R     NAND3_X2       2  5.7    52    76    3572    (-,-) 
  u_DCT/IDRU8/add_86_45_g677__1857/ZN                                   -       A1->ZN F     NAND2_X1       1  4.1    28    59    3631    (-,-) 
  u_DCT/IDRU8/add_86_45_g675__1840/ZN                                   -       A1->ZN R     NAND2_X2       2  5.7    44    62    3693    (-,-) 
  u_DCT/IDRU8/add_86_45_g674__7344/ZN                                   -       A1->ZN F     NAND2_X1       1  2.8    22    49    3741    (-,-) 
  u_DCT/IDRU8/add_86_45_g672__2703/ZN                                   -       A1->ZN R     NAND2_X1       2  5.0    61    76    3818    (-,-) 
  u_DCT/IDRU8/add_86_45_g671__6083/ZN                                   -       A1->ZN R     AND2_X1        3  6.6    64   150    3967    (-,-) 
  u_DCT/IDRU8/add_86_45_g669__5266/ZN                                   -       A1->ZN F     NAND2_X1       1  4.3    38    65    4032    (-,-) 
  u_DCT/IDRU8/add_86_45_g666__5953/ZN                                   -       A->ZN  R     OAI211_X2      2  7.1   114    97    4129    (-,-) 
  u_DCT/IDRU8/add_86_45_g664__8757/ZN                                   -       A1->ZN F     NAND2_X2       2  6.3    40    73    4203    (-,-) 
  u_DCT/IDRU8/add_86_45_g659__6877/ZN                                   -       B1->ZN R     OAI221_X2      3  7.9   172   228    4431    (-,-) 
  u_DCT/IDRU8/add_86_45_g654__1474/ZN                                   -       B1->ZN F     AOI21_X1       1  2.7    52    83    4514    (-,-) 
  u_DCT/IDRU8/add_86_45_g653__3772/ZN                                   -       B1->ZN R     OAI21_X1       1  4.0   111   158    4672    (-,-) 
  u_DCT/IDRU8/add_86_45_g651__8780/CO                                   -       CI->CO R     FA_X1          1  3.5    46   179    4851    (-,-) 
  u_DCT/IDRU8/add_86_45_g650__9906/ZN                                   -       A->ZN  R     XNOR2_X1       1  2.9    93   132    4984    (-,-) 
  u_DCT/IDRU8/g5247__6877/ZN                                            -       A1->ZN F     NAND2_X1       1  2.8    41    65    5048    (-,-) 
  u_DCT/IDRU8/g5122__7675/ZN                                            -       A1->ZN R     NAND2_X1       1  2.9    46    69    5117    (-,-) 
  u_DCT/g3865/ZN                                                        -       A->ZN  F     INV_X1         1  3.9    17    38    5155    (-,-) 
  u_DCT/g3765/ZN                                                        -       B1->ZN R     OAI21_X2       1  2.6    63    89    5244    (-,-) 
  u_DCT/tposemem_Bisted_RF_2P_ADV64x16_RF_2P_ADV64x16_u0_SRAM_i0/DB[15] (P)     -      R     rf_2p_hse      1    -     -     0    5244    (-,-) 
#-----------------------------------------------------------------------------------------------------------------------------------------------

(P) : Instance is preserved



Path 7: MET (46018 ps) Setup Check with Pin u_DCT/tposemem_Bisted_RF_2P_ADV64x16_RF_2P_ADV64x16_u0_SRAM_i0/CLKB->DB[13]
           Mode: scan_mode
          Group: C2C_scan_mode
     Startpoint: (R) u_DCT/IDRU8/Count_reg[0]/CK
          Clock: (R) CLK1
       Endpoint: (F) u_DCT/tposemem_Bisted_RF_2P_ADV64x16_RF_2P_ADV64x16_u0_SRAM_i0/DB[13]
          Clock: (F) CLK1

                     Capture       Launch     
        Clock Edge:+   50000            0     
       Src Latency:+       0            0     
       Net Latency:+    2000 (I)     2000 (I) 
           Arrival:=   52000         2000     
                                              
             Setup:-     238                  
       Uncertainty:-     500                  
     Required Time:=   51262                  
      Launch Clock:-    2000                  
         Data Path:-    3244                  
             Slack:=   46018                  

#-----------------------------------------------------------------------------------------------------------------------------------------------
#                             Timing Point                              Flags    Arc   Edge   Cell     Fanout Load Trans Delay Arrival Instance 
#                                                                                                             (fF)  (ps)  (ps)   (ps)  Location 
#-----------------------------------------------------------------------------------------------------------------------------------------------
  u_DCT/IDRU8/Count_reg[0]/CK                                           -       -      R     (arrival)     15    -     0     -    2000    (-,-) 
  u_DCT/IDRU8/Count_reg[0]/Q                                            -       CK->Q  F     SDFF_X2        3 10.2    78   360    2360    (-,-) 
  u_DCT/IDRU8/g5849/ZN                                                  -       A->ZN  R     INV_X4         5 15.8    47    95    2454    (-,-) 
  u_DCT/IDRU8/g5834__1840/ZN                                            -       A2->ZN R     AND2_X4        7 21.8    56   131    2585    (-,-) 
  u_DCT/IDRU8/g5810__2250/ZN                                            -       A1->ZN F     NAND2_X2       5 14.9    44    78    2663    (-,-) 
  u_DCT/IDRU8/g5775/ZN                                                  -       A->ZN  R     INV_X4        14 31.8    73   109    2772    (-,-) 
  u_DCT/IDRU8/g5756__4296/ZN                                            -       A1->ZN F     NAND2_X1       1  2.2    27    54    2826    (-,-) 
  u_DCT/IDRU8/g5640__9682/ZN                                            -       A2->ZN F     AND2_X1        1  4.1    23   119    2945    (-,-) 
  u_DCT/IDRU8/g5623__5703/ZN                                            -       A1->ZN R     NAND3_X2       3  8.7    63    77    3022    (-,-) 
  u_DCT/IDRU8/add_86_45_g704__5019/ZN                                   -       B->ZN  F     OAI211_X2      1  4.1    40    89    3111    (-,-) 
  u_DCT/IDRU8/add_86_45_g694__5953/ZN                                   -       A1->ZN R     NAND2_X2       2  5.7    42    69    3180    (-,-) 
  u_DCT/IDRU8/add_86_45_g691__7118/ZN                                   -       A1->ZN F     NAND2_X1       1  4.1    26    55    3234    (-,-) 
  u_DCT/IDRU8/add_86_45_g688__2900/ZN                                   -       A1->ZN R     NAND2_X2       2  5.7    42    60    3295    (-,-) 
  u_DCT/IDRU8/add_86_45_g686__1309/ZN                                   -       A1->ZN F     NAND2_X1       1  4.1    26    55    3350    (-,-) 
  u_DCT/IDRU8/add_86_45_g684__9682/ZN                                   -       A1->ZN R     NAND2_X2       3  7.9    51    70    3420    (-,-) 
  u_DCT/IDRU8/add_86_45_g680__4296/ZN                                   -       A1->ZN F     NAND3_X1       1  4.1    43    77    3496    (-,-) 
  u_DCT/IDRU8/add_86_45_g679__8780/ZN                                   -       A1->ZN R     NAND3_X2       2  5.7    52    76    3572    (-,-) 
  u_DCT/IDRU8/add_86_45_g677__1857/ZN                                   -       A1->ZN F     NAND2_X1       1  4.1    28    59    3631    (-,-) 
  u_DCT/IDRU8/add_86_45_g675__1840/ZN                                   -       A1->ZN R     NAND2_X2       2  5.7    44    62    3693    (-,-) 
  u_DCT/IDRU8/add_86_45_g674__7344/ZN                                   -       A1->ZN F     NAND2_X1       1  2.8    22    49    3741    (-,-) 
  u_DCT/IDRU8/add_86_45_g672__2703/ZN                                   -       A1->ZN R     NAND2_X1       2  5.0    61    76    3818    (-,-) 
  u_DCT/IDRU8/add_86_45_g671__6083/ZN                                   -       A1->ZN R     AND2_X1        3  6.6    64   150    3967    (-,-) 
  u_DCT/IDRU8/add_86_45_g669__5266/ZN                                   -       A1->ZN F     NAND2_X1       1  4.3    38    65    4032    (-,-) 
  u_DCT/IDRU8/add_86_45_g666__5953/ZN                                   -       A->ZN  R     OAI211_X2      2  7.1   114    97    4129    (-,-) 
  u_DCT/IDRU8/add_86_45_g664__8757/ZN                                   -       A1->ZN F     NAND2_X2       2  6.3    40    73    4203    (-,-) 
  u_DCT/IDRU8/add_86_45_g659__6877/ZN                                   -       B1->ZN R     OAI221_X2      3  7.9   172   228    4431    (-,-) 
  u_DCT/IDRU8/add_86_45_g655__4547/ZN                                   -       B1->ZN F     AOI21_X1       1  3.4    54    91    4522    (-,-) 
  u_DCT/IDRU8/add_86_45_g652__4296/ZN                                   -       A->ZN  F     XNOR2_X1       1  2.2    38   141    4662    (-,-) 
  u_DCT/IDRU8/g5271__1474/Z                                             -       A->Z   F     MUX2_X1        2  3.7    40   244    4906    (-,-) 
  u_DCT/IDRU8/g5121__2391/Z                                             -       A->Z   F     MUX2_X1        1  4.1    40   247    5153    (-,-) 
  u_DCT/g3861/ZN                                                        -       A->ZN  R     INV_X2         1  2.9    24    51    5204    (-,-) 
  u_DCT/g3746/ZN                                                        -       B1->ZN F     OAI21_X1       1  2.6    30    40    5244    (-,-) 
  u_DCT/tposemem_Bisted_RF_2P_ADV64x16_RF_2P_ADV64x16_u0_SRAM_i0/DB[13] (P)     -      F     rf_2p_hse      1    -     -     0    5244    (-,-) 
#-----------------------------------------------------------------------------------------------------------------------------------------------

(P) : Instance is preserved



Path 8: MET (46027 ps) Setup Check with Pin u_IDCT/tposemem_Bisted_RF_2P_ADV64x16_RF_2P_ADV64x16_u0_SRAM_i0/CLKB->DB[13]
           Mode: scan_mode
          Group: C2C_scan_mode
     Startpoint: (R) d_DoDCT_reg/CK
          Clock: (R) CLK1
       Endpoint: (F) u_IDCT/tposemem_Bisted_RF_2P_ADV64x16_RF_2P_ADV64x16_u0_SRAM_i0/DB[13]
          Clock: (F) CLK1

                     Capture       Launch     
        Clock Edge:+   50000            0     
       Src Latency:+       0            0     
       Net Latency:+    2000 (I)     2000 (I) 
           Arrival:=   52000         2000     
                                              
             Setup:-     238                  
       Uncertainty:-     500                  
     Required Time:=   51262                  
      Launch Clock:-    2000                  
         Data Path:-    3235                  
             Slack:=   46027                  

#------------------------------------------------------------------------------------------------------------------------------------------------
#                             Timing Point                               Flags    Arc   Edge   Cell     Fanout Load Trans Delay Arrival Instance 
#                                                                                                              (fF)  (ps)  (ps)   (ps)  Location 
#------------------------------------------------------------------------------------------------------------------------------------------------
  d_DoDCT_reg/CK                                                         -       -      R     (arrival)    734    -     0     -    2000    (-,-) 
  d_DoDCT_reg/Q                                                          -       CK->Q  F     SDFF_X1        1  4.1    48   242    2242    (-,-) 
  g546/Z                                                                 -       A->Z   F     BUF_X4         8 30.6    27   118    2359    (-,-) 
  g375/ZN                                                                -       A->ZN  R     INV_X8         7 28.2    38    62    2421    (-,-) 
  u_IDCT/IDRU8/g5749/ZN                                                  -       A->ZN  F     INV_X4         4 26.6    19    43    2464    (-,-) 
  u_IDCT/IDRU8/g5721/ZN                                                  -       A3->ZN R     NAND3_X4       2 11.0    50    75    2539    (-,-) 
  u_IDCT/IDRU8/g5715/ZN                                                  -       A->ZN  F     INV_X4        18 40.0    27    57    2596    (-,-) 
  u_IDCT/IDRU8/g5682/ZN                                                  -       A1->ZN R     AOI22_X2       1  2.2    82   105    2701    (-,-) 
  u_IDCT/IDRU8/g5612/ZN                                                  -       A1->ZN R     AND2_X1        1  2.9    36   127    2828    (-,-) 
  u_IDCT/IDRU8/g5573/ZN                                                  -       A2->ZN F     NAND3_X1       4 10.4    82   123    2951    (-,-) 
  u_IDCT/IDRU8/add_86_45_g754/ZN                                         -       A1->ZN F     OR2_X1         2  4.8    38   218    3169    (-,-) 
  u_IDCT/IDRU8/add_86_45_g694/ZN                                         -       A2->ZN R     NAND2_X1       1  4.3    53    87    3256    (-,-) 
  u_IDCT/IDRU8/add_86_45_g692/ZN                                         -       A1->ZN F     NAND2_X2       2  5.5    24    52    3308    (-,-) 
  u_IDCT/IDRU8/add_86_45_g689/ZN                                         -       A1->ZN R     NAND2_X1       1  4.3    53    72    3379    (-,-) 
  u_IDCT/IDRU8/add_86_45_g687/ZN                                         -       A1->ZN F     NAND2_X2       3  7.6    28    58    3438    (-,-) 
  u_IDCT/IDRU8/add_86_45_g683/ZN                                         -       A1->ZN R     NAND3_X1       1  2.9    50    66    3504    (-,-) 
  u_IDCT/IDRU8/add_86_45_g682/ZN                                         -       A1->ZN F     NAND2_X1       2  5.5    37    65    3568    (-,-) 
  u_IDCT/IDRU8/add_86_45_g680/ZN                                         -       A1->ZN R     NAND2_X1       1  2.9    42    67    3635    (-,-) 
  u_IDCT/IDRU8/add_86_45_g678/ZN                                         -       A1->ZN F     NAND2_X1       2  5.5    33    62    3697    (-,-) 
  u_IDCT/IDRU8/add_86_45_g677/ZN                                         -       A1->ZN R     NAND2_X1       1  2.9    42    64    3761    (-,-) 
  u_IDCT/IDRU8/add_86_45_g675/ZN                                         -       A1->ZN F     NAND2_X1       2  4.8    30    58    3819    (-,-) 
  u_IDCT/IDRU8/add_86_45_g674/ZN                                         -       A1->ZN F     AND2_X1        3  6.2    28   119    3938    (-,-) 
  u_IDCT/IDRU8/add_86_45_g672/ZN                                         -       A1->ZN R     NAND2_X1       1  4.4    54    74    4012    (-,-) 
  u_IDCT/IDRU8/add_86_45_g669/ZN                                         -       B->ZN  F     OAI211_X2      2  5.5    68    91    4104    (-,-) 
  u_IDCT/IDRU8/add_86_45_g667/ZN                                         -       A1->ZN R     NAND2_X1       2  5.1    60   104    4208    (-,-) 
  u_IDCT/IDRU8/add_86_45_g663/ZN                                         -       A1->ZN F     NOR2_X1        2  5.9    46    51    4258    (-,-) 
  u_IDCT/IDRU8/add_86_45_g661/ZN                                         -       A1->ZN R     NOR2_X1        2  5.7   130   175    4434    (-,-) 
  u_IDCT/IDRU8/add_86_45_g655/ZN                                         -       B1->ZN F     OAI21_X1       1  3.4    52    82    4516    (-,-) 
  u_IDCT/IDRU8/add_86_45_g653/ZN                                         -       A->ZN  F     XNOR2_X1       1  2.2    36   139    4655    (-,-) 
  u_IDCT/IDRU8/g5182/Z                                                   -       A->Z   F     MUX2_X1        2  3.7    40   242    4898    (-,-) 
  u_IDCT/IDRU8/g5059/Z                                                   -       A->Z   F     MUX2_X1        1  4.1    40   247    5145    (-,-) 
  u_IDCT/g3861/ZN                                                        -       A->ZN  R     INV_X2         1  2.9    24    51    5195    (-,-) 
  u_IDCT/g3746/ZN                                                        -       B1->ZN F     OAI21_X1       1  2.6    30    40    5235    (-,-) 
  u_IDCT/tposemem_Bisted_RF_2P_ADV64x16_RF_2P_ADV64x16_u0_SRAM_i0/DB[13] (P)     -      F     rf_2p_hse      1    -     -     0    5235    (-,-) 
#------------------------------------------------------------------------------------------------------------------------------------------------

(P) : Instance is preserved



Path 9: MET (46028 ps) Setup Check with Pin u_IDCT/tposemem_Bisted_RF_2P_ADV64x16_RF_2P_ADV64x16_u0_SRAM_i0/CLKB->DB[15]
           Mode: scan_mode
          Group: C2C_scan_mode
     Startpoint: (R) d_DoDCT_reg/CK
          Clock: (R) CLK1
       Endpoint: (R) u_IDCT/tposemem_Bisted_RF_2P_ADV64x16_RF_2P_ADV64x16_u0_SRAM_i0/DB[15]
          Clock: (F) CLK1

                     Capture       Launch     
        Clock Edge:+   50000            0     
       Src Latency:+       0            0     
       Net Latency:+    2000 (I)     2000 (I) 
           Arrival:=   52000         2000     
                                              
             Setup:-     263                  
       Uncertainty:-     500                  
     Required Time:=   51237                  
      Launch Clock:-    2000                  
         Data Path:-    3208                  
             Slack:=   46028                  

#------------------------------------------------------------------------------------------------------------------------------------------------
#                             Timing Point                               Flags    Arc   Edge   Cell     Fanout Load Trans Delay Arrival Instance 
#                                                                                                              (fF)  (ps)  (ps)   (ps)  Location 
#------------------------------------------------------------------------------------------------------------------------------------------------
  d_DoDCT_reg/CK                                                         -       -      R     (arrival)    734    -     0     -    2000    (-,-) 
  d_DoDCT_reg/Q                                                          -       CK->Q  R     SDFF_X1        1  4.6    51   205    2205    (-,-) 
  g546/Z                                                                 -       A->Z   R     BUF_X4         8 33.4    78   131    2336    (-,-) 
  g375/ZN                                                                -       A->ZN  F     INV_X8         7 26.2    23    44    2381    (-,-) 
  u_IDCT/IDRU8/g5749/ZN                                                  -       A->ZN  R     INV_X4         4 29.2    68    91    2471    (-,-) 
  u_IDCT/IDRU8/g5721/ZN                                                  -       A3->ZN F     NAND3_X4       2 10.2    35    78    2550    (-,-) 
  u_IDCT/IDRU8/g5715/ZN                                                  -       A->ZN  R     INV_X4        18 42.4    95   126    2676    (-,-) 
  u_IDCT/IDRU8/g5682/ZN                                                  -       A1->ZN F     AOI22_X2       1  2.1    34    55    2731    (-,-) 
  u_IDCT/IDRU8/g5612/ZN                                                  -       A1->ZN F     AND2_X1        1  2.8    21   108    2839    (-,-) 
  u_IDCT/IDRU8/g5573/ZN                                                  -       A2->ZN R     NAND3_X1       4 10.7   113   136    2975    (-,-) 
  u_IDCT/IDRU8/add_86_45_g754/ZN                                         -       A1->ZN R     OR2_X1         2  5.1    51   131    3106    (-,-) 
  u_IDCT/IDRU8/add_86_45_g694/ZN                                         -       A2->ZN F     NAND2_X1       1  4.1    26    60    3166    (-,-) 
  u_IDCT/IDRU8/add_86_45_g692/ZN                                         -       A1->ZN R     NAND2_X2       2  5.7    43    60    3227    (-,-) 
  u_IDCT/IDRU8/add_86_45_g689/ZN                                         -       A1->ZN F     NAND2_X1       1  4.1    26    55    3282    (-,-) 
  u_IDCT/IDRU8/add_86_45_g687/ZN                                         -       A1->ZN R     NAND2_X2       3  7.9    51    70    3352    (-,-) 
  u_IDCT/IDRU8/add_86_45_g683/ZN                                         -       A1->ZN F     NAND3_X1       1  2.8    35    67    3419    (-,-) 
  u_IDCT/IDRU8/add_86_45_g682/ZN                                         -       A1->ZN R     NAND2_X1       2  5.7    65    90    3509    (-,-) 
  u_IDCT/IDRU8/add_86_45_g680/ZN                                         -       A1->ZN F     NAND2_X1       1  2.8    27    56    3564    (-,-) 
  u_IDCT/IDRU8/add_86_45_g678/ZN                                         -       A1->ZN R     NAND2_X1       2  5.7    65    85    3650    (-,-) 
  u_IDCT/IDRU8/add_86_45_g677/ZN                                         -       A1->ZN F     NAND2_X1       1  2.8    27    56    3705    (-,-) 
  u_IDCT/IDRU8/add_86_45_g675/ZN                                         -       A1->ZN R     NAND2_X1       2  5.0    61    79    3784    (-,-) 
  u_IDCT/IDRU8/add_86_45_g674/ZN                                         -       A1->ZN R     AND2_X1        3  6.6    64   150    3934    (-,-) 
  u_IDCT/IDRU8/add_86_45_g672/ZN                                         -       A1->ZN F     NAND2_X1       1  4.1    37    64    3998    (-,-) 
  u_IDCT/IDRU8/add_86_45_g669/ZN                                         -       B->ZN  R     OAI211_X2      2  5.7   102    98    4095    (-,-) 
  u_IDCT/IDRU8/add_86_45_g667/ZN                                         -       A1->ZN F     NAND2_X1       2  4.8    42    83    4178    (-,-) 
  u_IDCT/IDRU8/add_86_45_g663/ZN                                         -       A1->ZN R     NOR2_X1        2  6.6   146   191    4369    (-,-) 
  u_IDCT/IDRU8/add_86_45_g660/ZN                                         -       A1->ZN F     NOR2_X2        1  2.7    35    41    4410    (-,-) 
  u_IDCT/IDRU8/add_86_45_g657/ZN                                         -       B1->ZN R     OAI21_X1       1  2.9    92   128    4539    (-,-) 
  u_IDCT/IDRU8/add_86_45_g654/ZN                                         -       B1->ZN F     AOI21_X1       2  5.4    42    86    4624    (-,-) 
  u_IDCT/IDRU8/add_86_45_g651/ZN                                         -       B1->ZN R     OAI21_X1       1  3.5   102   143    4768    (-,-) 
  u_IDCT/IDRU8/add_86_45_g650/ZN                                         -       A->ZN  R     XNOR2_X1       1  2.9    93   156    4924    (-,-) 
  u_IDCT/IDRU8/g5069/ZN                                                  -       C1->ZN F     AOI221_X1      1  2.8    54    72    4996    (-,-) 
  u_IDCT/IDRU8/g5067/ZN                                                  -       A->ZN  R     INV_X1         1  2.9    35    70    5066    (-,-) 
  u_IDCT/g3865/ZN                                                        -       A->ZN  F     INV_X1         1  2.7    13    29    5095    (-,-) 
  u_IDCT/g3766/ZN                                                        -       B1->ZN R     OAI21_X1       1  2.6    86   113    5208    (-,-) 
  u_IDCT/tposemem_Bisted_RF_2P_ADV64x16_RF_2P_ADV64x16_u0_SRAM_i0/DB[15] (P)     -      R     rf_2p_hse      1    -     -     0    5208    (-,-) 
#------------------------------------------------------------------------------------------------------------------------------------------------

(P) : Instance is preserved



Path 10: MET (46034 ps) Setup Check with Pin u_DCT/DRU/ToACF_reg[14]/CK->D
           Mode: scan_mode
          Group: C2C_scan_mode
     Startpoint: (R) u_DCT/tposemem_Bisted_RF_2P_ADV64x16_BistCtrl_i0_ST_MAL_i0_S17_reg/CK
          Clock: (F) CLK1
       Endpoint: (F) u_DCT/DRU/ToACF_reg[14]/D
          Clock: (R) CLK1

                     Capture       Launch     
        Clock Edge:+  100000        50000     
       Src Latency:+       0            0     
       Net Latency:+    2000 (I)     2000 (I) 
           Arrival:=  102000        52000     
                                              
             Setup:-     266                  
       Uncertainty:-     500                  
     Required Time:=  101234                  
      Launch Clock:-   52000                  
         Data Path:-    3200                  
             Slack:=   46034                  

#-----------------------------------------------------------------------------------------------------------------------------------------------
#                             Timing Point                              Flags    Arc   Edge   Cell     Fanout Load Trans Delay Arrival Instance 
#                                                                                                             (fF)  (ps)  (ps)   (ps)  Location 
#-----------------------------------------------------------------------------------------------------------------------------------------------
  u_DCT/tposemem_Bisted_RF_2P_ADV64x16_BistCtrl_i0_ST_MAL_i0_S17_reg/CK -       -      R     (arrival)      1    -     0     -   52000    (-,-) 
  u_DCT/tposemem_Bisted_RF_2P_ADV64x16_BistCtrl_i0_ST_MAL_i0_S17_reg/Q  -       CK->Q  R     SDFF_X1        2  4.4    49   203   52203    (-,-) 
  u_DCT/g3832/ZN                                                        -       A2->ZN F     NAND2_X1       2  4.7    33    62   52266    (-,-) 
  u_DCT/g3811/ZN                                                        -       A2->ZN R     NAND2_X1       2  4.4    54    85   52351    (-,-) 
  u_DCT/DRU/g2758__1786/ZN                                              -       A1->ZN R     AND2_X2        6 13.7    69   146   52496    (-,-) 
  u_DCT/DRU/add_58_47_g1155__5019/ZN                                    -       A2->ZN R     AND2_X1        2  6.0    63   149   52645    (-,-) 
  u_DCT/DRU/add_58_47_g1126__5019/ZN                                    -       A1->ZN F     NAND2_X1       1  2.8    27    55   52700    (-,-) 
  u_DCT/DRU/add_58_47_g1125__1840/ZN                                    -       A1->ZN R     NAND2_X1       2  5.7    68    85   52786    (-,-) 
  u_DCT/DRU/add_58_47_g1123__5795/ZN                                    -       A1->ZN F     NAND2_X1       1  2.8    28    56   52842    (-,-) 
  u_DCT/DRU/add_58_47_g1121__6083/ZN                                    -       A1->ZN R     NAND2_X1       2  6.0    70    88   52930    (-,-) 
  u_DCT/DRU/add_58_47_g1120__2250/ZN                                    -       A2->ZN F     NAND2_X1       1  2.7    25    59   52989    (-,-) 
  u_DCT/DRU/add_58_47_g1118__7114/ZN                                    -       A2->ZN R     NAND2_X1       2  6.0    67    94   53083    (-,-) 
  u_DCT/DRU/add_58_47_g1117__5703/ZN                                    -       A1->ZN F     NAND2_X1       1  2.8    28    56   53139    (-,-) 
  u_DCT/DRU/add_58_47_g1115__1786/ZN                                    -       A1->ZN R     NAND2_X1       2  5.7    68    86   53225    (-,-) 
  u_DCT/DRU/add_58_47_g1114__8757/ZN                                    -       A1->ZN F     NAND2_X1       1  2.8    28    56   53281    (-,-) 
  u_DCT/DRU/add_58_47_g1112__7675/ZN                                    -       A1->ZN R     NAND2_X1       2  5.7    68    86   53367    (-,-) 
  u_DCT/DRU/add_58_47_g1111__2391/ZN                                    -       A1->ZN F     NAND2_X1       1  2.8    28    56   53423    (-,-) 
  u_DCT/DRU/add_58_47_g1109__6877/ZN                                    -       A1->ZN R     NAND2_X1       2  5.7    68    86   53509    (-,-) 
  u_DCT/DRU/add_58_47_g1108__1309/ZN                                    -       A1->ZN F     NAND2_X1       1  2.8    28    56   53565    (-,-) 
  u_DCT/DRU/add_58_47_g1106__9682/ZN                                    -       A1->ZN R     NAND2_X1       2  5.7    68    86   53651    (-,-) 
  u_DCT/DRU/add_58_47_g1105__4547/ZN                                    -       A1->ZN F     NAND2_X1       2  4.8    34    69   53720    (-,-) 
  u_DCT/DRU/add_58_47_g1102__4296/ZN                                    -       C1->ZN R     OAI211_X1      2  5.7   150   193   53913    (-,-) 
  u_DCT/DRU/add_58_47_g1100__9906/ZN                                    -       A1->ZN F     NAND2_X1       1  2.8    46    76   53989    (-,-) 
  u_DCT/DRU/add_58_47_g1098__5019/ZN                                    -       A1->ZN R     NAND2_X1       2  5.7    68    96   54084    (-,-) 
  u_DCT/DRU/add_58_47_g1097__1840/ZN                                    -       A1->ZN F     NAND2_X1       1  2.8    28    56   54141    (-,-) 
  u_DCT/DRU/add_58_47_g1095__5795/ZN                                    -       A1->ZN R     NAND2_X1       2  5.7    68    86   54227    (-,-) 
  u_DCT/DRU/add_58_47_g1094__2703/ZN                                    -       A1->ZN F     NAND2_X1       1  2.8    28    56   54283    (-,-) 
  u_DCT/DRU/add_58_47_g1092__2250/ZN                                    -       A1->ZN R     NAND2_X1       2  5.7    68    86   54369    (-,-) 
  u_DCT/DRU/add_58_47_g1091/ZN                                          -       A->ZN  F     INV_X1         1  2.7    20    37   54406    (-,-) 
  u_DCT/DRU/add_58_47_g1089__7114/ZN                                    -       B1->ZN R     OAI21_X1       1  4.0   111   144   54550    (-,-) 
  u_DCT/DRU/add_58_47_g1088__5703/S                                     -       CI->S  F     FA_X1          1  2.7    57   343   54893    (-,-) 
  u_DCT/DRU/g2426__4547/ZN                                              -       A1->ZN R     AOI222_X1      1  2.9   216   256   55150    (-,-) 
  u_DCT/DRU/g2409/ZN                                                    -       A->ZN  F     INV_X1         1  2.3    46    50   55200    (-,-) 
  u_DCT/DRU/ToACF_reg[14]/D                                             -       -      F     SDFF_X1        1    -     -     0   55200    (-,-) 
#-----------------------------------------------------------------------------------------------------------------------------------------------



Path 11: MET (46044 ps) Setup Check with Pin u_IDCT/DRU/ToACF_reg[14]/CK->D
           Mode: scan_mode
          Group: C2C_scan_mode
     Startpoint: (R) u_IDCT/tposemem_Bisted_RF_2P_ADV64x16_BistCtrl_i0_ST_MAL_i0_S17_reg/CK
          Clock: (F) CLK1
       Endpoint: (F) u_IDCT/DRU/ToACF_reg[14]/D
          Clock: (R) CLK1

                     Capture       Launch     
        Clock Edge:+  100000        50000     
       Src Latency:+       0            0     
       Net Latency:+    2000 (I)     2000 (I) 
           Arrival:=  102000        52000     
                                              
             Setup:-     266                  
       Uncertainty:-     500                  
     Required Time:=  101234                  
      Launch Clock:-   52000                  
         Data Path:-    3191                  
             Slack:=   46044                  

#------------------------------------------------------------------------------------------------------------------------------------------------
#                             Timing Point                               Flags    Arc   Edge   Cell     Fanout Load Trans Delay Arrival Instance 
#                                                                                                              (fF)  (ps)  (ps)   (ps)  Location 
#------------------------------------------------------------------------------------------------------------------------------------------------
  u_IDCT/tposemem_Bisted_RF_2P_ADV64x16_BistCtrl_i0_ST_MAL_i0_S17_reg/CK -       -      R     (arrival)      1    -     0     -   52000    (-,-) 
  u_IDCT/tposemem_Bisted_RF_2P_ADV64x16_BistCtrl_i0_ST_MAL_i0_S17_reg/Q  -       CK->Q  R     SDFF_X1        2  4.4    49   203   52203    (-,-) 
  u_IDCT/g3832/ZN                                                        -       A1->ZN F     NAND2_X1       2  4.8    30    61   52265    (-,-) 
  u_IDCT/g3811/ZN                                                        -       A1->ZN R     NAND2_X1       2  4.4    54    76   52340    (-,-) 
  u_IDCT/DRU/g2758/ZN                                                    -       A1->ZN R     AND2_X2        6 13.9    70   146   52487    (-,-) 
  u_IDCT/DRU/add_58_47_g1155/ZN                                          -       A2->ZN R     AND2_X1        2  6.0    63   149   52636    (-,-) 
  u_IDCT/DRU/add_58_47_g1126/ZN                                          -       A1->ZN F     NAND2_X1       1  2.8    27    55   52691    (-,-) 
  u_IDCT/DRU/add_58_47_g1125/ZN                                          -       A1->ZN R     NAND2_X1       2  5.7    68    85   52776    (-,-) 
  u_IDCT/DRU/add_58_47_g1123/ZN                                          -       A1->ZN F     NAND2_X1       1  2.8    28    56   52833    (-,-) 
  u_IDCT/DRU/add_58_47_g1121/ZN                                          -       A1->ZN R     NAND2_X1       2  6.0    70    88   52921    (-,-) 
  u_IDCT/DRU/add_58_47_g1120/ZN                                          -       A2->ZN F     NAND2_X1       1  2.7    25    59   52980    (-,-) 
  u_IDCT/DRU/add_58_47_g1118/ZN                                          -       A2->ZN R     NAND2_X1       2  6.0    67    94   53074    (-,-) 
  u_IDCT/DRU/add_58_47_g1117/ZN                                          -       A1->ZN F     NAND2_X1       1  2.8    28    56   53130    (-,-) 
  u_IDCT/DRU/add_58_47_g1115/ZN                                          -       A1->ZN R     NAND2_X1       2  5.7    68    86   53215    (-,-) 
  u_IDCT/DRU/add_58_47_g1114/ZN                                          -       A1->ZN F     NAND2_X1       1  2.8    28    56   53272    (-,-) 
  u_IDCT/DRU/add_58_47_g1112/ZN                                          -       A1->ZN R     NAND2_X1       2  5.7    68    86   53358    (-,-) 
  u_IDCT/DRU/add_58_47_g1111/ZN                                          -       A1->ZN F     NAND2_X1       1  2.8    28    56   53414    (-,-) 
  u_IDCT/DRU/add_58_47_g1109/ZN                                          -       A1->ZN R     NAND2_X1       2  5.7    68    86   53500    (-,-) 
  u_IDCT/DRU/add_58_47_g1108/ZN                                          -       A1->ZN F     NAND2_X1       1  2.8    28    56   53556    (-,-) 
  u_IDCT/DRU/add_58_47_g1106/ZN                                          -       A1->ZN R     NAND2_X1       2  5.7    68    86   53642    (-,-) 
  u_IDCT/DRU/add_58_47_g1105/ZN                                          -       A1->ZN F     NAND2_X1       2  4.8    34    69   53710    (-,-) 
  u_IDCT/DRU/add_58_47_g1102/ZN                                          -       C1->ZN R     OAI211_X1      2  5.7   150   193   53904    (-,-) 
  u_IDCT/DRU/add_58_47_g1100/ZN                                          -       A1->ZN F     NAND2_X1       1  2.8    46    76   53979    (-,-) 
  u_IDCT/DRU/add_58_47_g1098/ZN                                          -       A1->ZN R     NAND2_X1       2  5.7    68    96   54075    (-,-) 
  u_IDCT/DRU/add_58_47_g1097/ZN                                          -       A1->ZN F     NAND2_X1       1  2.8    28    56   54132    (-,-) 
  u_IDCT/DRU/add_58_47_g1095/ZN                                          -       A1->ZN R     NAND2_X1       2  5.7    68    86   54217    (-,-) 
  u_IDCT/DRU/add_58_47_g1094/ZN                                          -       A1->ZN F     NAND2_X1       1  2.8    28    56   54274    (-,-) 
  u_IDCT/DRU/add_58_47_g1092/ZN                                          -       A1->ZN R     NAND2_X1       2  5.7    68    86   54359    (-,-) 
  u_IDCT/DRU/add_58_47_g1091/ZN                                          -       A->ZN  F     INV_X1         1  2.7    20    37   54397    (-,-) 
  u_IDCT/DRU/add_58_47_g1089/ZN                                          -       B1->ZN R     OAI21_X1       1  4.0   111   144   54541    (-,-) 
  u_IDCT/DRU/add_58_47_g1088/S                                           -       CI->S  F     FA_X1          1  2.7    57   343   54884    (-,-) 
  u_IDCT/DRU/g2426/ZN                                                    -       A1->ZN R     AOI222_X1      1  2.9   216   256   55140    (-,-) 
  u_IDCT/DRU/g2409/ZN                                                    -       A->ZN  F     INV_X1         1  2.3    46    50   55191    (-,-) 
  u_IDCT/DRU/ToACF_reg[14]/D                                             -       -      F     SDFF_X1        1    -     -     0   55191    (-,-) 
#------------------------------------------------------------------------------------------------------------------------------------------------



Path 12: MET (46060 ps) Setup Check with Pin u_DCT/DRU/ToBDEG_reg[14]/CK->D
           Mode: scan_mode
          Group: C2C_scan_mode
     Startpoint: (R) u_DCT/tposemem_Bisted_RF_2P_ADV64x16_BistCtrl_i0_ST_MAL_i0_S17_reg/CK
          Clock: (F) CLK1
       Endpoint: (F) u_DCT/DRU/ToBDEG_reg[14]/D
          Clock: (R) CLK1

                     Capture       Launch     
        Clock Edge:+  100000        50000     
       Src Latency:+       0            0     
       Net Latency:+    2000 (I)     2000 (I) 
           Arrival:=  102000        52000     
                                              
             Setup:-     266                  
       Uncertainty:-     500                  
     Required Time:=  101234                  
      Launch Clock:-   52000                  
         Data Path:-    3175                  
             Slack:=   46060                  

#-----------------------------------------------------------------------------------------------------------------------------------------------
#                             Timing Point                              Flags    Arc   Edge   Cell     Fanout Load Trans Delay Arrival Instance 
#                                                                                                             (fF)  (ps)  (ps)   (ps)  Location 
#-----------------------------------------------------------------------------------------------------------------------------------------------
  u_DCT/tposemem_Bisted_RF_2P_ADV64x16_BistCtrl_i0_ST_MAL_i0_S17_reg/CK -       -      R     (arrival)      1    -     0     -   52000    (-,-) 
  u_DCT/tposemem_Bisted_RF_2P_ADV64x16_BistCtrl_i0_ST_MAL_i0_S17_reg/Q  -       CK->Q  F     SDFF_X1        2  4.2    48   242   52242    (-,-) 
  u_DCT/g3832/ZN                                                        -       A2->ZN R     NAND2_X1       2  5.1    60   100   52342    (-,-) 
  u_DCT/g3811/ZN                                                        -       A2->ZN F     NAND2_X1       2  4.3    28    64   52406    (-,-) 
  u_DCT/DRU/g2758__1786/ZN                                              -       A1->ZN F     AND2_X2        6 13.5    31   114   52520    (-,-) 
  u_DCT/DRU/sub_60_47_g1238__1857/ZN                                    -       A2->ZN R     NAND2_X1       3  8.2    85   116   52636    (-,-) 
  u_DCT/DRU/sub_60_47_g1206__5019/ZN                                    -       A1->ZN F     NAND2_X1       1  2.8    32    62   52698    (-,-) 
  u_DCT/DRU/sub_60_47_g1205__1840/ZN                                    -       A1->ZN R     NAND2_X1       2  6.0    70    90   52789    (-,-) 
  u_DCT/DRU/sub_60_47_g1203__7344/ZN                                    -       A1->ZN F     NAND2_X1       1  2.8    28    57   52846    (-,-) 
  u_DCT/DRU/sub_60_47_g1201__2703/ZN                                    -       A1->ZN R     NAND2_X1       2  6.0    70    88   52935    (-,-) 
  u_DCT/DRU/sub_60_47_g1200__6083/ZN                                    -       A2->ZN F     NAND2_X1       1  2.7    26    59   52993    (-,-) 
  u_DCT/DRU/sub_60_47_g1198__5266/ZN                                    -       A2->ZN R     NAND2_X1       2  6.0    67    95   53088    (-,-) 
  u_DCT/DRU/sub_60_47_g1197__7114/ZN                                    -       A2->ZN F     NAND2_X1       1  2.8    26    58   53147    (-,-) 
  u_DCT/DRU/sub_60_47_g1195__5953/ZN                                    -       A1->ZN R     NAND2_X1       2  5.7    68    85   53231    (-,-) 
  u_DCT/DRU/sub_60_47_g1194__1786/ZN                                    -       A1->ZN F     NAND2_X1       1  2.8    28    56   53288    (-,-) 
  u_DCT/DRU/sub_60_47_g1192__7118/ZN                                    -       A1->ZN R     NAND2_X1       2  5.7    68    86   53374    (-,-) 
  u_DCT/DRU/sub_60_47_g1191__7675/ZN                                    -       A1->ZN F     NAND2_X1       1  2.8    28    56   53430    (-,-) 
  u_DCT/DRU/sub_60_47_g1189__2900/ZN                                    -       A1->ZN R     NAND2_X1       2  5.7    68    86   53516    (-,-) 
  u_DCT/DRU/sub_60_47_g1188__6877/ZN                                    -       A1->ZN F     NAND2_X1       1  2.8    28    56   53572    (-,-) 
  u_DCT/DRU/sub_60_47_g1186__2683/ZN                                    -       A1->ZN R     NAND2_X1       2  5.0    63    80   53652    (-,-) 
  u_DCT/DRU/sub_60_47_g1185__9682/ZN                                    -       A1->ZN R     AND2_X1        2  4.4    47   131   53783    (-,-) 
  u_DCT/DRU/sub_60_47_g1182__3772/ZN                                    -       B1->ZN F     AOI21_X1       2  5.4    35    66   53849    (-,-) 
  u_DCT/DRU/sub_60_47_g1179__9906/ZN                                    -       B1->ZN R     OAI21_X1       2  5.7   141   183   54032    (-,-) 
  u_DCT/DRU/sub_60_47_g1178__1857/ZN                                    -       A1->ZN F     NAND2_X1       1  2.8    44    74   54107    (-,-) 
  u_DCT/DRU/sub_60_47_g1176__1840/ZN                                    -       A1->ZN R     NAND2_X1       2  5.7    68    95   54201    (-,-) 
  u_DCT/DRU/sub_60_47_g1175__7344/ZN                                    -       A1->ZN F     NAND2_X1       1  2.8    28    56   54258    (-,-) 
  u_DCT/DRU/sub_60_47_g1173__2703/ZN                                    -       A1->ZN R     NAND2_X1       2  5.7    68    86   54343    (-,-) 
  u_DCT/DRU/sub_60_47_g1172/ZN                                          -       A->ZN  F     INV_X1         1  2.7    20    37   54381    (-,-) 
  u_DCT/DRU/sub_60_47_g1170__2250/ZN                                    -       B1->ZN R     OAI21_X1       1  4.0   111   144   54525    (-,-) 
  u_DCT/DRU/sub_60_47_g1169__5266/S                                     -       CI->S  F     FA_X1          1  2.7    57   343   54868    (-,-) 
  u_DCT/DRU/g2427__9682/ZN                                              -       A1->ZN R     AOI222_X1      1  2.9   216   256   55124    (-,-) 
  u_DCT/DRU/g2410/ZN                                                    -       A->ZN  F     INV_X1         1  2.3    46    50   55175    (-,-) 
  u_DCT/DRU/ToBDEG_reg[14]/D                                            -       -      F     SDFF_X1        1    -     -     0   55175    (-,-) 
#-----------------------------------------------------------------------------------------------------------------------------------------------



Path 13: MET (46062 ps) Setup Check with Pin u_DCT/DRU/ToACF_reg[15]/CK->D
           Mode: scan_mode
          Group: C2C_scan_mode
     Startpoint: (R) u_DCT/tposemem_Bisted_RF_2P_ADV64x16_BistCtrl_i0_ST_MAL_i0_S17_reg/CK
          Clock: (F) CLK1
       Endpoint: (F) u_DCT/DRU/ToACF_reg[15]/D
          Clock: (R) CLK1

                     Capture       Launch     
        Clock Edge:+  100000        50000     
       Src Latency:+       0            0     
       Net Latency:+    2000 (I)     2000 (I) 
           Arrival:=  102000        52000     
                                              
             Setup:-     255                  
       Uncertainty:-     500                  
     Required Time:=  101245                  
      Launch Clock:-   52000                  
         Data Path:-    3183                  
             Slack:=   46062                  

#-----------------------------------------------------------------------------------------------------------------------------------------------
#                             Timing Point                              Flags    Arc   Edge   Cell     Fanout Load Trans Delay Arrival Instance 
#                                                                                                             (fF)  (ps)  (ps)   (ps)  Location 
#-----------------------------------------------------------------------------------------------------------------------------------------------
  u_DCT/tposemem_Bisted_RF_2P_ADV64x16_BistCtrl_i0_ST_MAL_i0_S17_reg/CK -       -      R     (arrival)      1    -     0     -   52000    (-,-) 
  u_DCT/tposemem_Bisted_RF_2P_ADV64x16_BistCtrl_i0_ST_MAL_i0_S17_reg/Q  -       CK->Q  R     SDFF_X1        2  4.4    49   203   52203    (-,-) 
  u_DCT/g3832/ZN                                                        -       A2->ZN F     NAND2_X1       2  4.7    33    62   52266    (-,-) 
  u_DCT/g3811/ZN                                                        -       A2->ZN R     NAND2_X1       2  4.4    54    85   52351    (-,-) 
  u_DCT/DRU/g2758__1786/ZN                                              -       A1->ZN R     AND2_X2        6 13.7    69   146   52496    (-,-) 
  u_DCT/DRU/add_58_47_g1155__5019/ZN                                    -       A2->ZN R     AND2_X1        2  6.0    63   149   52645    (-,-) 
  u_DCT/DRU/add_58_47_g1126__5019/ZN                                    -       A1->ZN F     NAND2_X1       1  2.8    27    55   52700    (-,-) 
  u_DCT/DRU/add_58_47_g1125__1840/ZN                                    -       A1->ZN R     NAND2_X1       2  5.7    68    85   52786    (-,-) 
  u_DCT/DRU/add_58_47_g1123__5795/ZN                                    -       A1->ZN F     NAND2_X1       1  2.8    28    56   52842    (-,-) 
  u_DCT/DRU/add_58_47_g1121__6083/ZN                                    -       A1->ZN R     NAND2_X1       2  6.0    70    88   52930    (-,-) 
  u_DCT/DRU/add_58_47_g1120__2250/ZN                                    -       A2->ZN F     NAND2_X1       1  2.7    25    59   52989    (-,-) 
  u_DCT/DRU/add_58_47_g1118__7114/ZN                                    -       A2->ZN R     NAND2_X1       2  6.0    67    94   53083    (-,-) 
  u_DCT/DRU/add_58_47_g1117__5703/ZN                                    -       A1->ZN F     NAND2_X1       1  2.8    28    56   53139    (-,-) 
  u_DCT/DRU/add_58_47_g1115__1786/ZN                                    -       A1->ZN R     NAND2_X1       2  5.7    68    86   53225    (-,-) 
  u_DCT/DRU/add_58_47_g1114__8757/ZN                                    -       A1->ZN F     NAND2_X1       1  2.8    28    56   53281    (-,-) 
  u_DCT/DRU/add_58_47_g1112__7675/ZN                                    -       A1->ZN R     NAND2_X1       2  5.7    68    86   53367    (-,-) 
  u_DCT/DRU/add_58_47_g1111__2391/ZN                                    -       A1->ZN F     NAND2_X1       1  2.8    28    56   53423    (-,-) 
  u_DCT/DRU/add_58_47_g1109__6877/ZN                                    -       A1->ZN R     NAND2_X1       2  5.7    68    86   53509    (-,-) 
  u_DCT/DRU/add_58_47_g1108__1309/ZN                                    -       A1->ZN F     NAND2_X1       1  2.8    28    56   53565    (-,-) 
  u_DCT/DRU/add_58_47_g1106__9682/ZN                                    -       A1->ZN R     NAND2_X1       2  5.7    68    86   53651    (-,-) 
  u_DCT/DRU/add_58_47_g1105__4547/ZN                                    -       A1->ZN F     NAND2_X1       2  4.8    34    69   53720    (-,-) 
  u_DCT/DRU/add_58_47_g1102__4296/ZN                                    -       C1->ZN R     OAI211_X1      2  5.7   150   193   53913    (-,-) 
  u_DCT/DRU/add_58_47_g1100__9906/ZN                                    -       A1->ZN F     NAND2_X1       1  2.8    46    76   53989    (-,-) 
  u_DCT/DRU/add_58_47_g1098__5019/ZN                                    -       A1->ZN R     NAND2_X1       2  5.7    68    96   54084    (-,-) 
  u_DCT/DRU/add_58_47_g1097__1840/ZN                                    -       A1->ZN F     NAND2_X1       1  2.8    28    56   54141    (-,-) 
  u_DCT/DRU/add_58_47_g1095__5795/ZN                                    -       A1->ZN R     NAND2_X1       2  5.7    68    86   54227    (-,-) 
  u_DCT/DRU/add_58_47_g1094__2703/ZN                                    -       A1->ZN F     NAND2_X1       1  2.8    28    56   54283    (-,-) 
  u_DCT/DRU/add_58_47_g1092__2250/ZN                                    -       A1->ZN R     NAND2_X1       2  5.7    68    86   54369    (-,-) 
  u_DCT/DRU/add_58_47_g1091/ZN                                          -       A->ZN  F     INV_X1         1  2.7    20    37   54406    (-,-) 
  u_DCT/DRU/add_58_47_g1089__7114/ZN                                    -       B1->ZN R     OAI21_X1       1  4.0   111   144   54550    (-,-) 
  u_DCT/DRU/add_58_47_g1088__5703/CO                                    -       CI->CO R     FA_X1          1  4.0    54   184   54734    (-,-) 
  u_DCT/DRU/add_58_47_g1087__5953/S                                     -       CI->S  F     FA_X1          1  2.8    57   318   55052    (-,-) 
  u_DCT/DRU/g2479__7118/ZN                                              -       A1->ZN R     NAND2_X1       1  2.9    66    78   55131    (-,-) 
  u_DCT/DRU/g2424__3772/ZN                                              -       A1->ZN F     NAND2_X1       1  2.3    26    52   55183    (-,-) 
  u_DCT/DRU/ToACF_reg[15]/D                                             -       -      F     SDFF_X1        1    -     -     0   55183    (-,-) 
#-----------------------------------------------------------------------------------------------------------------------------------------------



Path 14: MET (46073 ps) Setup Check with Pin u_DCT/DRU/ToACF_reg[16]/CK->D
           Mode: scan_mode
          Group: C2C_scan_mode
     Startpoint: (R) u_DCT/tposemem_Bisted_RF_2P_ADV64x16_BistCtrl_i0_ST_MAL_i0_S17_reg/CK
          Clock: (F) CLK1
       Endpoint: (R) u_DCT/DRU/ToACF_reg[16]/D
          Clock: (R) CLK1

                     Capture       Launch     
        Clock Edge:+  100000        50000     
       Src Latency:+       0            0     
       Net Latency:+    2000 (I)     2000 (I) 
           Arrival:=  102000        52000     
                                              
             Setup:-     270                  
       Uncertainty:-     500                  
     Required Time:=  101230                  
      Launch Clock:-   52000                  
         Data Path:-    3158                  
             Slack:=   46073                  

#-----------------------------------------------------------------------------------------------------------------------------------------------
#                             Timing Point                              Flags    Arc   Edge   Cell     Fanout Load Trans Delay Arrival Instance 
#                                                                                                             (fF)  (ps)  (ps)   (ps)  Location 
#-----------------------------------------------------------------------------------------------------------------------------------------------
  u_DCT/tposemem_Bisted_RF_2P_ADV64x16_BistCtrl_i0_ST_MAL_i0_S17_reg/CK -       -      R     (arrival)      1    -     0     -   52000    (-,-) 
  u_DCT/tposemem_Bisted_RF_2P_ADV64x16_BistCtrl_i0_ST_MAL_i0_S17_reg/Q  -       CK->Q  R     SDFF_X1        2  4.4    49   203   52203    (-,-) 
  u_DCT/g3832/ZN                                                        -       A2->ZN F     NAND2_X1       2  4.7    33    62   52266    (-,-) 
  u_DCT/g3811/ZN                                                        -       A2->ZN R     NAND2_X1       2  4.4    54    85   52351    (-,-) 
  u_DCT/DRU/g2758__1786/ZN                                              -       A1->ZN R     AND2_X2        6 13.7    69   146   52496    (-,-) 
  u_DCT/DRU/add_58_47_g1155__5019/ZN                                    -       A2->ZN R     AND2_X1        2  6.0    63   149   52645    (-,-) 
  u_DCT/DRU/add_58_47_g1126__5019/ZN                                    -       A1->ZN F     NAND2_X1       1  2.8    27    55   52700    (-,-) 
  u_DCT/DRU/add_58_47_g1125__1840/ZN                                    -       A1->ZN R     NAND2_X1       2  5.7    68    85   52786    (-,-) 
  u_DCT/DRU/add_58_47_g1123__5795/ZN                                    -       A1->ZN F     NAND2_X1       1  2.8    28    56   52842    (-,-) 
  u_DCT/DRU/add_58_47_g1121__6083/ZN                                    -       A1->ZN R     NAND2_X1       2  6.0    70    88   52930    (-,-) 
  u_DCT/DRU/add_58_47_g1120__2250/ZN                                    -       A2->ZN F     NAND2_X1       1  2.7    25    59   52989    (-,-) 
  u_DCT/DRU/add_58_47_g1118__7114/ZN                                    -       A2->ZN R     NAND2_X1       2  6.0    67    94   53083    (-,-) 
  u_DCT/DRU/add_58_47_g1117__5703/ZN                                    -       A1->ZN F     NAND2_X1       1  2.8    28    56   53139    (-,-) 
  u_DCT/DRU/add_58_47_g1115__1786/ZN                                    -       A1->ZN R     NAND2_X1       2  5.7    68    86   53225    (-,-) 
  u_DCT/DRU/add_58_47_g1114__8757/ZN                                    -       A1->ZN F     NAND2_X1       1  2.8    28    56   53281    (-,-) 
  u_DCT/DRU/add_58_47_g1112__7675/ZN                                    -       A1->ZN R     NAND2_X1       2  5.7    68    86   53367    (-,-) 
  u_DCT/DRU/add_58_47_g1111__2391/ZN                                    -       A1->ZN F     NAND2_X1       1  2.8    28    56   53423    (-,-) 
  u_DCT/DRU/add_58_47_g1109__6877/ZN                                    -       A1->ZN R     NAND2_X1       2  5.7    68    86   53509    (-,-) 
  u_DCT/DRU/add_58_47_g1108__1309/ZN                                    -       A1->ZN F     NAND2_X1       1  2.8    28    56   53565    (-,-) 
  u_DCT/DRU/add_58_47_g1106__9682/ZN                                    -       A1->ZN R     NAND2_X1       2  5.7    68    86   53651    (-,-) 
  u_DCT/DRU/add_58_47_g1105__4547/ZN                                    -       A1->ZN F     NAND2_X1       2  4.8    34    69   53720    (-,-) 
  u_DCT/DRU/add_58_47_g1102__4296/ZN                                    -       C1->ZN R     OAI211_X1      2  5.7   150   193   53913    (-,-) 
  u_DCT/DRU/add_58_47_g1100__9906/ZN                                    -       A1->ZN F     NAND2_X1       1  2.8    46    76   53989    (-,-) 
  u_DCT/DRU/add_58_47_g1098__5019/ZN                                    -       A1->ZN R     NAND2_X1       2  5.7    68    96   54084    (-,-) 
  u_DCT/DRU/add_58_47_g1097__1840/ZN                                    -       A1->ZN F     NAND2_X1       1  2.8    28    56   54141    (-,-) 
  u_DCT/DRU/add_58_47_g1095__5795/ZN                                    -       A1->ZN R     NAND2_X1       2  5.7    68    86   54227    (-,-) 
  u_DCT/DRU/add_58_47_g1094__2703/ZN                                    -       A1->ZN F     NAND2_X1       1  2.8    28    56   54283    (-,-) 
  u_DCT/DRU/add_58_47_g1092__2250/ZN                                    -       A1->ZN R     NAND2_X1       2  5.7    68    86   54369    (-,-) 
  u_DCT/DRU/add_58_47_g1091/ZN                                          -       A->ZN  F     INV_X1         1  2.7    20    37   54406    (-,-) 
  u_DCT/DRU/add_58_47_g1089__7114/ZN                                    -       B1->ZN R     OAI21_X1       1  4.0   111   144   54550    (-,-) 
  u_DCT/DRU/add_58_47_g1088__5703/CO                                    -       CI->CO R     FA_X1          1  4.0    54   184   54734    (-,-) 
  u_DCT/DRU/add_58_47_g1087__5953/CO                                    -       CI->CO R     FA_X1          1  3.5    50   150   54884    (-,-) 
  u_DCT/DRU/add_58_47_g1086__1786/ZN                                    -       A->ZN  R     XNOR2_X1       1  2.9    93   134   55018    (-,-) 
  u_DCT/DRU/g2477__2391/ZN                                              -       A1->ZN F     NAND2_X1       1  2.8    59    65   55083    (-,-) 
  u_DCT/DRU/g2422__8780/ZN                                              -       A1->ZN R     NAND2_X1       1  2.4    38    74   55157    (-,-) 
  u_DCT/DRU/ToACF_reg[16]/D                                             -       -      R     SDFF_X1        1    -     -     0   55158    (-,-) 
#-----------------------------------------------------------------------------------------------------------------------------------------------



Path 15: MET (46078 ps) Setup Check with Pin u_IDCT/DRU/ToACF_reg[15]/CK->D
           Mode: scan_mode
          Group: C2C_scan_mode
     Startpoint: (R) u_IDCT/tposemem_Bisted_RF_2P_ADV64x16_BistCtrl_i0_ST_MAL_i0_S17_reg/CK
          Clock: (F) CLK1
       Endpoint: (F) u_IDCT/DRU/ToACF_reg[15]/D
          Clock: (R) CLK1

                     Capture       Launch     
        Clock Edge:+  100000        50000     
       Src Latency:+       0            0     
       Net Latency:+    2000 (I)     2000 (I) 
           Arrival:=  102000        52000     
                                              
             Setup:-     253                  
       Uncertainty:-     500                  
     Required Time:=  101247                  
      Launch Clock:-   52000                  
         Data Path:-    3168                  
             Slack:=   46078                  

#------------------------------------------------------------------------------------------------------------------------------------------------
#                             Timing Point                               Flags    Arc   Edge   Cell     Fanout Load Trans Delay Arrival Instance 
#                                                                                                              (fF)  (ps)  (ps)   (ps)  Location 
#------------------------------------------------------------------------------------------------------------------------------------------------
  u_IDCT/tposemem_Bisted_RF_2P_ADV64x16_BistCtrl_i0_ST_MAL_i0_S17_reg/CK -       -      R     (arrival)      1    -     0     -   52000    (-,-) 
  u_IDCT/tposemem_Bisted_RF_2P_ADV64x16_BistCtrl_i0_ST_MAL_i0_S17_reg/Q  -       CK->Q  R     SDFF_X1        2  4.4    49   203   52203    (-,-) 
  u_IDCT/g3832/ZN                                                        -       A1->ZN F     NAND2_X1       2  4.8    30    61   52265    (-,-) 
  u_IDCT/g3811/ZN                                                        -       A1->ZN R     NAND2_X1       2  4.4    54    76   52340    (-,-) 
  u_IDCT/DRU/g2758/ZN                                                    -       A1->ZN R     AND2_X2        6 13.9    70   146   52487    (-,-) 
  u_IDCT/DRU/add_58_47_g1155/ZN                                          -       A2->ZN R     AND2_X1        2  6.0    63   149   52636    (-,-) 
  u_IDCT/DRU/add_58_47_g1126/ZN                                          -       A1->ZN F     NAND2_X1       1  2.8    27    55   52691    (-,-) 
  u_IDCT/DRU/add_58_47_g1125/ZN                                          -       A1->ZN R     NAND2_X1       2  5.7    68    85   52776    (-,-) 
  u_IDCT/DRU/add_58_47_g1123/ZN                                          -       A1->ZN F     NAND2_X1       1  2.8    28    56   52833    (-,-) 
  u_IDCT/DRU/add_58_47_g1121/ZN                                          -       A1->ZN R     NAND2_X1       2  6.0    70    88   52921    (-,-) 
  u_IDCT/DRU/add_58_47_g1120/ZN                                          -       A2->ZN F     NAND2_X1       1  2.7    25    59   52980    (-,-) 
  u_IDCT/DRU/add_58_47_g1118/ZN                                          -       A2->ZN R     NAND2_X1       2  6.0    67    94   53074    (-,-) 
  u_IDCT/DRU/add_58_47_g1117/ZN                                          -       A1->ZN F     NAND2_X1       1  2.8    28    56   53130    (-,-) 
  u_IDCT/DRU/add_58_47_g1115/ZN                                          -       A1->ZN R     NAND2_X1       2  5.7    68    86   53215    (-,-) 
  u_IDCT/DRU/add_58_47_g1114/ZN                                          -       A1->ZN F     NAND2_X1       1  2.8    28    56   53272    (-,-) 
  u_IDCT/DRU/add_58_47_g1112/ZN                                          -       A1->ZN R     NAND2_X1       2  5.7    68    86   53358    (-,-) 
  u_IDCT/DRU/add_58_47_g1111/ZN                                          -       A1->ZN F     NAND2_X1       1  2.8    28    56   53414    (-,-) 
  u_IDCT/DRU/add_58_47_g1109/ZN                                          -       A1->ZN R     NAND2_X1       2  5.7    68    86   53500    (-,-) 
  u_IDCT/DRU/add_58_47_g1108/ZN                                          -       A1->ZN F     NAND2_X1       1  2.8    28    56   53556    (-,-) 
  u_IDCT/DRU/add_58_47_g1106/ZN                                          -       A1->ZN R     NAND2_X1       2  5.7    68    86   53642    (-,-) 
  u_IDCT/DRU/add_58_47_g1105/ZN                                          -       A1->ZN F     NAND2_X1       2  4.8    34    69   53710    (-,-) 
  u_IDCT/DRU/add_58_47_g1102/ZN                                          -       C1->ZN R     OAI211_X1      2  5.7   150   193   53904    (-,-) 
  u_IDCT/DRU/add_58_47_g1100/ZN                                          -       A1->ZN F     NAND2_X1       1  2.8    46    76   53979    (-,-) 
  u_IDCT/DRU/add_58_47_g1098/ZN                                          -       A1->ZN R     NAND2_X1       2  5.7    68    96   54075    (-,-) 
  u_IDCT/DRU/add_58_47_g1097/ZN                                          -       A1->ZN F     NAND2_X1       1  2.8    28    56   54132    (-,-) 
  u_IDCT/DRU/add_58_47_g1095/ZN                                          -       A1->ZN R     NAND2_X1       2  5.7    68    86   54217    (-,-) 
  u_IDCT/DRU/add_58_47_g1094/ZN                                          -       A1->ZN F     NAND2_X1       1  2.8    28    56   54274    (-,-) 
  u_IDCT/DRU/add_58_47_g1092/ZN                                          -       A1->ZN R     NAND2_X1       2  5.7    68    86   54359    (-,-) 
  u_IDCT/DRU/add_58_47_g1091/ZN                                          -       A->ZN  F     INV_X1         1  2.7    20    37   54397    (-,-) 
  u_IDCT/DRU/add_58_47_g1089/ZN                                          -       B1->ZN R     OAI21_X1       1  4.0   111   144   54541    (-,-) 
  u_IDCT/DRU/add_58_47_g1088/CO                                          -       CI->CO R     FA_X1          1  4.0    54   184   54725    (-,-) 
  u_IDCT/DRU/add_58_47_g1087/S                                           -       CI->S  F     FA_X1          1  2.8    57   318   55043    (-,-) 
  u_IDCT/DRU/g2479/ZN                                                    -       A1->ZN R     NAND2_X1       1  2.9    47    78   55121    (-,-) 
  u_IDCT/DRU/g2424/ZN                                                    -       A1->ZN F     NAND2_X1       1  2.3    22    47   55168    (-,-) 
  u_IDCT/DRU/ToACF_reg[15]/D                                             -       -      F     SDFF_X1        1    -     -     0   55168    (-,-) 
#------------------------------------------------------------------------------------------------------------------------------------------------



Path 16: MET (46079 ps) Setup Check with Pin u_IDCT/DRU/ToACF_reg[16]/CK->D
           Mode: scan_mode
          Group: C2C_scan_mode
     Startpoint: (R) u_IDCT/tposemem_Bisted_RF_2P_ADV64x16_BistCtrl_i0_S44_Finish_reg/CK
          Clock: (F) CLK1
       Endpoint: (R) u_IDCT/DRU/ToACF_reg[16]/D
          Clock: (R) CLK1

                     Capture       Launch     
        Clock Edge:+  100000        50000     
       Src Latency:+       0            0     
       Net Latency:+    2000 (I)     2000 (I) 
           Arrival:=  102000        52000     
                                              
             Setup:-     270                  
       Uncertainty:-     500                  
     Required Time:=  101230                  
      Launch Clock:-   52000                  
         Data Path:-    3152                  
             Slack:=   46079                  

#---------------------------------------------------------------------------------------------------------------------------------------------
#                            Timing Point                             Flags    Arc   Edge   Cell     Fanout Load Trans Delay Arrival Instance 
#                                                                                                           (fF)  (ps)  (ps)   (ps)  Location 
#---------------------------------------------------------------------------------------------------------------------------------------------
  u_IDCT/tposemem_Bisted_RF_2P_ADV64x16_BistCtrl_i0_S44_Finish_reg/CK -       -      R     (arrival)      1    -     0     -   52000    (-,-) 
  u_IDCT/tposemem_Bisted_RF_2P_ADV64x16_BistCtrl_i0_S44_Finish_reg/Q  -       CK->Q  F     SDFF_X1        1  2.7    43   230   52230    (-,-) 
  u_IDCT/g3780/ZN                                                     -       A2->ZN R     NAND2_X1       2  5.1    60    97   52327    (-,-) 
  u_IDCT/g3770/ZN                                                     -       A2->ZN F     NAND2_X1       2  4.2    28    64   52390    (-,-) 
  u_IDCT/DRU/g2757/ZN                                                 -       A1->ZN F     AND2_X2        6 12.5    27   112   52502    (-,-) 
  u_IDCT/DRU/add_58_47_g1148/ZN                                       -       A2->ZN F     OR2_X1         2  4.8    39   208   52711    (-,-) 
  u_IDCT/DRU/add_58_47_g1126/ZN                                       -       A2->ZN R     NAND2_X1       1  2.9    42    75   52786    (-,-) 
  u_IDCT/DRU/add_58_47_g1125/ZN                                       -       A1->ZN F     NAND2_X1       2  5.5    34    62   52848    (-,-) 
  u_IDCT/DRU/add_58_47_g1123/ZN                                       -       A1->ZN R     NAND2_X1       1  2.9    42    65   52913    (-,-) 
  u_IDCT/DRU/add_58_47_g1121/ZN                                       -       A1->ZN F     NAND2_X1       2  5.6    34    62   52975    (-,-) 
  u_IDCT/DRU/add_58_47_g1120/ZN                                       -       A2->ZN R     NAND2_X1       1  2.9    42    73   53047    (-,-) 
  u_IDCT/DRU/add_58_47_g1118/ZN                                       -       A2->ZN F     NAND2_X1       2  5.7    38    64   53112    (-,-) 
  u_IDCT/DRU/add_58_47_g1117/ZN                                       -       A1->ZN R     NAND2_X1       1  2.9    42    67   53179    (-,-) 
  u_IDCT/DRU/add_58_47_g1115/ZN                                       -       A1->ZN F     NAND2_X1       2  5.5    34    62   53241    (-,-) 
  u_IDCT/DRU/add_58_47_g1114/ZN                                       -       A1->ZN R     NAND2_X1       1  2.9    42    65   53305    (-,-) 
  u_IDCT/DRU/add_58_47_g1112/ZN                                       -       A1->ZN F     NAND2_X1       2  5.5    34    62   53367    (-,-) 
  u_IDCT/DRU/add_58_47_g1111/ZN                                       -       A1->ZN R     NAND2_X1       1  2.9    42    65   53432    (-,-) 
  u_IDCT/DRU/add_58_47_g1109/ZN                                       -       A1->ZN F     NAND2_X1       2  5.5    34    62   53493    (-,-) 
  u_IDCT/DRU/add_58_47_g1108/ZN                                       -       A1->ZN R     NAND2_X1       1  2.9    42    65   53558    (-,-) 
  u_IDCT/DRU/add_58_47_g1106/ZN                                       -       A1->ZN F     NAND2_X1       2  5.5    34    62   53620    (-,-) 
  u_IDCT/DRU/add_58_47_g1105/ZN                                       -       A1->ZN R     NAND2_X1       2  5.1    60    84   53703    (-,-) 
  u_IDCT/DRU/add_58_47_g1102/ZN                                       -       C1->ZN F     OAI211_X1      2  5.5    72    94   53797    (-,-) 
  u_IDCT/DRU/add_58_47_g1100/ZN                                       -       A1->ZN R     NAND2_X1       1  2.9    44    87   53884    (-,-) 
  u_IDCT/DRU/add_58_47_g1098/ZN                                       -       A1->ZN F     NAND2_X1       2  5.5    34    62   53946    (-,-) 
  u_IDCT/DRU/add_58_47_g1097/ZN                                       -       A1->ZN R     NAND2_X1       1  2.9    42    65   54011    (-,-) 
  u_IDCT/DRU/add_58_47_g1095/ZN                                       -       A1->ZN F     NAND2_X1       2  5.5    34    62   54072    (-,-) 
  u_IDCT/DRU/add_58_47_g1094/ZN                                       -       A1->ZN R     NAND2_X1       1  2.9    42    65   54137    (-,-) 
  u_IDCT/DRU/add_58_47_g1092/ZN                                       -       A1->ZN F     NAND2_X1       2  5.5    34    62   54199    (-,-) 
  u_IDCT/DRU/add_58_47_g1091/ZN                                       -       A->ZN  R     INV_X1         1  2.9    33    59   54258    (-,-) 
  u_IDCT/DRU/add_58_47_g1089/ZN                                       -       B1->ZN F     OAI21_X1       1  3.9    47    51   54309    (-,-) 
  u_IDCT/DRU/add_58_47_g1088/CO                                       -       CI->CO F     FA_X1          1  3.9    53   284   54593    (-,-) 
  u_IDCT/DRU/add_58_47_g1087/CO                                       -       CI->CO F     FA_X1          1  3.4    51   283   54876    (-,-) 
  u_IDCT/DRU/add_58_47_g1086/ZN                                       -       A->ZN  R     XNOR2_X1       1  2.9    93   137   55013    (-,-) 
  u_IDCT/DRU/g2477/ZN                                                 -       A1->ZN F     NAND2_X1       1  2.8    59    65   55077    (-,-) 
  u_IDCT/DRU/g2422/ZN                                                 -       A1->ZN R     NAND2_X1       1  2.4    38    74   55152    (-,-) 
  u_IDCT/DRU/ToACF_reg[16]/D                                          -       -      R     SDFF_X1        1    -     -     0   55152    (-,-) 
#---------------------------------------------------------------------------------------------------------------------------------------------



Path 17: MET (46087 ps) Setup Check with Pin u_DCT/DRU/ToBDEG_reg[15]/CK->D
           Mode: scan_mode
          Group: C2C_scan_mode
     Startpoint: (R) u_DCT/tposemem_Bisted_RF_2P_ADV64x16_BistCtrl_i0_ST_MAL_i0_S17_reg/CK
          Clock: (F) CLK1
       Endpoint: (F) u_DCT/DRU/ToBDEG_reg[15]/D
          Clock: (R) CLK1

                     Capture       Launch     
        Clock Edge:+  100000        50000     
       Src Latency:+       0            0     
       Net Latency:+    2000 (I)     2000 (I) 
           Arrival:=  102000        52000     
                                              
             Setup:-     255                  
       Uncertainty:-     500                  
     Required Time:=  101245                  
      Launch Clock:-   52000                  
         Data Path:-    3158                  
             Slack:=   46087                  

#-----------------------------------------------------------------------------------------------------------------------------------------------
#                             Timing Point                              Flags    Arc   Edge   Cell     Fanout Load Trans Delay Arrival Instance 
#                                                                                                             (fF)  (ps)  (ps)   (ps)  Location 
#-----------------------------------------------------------------------------------------------------------------------------------------------
  u_DCT/tposemem_Bisted_RF_2P_ADV64x16_BistCtrl_i0_ST_MAL_i0_S17_reg/CK -       -      R     (arrival)      1    -     0     -   52000    (-,-) 
  u_DCT/tposemem_Bisted_RF_2P_ADV64x16_BistCtrl_i0_ST_MAL_i0_S17_reg/Q  -       CK->Q  F     SDFF_X1        2  4.2    48   242   52242    (-,-) 
  u_DCT/g3832/ZN                                                        -       A2->ZN R     NAND2_X1       2  5.1    60   100   52342    (-,-) 
  u_DCT/g3811/ZN                                                        -       A2->ZN F     NAND2_X1       2  4.3    28    64   52406    (-,-) 
  u_DCT/DRU/g2758__1786/ZN                                              -       A1->ZN F     AND2_X2        6 13.5    31   114   52520    (-,-) 
  u_DCT/DRU/sub_60_47_g1238__1857/ZN                                    -       A2->ZN R     NAND2_X1       3  8.2    85   116   52636    (-,-) 
  u_DCT/DRU/sub_60_47_g1206__5019/ZN                                    -       A1->ZN F     NAND2_X1       1  2.8    32    62   52698    (-,-) 
  u_DCT/DRU/sub_60_47_g1205__1840/ZN                                    -       A1->ZN R     NAND2_X1       2  6.0    70    90   52789    (-,-) 
  u_DCT/DRU/sub_60_47_g1203__7344/ZN                                    -       A1->ZN F     NAND2_X1       1  2.8    28    57   52846    (-,-) 
  u_DCT/DRU/sub_60_47_g1201__2703/ZN                                    -       A1->ZN R     NAND2_X1       2  6.0    70    88   52935    (-,-) 
  u_DCT/DRU/sub_60_47_g1200__6083/ZN                                    -       A2->ZN F     NAND2_X1       1  2.7    26    59   52993    (-,-) 
  u_DCT/DRU/sub_60_47_g1198__5266/ZN                                    -       A2->ZN R     NAND2_X1       2  6.0    67    95   53088    (-,-) 
  u_DCT/DRU/sub_60_47_g1197__7114/ZN                                    -       A2->ZN F     NAND2_X1       1  2.8    26    58   53147    (-,-) 
  u_DCT/DRU/sub_60_47_g1195__5953/ZN                                    -       A1->ZN R     NAND2_X1       2  5.7    68    85   53231    (-,-) 
  u_DCT/DRU/sub_60_47_g1194__1786/ZN                                    -       A1->ZN F     NAND2_X1       1  2.8    28    56   53288    (-,-) 
  u_DCT/DRU/sub_60_47_g1192__7118/ZN                                    -       A1->ZN R     NAND2_X1       2  5.7    68    86   53374    (-,-) 
  u_DCT/DRU/sub_60_47_g1191__7675/ZN                                    -       A1->ZN F     NAND2_X1       1  2.8    28    56   53430    (-,-) 
  u_DCT/DRU/sub_60_47_g1189__2900/ZN                                    -       A1->ZN R     NAND2_X1       2  5.7    68    86   53516    (-,-) 
  u_DCT/DRU/sub_60_47_g1188__6877/ZN                                    -       A1->ZN F     NAND2_X1       1  2.8    28    56   53572    (-,-) 
  u_DCT/DRU/sub_60_47_g1186__2683/ZN                                    -       A1->ZN R     NAND2_X1       2  5.0    63    80   53652    (-,-) 
  u_DCT/DRU/sub_60_47_g1185__9682/ZN                                    -       A1->ZN R     AND2_X1        2  4.4    47   131   53783    (-,-) 
  u_DCT/DRU/sub_60_47_g1182__3772/ZN                                    -       B1->ZN F     AOI21_X1       2  5.4    35    66   53849    (-,-) 
  u_DCT/DRU/sub_60_47_g1179__9906/ZN                                    -       B1->ZN R     OAI21_X1       2  5.7   141   183   54032    (-,-) 
  u_DCT/DRU/sub_60_47_g1178__1857/ZN                                    -       A1->ZN F     NAND2_X1       1  2.8    44    74   54107    (-,-) 
  u_DCT/DRU/sub_60_47_g1176__1840/ZN                                    -       A1->ZN R     NAND2_X1       2  5.7    68    95   54201    (-,-) 
  u_DCT/DRU/sub_60_47_g1175__7344/ZN                                    -       A1->ZN F     NAND2_X1       1  2.8    28    56   54258    (-,-) 
  u_DCT/DRU/sub_60_47_g1173__2703/ZN                                    -       A1->ZN R     NAND2_X1       2  5.7    68    86   54343    (-,-) 
  u_DCT/DRU/sub_60_47_g1172/ZN                                          -       A->ZN  F     INV_X1         1  2.7    20    37   54381    (-,-) 
  u_DCT/DRU/sub_60_47_g1170__2250/ZN                                    -       B1->ZN R     OAI21_X1       1  4.0   111   144   54525    (-,-) 
  u_DCT/DRU/sub_60_47_g1169__5266/CO                                    -       CI->CO R     FA_X1          1  4.0    54   184   54709    (-,-) 
  u_DCT/DRU/sub_60_47_g1168__7114/S                                     -       CI->S  F     FA_X1          1  2.8    57   318   55027    (-,-) 
  u_DCT/DRU/g2480__8757/ZN                                              -       A1->ZN R     NAND2_X1       1  2.9    66    78   55106    (-,-) 
  u_DCT/DRU/g2425__1474/ZN                                              -       A1->ZN F     NAND2_X1       1  2.3    26    52   55158    (-,-) 
  u_DCT/DRU/ToBDEG_reg[15]/D                                            -       -      F     SDFF_X1        1    -     -     0   55158    (-,-) 
#-----------------------------------------------------------------------------------------------------------------------------------------------



Path 18: MET (46092 ps) Setup Check with Pin u_IDCT/tposemem_Bisted_RF_2P_ADV64x16_RF_2P_ADV64x16_u0_SRAM_i0/CLKB->DB[12]
           Mode: scan_mode
          Group: C2C_scan_mode
     Startpoint: (R) d_DoDCT_reg/CK
          Clock: (R) CLK1
       Endpoint: (F) u_IDCT/tposemem_Bisted_RF_2P_ADV64x16_RF_2P_ADV64x16_u0_SRAM_i0/DB[12]
          Clock: (F) CLK1

                     Capture       Launch     
        Clock Edge:+   50000            0     
       Src Latency:+       0            0     
       Net Latency:+    2000 (I)     2000 (I) 
           Arrival:=   52000         2000     
                                              
             Setup:-     238                  
       Uncertainty:-     500                  
     Required Time:=   51262                  
      Launch Clock:-    2000                  
         Data Path:-    3170                  
             Slack:=   46092                  

#------------------------------------------------------------------------------------------------------------------------------------------------
#                             Timing Point                               Flags    Arc   Edge   Cell     Fanout Load Trans Delay Arrival Instance 
#                                                                                                              (fF)  (ps)  (ps)   (ps)  Location 
#------------------------------------------------------------------------------------------------------------------------------------------------
  d_DoDCT_reg/CK                                                         -       -      R     (arrival)    734    -     0     -    2000    (-,-) 
  d_DoDCT_reg/Q                                                          -       CK->Q  R     SDFF_X1        1  4.6    51   205    2205    (-,-) 
  g546/Z                                                                 -       A->Z   R     BUF_X4         8 33.4    78   131    2336    (-,-) 
  g375/ZN                                                                -       A->ZN  F     INV_X8         7 26.2    23    44    2381    (-,-) 
  u_IDCT/IDRU8/g5749/ZN                                                  -       A->ZN  R     INV_X4         4 29.2    68    91    2471    (-,-) 
  u_IDCT/IDRU8/g5721/ZN                                                  -       A3->ZN F     NAND3_X4       2 10.2    35    78    2550    (-,-) 
  u_IDCT/IDRU8/g5715/ZN                                                  -       A->ZN  R     INV_X4        18 42.4    95   126    2676    (-,-) 
  u_IDCT/IDRU8/g5682/ZN                                                  -       A1->ZN F     AOI22_X2       1  2.1    34    55    2731    (-,-) 
  u_IDCT/IDRU8/g5612/ZN                                                  -       A1->ZN F     AND2_X1        1  2.8    21   108    2839    (-,-) 
  u_IDCT/IDRU8/g5573/ZN                                                  -       A2->ZN R     NAND3_X1       4 10.7   113   136    2975    (-,-) 
  u_IDCT/IDRU8/add_86_45_g754/ZN                                         -       A1->ZN R     OR2_X1         2  5.1    51   131    3106    (-,-) 
  u_IDCT/IDRU8/add_86_45_g694/ZN                                         -       A2->ZN F     NAND2_X1       1  4.1    26    60    3166    (-,-) 
  u_IDCT/IDRU8/add_86_45_g692/ZN                                         -       A1->ZN R     NAND2_X2       2  5.7    43    60    3227    (-,-) 
  u_IDCT/IDRU8/add_86_45_g689/ZN                                         -       A1->ZN F     NAND2_X1       1  4.1    26    55    3282    (-,-) 
  u_IDCT/IDRU8/add_86_45_g687/ZN                                         -       A1->ZN R     NAND2_X2       3  7.9    51    70    3352    (-,-) 
  u_IDCT/IDRU8/add_86_45_g683/ZN                                         -       A1->ZN F     NAND3_X1       1  2.8    35    67    3419    (-,-) 
  u_IDCT/IDRU8/add_86_45_g682/ZN                                         -       A1->ZN R     NAND2_X1       2  5.7    65    90    3509    (-,-) 
  u_IDCT/IDRU8/add_86_45_g680/ZN                                         -       A1->ZN F     NAND2_X1       1  2.8    27    56    3564    (-,-) 
  u_IDCT/IDRU8/add_86_45_g678/ZN                                         -       A1->ZN R     NAND2_X1       2  5.7    65    85    3650    (-,-) 
  u_IDCT/IDRU8/add_86_45_g677/ZN                                         -       A1->ZN F     NAND2_X1       1  2.8    27    56    3705    (-,-) 
  u_IDCT/IDRU8/add_86_45_g675/ZN                                         -       A1->ZN R     NAND2_X1       2  5.0    61    79    3784    (-,-) 
  u_IDCT/IDRU8/add_86_45_g674/ZN                                         -       A1->ZN R     AND2_X1        3  6.6    64   150    3934    (-,-) 
  u_IDCT/IDRU8/add_86_45_g672/ZN                                         -       A1->ZN F     NAND2_X1       1  4.1    37    64    3998    (-,-) 
  u_IDCT/IDRU8/add_86_45_g669/ZN                                         -       B->ZN  R     OAI211_X2      2  5.7   102    98    4095    (-,-) 
  u_IDCT/IDRU8/add_86_45_g667/ZN                                         -       A1->ZN F     NAND2_X1       2  4.8    42    83    4178    (-,-) 
  u_IDCT/IDRU8/add_86_45_g663/ZN                                         -       A1->ZN R     NOR2_X1        2  6.6   146   191    4369    (-,-) 
  u_IDCT/IDRU8/add_86_45_g661/ZN                                         -       A1->ZN F     NOR2_X1        2  5.4    45    72    4441    (-,-) 
  u_IDCT/IDRU8/add_86_45_g656/ZN                                         -       A->ZN  F     XNOR2_X1       1  2.2    41   135    4576    (-,-) 
  u_IDCT/IDRU8/g5181/Z                                                   -       A->Z   F     MUX2_X1        2  4.3    41   249    4825    (-,-) 
  u_IDCT/IDRU8/g5052/Z                                                   -       A->Z   F     MUX2_X1        1  2.8    37   239    5064    (-,-) 
  u_IDCT/g3863/ZN                                                        -       A->ZN  R     INV_X1         1  2.9    33    61    5125    (-,-) 
  u_IDCT/g3732/ZN                                                        -       B1->ZN F     OAI21_X1       1  2.6    30    45    5170    (-,-) 
  u_IDCT/tposemem_Bisted_RF_2P_ADV64x16_RF_2P_ADV64x16_u0_SRAM_i0/DB[12] (P)     -      F     rf_2p_hse      1    -     -     0    5170    (-,-) 
#------------------------------------------------------------------------------------------------------------------------------------------------

(P) : Instance is preserved



Path 19: MET (46097 ps) Setup Check with Pin u_IDCT/DRU/ToBDEG_reg[14]/CK->D
           Mode: scan_mode
          Group: C2C_scan_mode
     Startpoint: (R) u_IDCT/tposemem_Bisted_RF_2P_ADV64x16_BistCtrl_i0_ST_MAL_i0_S17_reg/CK
          Clock: (F) CLK1
       Endpoint: (F) u_IDCT/DRU/ToBDEG_reg[14]/D
          Clock: (R) CLK1

                     Capture       Launch     
        Clock Edge:+  100000        50000     
       Src Latency:+       0            0     
       Net Latency:+    2000 (I)     2000 (I) 
           Arrival:=  102000        52000     
                                              
             Setup:-     266                  
       Uncertainty:-     500                  
     Required Time:=  101234                  
      Launch Clock:-   52000                  
         Data Path:-    3137                  
             Slack:=   46097                  

#------------------------------------------------------------------------------------------------------------------------------------------------
#                             Timing Point                               Flags    Arc   Edge   Cell     Fanout Load Trans Delay Arrival Instance 
#                                                                                                              (fF)  (ps)  (ps)   (ps)  Location 
#------------------------------------------------------------------------------------------------------------------------------------------------
  u_IDCT/tposemem_Bisted_RF_2P_ADV64x16_BistCtrl_i0_ST_MAL_i0_S17_reg/CK -       -      R     (arrival)      1    -     0     -   52000    (-,-) 
  u_IDCT/tposemem_Bisted_RF_2P_ADV64x16_BistCtrl_i0_ST_MAL_i0_S17_reg/Q  -       CK->Q  F     SDFF_X1        2  4.3    48   243   52243    (-,-) 
  u_IDCT/g3832/ZN                                                        -       A1->ZN R     NAND2_X1       2  5.1    60    92   52335    (-,-) 
  u_IDCT/g3811/ZN                                                        -       A1->ZN F     NAND2_X1       2  4.2    30    62   52397    (-,-) 
  u_IDCT/DRU/g2758/ZN                                                    -       A1->ZN F     AND2_X2        6 13.5    28   115   52513    (-,-) 
  u_IDCT/DRU/sub_60_47_g1238/ZN                                          -       A1->ZN R     NAND2_X1       3  8.2    86   107   52620    (-,-) 
  u_IDCT/DRU/sub_60_47_g1206/ZN                                          -       A2->ZN F     NAND2_X1       1  2.8    26    65   52684    (-,-) 
  u_IDCT/DRU/sub_60_47_g1205/ZN                                          -       A1->ZN R     NAND2_X1       2  5.7    66    85   52769    (-,-) 
  u_IDCT/DRU/sub_60_47_g1203/ZN                                          -       A1->ZN F     NAND2_X1       1  2.8    28    56   52825    (-,-) 
  u_IDCT/DRU/sub_60_47_g1201/ZN                                          -       A1->ZN R     NAND2_X1       2  5.7    66    85   52910    (-,-) 
  u_IDCT/DRU/sub_60_47_g1200/ZN                                          -       A1->ZN F     NAND2_X1       1  2.8    28    56   52966    (-,-) 
  u_IDCT/DRU/sub_60_47_g1198/ZN                                          -       A1->ZN R     NAND2_X1       2  5.7    68    85   53052    (-,-) 
  u_IDCT/DRU/sub_60_47_g1197/ZN                                          -       A1->ZN F     NAND2_X1       1  2.8    28    56   53108    (-,-) 
  u_IDCT/DRU/sub_60_47_g1195/ZN                                          -       A1->ZN R     NAND2_X1       2  5.7    68    86   53194    (-,-) 
  u_IDCT/DRU/sub_60_47_g1194/ZN                                          -       A1->ZN F     NAND2_X1       1  2.8    28    56   53250    (-,-) 
  u_IDCT/DRU/sub_60_47_g1192/ZN                                          -       A1->ZN R     NAND2_X1       2  5.7    68    86   53336    (-,-) 
  u_IDCT/DRU/sub_60_47_g1191/ZN                                          -       A1->ZN F     NAND2_X1       1  2.8    28    56   53392    (-,-) 
  u_IDCT/DRU/sub_60_47_g1189/ZN                                          -       A1->ZN R     NAND2_X1       2  5.7    68    86   53478    (-,-) 
  u_IDCT/DRU/sub_60_47_g1188/ZN                                          -       A1->ZN F     NAND2_X1       1  2.8    28    56   53535    (-,-) 
  u_IDCT/DRU/sub_60_47_g1186/ZN                                          -       A1->ZN R     NAND2_X1       2  5.0    63    80   53614    (-,-) 
  u_IDCT/DRU/sub_60_47_g1185/ZN                                          -       A1->ZN R     AND2_X1        2  4.4    47   131   53746    (-,-) 
  u_IDCT/DRU/sub_60_47_g1182/ZN                                          -       B1->ZN F     AOI21_X1       2  5.4    35    66   53811    (-,-) 
  u_IDCT/DRU/sub_60_47_g1179/ZN                                          -       B1->ZN R     OAI21_X1       2  5.7   141   183   53995    (-,-) 
  u_IDCT/DRU/sub_60_47_g1178/ZN                                          -       A1->ZN F     NAND2_X1       1  2.8    44    74   54069    (-,-) 
  u_IDCT/DRU/sub_60_47_g1176/ZN                                          -       A1->ZN R     NAND2_X1       2  5.7    68    95   54164    (-,-) 
  u_IDCT/DRU/sub_60_47_g1175/ZN                                          -       A1->ZN F     NAND2_X1       1  2.8    28    56   54220    (-,-) 
  u_IDCT/DRU/sub_60_47_g1173/ZN                                          -       A1->ZN R     NAND2_X1       2  5.7    68    86   54306    (-,-) 
  u_IDCT/DRU/sub_60_47_g1172/ZN                                          -       A->ZN  F     INV_X1         1  2.7    20    37   54343    (-,-) 
  u_IDCT/DRU/sub_60_47_g1170/ZN                                          -       B1->ZN R     OAI21_X1       1  4.0   111   144   54487    (-,-) 
  u_IDCT/DRU/sub_60_47_g1169/S                                           -       CI->S  F     FA_X1          1  2.7    57   343   54831    (-,-) 
  u_IDCT/DRU/g2427/ZN                                                    -       A1->ZN R     AOI222_X1      1  2.9   216   256   55087    (-,-) 
  u_IDCT/DRU/g2410/ZN                                                    -       A->ZN  F     INV_X1         1  2.3    46    50   55137    (-,-) 
  u_IDCT/DRU/ToBDEG_reg[14]/D                                            -       -      F     SDFF_X1        1    -     -     0   55137    (-,-) 
#------------------------------------------------------------------------------------------------------------------------------------------------



Path 20: MET (46098 ps) Setup Check with Pin u_DCT/DRU/ToBDEG_reg[16]/CK->D
           Mode: scan_mode
          Group: C2C_scan_mode
     Startpoint: (R) u_DCT/tposemem_Bisted_RF_2P_ADV64x16_BistCtrl_i0_ST_MAL_i0_S17_reg/CK
          Clock: (F) CLK1
       Endpoint: (R) u_DCT/DRU/ToBDEG_reg[16]/D
          Clock: (R) CLK1

                     Capture       Launch     
        Clock Edge:+  100000        50000     
       Src Latency:+       0            0     
       Net Latency:+    2000 (I)     2000 (I) 
           Arrival:=  102000        52000     
                                              
             Setup:-     270                  
       Uncertainty:-     500                  
     Required Time:=  101230                  
      Launch Clock:-   52000                  
         Data Path:-    3132                  
             Slack:=   46098                  

#-----------------------------------------------------------------------------------------------------------------------------------------------
#                             Timing Point                              Flags    Arc   Edge   Cell     Fanout Load Trans Delay Arrival Instance 
#                                                                                                             (fF)  (ps)  (ps)   (ps)  Location 
#-----------------------------------------------------------------------------------------------------------------------------------------------
  u_DCT/tposemem_Bisted_RF_2P_ADV64x16_BistCtrl_i0_ST_MAL_i0_S17_reg/CK -       -      R     (arrival)      1    -     0     -   52000    (-,-) 
  u_DCT/tposemem_Bisted_RF_2P_ADV64x16_BistCtrl_i0_ST_MAL_i0_S17_reg/Q  -       CK->Q  F     SDFF_X1        2  4.2    48   242   52242    (-,-) 
  u_DCT/g3832/ZN                                                        -       A2->ZN R     NAND2_X1       2  5.1    60   100   52342    (-,-) 
  u_DCT/g3811/ZN                                                        -       A2->ZN F     NAND2_X1       2  4.3    28    64   52406    (-,-) 
  u_DCT/DRU/g2758__1786/ZN                                              -       A1->ZN F     AND2_X2        6 13.5    31   114   52520    (-,-) 
  u_DCT/DRU/sub_60_47_g1238__1857/ZN                                    -       A2->ZN R     NAND2_X1       3  8.2    85   116   52636    (-,-) 
  u_DCT/DRU/sub_60_47_g1206__5019/ZN                                    -       A1->ZN F     NAND2_X1       1  2.8    32    62   52698    (-,-) 
  u_DCT/DRU/sub_60_47_g1205__1840/ZN                                    -       A1->ZN R     NAND2_X1       2  6.0    70    90   52789    (-,-) 
  u_DCT/DRU/sub_60_47_g1203__7344/ZN                                    -       A1->ZN F     NAND2_X1       1  2.8    28    57   52846    (-,-) 
  u_DCT/DRU/sub_60_47_g1201__2703/ZN                                    -       A1->ZN R     NAND2_X1       2  6.0    70    88   52935    (-,-) 
  u_DCT/DRU/sub_60_47_g1200__6083/ZN                                    -       A2->ZN F     NAND2_X1       1  2.7    26    59   52993    (-,-) 
  u_DCT/DRU/sub_60_47_g1198__5266/ZN                                    -       A2->ZN R     NAND2_X1       2  6.0    67    95   53088    (-,-) 
  u_DCT/DRU/sub_60_47_g1197__7114/ZN                                    -       A2->ZN F     NAND2_X1       1  2.8    26    58   53147    (-,-) 
  u_DCT/DRU/sub_60_47_g1195__5953/ZN                                    -       A1->ZN R     NAND2_X1       2  5.7    68    85   53231    (-,-) 
  u_DCT/DRU/sub_60_47_g1194__1786/ZN                                    -       A1->ZN F     NAND2_X1       1  2.8    28    56   53288    (-,-) 
  u_DCT/DRU/sub_60_47_g1192__7118/ZN                                    -       A1->ZN R     NAND2_X1       2  5.7    68    86   53374    (-,-) 
  u_DCT/DRU/sub_60_47_g1191__7675/ZN                                    -       A1->ZN F     NAND2_X1       1  2.8    28    56   53430    (-,-) 
  u_DCT/DRU/sub_60_47_g1189__2900/ZN                                    -       A1->ZN R     NAND2_X1       2  5.7    68    86   53516    (-,-) 
  u_DCT/DRU/sub_60_47_g1188__6877/ZN                                    -       A1->ZN F     NAND2_X1       1  2.8    28    56   53572    (-,-) 
  u_DCT/DRU/sub_60_47_g1186__2683/ZN                                    -       A1->ZN R     NAND2_X1       2  5.0    63    80   53652    (-,-) 
  u_DCT/DRU/sub_60_47_g1185__9682/ZN                                    -       A1->ZN R     AND2_X1        2  4.4    47   131   53783    (-,-) 
  u_DCT/DRU/sub_60_47_g1182__3772/ZN                                    -       B1->ZN F     AOI21_X1       2  5.4    35    66   53849    (-,-) 
  u_DCT/DRU/sub_60_47_g1179__9906/ZN                                    -       B1->ZN R     OAI21_X1       2  5.7   141   183   54032    (-,-) 
  u_DCT/DRU/sub_60_47_g1178__1857/ZN                                    -       A1->ZN F     NAND2_X1       1  2.8    44    74   54107    (-,-) 
  u_DCT/DRU/sub_60_47_g1176__1840/ZN                                    -       A1->ZN R     NAND2_X1       2  5.7    68    95   54201    (-,-) 
  u_DCT/DRU/sub_60_47_g1175__7344/ZN                                    -       A1->ZN F     NAND2_X1       1  2.8    28    56   54258    (-,-) 
  u_DCT/DRU/sub_60_47_g1173__2703/ZN                                    -       A1->ZN R     NAND2_X1       2  5.7    68    86   54343    (-,-) 
  u_DCT/DRU/sub_60_47_g1172/ZN                                          -       A->ZN  F     INV_X1         1  2.7    20    37   54381    (-,-) 
  u_DCT/DRU/sub_60_47_g1170__2250/ZN                                    -       B1->ZN R     OAI21_X1       1  4.0   111   144   54525    (-,-) 
  u_DCT/DRU/sub_60_47_g1169__5266/CO                                    -       CI->CO R     FA_X1          1  4.0    54   184   54709    (-,-) 
  u_DCT/DRU/sub_60_47_g1168__7114/CO                                    -       CI->CO R     FA_X1          1  3.5    50   150   54859    (-,-) 
  u_DCT/DRU/sub_60_47_g1167__5703/ZN                                    -       A->ZN  R     XNOR2_X1       1  2.9    93   134   54993    (-,-) 
  u_DCT/DRU/g2478__7675/ZN                                              -       A1->ZN F     NAND2_X1       1  2.8    59    65   55058    (-,-) 
  u_DCT/DRU/g2423__4296/ZN                                              -       A1->ZN R     NAND2_X1       1  2.4    38    74   55132    (-,-) 
  u_DCT/DRU/ToBDEG_reg[16]/D                                            -       -      R     SDFF_X1        1    -     -     0   55132    (-,-) 
#-----------------------------------------------------------------------------------------------------------------------------------------------



Path 21: MET (46109 ps) Setup Check with Pin u_IDCT/tposemem_Bisted_RF_2P_ADV64x16_RF_2P_ADV64x16_u0_SRAM_i0/CLKB->DB[14]
           Mode: scan_mode
          Group: C2C_scan_mode
     Startpoint: (R) d_DoDCT_reg/CK
          Clock: (R) CLK1
       Endpoint: (F) u_IDCT/tposemem_Bisted_RF_2P_ADV64x16_RF_2P_ADV64x16_u0_SRAM_i0/DB[14]
          Clock: (F) CLK1

                     Capture       Launch     
        Clock Edge:+   50000            0     
       Src Latency:+       0            0     
       Net Latency:+    2000 (I)     2000 (I) 
           Arrival:=   52000         2000     
                                              
             Setup:-     238                  
       Uncertainty:-     500                  
     Required Time:=   51262                  
      Launch Clock:-    2000                  
         Data Path:-    3153                  
             Slack:=   46109                  

#------------------------------------------------------------------------------------------------------------------------------------------------
#                             Timing Point                               Flags    Arc   Edge   Cell     Fanout Load Trans Delay Arrival Instance 
#                                                                                                              (fF)  (ps)  (ps)   (ps)  Location 
#------------------------------------------------------------------------------------------------------------------------------------------------
  d_DoDCT_reg/CK                                                         -       -      R     (arrival)    734    -     0     -    2000    (-,-) 
  d_DoDCT_reg/Q                                                          -       CK->Q  R     SDFF_X1        1  4.6    51   205    2205    (-,-) 
  g546/Z                                                                 -       A->Z   R     BUF_X4         8 33.4    78   131    2336    (-,-) 
  g375/ZN                                                                -       A->ZN  F     INV_X8         7 26.2    23    44    2381    (-,-) 
  u_IDCT/IDRU8/g5749/ZN                                                  -       A->ZN  R     INV_X4         4 29.2    68    91    2471    (-,-) 
  u_IDCT/IDRU8/g5721/ZN                                                  -       A3->ZN F     NAND3_X4       2 10.2    35    78    2550    (-,-) 
  u_IDCT/IDRU8/g5715/ZN                                                  -       A->ZN  R     INV_X4        18 42.4    95   126    2676    (-,-) 
  u_IDCT/IDRU8/g5682/ZN                                                  -       A1->ZN F     AOI22_X2       1  2.1    34    55    2731    (-,-) 
  u_IDCT/IDRU8/g5612/ZN                                                  -       A1->ZN F     AND2_X1        1  2.8    21   108    2839    (-,-) 
  u_IDCT/IDRU8/g5573/ZN                                                  -       A2->ZN R     NAND3_X1       4 10.7   113   136    2975    (-,-) 
  u_IDCT/IDRU8/add_86_45_g754/ZN                                         -       A1->ZN R     OR2_X1         2  5.1    51   131    3106    (-,-) 
  u_IDCT/IDRU8/add_86_45_g694/ZN                                         -       A2->ZN F     NAND2_X1       1  4.1    26    60    3166    (-,-) 
  u_IDCT/IDRU8/add_86_45_g692/ZN                                         -       A1->ZN R     NAND2_X2       2  5.7    43    60    3227    (-,-) 
  u_IDCT/IDRU8/add_86_45_g689/ZN                                         -       A1->ZN F     NAND2_X1       1  4.1    26    55    3282    (-,-) 
  u_IDCT/IDRU8/add_86_45_g687/ZN                                         -       A1->ZN R     NAND2_X2       3  7.9    51    70    3352    (-,-) 
  u_IDCT/IDRU8/add_86_45_g683/ZN                                         -       A1->ZN F     NAND3_X1       1  2.8    35    67    3419    (-,-) 
  u_IDCT/IDRU8/add_86_45_g682/ZN                                         -       A1->ZN R     NAND2_X1       2  5.7    65    90    3509    (-,-) 
  u_IDCT/IDRU8/add_86_45_g680/ZN                                         -       A1->ZN F     NAND2_X1       1  2.8    27    56    3564    (-,-) 
  u_IDCT/IDRU8/add_86_45_g678/ZN                                         -       A1->ZN R     NAND2_X1       2  5.7    65    85    3650    (-,-) 
  u_IDCT/IDRU8/add_86_45_g677/ZN                                         -       A1->ZN F     NAND2_X1       1  2.8    27    56    3705    (-,-) 
  u_IDCT/IDRU8/add_86_45_g675/ZN                                         -       A1->ZN R     NAND2_X1       2  5.0    61    79    3784    (-,-) 
  u_IDCT/IDRU8/add_86_45_g674/ZN                                         -       A1->ZN R     AND2_X1        3  6.6    64   150    3934    (-,-) 
  u_IDCT/IDRU8/add_86_45_g672/ZN                                         -       A1->ZN F     NAND2_X1       1  4.1    37    64    3998    (-,-) 
  u_IDCT/IDRU8/add_86_45_g669/ZN                                         -       B->ZN  R     OAI211_X2      2  5.7   102    98    4095    (-,-) 
  u_IDCT/IDRU8/add_86_45_g667/ZN                                         -       A1->ZN F     NAND2_X1       2  4.8    42    83    4178    (-,-) 
  u_IDCT/IDRU8/add_86_45_g663/ZN                                         -       A1->ZN R     NOR2_X1        2  6.6   146   191    4369    (-,-) 
  u_IDCT/IDRU8/add_86_45_g660/ZN                                         -       A1->ZN F     NOR2_X2        1  2.7    35    41    4410    (-,-) 
  u_IDCT/IDRU8/add_86_45_g657/ZN                                         -       B1->ZN R     OAI21_X1       1  2.9    92   128    4539    (-,-) 
  u_IDCT/IDRU8/add_86_45_g654/ZN                                         -       B1->ZN F     AOI21_X1       2  5.4    42    86    4624    (-,-) 
  u_IDCT/IDRU8/add_86_45_g652/ZN                                         -       A->ZN  F     XNOR2_X1       1  2.7    48   136    4761    (-,-) 
  u_IDCT/IDRU8/g5070/ZN                                                  -       C1->ZN R     AOI221_X1      1  2.9   195   227    4988    (-,-) 
  u_IDCT/IDRU8/g5068/ZN                                                  -       A->ZN  F     INV_X1         1  2.8    44    55    5043    (-,-) 
  u_IDCT/g3864/ZN                                                        -       A->ZN  R     INV_X1         1  2.9    33    65    5108    (-,-) 
  u_IDCT/g3745/ZN                                                        -       B1->ZN F     OAI21_X1       1  2.6    30    45    5153    (-,-) 
  u_IDCT/tposemem_Bisted_RF_2P_ADV64x16_RF_2P_ADV64x16_u0_SRAM_i0/DB[14] (P)     -      F     rf_2p_hse      1    -     -     0    5153    (-,-) 
#------------------------------------------------------------------------------------------------------------------------------------------------

(P) : Instance is preserved



Path 22: MET (46132 ps) Setup Check with Pin u_IDCT/DRU/ToBDEG_reg[15]/CK->D
           Mode: scan_mode
          Group: C2C_scan_mode
     Startpoint: (R) u_IDCT/tposemem_Bisted_RF_2P_ADV64x16_BistCtrl_i0_ST_MAL_i0_S17_reg/CK
          Clock: (F) CLK1
       Endpoint: (F) u_IDCT/DRU/ToBDEG_reg[15]/D
          Clock: (R) CLK1

                     Capture       Launch     
        Clock Edge:+  100000        50000     
       Src Latency:+       0            0     
       Net Latency:+    2000 (I)     2000 (I) 
           Arrival:=  102000        52000     
                                              
             Setup:-     253                  
       Uncertainty:-     500                  
     Required Time:=  101247                  
      Launch Clock:-   52000                  
         Data Path:-    3115                  
             Slack:=   46132                  

#------------------------------------------------------------------------------------------------------------------------------------------------
#                             Timing Point                               Flags    Arc   Edge   Cell     Fanout Load Trans Delay Arrival Instance 
#                                                                                                              (fF)  (ps)  (ps)   (ps)  Location 
#------------------------------------------------------------------------------------------------------------------------------------------------
  u_IDCT/tposemem_Bisted_RF_2P_ADV64x16_BistCtrl_i0_ST_MAL_i0_S17_reg/CK -       -      R     (arrival)      1    -     0     -   52000    (-,-) 
  u_IDCT/tposemem_Bisted_RF_2P_ADV64x16_BistCtrl_i0_ST_MAL_i0_S17_reg/Q  -       CK->Q  F     SDFF_X1        2  4.3    48   243   52243    (-,-) 
  u_IDCT/g3832/ZN                                                        -       A1->ZN R     NAND2_X1       2  5.1    60    92   52335    (-,-) 
  u_IDCT/g3811/ZN                                                        -       A1->ZN F     NAND2_X1       2  4.2    30    62   52397    (-,-) 
  u_IDCT/DRU/g2758/ZN                                                    -       A1->ZN F     AND2_X2        6 13.5    28   115   52513    (-,-) 
  u_IDCT/DRU/sub_60_47_g1238/ZN                                          -       A1->ZN R     NAND2_X1       3  8.2    86   107   52620    (-,-) 
  u_IDCT/DRU/sub_60_47_g1206/ZN                                          -       A2->ZN F     NAND2_X1       1  2.8    26    65   52684    (-,-) 
  u_IDCT/DRU/sub_60_47_g1205/ZN                                          -       A1->ZN R     NAND2_X1       2  5.7    66    85   52769    (-,-) 
  u_IDCT/DRU/sub_60_47_g1203/ZN                                          -       A1->ZN F     NAND2_X1       1  2.8    28    56   52825    (-,-) 
  u_IDCT/DRU/sub_60_47_g1201/ZN                                          -       A1->ZN R     NAND2_X1       2  5.7    66    85   52910    (-,-) 
  u_IDCT/DRU/sub_60_47_g1200/ZN                                          -       A1->ZN F     NAND2_X1       1  2.8    28    56   52966    (-,-) 
  u_IDCT/DRU/sub_60_47_g1198/ZN                                          -       A1->ZN R     NAND2_X1       2  5.7    68    85   53052    (-,-) 
  u_IDCT/DRU/sub_60_47_g1197/ZN                                          -       A1->ZN F     NAND2_X1       1  2.8    28    56   53108    (-,-) 
  u_IDCT/DRU/sub_60_47_g1195/ZN                                          -       A1->ZN R     NAND2_X1       2  5.7    68    86   53194    (-,-) 
  u_IDCT/DRU/sub_60_47_g1194/ZN                                          -       A1->ZN F     NAND2_X1       1  2.8    28    56   53250    (-,-) 
  u_IDCT/DRU/sub_60_47_g1192/ZN                                          -       A1->ZN R     NAND2_X1       2  5.7    68    86   53336    (-,-) 
  u_IDCT/DRU/sub_60_47_g1191/ZN                                          -       A1->ZN F     NAND2_X1       1  2.8    28    56   53392    (-,-) 
  u_IDCT/DRU/sub_60_47_g1189/ZN                                          -       A1->ZN R     NAND2_X1       2  5.7    68    86   53478    (-,-) 
  u_IDCT/DRU/sub_60_47_g1188/ZN                                          -       A1->ZN F     NAND2_X1       1  2.8    28    56   53535    (-,-) 
  u_IDCT/DRU/sub_60_47_g1186/ZN                                          -       A1->ZN R     NAND2_X1       2  5.0    63    80   53614    (-,-) 
  u_IDCT/DRU/sub_60_47_g1185/ZN                                          -       A1->ZN R     AND2_X1        2  4.4    47   131   53746    (-,-) 
  u_IDCT/DRU/sub_60_47_g1182/ZN                                          -       B1->ZN F     AOI21_X1       2  5.4    35    66   53811    (-,-) 
  u_IDCT/DRU/sub_60_47_g1179/ZN                                          -       B1->ZN R     OAI21_X1       2  5.7   141   183   53995    (-,-) 
  u_IDCT/DRU/sub_60_47_g1178/ZN                                          -       A1->ZN F     NAND2_X1       1  2.8    44    74   54069    (-,-) 
  u_IDCT/DRU/sub_60_47_g1176/ZN                                          -       A1->ZN R     NAND2_X1       2  5.7    68    95   54164    (-,-) 
  u_IDCT/DRU/sub_60_47_g1175/ZN                                          -       A1->ZN F     NAND2_X1       1  2.8    28    56   54220    (-,-) 
  u_IDCT/DRU/sub_60_47_g1173/ZN                                          -       A1->ZN R     NAND2_X1       2  5.7    68    86   54306    (-,-) 
  u_IDCT/DRU/sub_60_47_g1172/ZN                                          -       A->ZN  F     INV_X1         1  2.7    20    37   54343    (-,-) 
  u_IDCT/DRU/sub_60_47_g1170/ZN                                          -       B1->ZN R     OAI21_X1       1  4.0   111   144   54487    (-,-) 
  u_IDCT/DRU/sub_60_47_g1169/CO                                          -       CI->CO R     FA_X1          1  4.0    54   184   54671    (-,-) 
  u_IDCT/DRU/sub_60_47_g1168/S                                           -       CI->S  F     FA_X1          1  2.8    57   318   54990    (-,-) 
  u_IDCT/DRU/g2480/ZN                                                    -       A1->ZN R     NAND2_X1       1  2.9    47    78   55068    (-,-) 
  u_IDCT/DRU/g2425/ZN                                                    -       A1->ZN F     NAND2_X1       1  2.3    22    47   55115    (-,-) 
  u_IDCT/DRU/ToBDEG_reg[15]/D                                            -       -      F     SDFF_X1        1    -     -     0   55115    (-,-) 
#------------------------------------------------------------------------------------------------------------------------------------------------



Path 23: MET (46136 ps) Setup Check with Pin u_IDCT/DRU/ToBDEG_reg[16]/CK->D
           Mode: scan_mode
          Group: C2C_scan_mode
     Startpoint: (R) u_IDCT/tposemem_Bisted_RF_2P_ADV64x16_BistCtrl_i0_ST_MAL_i0_S17_reg/CK
          Clock: (F) CLK1
       Endpoint: (R) u_IDCT/DRU/ToBDEG_reg[16]/D
          Clock: (R) CLK1

                     Capture       Launch     
        Clock Edge:+  100000        50000     
       Src Latency:+       0            0     
       Net Latency:+    2000 (I)     2000 (I) 
           Arrival:=  102000        52000     
                                              
             Setup:-     270                  
       Uncertainty:-     500                  
     Required Time:=  101230                  
      Launch Clock:-   52000                  
         Data Path:-    3095                  
             Slack:=   46136                  

#------------------------------------------------------------------------------------------------------------------------------------------------
#                             Timing Point                               Flags    Arc   Edge   Cell     Fanout Load Trans Delay Arrival Instance 
#                                                                                                              (fF)  (ps)  (ps)   (ps)  Location 
#------------------------------------------------------------------------------------------------------------------------------------------------
  u_IDCT/tposemem_Bisted_RF_2P_ADV64x16_BistCtrl_i0_ST_MAL_i0_S17_reg/CK -       -      R     (arrival)      1    -     0     -   52000    (-,-) 
  u_IDCT/tposemem_Bisted_RF_2P_ADV64x16_BistCtrl_i0_ST_MAL_i0_S17_reg/Q  -       CK->Q  F     SDFF_X1        2  4.3    48   243   52243    (-,-) 
  u_IDCT/g3832/ZN                                                        -       A1->ZN R     NAND2_X1       2  5.1    60    92   52335    (-,-) 
  u_IDCT/g3811/ZN                                                        -       A1->ZN F     NAND2_X1       2  4.2    30    62   52397    (-,-) 
  u_IDCT/DRU/g2758/ZN                                                    -       A1->ZN F     AND2_X2        6 13.5    28   115   52513    (-,-) 
  u_IDCT/DRU/sub_60_47_g1238/ZN                                          -       A1->ZN R     NAND2_X1       3  8.2    86   107   52620    (-,-) 
  u_IDCT/DRU/sub_60_47_g1206/ZN                                          -       A2->ZN F     NAND2_X1       1  2.8    26    65   52684    (-,-) 
  u_IDCT/DRU/sub_60_47_g1205/ZN                                          -       A1->ZN R     NAND2_X1       2  5.7    66    85   52769    (-,-) 
  u_IDCT/DRU/sub_60_47_g1203/ZN                                          -       A1->ZN F     NAND2_X1       1  2.8    28    56   52825    (-,-) 
  u_IDCT/DRU/sub_60_47_g1201/ZN                                          -       A1->ZN R     NAND2_X1       2  5.7    66    85   52910    (-,-) 
  u_IDCT/DRU/sub_60_47_g1200/ZN                                          -       A1->ZN F     NAND2_X1       1  2.8    28    56   52966    (-,-) 
  u_IDCT/DRU/sub_60_47_g1198/ZN                                          -       A1->ZN R     NAND2_X1       2  5.7    68    85   53052    (-,-) 
  u_IDCT/DRU/sub_60_47_g1197/ZN                                          -       A1->ZN F     NAND2_X1       1  2.8    28    56   53108    (-,-) 
  u_IDCT/DRU/sub_60_47_g1195/ZN                                          -       A1->ZN R     NAND2_X1       2  5.7    68    86   53194    (-,-) 
  u_IDCT/DRU/sub_60_47_g1194/ZN                                          -       A1->ZN F     NAND2_X1       1  2.8    28    56   53250    (-,-) 
  u_IDCT/DRU/sub_60_47_g1192/ZN                                          -       A1->ZN R     NAND2_X1       2  5.7    68    86   53336    (-,-) 
  u_IDCT/DRU/sub_60_47_g1191/ZN                                          -       A1->ZN F     NAND2_X1       1  2.8    28    56   53392    (-,-) 
  u_IDCT/DRU/sub_60_47_g1189/ZN                                          -       A1->ZN R     NAND2_X1       2  5.7    68    86   53478    (-,-) 
  u_IDCT/DRU/sub_60_47_g1188/ZN                                          -       A1->ZN F     NAND2_X1       1  2.8    28    56   53535    (-,-) 
  u_IDCT/DRU/sub_60_47_g1186/ZN                                          -       A1->ZN R     NAND2_X1       2  5.0    63    80   53614    (-,-) 
  u_IDCT/DRU/sub_60_47_g1185/ZN                                          -       A1->ZN R     AND2_X1        2  4.4    47   131   53746    (-,-) 
  u_IDCT/DRU/sub_60_47_g1182/ZN                                          -       B1->ZN F     AOI21_X1       2  5.4    35    66   53811    (-,-) 
  u_IDCT/DRU/sub_60_47_g1179/ZN                                          -       B1->ZN R     OAI21_X1       2  5.7   141   183   53995    (-,-) 
  u_IDCT/DRU/sub_60_47_g1178/ZN                                          -       A1->ZN F     NAND2_X1       1  2.8    44    74   54069    (-,-) 
  u_IDCT/DRU/sub_60_47_g1176/ZN                                          -       A1->ZN R     NAND2_X1       2  5.7    68    95   54164    (-,-) 
  u_IDCT/DRU/sub_60_47_g1175/ZN                                          -       A1->ZN F     NAND2_X1       1  2.8    28    56   54220    (-,-) 
  u_IDCT/DRU/sub_60_47_g1173/ZN                                          -       A1->ZN R     NAND2_X1       2  5.7    68    86   54306    (-,-) 
  u_IDCT/DRU/sub_60_47_g1172/ZN                                          -       A->ZN  F     INV_X1         1  2.7    20    37   54343    (-,-) 
  u_IDCT/DRU/sub_60_47_g1170/ZN                                          -       B1->ZN R     OAI21_X1       1  4.0   111   144   54487    (-,-) 
  u_IDCT/DRU/sub_60_47_g1169/CO                                          -       CI->CO R     FA_X1          1  4.0    54   184   54671    (-,-) 
  u_IDCT/DRU/sub_60_47_g1168/CO                                          -       CI->CO R     FA_X1          1  3.5    50   150   54822    (-,-) 
  u_IDCT/DRU/sub_60_47_g1167/ZN                                          -       A->ZN  R     XNOR2_X1       1  2.9    93   134   54956    (-,-) 
  u_IDCT/DRU/g2478/ZN                                                    -       A1->ZN F     NAND2_X1       1  2.8    59    65   55020    (-,-) 
  u_IDCT/DRU/g2423/ZN                                                    -       A1->ZN R     NAND2_X1       1  2.4    38    74   55095    (-,-) 
  u_IDCT/DRU/ToBDEG_reg[16]/D                                            -       -      R     SDFF_X1        1    -     -     0   55095    (-,-) 
#------------------------------------------------------------------------------------------------------------------------------------------------



Path 24: MET (46155 ps) Setup Check with Pin u_DCT/tposemem_Bisted_RF_2P_ADV64x16_RF_2P_ADV64x16_u0_SRAM_i0/CLKB->DB[12]
           Mode: scan_mode
          Group: C2C_scan_mode
     Startpoint: (R) u_DCT/IDRU8/Count_reg[0]/CK
          Clock: (R) CLK1
       Endpoint: (F) u_DCT/tposemem_Bisted_RF_2P_ADV64x16_RF_2P_ADV64x16_u0_SRAM_i0/DB[12]
          Clock: (F) CLK1

                     Capture       Launch     
        Clock Edge:+   50000            0     
       Src Latency:+       0            0     
       Net Latency:+    2000 (I)     2000 (I) 
           Arrival:=   52000         2000     
                                              
             Setup:-     238                  
       Uncertainty:-     500                  
     Required Time:=   51262                  
      Launch Clock:-    2000                  
         Data Path:-    3107                  
             Slack:=   46155                  

#-----------------------------------------------------------------------------------------------------------------------------------------------
#                             Timing Point                              Flags    Arc   Edge   Cell     Fanout Load Trans Delay Arrival Instance 
#                                                                                                             (fF)  (ps)  (ps)   (ps)  Location 
#-----------------------------------------------------------------------------------------------------------------------------------------------
  u_DCT/IDRU8/Count_reg[0]/CK                                           -       -      R     (arrival)     15    -     0     -    2000    (-,-) 
  u_DCT/IDRU8/Count_reg[0]/Q                                            -       CK->Q  F     SDFF_X2        3 10.2    78   360    2360    (-,-) 
  u_DCT/IDRU8/g5849/ZN                                                  -       A->ZN  R     INV_X4         5 15.8    47    95    2454    (-,-) 
  u_DCT/IDRU8/g5834__1840/ZN                                            -       A2->ZN R     AND2_X4        7 21.8    56   131    2585    (-,-) 
  u_DCT/IDRU8/g5810__2250/ZN                                            -       A1->ZN F     NAND2_X2       5 14.9    44    78    2663    (-,-) 
  u_DCT/IDRU8/g5775/ZN                                                  -       A->ZN  R     INV_X4        14 31.8    73   109    2772    (-,-) 
  u_DCT/IDRU8/g5756__4296/ZN                                            -       A1->ZN F     NAND2_X1       1  2.2    27    54    2826    (-,-) 
  u_DCT/IDRU8/g5640__9682/ZN                                            -       A2->ZN F     AND2_X1        1  4.1    23   119    2945    (-,-) 
  u_DCT/IDRU8/g5623__5703/ZN                                            -       A1->ZN R     NAND3_X2       3  8.7    63    77    3022    (-,-) 
  u_DCT/IDRU8/add_86_45_g704__5019/ZN                                   -       B->ZN  F     OAI211_X2      1  4.1    40    89    3111    (-,-) 
  u_DCT/IDRU8/add_86_45_g694__5953/ZN                                   -       A1->ZN R     NAND2_X2       2  5.7    42    69    3180    (-,-) 
  u_DCT/IDRU8/add_86_45_g691__7118/ZN                                   -       A1->ZN F     NAND2_X1       1  4.1    26    55    3234    (-,-) 
  u_DCT/IDRU8/add_86_45_g688__2900/ZN                                   -       A1->ZN R     NAND2_X2       2  5.7    42    60    3295    (-,-) 
  u_DCT/IDRU8/add_86_45_g686__1309/ZN                                   -       A1->ZN F     NAND2_X1       1  4.1    26    55    3350    (-,-) 
  u_DCT/IDRU8/add_86_45_g684__9682/ZN                                   -       A1->ZN R     NAND2_X2       3  7.9    51    70    3420    (-,-) 
  u_DCT/IDRU8/add_86_45_g680__4296/ZN                                   -       A1->ZN F     NAND3_X1       1  4.1    43    77    3496    (-,-) 
  u_DCT/IDRU8/add_86_45_g679__8780/ZN                                   -       A1->ZN R     NAND3_X2       2  5.7    52    76    3572    (-,-) 
  u_DCT/IDRU8/add_86_45_g677__1857/ZN                                   -       A1->ZN F     NAND2_X1       1  4.1    28    59    3631    (-,-) 
  u_DCT/IDRU8/add_86_45_g675__1840/ZN                                   -       A1->ZN R     NAND2_X2       2  5.7    44    62    3693    (-,-) 
  u_DCT/IDRU8/add_86_45_g674__7344/ZN                                   -       A1->ZN F     NAND2_X1       1  2.8    22    49    3741    (-,-) 
  u_DCT/IDRU8/add_86_45_g672__2703/ZN                                   -       A1->ZN R     NAND2_X1       2  5.0    61    76    3818    (-,-) 
  u_DCT/IDRU8/add_86_45_g671__6083/ZN                                   -       A1->ZN R     AND2_X1        3  6.6    64   150    3967    (-,-) 
  u_DCT/IDRU8/add_86_45_g669__5266/ZN                                   -       A1->ZN F     NAND2_X1       1  4.3    38    65    4032    (-,-) 
  u_DCT/IDRU8/add_86_45_g666__5953/ZN                                   -       A->ZN  R     OAI211_X2      2  7.1   114    97    4129    (-,-) 
  u_DCT/IDRU8/add_86_45_g664__8757/ZN                                   -       A1->ZN F     NAND2_X2       2  6.3    40    73    4203    (-,-) 
  u_DCT/IDRU8/add_86_45_g659__6877/ZN                                   -       B1->ZN R     OAI221_X2      3  7.9   172   228    4431    (-,-) 
  u_DCT/IDRU8/add_86_45_g656__9682/ZN                                   -       A->ZN  F     XNOR2_X1       1  2.2    50    78    4509    (-,-) 
  u_DCT/IDRU8/g5250__7675/Z                                             -       A->Z   F     MUX2_X1        2  4.3    41   254    4763    (-,-) 
  u_DCT/IDRU8/g5113__3772/Z                                             -       A->Z   F     MUX2_X1        1  2.8    37   239    5001    (-,-) 
  u_DCT/g3863/ZN                                                        -       A->ZN  R     INV_X1         1  2.9    33    61    5063    (-,-) 
  u_DCT/g3732/ZN                                                        -       B1->ZN F     OAI21_X1       1  2.6    30    45    5107    (-,-) 
  u_DCT/tposemem_Bisted_RF_2P_ADV64x16_RF_2P_ADV64x16_u0_SRAM_i0/DB[12] (P)     -      F     rf_2p_hse      1    -     -     0    5107    (-,-) 
#-----------------------------------------------------------------------------------------------------------------------------------------------

(P) : Instance is preserved



Path 25: MET (46280 ps) Setup Check with Pin u_DCT/tposemem_Bisted_RF_2P_ADV64x16_RF_2P_ADV64x16_u0_SRAM_i0/CLKB->DB[11]
           Mode: scan_mode
          Group: C2C_scan_mode
     Startpoint: (R) u_DCT/IDRU8/Count_reg[0]/CK
          Clock: (R) CLK1
       Endpoint: (F) u_DCT/tposemem_Bisted_RF_2P_ADV64x16_RF_2P_ADV64x16_u0_SRAM_i0/DB[11]
          Clock: (F) CLK1

                     Capture       Launch     
        Clock Edge:+   50000            0     
       Src Latency:+       0            0     
       Net Latency:+    2000 (I)     2000 (I) 
           Arrival:=   52000         2000     
                                              
             Setup:-     238                  
       Uncertainty:-     500                  
     Required Time:=   51262                  
      Launch Clock:-    2000                  
         Data Path:-    2982                  
             Slack:=   46280                  

#-----------------------------------------------------------------------------------------------------------------------------------------------
#                             Timing Point                              Flags    Arc   Edge   Cell     Fanout Load Trans Delay Arrival Instance 
#                                                                                                             (fF)  (ps)  (ps)   (ps)  Location 
#-----------------------------------------------------------------------------------------------------------------------------------------------
  u_DCT/IDRU8/Count_reg[0]/CK                                           -       -      R     (arrival)     15    -     0     -    2000    (-,-) 
  u_DCT/IDRU8/Count_reg[0]/Q                                            -       CK->Q  F     SDFF_X2        3 10.2    78   360    2360    (-,-) 
  u_DCT/IDRU8/g5849/ZN                                                  -       A->ZN  R     INV_X4         5 15.8    47    95    2454    (-,-) 
  u_DCT/IDRU8/g5847/ZN                                                  -       A->ZN  F     INV_X2         3 15.8    23    51    2505    (-,-) 
  u_DCT/IDRU8/g5813__5795/ZN                                            -       A1->ZN R     NAND3_X4       3 16.1    60    74    2579    (-,-) 
  u_DCT/IDRU8/g5778/ZN                                                  -       A->ZN  F     INV_X4        17 36.3    28    59    2638    (-,-) 
  u_DCT/IDRU8/g5733__2900/ZN                                            -       B1->ZN R     AOI21_X1       1  4.7   135   158    2796    (-,-) 
  u_DCT/IDRU8/g5625__5266/ZN                                            -       A3->ZN F     NAND4_X2       4 10.2    75   157    2953    (-,-) 
  u_DCT/IDRU8/add_86_45_g744__4296/ZN                                   -       A1->ZN F     OR2_X1         2  4.8    38   214    3167    (-,-) 
  u_DCT/IDRU8/add_86_45_g691__7118/ZN                                   -       A2->ZN R     NAND2_X1       1  4.3    53    87    3254    (-,-) 
  u_DCT/IDRU8/add_86_45_g688__2900/ZN                                   -       A1->ZN F     NAND2_X2       2  5.5    24    52    3306    (-,-) 
  u_DCT/IDRU8/add_86_45_g686__1309/ZN                                   -       A1->ZN R     NAND2_X1       1  4.3    53    72    3378    (-,-) 
  u_DCT/IDRU8/add_86_45_g684__9682/ZN                                   -       A1->ZN F     NAND2_X2       3  7.6    28    58    3436    (-,-) 
  u_DCT/IDRU8/add_86_45_g680__4296/ZN                                   -       A1->ZN R     NAND3_X1       1  4.2    60    77    3513    (-,-) 
  u_DCT/IDRU8/add_86_45_g679__8780/ZN                                   -       A1->ZN F     NAND3_X2       2  5.5    37    72    3585    (-,-) 
  u_DCT/IDRU8/add_86_45_g677__1857/ZN                                   -       A1->ZN R     NAND2_X1       1  4.3    53    79    3664    (-,-) 
  u_DCT/IDRU8/add_86_45_g675__1840/ZN                                   -       A1->ZN F     NAND2_X2       2  5.5    24    52    3716    (-,-) 
  u_DCT/IDRU8/add_86_45_g674__7344/ZN                                   -       A1->ZN R     NAND2_X1       1  2.9    42    60    3775    (-,-) 
  u_DCT/IDRU8/add_86_45_g672__2703/ZN                                   -       A1->ZN F     NAND2_X1       2  4.8    30    58    3833    (-,-) 
  u_DCT/IDRU8/add_86_45_g671__6083/ZN                                   -       A1->ZN F     AND2_X1        3  6.2    28   119    3953    (-,-) 
  u_DCT/IDRU8/add_86_45_g669__5266/ZN                                   -       A1->ZN R     NAND2_X1       1  4.6    56    76    4028    (-,-) 
  u_DCT/IDRU8/add_86_45_g666__5953/ZN                                   -       A->ZN  F     OAI211_X2      2  6.8    71    97    4126    (-,-) 
  u_DCT/IDRU8/add_86_45_g664__8757/ZN                                   -       A1->ZN R     NAND2_X2       2  6.8    47    92    4217    (-,-) 
  u_DCT/IDRU8/add_86_45_g660__2900/ZN                                   -       A1->ZN F     NAND2_X1       1  3.4    28    53    4270    (-,-) 
  u_DCT/IDRU8/add_86_45_g657__2683/ZN                                   -       A->ZN  F     XNOR2_X1       1  2.2    27   125    4396    (-,-) 
  u_DCT/IDRU8/g5253__1786/Z                                             -       A->Z   F     MUX2_X1        2  4.3    41   241    4637    (-,-) 
  u_DCT/IDRU8/g5115__4547/Z                                             -       A->Z   F     MUX2_X1        1  2.8    37   239    4876    (-,-) 
  u_DCT/g3862/ZN                                                        -       A->ZN  R     INV_X1         1  2.9    33    61    4937    (-,-) 
  u_DCT/g3742/ZN                                                        -       B1->ZN F     OAI21_X1       1  2.6    30    45    4982    (-,-) 
  u_DCT/tposemem_Bisted_RF_2P_ADV64x16_RF_2P_ADV64x16_u0_SRAM_i0/DB[11] (P)     -      F     rf_2p_hse      1    -     -     0    4982    (-,-) 
#-----------------------------------------------------------------------------------------------------------------------------------------------

(P) : Instance is preserved



Path 26: MET (46318 ps) Setup Check with Pin u_DCT/tposemem_Bisted_RF_2P_ADV64x16_RF_2P_ADV64x16_u0_SRAM_i0/CLKB->DB[9]
           Mode: scan_mode
          Group: C2C_scan_mode
     Startpoint: (R) u_DCT/IDRU8/Count_reg[0]/CK
          Clock: (R) CLK1
       Endpoint: (F) u_DCT/tposemem_Bisted_RF_2P_ADV64x16_RF_2P_ADV64x16_u0_SRAM_i0/DB[9]
          Clock: (F) CLK1

                     Capture       Launch     
        Clock Edge:+   50000            0     
       Src Latency:+       0            0     
       Net Latency:+    2000 (I)     2000 (I) 
           Arrival:=   52000         2000     
                                              
             Setup:-     238                  
       Uncertainty:-     500                  
     Required Time:=   51262                  
      Launch Clock:-    2000                  
         Data Path:-    2944                  
             Slack:=   46318                  

#----------------------------------------------------------------------------------------------------------------------------------------------
#                            Timing Point                              Flags    Arc   Edge   Cell     Fanout Load Trans Delay Arrival Instance 
#                                                                                                            (fF)  (ps)  (ps)   (ps)  Location 
#----------------------------------------------------------------------------------------------------------------------------------------------
  u_DCT/IDRU8/Count_reg[0]/CK                                          -       -      R     (arrival)     15    -     0     -    2000    (-,-) 
  u_DCT/IDRU8/Count_reg[0]/Q                                           -       CK->Q  F     SDFF_X2        3 10.2    78   360    2360    (-,-) 
  u_DCT/IDRU8/g5849/ZN                                                 -       A->ZN  R     INV_X4         5 15.8    47    95    2454    (-,-) 
  u_DCT/IDRU8/g5847/ZN                                                 -       A->ZN  F     INV_X2         3 15.8    23    51    2505    (-,-) 
  u_DCT/IDRU8/g5813__5795/ZN                                           -       A1->ZN R     NAND3_X4       3 16.1    60    74    2579    (-,-) 
  u_DCT/IDRU8/g5778/ZN                                                 -       A->ZN  F     INV_X4        17 36.3    28    59    2638    (-,-) 
  u_DCT/IDRU8/g5733__2900/ZN                                           -       B1->ZN R     AOI21_X1       1  4.7   135   158    2796    (-,-) 
  u_DCT/IDRU8/g5625__5266/ZN                                           -       A3->ZN F     NAND4_X2       4 10.2    75   157    2953    (-,-) 
  u_DCT/IDRU8/add_86_45_g744__4296/ZN                                  -       A1->ZN F     OR2_X1         2  4.8    38   214    3167    (-,-) 
  u_DCT/IDRU8/add_86_45_g691__7118/ZN                                  -       A2->ZN R     NAND2_X1       1  4.3    53    87    3254    (-,-) 
  u_DCT/IDRU8/add_86_45_g688__2900/ZN                                  -       A1->ZN F     NAND2_X2       2  5.5    24    52    3306    (-,-) 
  u_DCT/IDRU8/add_86_45_g686__1309/ZN                                  -       A1->ZN R     NAND2_X1       1  4.3    53    72    3378    (-,-) 
  u_DCT/IDRU8/add_86_45_g684__9682/ZN                                  -       A1->ZN F     NAND2_X2       3  7.6    28    58    3436    (-,-) 
  u_DCT/IDRU8/add_86_45_g680__4296/ZN                                  -       A1->ZN R     NAND3_X1       1  4.2    60    77    3513    (-,-) 
  u_DCT/IDRU8/add_86_45_g679__8780/ZN                                  -       A1->ZN F     NAND3_X2       2  5.5    37    72    3585    (-,-) 
  u_DCT/IDRU8/add_86_45_g677__1857/ZN                                  -       A1->ZN R     NAND2_X1       1  4.3    53    79    3664    (-,-) 
  u_DCT/IDRU8/add_86_45_g675__1840/ZN                                  -       A1->ZN F     NAND2_X2       2  5.5    24    52    3716    (-,-) 
  u_DCT/IDRU8/add_86_45_g674__7344/ZN                                  -       A1->ZN R     NAND2_X1       1  2.9    42    60    3775    (-,-) 
  u_DCT/IDRU8/add_86_45_g672__2703/ZN                                  -       A1->ZN F     NAND2_X1       2  4.8    30    58    3833    (-,-) 
  u_DCT/IDRU8/add_86_45_g671__6083/ZN                                  -       A1->ZN F     AND2_X1        3  6.2    28   119    3953    (-,-) 
  u_DCT/IDRU8/add_86_45_g667__5703/ZN                                  -       B1->ZN R     AOI21_X1       2  5.7   153   178    4130    (-,-) 
  u_DCT/IDRU8/add_86_45_g661__2391/ZN                                  -       B1->ZN F     OAI21_X1       1  3.4    53    87    4217    (-,-) 
  u_DCT/IDRU8/add_86_45_g658__1309/ZN                                  -       A->ZN  F     XNOR2_X1       1  2.2    36   140    4357    (-,-) 
  u_DCT/IDRU8/g5249__2391/Z                                            -       A->Z   F     MUX2_X1        2  3.7    40   243    4600    (-,-) 
  u_DCT/IDRU8/g5111__8780/Z                                            -       A->Z   F     MUX2_X1        1  2.8    37   238    4838    (-,-) 
  u_DCT/g3857/ZN                                                       -       A->ZN  R     INV_X1         1  2.9    33    61    4899    (-,-) 
  u_DCT/g3743/ZN                                                       -       B1->ZN F     OAI21_X1       1  2.6    30    45    4944    (-,-) 
  u_DCT/tposemem_Bisted_RF_2P_ADV64x16_RF_2P_ADV64x16_u0_SRAM_i0/DB[9] (P)     -      F     rf_2p_hse      1    -     -     0    4944    (-,-) 
#----------------------------------------------------------------------------------------------------------------------------------------------

(P) : Instance is preserved



Path 27: MET (46333 ps) Setup Check with Pin u_IDCT/tposemem_Bisted_RF_2P_ADV64x16_RF_2P_ADV64x16_u0_SRAM_i0/CLKB->DB[9]
           Mode: scan_mode
          Group: C2C_scan_mode
     Startpoint: (R) d_DoDCT_reg/CK
          Clock: (R) CLK1
       Endpoint: (F) u_IDCT/tposemem_Bisted_RF_2P_ADV64x16_RF_2P_ADV64x16_u0_SRAM_i0/DB[9]
          Clock: (F) CLK1

                     Capture       Launch     
        Clock Edge:+   50000            0     
       Src Latency:+       0            0     
       Net Latency:+    2000 (I)     2000 (I) 
           Arrival:=   52000         2000     
                                              
             Setup:-     238                  
       Uncertainty:-     500                  
     Required Time:=   51262                  
      Launch Clock:-    2000                  
         Data Path:-    2929                  
             Slack:=   46333                  

#-----------------------------------------------------------------------------------------------------------------------------------------------
#                             Timing Point                              Flags    Arc   Edge   Cell     Fanout Load Trans Delay Arrival Instance 
#                                                                                                             (fF)  (ps)  (ps)   (ps)  Location 
#-----------------------------------------------------------------------------------------------------------------------------------------------
  d_DoDCT_reg/CK                                                        -       -      R     (arrival)    734    -     0     -    2000    (-,-) 
  d_DoDCT_reg/Q                                                         -       CK->Q  F     SDFF_X1        1  4.1    48   242    2242    (-,-) 
  g546/Z                                                                -       A->Z   F     BUF_X4         8 30.6    27   118    2359    (-,-) 
  g375/ZN                                                               -       A->ZN  R     INV_X8         7 28.2    38    62    2421    (-,-) 
  u_IDCT/IDRU8/g5749/ZN                                                 -       A->ZN  F     INV_X4         4 26.6    19    43    2464    (-,-) 
  u_IDCT/IDRU8/g5721/ZN                                                 -       A3->ZN R     NAND3_X4       2 11.0    50    75    2539    (-,-) 
  u_IDCT/IDRU8/g5715/ZN                                                 -       A->ZN  F     INV_X4        18 40.0    27    57    2596    (-,-) 
  u_IDCT/IDRU8/g5682/ZN                                                 -       A1->ZN R     AOI22_X2       1  2.2    82   105    2701    (-,-) 
  u_IDCT/IDRU8/g5612/ZN                                                 -       A1->ZN R     AND2_X1        1  2.9    36   127    2828    (-,-) 
  u_IDCT/IDRU8/g5573/ZN                                                 -       A2->ZN F     NAND3_X1       4 10.4    82   123    2951    (-,-) 
  u_IDCT/IDRU8/add_86_45_g754/ZN                                        -       A1->ZN F     OR2_X1         2  4.8    38   218    3169    (-,-) 
  u_IDCT/IDRU8/add_86_45_g694/ZN                                        -       A2->ZN R     NAND2_X1       1  4.3    53    87    3256    (-,-) 
  u_IDCT/IDRU8/add_86_45_g692/ZN                                        -       A1->ZN F     NAND2_X2       2  5.5    24    52    3308    (-,-) 
  u_IDCT/IDRU8/add_86_45_g689/ZN                                        -       A1->ZN R     NAND2_X1       1  4.3    53    72    3379    (-,-) 
  u_IDCT/IDRU8/add_86_45_g687/ZN                                        -       A1->ZN F     NAND2_X2       3  7.6    28    58    3438    (-,-) 
  u_IDCT/IDRU8/add_86_45_g683/ZN                                        -       A1->ZN R     NAND3_X1       1  2.9    50    66    3504    (-,-) 
  u_IDCT/IDRU8/add_86_45_g682/ZN                                        -       A1->ZN F     NAND2_X1       2  5.5    37    65    3568    (-,-) 
  u_IDCT/IDRU8/add_86_45_g680/ZN                                        -       A1->ZN R     NAND2_X1       1  2.9    42    67    3635    (-,-) 
  u_IDCT/IDRU8/add_86_45_g678/ZN                                        -       A1->ZN F     NAND2_X1       2  5.5    33    62    3697    (-,-) 
  u_IDCT/IDRU8/add_86_45_g677/ZN                                        -       A1->ZN R     NAND2_X1       1  2.9    42    64    3761    (-,-) 
  u_IDCT/IDRU8/add_86_45_g675/ZN                                        -       A1->ZN F     NAND2_X1       2  4.8    30    58    3819    (-,-) 
  u_IDCT/IDRU8/add_86_45_g674/ZN                                        -       A1->ZN F     AND2_X1        3  6.2    28   119    3938    (-,-) 
  u_IDCT/IDRU8/add_86_45_g670/ZN                                        -       B1->ZN R     AOI21_X1       2  5.7   153   178    4116    (-,-) 
  u_IDCT/IDRU8/add_86_45_g664/ZN                                        -       B1->ZN F     OAI21_X1       1  3.4    53    87    4203    (-,-) 
  u_IDCT/IDRU8/add_86_45_g659/ZN                                        -       A->ZN  F     XNOR2_X1       1  2.2    36   140    4343    (-,-) 
  u_IDCT/IDRU8/g5183/Z                                                  -       A->Z   F     MUX2_X1        2  3.7    40   243    4585    (-,-) 
  u_IDCT/IDRU8/g5050/Z                                                  -       A->Z   F     MUX2_X1        1  2.8    37   238    4823    (-,-) 
  u_IDCT/g3857/ZN                                                       -       A->ZN  R     INV_X1         1  2.9    33    61    4885    (-,-) 
  u_IDCT/g3743/ZN                                                       -       B1->ZN F     OAI21_X1       1  2.6    30    45    4929    (-,-) 
  u_IDCT/tposemem_Bisted_RF_2P_ADV64x16_RF_2P_ADV64x16_u0_SRAM_i0/DB[9] (P)     -      F     rf_2p_hse      1    -     -     0    4929    (-,-) 
#-----------------------------------------------------------------------------------------------------------------------------------------------

(P) : Instance is preserved



Path 28: MET (46393 ps) Setup Check with Pin u_DCT/tposemem_Bisted_RF_2P_ADV64x16_RF_2P_ADV64x16_u0_SRAM_i0/CLKB->DB[10]
           Mode: scan_mode
          Group: C2C_scan_mode
     Startpoint: (R) u_DCT/IDRU8/Count_reg[0]/CK
          Clock: (R) CLK1
       Endpoint: (F) u_DCT/tposemem_Bisted_RF_2P_ADV64x16_RF_2P_ADV64x16_u0_SRAM_i0/DB[10]
          Clock: (F) CLK1

                     Capture       Launch     
        Clock Edge:+   50000            0     
       Src Latency:+       0            0     
       Net Latency:+    2000 (I)     2000 (I) 
           Arrival:=   52000         2000     
                                              
             Setup:-     238                  
       Uncertainty:-     500                  
     Required Time:=   51262                  
      Launch Clock:-    2000                  
         Data Path:-    2869                  
             Slack:=   46393                  

#-----------------------------------------------------------------------------------------------------------------------------------------------
#                             Timing Point                              Flags    Arc   Edge   Cell     Fanout Load Trans Delay Arrival Instance 
#                                                                                                             (fF)  (ps)  (ps)   (ps)  Location 
#-----------------------------------------------------------------------------------------------------------------------------------------------
  u_DCT/IDRU8/Count_reg[0]/CK                                           -       -      R     (arrival)     15    -     0     -    2000    (-,-) 
  u_DCT/IDRU8/Count_reg[0]/Q                                            -       CK->Q  F     SDFF_X2        3 10.2    78   360    2360    (-,-) 
  u_DCT/IDRU8/g5849/ZN                                                  -       A->ZN  R     INV_X4         5 15.8    47    95    2454    (-,-) 
  u_DCT/IDRU8/g5847/ZN                                                  -       A->ZN  F     INV_X2         3 15.8    23    51    2505    (-,-) 
  u_DCT/IDRU8/g5813__5795/ZN                                            -       A1->ZN R     NAND3_X4       3 16.1    60    74    2579    (-,-) 
  u_DCT/IDRU8/g5778/ZN                                                  -       A->ZN  F     INV_X4        17 36.3    28    59    2638    (-,-) 
  u_DCT/IDRU8/g5733__2900/ZN                                            -       B1->ZN R     AOI21_X1       1  4.7   135   158    2796    (-,-) 
  u_DCT/IDRU8/g5625__5266/ZN                                            -       A3->ZN F     NAND4_X2       4 10.2    75   157    2953    (-,-) 
  u_DCT/IDRU8/add_86_45_g744__4296/ZN                                   -       A1->ZN F     OR2_X1         2  4.8    38   214    3167    (-,-) 
  u_DCT/IDRU8/add_86_45_g691__7118/ZN                                   -       A2->ZN R     NAND2_X1       1  4.3    53    87    3254    (-,-) 
  u_DCT/IDRU8/add_86_45_g688__2900/ZN                                   -       A1->ZN F     NAND2_X2       2  5.5    24    52    3306    (-,-) 
  u_DCT/IDRU8/add_86_45_g686__1309/ZN                                   -       A1->ZN R     NAND2_X1       1  4.3    53    72    3378    (-,-) 
  u_DCT/IDRU8/add_86_45_g684__9682/ZN                                   -       A1->ZN F     NAND2_X2       3  7.6    28    58    3436    (-,-) 
  u_DCT/IDRU8/add_86_45_g680__4296/ZN                                   -       A1->ZN R     NAND3_X1       1  4.2    60    77    3513    (-,-) 
  u_DCT/IDRU8/add_86_45_g679__8780/ZN                                   -       A1->ZN F     NAND3_X2       2  5.5    37    72    3585    (-,-) 
  u_DCT/IDRU8/add_86_45_g677__1857/ZN                                   -       A1->ZN R     NAND2_X1       1  4.3    53    79    3664    (-,-) 
  u_DCT/IDRU8/add_86_45_g675__1840/ZN                                   -       A1->ZN F     NAND2_X2       2  5.5    24    52    3716    (-,-) 
  u_DCT/IDRU8/add_86_45_g674__7344/ZN                                   -       A1->ZN R     NAND2_X1       1  2.9    42    60    3775    (-,-) 
  u_DCT/IDRU8/add_86_45_g672__2703/ZN                                   -       A1->ZN F     NAND2_X1       2  4.8    30    58    3833    (-,-) 
  u_DCT/IDRU8/add_86_45_g671__6083/ZN                                   -       A1->ZN F     AND2_X1        3  6.2    28   119    3953    (-,-) 
  u_DCT/IDRU8/add_86_45_g669__5266/ZN                                   -       A1->ZN R     NAND2_X1       1  4.6    56    76    4028    (-,-) 
  u_DCT/IDRU8/add_86_45_g666__5953/ZN                                   -       A->ZN  F     OAI211_X2      2  6.8    71    97    4126    (-,-) 
  u_DCT/IDRU8/add_86_45_g662__7675/ZN                                   -       A->ZN  F     XNOR2_X1       1  2.2    38   151    4277    (-,-) 
  u_DCT/IDRU8/g5248__2900/Z                                             -       A->Z   F     MUX2_X1        2  4.3    41   248    4524    (-,-) 
  u_DCT/IDRU8/g5110__9906/Z                                             -       A->Z   F     MUX2_X1        1  2.8    37   239    4763    (-,-) 
  u_DCT/g3858/ZN                                                        -       A->ZN  R     INV_X1         1  2.9    33    61    4824    (-,-) 
  u_DCT/g3741/ZN                                                        -       B1->ZN F     OAI21_X1       1  2.6    30    45    4869    (-,-) 
  u_DCT/tposemem_Bisted_RF_2P_ADV64x16_RF_2P_ADV64x16_u0_SRAM_i0/DB[10] (P)     -      F     rf_2p_hse      1    -     -     0    4869    (-,-) 
#-----------------------------------------------------------------------------------------------------------------------------------------------

(P) : Instance is preserved



Path 29: MET (46409 ps) Setup Check with Pin u_IDCT/tposemem_Bisted_RF_2P_ADV64x16_RF_2P_ADV64x16_u0_SRAM_i0/CLKB->DB[11]
           Mode: scan_mode
          Group: C2C_scan_mode
     Startpoint: (R) d_DoDCT_reg/CK
          Clock: (R) CLK1
       Endpoint: (R) u_IDCT/tposemem_Bisted_RF_2P_ADV64x16_RF_2P_ADV64x16_u0_SRAM_i0/DB[11]
          Clock: (F) CLK1

                     Capture       Launch     
        Clock Edge:+   50000            0     
       Src Latency:+       0            0     
       Net Latency:+    2000 (I)     2000 (I) 
           Arrival:=   52000         2000     
                                              
             Setup:-     263                  
       Uncertainty:-     500                  
     Required Time:=   51237                  
      Launch Clock:-    2000                  
         Data Path:-    2828                  
             Slack:=   46409                  

#------------------------------------------------------------------------------------------------------------------------------------------------
#                             Timing Point                               Flags    Arc   Edge   Cell     Fanout Load Trans Delay Arrival Instance 
#                                                                                                              (fF)  (ps)  (ps)   (ps)  Location 
#------------------------------------------------------------------------------------------------------------------------------------------------
  d_DoDCT_reg/CK                                                         -       -      R     (arrival)    734    -     0     -    2000    (-,-) 
  d_DoDCT_reg/Q                                                          -       CK->Q  F     SDFF_X1        1  4.1    48   242    2242    (-,-) 
  g546/Z                                                                 -       A->Z   F     BUF_X4         8 30.6    27   118    2359    (-,-) 
  g375/ZN                                                                -       A->ZN  R     INV_X8         7 28.2    38    62    2421    (-,-) 
  u_IDCT/IDRU8/g5749/ZN                                                  -       A->ZN  F     INV_X4         4 26.6    19    43    2464    (-,-) 
  u_IDCT/IDRU8/g5721/ZN                                                  -       A3->ZN R     NAND3_X4       2 11.0    50    75    2539    (-,-) 
  u_IDCT/IDRU8/g5715/ZN                                                  -       A->ZN  F     INV_X4        18 40.0    27    57    2596    (-,-) 
  u_IDCT/IDRU8/g5682/ZN                                                  -       A1->ZN R     AOI22_X2       1  2.2    82   105    2701    (-,-) 
  u_IDCT/IDRU8/g5612/ZN                                                  -       A1->ZN R     AND2_X1        1  2.9    36   127    2828    (-,-) 
  u_IDCT/IDRU8/g5573/ZN                                                  -       A2->ZN F     NAND3_X1       4 10.4    82   123    2951    (-,-) 
  u_IDCT/IDRU8/add_86_45_g754/ZN                                         -       A1->ZN F     OR2_X1         2  4.8    38   218    3169    (-,-) 
  u_IDCT/IDRU8/add_86_45_g694/ZN                                         -       A2->ZN R     NAND2_X1       1  4.3    53    87    3256    (-,-) 
  u_IDCT/IDRU8/add_86_45_g692/ZN                                         -       A1->ZN F     NAND2_X2       2  5.5    24    52    3308    (-,-) 
  u_IDCT/IDRU8/add_86_45_g689/ZN                                         -       A1->ZN R     NAND2_X1       1  4.3    53    72    3379    (-,-) 
  u_IDCT/IDRU8/add_86_45_g687/ZN                                         -       A1->ZN F     NAND2_X2       3  7.6    28    58    3438    (-,-) 
  u_IDCT/IDRU8/add_86_45_g683/ZN                                         -       A1->ZN R     NAND3_X1       1  2.9    50    66    3504    (-,-) 
  u_IDCT/IDRU8/add_86_45_g682/ZN                                         -       A1->ZN F     NAND2_X1       2  5.5    37    65    3568    (-,-) 
  u_IDCT/IDRU8/add_86_45_g680/ZN                                         -       A1->ZN R     NAND2_X1       1  2.9    42    67    3635    (-,-) 
  u_IDCT/IDRU8/add_86_45_g678/ZN                                         -       A1->ZN F     NAND2_X1       2  5.5    33    62    3697    (-,-) 
  u_IDCT/IDRU8/add_86_45_g677/ZN                                         -       A1->ZN R     NAND2_X1       1  2.9    42    64    3761    (-,-) 
  u_IDCT/IDRU8/add_86_45_g675/ZN                                         -       A1->ZN F     NAND2_X1       2  4.8    30    58    3819    (-,-) 
  u_IDCT/IDRU8/add_86_45_g674/ZN                                         -       A1->ZN F     AND2_X1        3  6.2    28   119    3938    (-,-) 
  u_IDCT/IDRU8/add_86_45_g672/ZN                                         -       A1->ZN R     NAND2_X1       1  4.4    54    74    4012    (-,-) 
  u_IDCT/IDRU8/add_86_45_g669/ZN                                         -       B->ZN  F     OAI211_X2      2  5.5    68    91    4104    (-,-) 
  u_IDCT/IDRU8/add_86_45_g667/ZN                                         -       A1->ZN R     NAND2_X1       2  5.1    60   104    4208    (-,-) 
  u_IDCT/IDRU8/add_86_45_g662/ZN                                         -       A1->ZN F     NAND2_X1       1  3.4    28    58    4266    (-,-) 
  u_IDCT/IDRU8/add_86_45_g658/ZN                                         -       A->ZN  R     XNOR2_X1       1  2.9    93   127    4392    (-,-) 
  u_IDCT/IDRU8/g5201/ZN                                                  -       A1->ZN F     AOI22_X1       2  4.2    72    79    4471    (-,-) 
  u_IDCT/IDRU8/g5060/ZN                                                  -       B1->ZN R     OAI22_X1       1  2.9   128   189    4660    (-,-) 
  u_IDCT/g3862/ZN                                                        -       A->ZN  F     INV_X1         1  2.7    31    48    4708    (-,-) 
  u_IDCT/g3742/ZN                                                        -       B1->ZN R     OAI21_X1       1  2.6    86   121    4828    (-,-) 
  u_IDCT/tposemem_Bisted_RF_2P_ADV64x16_RF_2P_ADV64x16_u0_SRAM_i0/DB[11] (P)     -      R     rf_2p_hse      1    -     -     0    4828    (-,-) 
#------------------------------------------------------------------------------------------------------------------------------------------------

(P) : Instance is preserved



Path 30: MET (46412 ps) Setup Check with Pin u_DCT/tposemem_Bisted_RF_2P_ADV64x16_RF_2P_ADV64x16_u0_SRAM_i0/CLKB->DB[7]
           Mode: scan_mode
          Group: C2C_scan_mode
     Startpoint: (R) u_DCT/IDRU8/Count_reg[0]/CK
          Clock: (R) CLK1
       Endpoint: (F) u_DCT/tposemem_Bisted_RF_2P_ADV64x16_RF_2P_ADV64x16_u0_SRAM_i0/DB[7]
          Clock: (F) CLK1

                     Capture       Launch     
        Clock Edge:+   50000            0     
       Src Latency:+       0            0     
       Net Latency:+    2000 (I)     2000 (I) 
           Arrival:=   52000         2000     
                                              
             Setup:-     238                  
       Uncertainty:-     500                  
     Required Time:=   51262                  
      Launch Clock:-    2000                  
         Data Path:-    2850                  
             Slack:=   46412                  

#----------------------------------------------------------------------------------------------------------------------------------------------
#                            Timing Point                              Flags    Arc   Edge   Cell     Fanout Load Trans Delay Arrival Instance 
#                                                                                                            (fF)  (ps)  (ps)   (ps)  Location 
#----------------------------------------------------------------------------------------------------------------------------------------------
  u_DCT/IDRU8/Count_reg[0]/CK                                          -       -      R     (arrival)     15    -     0     -    2000    (-,-) 
  u_DCT/IDRU8/Count_reg[0]/Q                                           -       CK->Q  F     SDFF_X2        3 10.2    78   360    2360    (-,-) 
  u_DCT/IDRU8/g5849/ZN                                                 -       A->ZN  R     INV_X4         5 15.8    47    95    2454    (-,-) 
  u_DCT/IDRU8/g5847/ZN                                                 -       A->ZN  F     INV_X2         3 15.8    23    51    2505    (-,-) 
  u_DCT/IDRU8/g5813__5795/ZN                                           -       A1->ZN R     NAND3_X4       3 16.1    60    74    2579    (-,-) 
  u_DCT/IDRU8/g5778/ZN                                                 -       A->ZN  F     INV_X4        17 36.3    28    59    2638    (-,-) 
  u_DCT/IDRU8/g5733__2900/ZN                                           -       B1->ZN R     AOI21_X1       1  4.7   135   158    2796    (-,-) 
  u_DCT/IDRU8/g5625__5266/ZN                                           -       A3->ZN F     NAND4_X2       4 10.2    75   157    2953    (-,-) 
  u_DCT/IDRU8/add_86_45_g744__4296/ZN                                  -       A1->ZN F     OR2_X1         2  4.8    38   214    3167    (-,-) 
  u_DCT/IDRU8/add_86_45_g691__7118/ZN                                  -       A2->ZN R     NAND2_X1       1  4.3    53    87    3254    (-,-) 
  u_DCT/IDRU8/add_86_45_g688__2900/ZN                                  -       A1->ZN F     NAND2_X2       2  5.5    24    52    3306    (-,-) 
  u_DCT/IDRU8/add_86_45_g686__1309/ZN                                  -       A1->ZN R     NAND2_X1       1  4.3    53    72    3378    (-,-) 
  u_DCT/IDRU8/add_86_45_g684__9682/ZN                                  -       A1->ZN F     NAND2_X2       3  7.6    28    58    3436    (-,-) 
  u_DCT/IDRU8/add_86_45_g680__4296/ZN                                  -       A1->ZN R     NAND3_X1       1  4.2    60    77    3513    (-,-) 
  u_DCT/IDRU8/add_86_45_g679__8780/ZN                                  -       A1->ZN F     NAND3_X2       2  5.5    37    72    3585    (-,-) 
  u_DCT/IDRU8/add_86_45_g677__1857/ZN                                  -       A1->ZN R     NAND2_X1       1  4.3    53    79    3664    (-,-) 
  u_DCT/IDRU8/add_86_45_g675__1840/ZN                                  -       A1->ZN F     NAND2_X2       2  5.5    24    52    3716    (-,-) 
  u_DCT/IDRU8/add_86_45_g674__7344/ZN                                  -       A1->ZN R     NAND2_X1       1  2.9    42    60    3775    (-,-) 
  u_DCT/IDRU8/add_86_45_g672__2703/ZN                                  -       A1->ZN F     NAND2_X1       2  4.8    30    58    3833    (-,-) 
  u_DCT/IDRU8/add_86_45_g671__6083/ZN                                  -       A1->ZN F     AND2_X1        3  6.2    28   119    3953    (-,-) 
  u_DCT/IDRU8/add_86_45_g668__7114/ZN                                  -       A1->ZN F     OR2_X1         1  3.4    35   182    4135    (-,-) 
  u_DCT/IDRU8/add_86_45_g665__1786/ZN                                  -       A->ZN  F     XNOR2_X1       1  2.2    27   129    4264    (-,-) 
  u_DCT/IDRU8/g5251__7118/Z                                            -       A->Z   F     MUX2_X1        2  4.3    41   241    4505    (-,-) 
  u_DCT/IDRU8/g5114__1474/Z                                            -       A->Z   F     MUX2_X1        1  2.8    37   239    4744    (-,-) 
  u_DCT/g3860/ZN                                                       -       A->ZN  R     INV_X1         1  2.9    33    61    4805    (-,-) 
  u_DCT/g3766/ZN                                                       -       B1->ZN F     OAI21_X1       1  2.6    30    45    4850    (-,-) 
  u_DCT/tposemem_Bisted_RF_2P_ADV64x16_RF_2P_ADV64x16_u0_SRAM_i0/DB[7] (P)     -      F     rf_2p_hse      1    -     -     0    4850    (-,-) 
#----------------------------------------------------------------------------------------------------------------------------------------------

(P) : Instance is preserved



Path 31: MET (46418 ps) Setup Check with Pin u_IDCT/tposemem_Bisted_RF_2P_ADV64x16_RF_2P_ADV64x16_u0_SRAM_i0/CLKB->DB[10]
           Mode: scan_mode
          Group: C2C_scan_mode
     Startpoint: (R) d_DoDCT_reg/CK
          Clock: (R) CLK1
       Endpoint: (F) u_IDCT/tposemem_Bisted_RF_2P_ADV64x16_RF_2P_ADV64x16_u0_SRAM_i0/DB[10]
          Clock: (F) CLK1

                     Capture       Launch     
        Clock Edge:+   50000            0     
       Src Latency:+       0            0     
       Net Latency:+    2000 (I)     2000 (I) 
           Arrival:=   52000         2000     
                                              
             Setup:-     238                  
       Uncertainty:-     500                  
     Required Time:=   51262                  
      Launch Clock:-    2000                  
         Data Path:-    2843                  
             Slack:=   46418                  

#------------------------------------------------------------------------------------------------------------------------------------------------
#                             Timing Point                               Flags    Arc   Edge   Cell     Fanout Load Trans Delay Arrival Instance 
#                                                                                                              (fF)  (ps)  (ps)   (ps)  Location 
#------------------------------------------------------------------------------------------------------------------------------------------------
  d_DoDCT_reg/CK                                                         -       -      R     (arrival)    734    -     0     -    2000    (-,-) 
  d_DoDCT_reg/Q                                                          -       CK->Q  F     SDFF_X1        1  4.1    48   242    2242    (-,-) 
  g546/Z                                                                 -       A->Z   F     BUF_X4         8 30.6    27   118    2359    (-,-) 
  g375/ZN                                                                -       A->ZN  R     INV_X8         7 28.2    38    62    2421    (-,-) 
  u_IDCT/IDRU8/g5749/ZN                                                  -       A->ZN  F     INV_X4         4 26.6    19    43    2464    (-,-) 
  u_IDCT/IDRU8/g5721/ZN                                                  -       A3->ZN R     NAND3_X4       2 11.0    50    75    2539    (-,-) 
  u_IDCT/IDRU8/g5715/ZN                                                  -       A->ZN  F     INV_X4        18 40.0    27    57    2596    (-,-) 
  u_IDCT/IDRU8/g5682/ZN                                                  -       A1->ZN R     AOI22_X2       1  2.2    82   105    2701    (-,-) 
  u_IDCT/IDRU8/g5612/ZN                                                  -       A1->ZN R     AND2_X1        1  2.9    36   127    2828    (-,-) 
  u_IDCT/IDRU8/g5573/ZN                                                  -       A2->ZN F     NAND3_X1       4 10.4    82   123    2951    (-,-) 
  u_IDCT/IDRU8/add_86_45_g754/ZN                                         -       A1->ZN F     OR2_X1         2  4.8    38   218    3169    (-,-) 
  u_IDCT/IDRU8/add_86_45_g694/ZN                                         -       A2->ZN R     NAND2_X1       1  4.3    53    87    3256    (-,-) 
  u_IDCT/IDRU8/add_86_45_g692/ZN                                         -       A1->ZN F     NAND2_X2       2  5.5    24    52    3308    (-,-) 
  u_IDCT/IDRU8/add_86_45_g689/ZN                                         -       A1->ZN R     NAND2_X1       1  4.3    53    72    3379    (-,-) 
  u_IDCT/IDRU8/add_86_45_g687/ZN                                         -       A1->ZN F     NAND2_X2       3  7.6    28    58    3438    (-,-) 
  u_IDCT/IDRU8/add_86_45_g683/ZN                                         -       A1->ZN R     NAND3_X1       1  2.9    50    66    3504    (-,-) 
  u_IDCT/IDRU8/add_86_45_g682/ZN                                         -       A1->ZN F     NAND2_X1       2  5.5    37    65    3568    (-,-) 
  u_IDCT/IDRU8/add_86_45_g680/ZN                                         -       A1->ZN R     NAND2_X1       1  2.9    42    67    3635    (-,-) 
  u_IDCT/IDRU8/add_86_45_g678/ZN                                         -       A1->ZN F     NAND2_X1       2  5.5    33    62    3697    (-,-) 
  u_IDCT/IDRU8/add_86_45_g677/ZN                                         -       A1->ZN R     NAND2_X1       1  2.9    42    64    3761    (-,-) 
  u_IDCT/IDRU8/add_86_45_g675/ZN                                         -       A1->ZN F     NAND2_X1       2  4.8    30    58    3819    (-,-) 
  u_IDCT/IDRU8/add_86_45_g674/ZN                                         -       A1->ZN F     AND2_X1        3  6.2    28   119    3938    (-,-) 
  u_IDCT/IDRU8/add_86_45_g672/ZN                                         -       A1->ZN R     NAND2_X1       1  4.4    54    74    4012    (-,-) 
  u_IDCT/IDRU8/add_86_45_g669/ZN                                         -       B->ZN  F     OAI211_X2      2  5.5    68    91    4104    (-,-) 
  u_IDCT/IDRU8/add_86_45_g665/ZN                                         -       A->ZN  F     XNOR2_X1       1  2.2    35   149    4253    (-,-) 
  u_IDCT/IDRU8/g5184/Z                                                   -       A->Z   F     MUX2_X1        2  4.3    41   246    4499    (-,-) 
  u_IDCT/IDRU8/g5053/Z                                                   -       A->Z   F     MUX2_X1        1  2.8    37   239    4738    (-,-) 
  u_IDCT/g3858/ZN                                                        -       A->ZN  R     INV_X1         1  2.9    33    61    4799    (-,-) 
  u_IDCT/g3741/ZN                                                        -       B1->ZN F     OAI21_X1       1  2.6    30    45    4843    (-,-) 
  u_IDCT/tposemem_Bisted_RF_2P_ADV64x16_RF_2P_ADV64x16_u0_SRAM_i0/DB[10] (P)     -      F     rf_2p_hse      1    -     -     0    4843    (-,-) 
#------------------------------------------------------------------------------------------------------------------------------------------------

(P) : Instance is preserved



Path 32: MET (46426 ps) Setup Check with Pin u_IDCT/tposemem_Bisted_RF_2P_ADV64x16_RF_2P_ADV64x16_u0_SRAM_i0/CLKB->DB[7]
           Mode: scan_mode
          Group: C2C_scan_mode
     Startpoint: (R) d_DoDCT_reg/CK
          Clock: (R) CLK1
       Endpoint: (F) u_IDCT/tposemem_Bisted_RF_2P_ADV64x16_RF_2P_ADV64x16_u0_SRAM_i0/DB[7]
          Clock: (F) CLK1

                     Capture       Launch     
        Clock Edge:+   50000            0     
       Src Latency:+       0            0     
       Net Latency:+    2000 (I)     2000 (I) 
           Arrival:=   52000         2000     
                                              
             Setup:-     238                  
       Uncertainty:-     500                  
     Required Time:=   51262                  
      Launch Clock:-    2000                  
         Data Path:-    2836                  
             Slack:=   46426                  

#-----------------------------------------------------------------------------------------------------------------------------------------------
#                             Timing Point                              Flags    Arc   Edge   Cell     Fanout Load Trans Delay Arrival Instance 
#                                                                                                             (fF)  (ps)  (ps)   (ps)  Location 
#-----------------------------------------------------------------------------------------------------------------------------------------------
  d_DoDCT_reg/CK                                                        -       -      R     (arrival)    734    -     0     -    2000    (-,-) 
  d_DoDCT_reg/Q                                                         -       CK->Q  F     SDFF_X1        1  4.1    48   242    2242    (-,-) 
  g546/Z                                                                -       A->Z   F     BUF_X4         8 30.6    27   118    2359    (-,-) 
  g375/ZN                                                               -       A->ZN  R     INV_X8         7 28.2    38    62    2421    (-,-) 
  u_IDCT/IDRU8/g5749/ZN                                                 -       A->ZN  F     INV_X4         4 26.6    19    43    2464    (-,-) 
  u_IDCT/IDRU8/g5721/ZN                                                 -       A3->ZN R     NAND3_X4       2 11.0    50    75    2539    (-,-) 
  u_IDCT/IDRU8/g5715/ZN                                                 -       A->ZN  F     INV_X4        18 40.0    27    57    2596    (-,-) 
  u_IDCT/IDRU8/g5682/ZN                                                 -       A1->ZN R     AOI22_X2       1  2.2    82   105    2701    (-,-) 
  u_IDCT/IDRU8/g5612/ZN                                                 -       A1->ZN R     AND2_X1        1  2.9    36   127    2828    (-,-) 
  u_IDCT/IDRU8/g5573/ZN                                                 -       A2->ZN F     NAND3_X1       4 10.4    82   123    2951    (-,-) 
  u_IDCT/IDRU8/add_86_45_g754/ZN                                        -       A1->ZN F     OR2_X1         2  4.8    38   218    3169    (-,-) 
  u_IDCT/IDRU8/add_86_45_g694/ZN                                        -       A2->ZN R     NAND2_X1       1  4.3    53    87    3256    (-,-) 
  u_IDCT/IDRU8/add_86_45_g692/ZN                                        -       A1->ZN F     NAND2_X2       2  5.5    24    52    3308    (-,-) 
  u_IDCT/IDRU8/add_86_45_g689/ZN                                        -       A1->ZN R     NAND2_X1       1  4.3    53    72    3379    (-,-) 
  u_IDCT/IDRU8/add_86_45_g687/ZN                                        -       A1->ZN F     NAND2_X2       3  7.6    28    58    3438    (-,-) 
  u_IDCT/IDRU8/add_86_45_g683/ZN                                        -       A1->ZN R     NAND3_X1       1  2.9    50    66    3504    (-,-) 
  u_IDCT/IDRU8/add_86_45_g682/ZN                                        -       A1->ZN F     NAND2_X1       2  5.5    37    65    3568    (-,-) 
  u_IDCT/IDRU8/add_86_45_g680/ZN                                        -       A1->ZN R     NAND2_X1       1  2.9    42    67    3635    (-,-) 
  u_IDCT/IDRU8/add_86_45_g678/ZN                                        -       A1->ZN F     NAND2_X1       2  5.5    33    62    3697    (-,-) 
  u_IDCT/IDRU8/add_86_45_g677/ZN                                        -       A1->ZN R     NAND2_X1       1  2.9    42    64    3761    (-,-) 
  u_IDCT/IDRU8/add_86_45_g675/ZN                                        -       A1->ZN F     NAND2_X1       2  4.8    30    58    3819    (-,-) 
  u_IDCT/IDRU8/add_86_45_g674/ZN                                        -       A1->ZN F     AND2_X1        3  6.2    28   119    3938    (-,-) 
  u_IDCT/IDRU8/add_86_45_g671/ZN                                        -       A1->ZN F     OR2_X1         1  3.4    35   182    4121    (-,-) 
  u_IDCT/IDRU8/add_86_45_g668/ZN                                        -       A->ZN  F     XNOR2_X1       1  2.2    27   129    4250    (-,-) 
  u_IDCT/IDRU8/g5202/Z                                                  -       A->Z   F     MUX2_X1        2  4.3    41   241    4491    (-,-) 
  u_IDCT/IDRU8/g5049/Z                                                  -       A->Z   F     MUX2_X1        1  2.8    37   239    4730    (-,-) 
  u_IDCT/g3860/ZN                                                       -       A->ZN  R     INV_X1         1  2.9    33    61    4791    (-,-) 
  u_IDCT/g3765/ZN                                                       -       B1->ZN F     OAI21_X1       1  2.6    30    45    4836    (-,-) 
  u_IDCT/tposemem_Bisted_RF_2P_ADV64x16_RF_2P_ADV64x16_u0_SRAM_i0/DB[7] (P)     -      F     rf_2p_hse      1    -     -     0    4836    (-,-) 
#-----------------------------------------------------------------------------------------------------------------------------------------------

(P) : Instance is preserved



Path 33: MET (46460 ps) Setup Check with Pin u_DCT/tposemem_Bisted_RF_2P_ADV64x16_RF_2P_ADV64x16_u0_SRAM_i0/CLKB->DB[8]
           Mode: scan_mode
          Group: C2C_scan_mode
     Startpoint: (R) u_DCT/IDRU8/Count_reg[0]/CK
          Clock: (R) CLK1
       Endpoint: (F) u_DCT/tposemem_Bisted_RF_2P_ADV64x16_RF_2P_ADV64x16_u0_SRAM_i0/DB[8]
          Clock: (F) CLK1

                     Capture       Launch     
        Clock Edge:+   50000            0     
       Src Latency:+       0            0     
       Net Latency:+    2000 (I)     2000 (I) 
           Arrival:=   52000         2000     
                                              
             Setup:-     238                  
       Uncertainty:-     500                  
     Required Time:=   51262                  
      Launch Clock:-    2000                  
         Data Path:-    2802                  
             Slack:=   46460                  

#----------------------------------------------------------------------------------------------------------------------------------------------
#                            Timing Point                              Flags    Arc   Edge   Cell     Fanout Load Trans Delay Arrival Instance 
#                                                                                                            (fF)  (ps)  (ps)   (ps)  Location 
#----------------------------------------------------------------------------------------------------------------------------------------------
  u_DCT/IDRU8/Count_reg[0]/CK                                          -       -      R     (arrival)     15    -     0     -    2000    (-,-) 
  u_DCT/IDRU8/Count_reg[0]/Q                                           -       CK->Q  F     SDFF_X2        3 10.2    78   360    2360    (-,-) 
  u_DCT/IDRU8/g5849/ZN                                                 -       A->ZN  R     INV_X4         5 15.8    47    95    2454    (-,-) 
  u_DCT/IDRU8/g5847/ZN                                                 -       A->ZN  F     INV_X2         3 15.8    23    51    2505    (-,-) 
  u_DCT/IDRU8/g5813__5795/ZN                                           -       A1->ZN R     NAND3_X4       3 16.1    60    74    2579    (-,-) 
  u_DCT/IDRU8/g5778/ZN                                                 -       A->ZN  F     INV_X4        17 36.3    28    59    2638    (-,-) 
  u_DCT/IDRU8/g5733__2900/ZN                                           -       B1->ZN R     AOI21_X1       1  4.7   135   158    2796    (-,-) 
  u_DCT/IDRU8/g5625__5266/ZN                                           -       A3->ZN F     NAND4_X2       4 10.2    75   157    2953    (-,-) 
  u_DCT/IDRU8/add_86_45_g744__4296/ZN                                  -       A1->ZN F     OR2_X1         2  4.8    38   214    3167    (-,-) 
  u_DCT/IDRU8/add_86_45_g691__7118/ZN                                  -       A2->ZN R     NAND2_X1       1  4.3    53    87    3254    (-,-) 
  u_DCT/IDRU8/add_86_45_g688__2900/ZN                                  -       A1->ZN F     NAND2_X2       2  5.5    24    52    3306    (-,-) 
  u_DCT/IDRU8/add_86_45_g686__1309/ZN                                  -       A1->ZN R     NAND2_X1       1  4.3    53    72    3378    (-,-) 
  u_DCT/IDRU8/add_86_45_g684__9682/ZN                                  -       A1->ZN F     NAND2_X2       3  7.6    28    58    3436    (-,-) 
  u_DCT/IDRU8/add_86_45_g680__4296/ZN                                  -       A1->ZN R     NAND3_X1       1  4.2    60    77    3513    (-,-) 
  u_DCT/IDRU8/add_86_45_g679__8780/ZN                                  -       A1->ZN F     NAND3_X2       2  5.5    37    72    3585    (-,-) 
  u_DCT/IDRU8/add_86_45_g677__1857/ZN                                  -       A1->ZN R     NAND2_X1       1  4.3    53    79    3664    (-,-) 
  u_DCT/IDRU8/add_86_45_g675__1840/ZN                                  -       A1->ZN F     NAND2_X2       2  5.5    24    52    3716    (-,-) 
  u_DCT/IDRU8/add_86_45_g674__7344/ZN                                  -       A1->ZN R     NAND2_X1       1  2.9    42    60    3775    (-,-) 
  u_DCT/IDRU8/add_86_45_g672__2703/ZN                                  -       A1->ZN F     NAND2_X1       2  4.8    30    58    3833    (-,-) 
  u_DCT/IDRU8/add_86_45_g671__6083/ZN                                  -       A1->ZN F     AND2_X1        3  6.2    28   119    3953    (-,-) 
  u_DCT/IDRU8/add_86_45_g667__5703/ZN                                  -       B1->ZN R     AOI21_X1       2  5.7   153   178    4130    (-,-) 
  u_DCT/IDRU8/add_86_45_g663__7118/ZN                                  -       A->ZN  F     XNOR2_X1       1  2.2    46    75    4206    (-,-) 
  u_DCT/IDRU8/g5252__8757/Z                                            -       A->Z   F     MUX2_X1        2  4.3    41   252    4457    (-,-) 
  u_DCT/IDRU8/g5112__4296/Z                                            -       A->Z   F     MUX2_X1        1  2.8    37   239    4696    (-,-) 
  u_DCT/g3859/ZN                                                       -       A->ZN  R     INV_X1         1  2.9    33    61    4757    (-,-) 
  u_DCT/g3744/ZN                                                       -       B1->ZN F     OAI21_X1       1  2.6    30    45    4802    (-,-) 
  u_DCT/tposemem_Bisted_RF_2P_ADV64x16_RF_2P_ADV64x16_u0_SRAM_i0/DB[8] (P)     -      F     rf_2p_hse      1    -     -     0    4802    (-,-) 
#----------------------------------------------------------------------------------------------------------------------------------------------

(P) : Instance is preserved



Path 34: MET (46474 ps) Setup Check with Pin u_IDCT/tposemem_Bisted_RF_2P_ADV64x16_RF_2P_ADV64x16_u0_SRAM_i0/CLKB->DB[8]
           Mode: scan_mode
          Group: C2C_scan_mode
     Startpoint: (R) d_DoDCT_reg/CK
          Clock: (R) CLK1
       Endpoint: (F) u_IDCT/tposemem_Bisted_RF_2P_ADV64x16_RF_2P_ADV64x16_u0_SRAM_i0/DB[8]
          Clock: (F) CLK1

                     Capture       Launch     
        Clock Edge:+   50000            0     
       Src Latency:+       0            0     
       Net Latency:+    2000 (I)     2000 (I) 
           Arrival:=   52000         2000     
                                              
             Setup:-     238                  
       Uncertainty:-     500                  
     Required Time:=   51262                  
      Launch Clock:-    2000                  
         Data Path:-    2788                  
             Slack:=   46474                  

#-----------------------------------------------------------------------------------------------------------------------------------------------
#                             Timing Point                              Flags    Arc   Edge   Cell     Fanout Load Trans Delay Arrival Instance 
#                                                                                                             (fF)  (ps)  (ps)   (ps)  Location 
#-----------------------------------------------------------------------------------------------------------------------------------------------
  d_DoDCT_reg/CK                                                        -       -      R     (arrival)    734    -     0     -    2000    (-,-) 
  d_DoDCT_reg/Q                                                         -       CK->Q  F     SDFF_X1        1  4.1    48   242    2242    (-,-) 
  g546/Z                                                                -       A->Z   F     BUF_X4         8 30.6    27   118    2359    (-,-) 
  g375/ZN                                                               -       A->ZN  R     INV_X8         7 28.2    38    62    2421    (-,-) 
  u_IDCT/IDRU8/g5749/ZN                                                 -       A->ZN  F     INV_X4         4 26.6    19    43    2464    (-,-) 
  u_IDCT/IDRU8/g5721/ZN                                                 -       A3->ZN R     NAND3_X4       2 11.0    50    75    2539    (-,-) 
  u_IDCT/IDRU8/g5715/ZN                                                 -       A->ZN  F     INV_X4        18 40.0    27    57    2596    (-,-) 
  u_IDCT/IDRU8/g5682/ZN                                                 -       A1->ZN R     AOI22_X2       1  2.2    82   105    2701    (-,-) 
  u_IDCT/IDRU8/g5612/ZN                                                 -       A1->ZN R     AND2_X1        1  2.9    36   127    2828    (-,-) 
  u_IDCT/IDRU8/g5573/ZN                                                 -       A2->ZN F     NAND3_X1       4 10.4    82   123    2951    (-,-) 
  u_IDCT/IDRU8/add_86_45_g754/ZN                                        -       A1->ZN F     OR2_X1         2  4.8    38   218    3169    (-,-) 
  u_IDCT/IDRU8/add_86_45_g694/ZN                                        -       A2->ZN R     NAND2_X1       1  4.3    53    87    3256    (-,-) 
  u_IDCT/IDRU8/add_86_45_g692/ZN                                        -       A1->ZN F     NAND2_X2       2  5.5    24    52    3308    (-,-) 
  u_IDCT/IDRU8/add_86_45_g689/ZN                                        -       A1->ZN R     NAND2_X1       1  4.3    53    72    3379    (-,-) 
  u_IDCT/IDRU8/add_86_45_g687/ZN                                        -       A1->ZN F     NAND2_X2       3  7.6    28    58    3438    (-,-) 
  u_IDCT/IDRU8/add_86_45_g683/ZN                                        -       A1->ZN R     NAND3_X1       1  2.9    50    66    3504    (-,-) 
  u_IDCT/IDRU8/add_86_45_g682/ZN                                        -       A1->ZN F     NAND2_X1       2  5.5    37    65    3568    (-,-) 
  u_IDCT/IDRU8/add_86_45_g680/ZN                                        -       A1->ZN R     NAND2_X1       1  2.9    42    67    3635    (-,-) 
  u_IDCT/IDRU8/add_86_45_g678/ZN                                        -       A1->ZN F     NAND2_X1       2  5.5    33    62    3697    (-,-) 
  u_IDCT/IDRU8/add_86_45_g677/ZN                                        -       A1->ZN R     NAND2_X1       1  2.9    42    64    3761    (-,-) 
  u_IDCT/IDRU8/add_86_45_g675/ZN                                        -       A1->ZN F     NAND2_X1       2  4.8    30    58    3819    (-,-) 
  u_IDCT/IDRU8/add_86_45_g674/ZN                                        -       A1->ZN F     AND2_X1        3  6.2    28   119    3938    (-,-) 
  u_IDCT/IDRU8/add_86_45_g670/ZN                                        -       B1->ZN R     AOI21_X1       2  5.7   153   178    4116    (-,-) 
  u_IDCT/IDRU8/add_86_45_g666/ZN                                        -       A->ZN  F     XNOR2_X1       1  2.2    46    75    4191    (-,-) 
  u_IDCT/IDRU8/g5185/Z                                                  -       A->Z   F     MUX2_X1        2  4.3    41   252    4443    (-,-) 
  u_IDCT/IDRU8/g5051/Z                                                  -       A->Z   F     MUX2_X1        1  2.8    37   239    4682    (-,-) 
  u_IDCT/g3859/ZN                                                       -       A->ZN  R     INV_X1         1  2.9    33    61    4743    (-,-) 
  u_IDCT/g3744/ZN                                                       -       B1->ZN F     OAI21_X1       1  2.6    30    45    4788    (-,-) 
  u_IDCT/tposemem_Bisted_RF_2P_ADV64x16_RF_2P_ADV64x16_u0_SRAM_i0/DB[8] (P)     -      F     rf_2p_hse      1    -     -     0    4788    (-,-) 
#-----------------------------------------------------------------------------------------------------------------------------------------------

(P) : Instance is preserved



Path 35: MET (46509 ps) Setup Check with Pin u_DCT/DRU/ToACF_reg[13]/CK->D
           Mode: scan_mode
          Group: C2C_scan_mode
     Startpoint: (R) u_DCT/tposemem_Bisted_RF_2P_ADV64x16_BistCtrl_i0_ST_MAL_i0_S17_reg/CK
          Clock: (F) CLK1
       Endpoint: (F) u_DCT/DRU/ToACF_reg[13]/D
          Clock: (R) CLK1

                     Capture       Launch     
        Clock Edge:+  100000        50000     
       Src Latency:+       0            0     
       Net Latency:+    2000 (I)     2000 (I) 
           Arrival:=  102000        52000     
                                              
             Setup:-     266                  
       Uncertainty:-     500                  
     Required Time:=  101234                  
      Launch Clock:-   52000                  
         Data Path:-    2725                  
             Slack:=   46509                  

#-----------------------------------------------------------------------------------------------------------------------------------------------
#                             Timing Point                              Flags    Arc   Edge   Cell     Fanout Load Trans Delay Arrival Instance 
#                                                                                                             (fF)  (ps)  (ps)   (ps)  Location 
#-----------------------------------------------------------------------------------------------------------------------------------------------
  u_DCT/tposemem_Bisted_RF_2P_ADV64x16_BistCtrl_i0_ST_MAL_i0_S17_reg/CK -       -      R     (arrival)      1    -     0     -   52000    (-,-) 
  u_DCT/tposemem_Bisted_RF_2P_ADV64x16_BistCtrl_i0_ST_MAL_i0_S17_reg/Q  -       CK->Q  R     SDFF_X1        2  4.4    49   203   52203    (-,-) 
  u_DCT/g3832/ZN                                                        -       A2->ZN F     NAND2_X1       2  4.7    33    62   52266    (-,-) 
  u_DCT/g3811/ZN                                                        -       A2->ZN R     NAND2_X1       2  4.4    54    85   52351    (-,-) 
  u_DCT/DRU/g2758__1786/ZN                                              -       A1->ZN R     AND2_X2        6 13.7    69   146   52496    (-,-) 
  u_DCT/DRU/add_58_47_g1155__5019/ZN                                    -       A2->ZN R     AND2_X1        2  6.0    63   149   52645    (-,-) 
  u_DCT/DRU/add_58_47_g1126__5019/ZN                                    -       A1->ZN F     NAND2_X1       1  2.8    27    55   52700    (-,-) 
  u_DCT/DRU/add_58_47_g1125__1840/ZN                                    -       A1->ZN R     NAND2_X1       2  5.7    68    85   52786    (-,-) 
  u_DCT/DRU/add_58_47_g1123__5795/ZN                                    -       A1->ZN F     NAND2_X1       1  2.8    28    56   52842    (-,-) 
  u_DCT/DRU/add_58_47_g1121__6083/ZN                                    -       A1->ZN R     NAND2_X1       2  6.0    70    88   52930    (-,-) 
  u_DCT/DRU/add_58_47_g1120__2250/ZN                                    -       A2->ZN F     NAND2_X1       1  2.7    25    59   52989    (-,-) 
  u_DCT/DRU/add_58_47_g1118__7114/ZN                                    -       A2->ZN R     NAND2_X1       2  6.0    67    94   53083    (-,-) 
  u_DCT/DRU/add_58_47_g1117__5703/ZN                                    -       A1->ZN F     NAND2_X1       1  2.8    28    56   53139    (-,-) 
  u_DCT/DRU/add_58_47_g1115__1786/ZN                                    -       A1->ZN R     NAND2_X1       2  5.7    68    86   53225    (-,-) 
  u_DCT/DRU/add_58_47_g1114__8757/ZN                                    -       A1->ZN F     NAND2_X1       1  2.8    28    56   53281    (-,-) 
  u_DCT/DRU/add_58_47_g1112__7675/ZN                                    -       A1->ZN R     NAND2_X1       2  5.7    68    86   53367    (-,-) 
  u_DCT/DRU/add_58_47_g1111__2391/ZN                                    -       A1->ZN F     NAND2_X1       1  2.8    28    56   53423    (-,-) 
  u_DCT/DRU/add_58_47_g1109__6877/ZN                                    -       A1->ZN R     NAND2_X1       2  5.7    68    86   53509    (-,-) 
  u_DCT/DRU/add_58_47_g1108__1309/ZN                                    -       A1->ZN F     NAND2_X1       1  2.8    28    56   53565    (-,-) 
  u_DCT/DRU/add_58_47_g1106__9682/ZN                                    -       A1->ZN R     NAND2_X1       2  5.7    68    86   53651    (-,-) 
  u_DCT/DRU/add_58_47_g1105__4547/ZN                                    -       A1->ZN F     NAND2_X1       2  4.8    34    69   53720    (-,-) 
  u_DCT/DRU/add_58_47_g1102__4296/ZN                                    -       C1->ZN R     OAI211_X1      2  5.7   150   193   53913    (-,-) 
  u_DCT/DRU/add_58_47_g1100__9906/ZN                                    -       A1->ZN F     NAND2_X1       1  2.8    46    76   53989    (-,-) 
  u_DCT/DRU/add_58_47_g1098__5019/ZN                                    -       A1->ZN R     NAND2_X1       2  5.7    68    96   54084    (-,-) 
  u_DCT/DRU/add_58_47_g1097__1840/ZN                                    -       A1->ZN F     NAND2_X1       1  2.8    28    56   54141    (-,-) 
  u_DCT/DRU/add_58_47_g1095__5795/ZN                                    -       A1->ZN R     NAND2_X1       2  5.7    68    86   54227    (-,-) 
  u_DCT/DRU/add_58_47_g1094__2703/ZN                                    -       A1->ZN F     NAND2_X1       1  2.8    28    56   54283    (-,-) 
  u_DCT/DRU/add_58_47_g1092__2250/ZN                                    -       A1->ZN R     NAND2_X1       2  5.7    68    86   54369    (-,-) 
  u_DCT/DRU/add_58_47_g1090__5266/ZN                                    -       A->ZN  F     XNOR2_X1       1  2.7    33    59   54428    (-,-) 
  u_DCT/DRU/g2428__2683/ZN                                              -       A1->ZN R     AOI222_X1      1  2.9   216   247   54674    (-,-) 
  u_DCT/DRU/g2411/ZN                                                    -       A->ZN  F     INV_X1         1  2.3    46    50   54725    (-,-) 
  u_DCT/DRU/ToACF_reg[13]/D                                             -       -      F     SDFF_X1        1    -     -     0   54725    (-,-) 
#-----------------------------------------------------------------------------------------------------------------------------------------------



Path 36: MET (46519 ps) Setup Check with Pin u_IDCT/DRU/ToACF_reg[13]/CK->D
           Mode: scan_mode
          Group: C2C_scan_mode
     Startpoint: (R) u_IDCT/tposemem_Bisted_RF_2P_ADV64x16_BistCtrl_i0_ST_MAL_i0_S17_reg/CK
          Clock: (F) CLK1
       Endpoint: (F) u_IDCT/DRU/ToACF_reg[13]/D
          Clock: (R) CLK1

                     Capture       Launch     
        Clock Edge:+  100000        50000     
       Src Latency:+       0            0     
       Net Latency:+    2000 (I)     2000 (I) 
           Arrival:=  102000        52000     
                                              
             Setup:-     266                  
       Uncertainty:-     500                  
     Required Time:=  101234                  
      Launch Clock:-   52000                  
         Data Path:-    2716                  
             Slack:=   46519                  

#------------------------------------------------------------------------------------------------------------------------------------------------
#                             Timing Point                               Flags    Arc   Edge   Cell     Fanout Load Trans Delay Arrival Instance 
#                                                                                                              (fF)  (ps)  (ps)   (ps)  Location 
#------------------------------------------------------------------------------------------------------------------------------------------------
  u_IDCT/tposemem_Bisted_RF_2P_ADV64x16_BistCtrl_i0_ST_MAL_i0_S17_reg/CK -       -      R     (arrival)      1    -     0     -   52000    (-,-) 
  u_IDCT/tposemem_Bisted_RF_2P_ADV64x16_BistCtrl_i0_ST_MAL_i0_S17_reg/Q  -       CK->Q  R     SDFF_X1        2  4.4    49   203   52203    (-,-) 
  u_IDCT/g3832/ZN                                                        -       A1->ZN F     NAND2_X1       2  4.8    30    61   52265    (-,-) 
  u_IDCT/g3811/ZN                                                        -       A1->ZN R     NAND2_X1       2  4.4    54    76   52340    (-,-) 
  u_IDCT/DRU/g2758/ZN                                                    -       A1->ZN R     AND2_X2        6 13.9    70   146   52487    (-,-) 
  u_IDCT/DRU/add_58_47_g1155/ZN                                          -       A2->ZN R     AND2_X1        2  6.0    63   149   52636    (-,-) 
  u_IDCT/DRU/add_58_47_g1126/ZN                                          -       A1->ZN F     NAND2_X1       1  2.8    27    55   52691    (-,-) 
  u_IDCT/DRU/add_58_47_g1125/ZN                                          -       A1->ZN R     NAND2_X1       2  5.7    68    85   52776    (-,-) 
  u_IDCT/DRU/add_58_47_g1123/ZN                                          -       A1->ZN F     NAND2_X1       1  2.8    28    56   52833    (-,-) 
  u_IDCT/DRU/add_58_47_g1121/ZN                                          -       A1->ZN R     NAND2_X1       2  6.0    70    88   52921    (-,-) 
  u_IDCT/DRU/add_58_47_g1120/ZN                                          -       A2->ZN F     NAND2_X1       1  2.7    25    59   52980    (-,-) 
  u_IDCT/DRU/add_58_47_g1118/ZN                                          -       A2->ZN R     NAND2_X1       2  6.0    67    94   53074    (-,-) 
  u_IDCT/DRU/add_58_47_g1117/ZN                                          -       A1->ZN F     NAND2_X1       1  2.8    28    56   53130    (-,-) 
  u_IDCT/DRU/add_58_47_g1115/ZN                                          -       A1->ZN R     NAND2_X1       2  5.7    68    86   53215    (-,-) 
  u_IDCT/DRU/add_58_47_g1114/ZN                                          -       A1->ZN F     NAND2_X1       1  2.8    28    56   53272    (-,-) 
  u_IDCT/DRU/add_58_47_g1112/ZN                                          -       A1->ZN R     NAND2_X1       2  5.7    68    86   53358    (-,-) 
  u_IDCT/DRU/add_58_47_g1111/ZN                                          -       A1->ZN F     NAND2_X1       1  2.8    28    56   53414    (-,-) 
  u_IDCT/DRU/add_58_47_g1109/ZN                                          -       A1->ZN R     NAND2_X1       2  5.7    68    86   53500    (-,-) 
  u_IDCT/DRU/add_58_47_g1108/ZN                                          -       A1->ZN F     NAND2_X1       1  2.8    28    56   53556    (-,-) 
  u_IDCT/DRU/add_58_47_g1106/ZN                                          -       A1->ZN R     NAND2_X1       2  5.7    68    86   53642    (-,-) 
  u_IDCT/DRU/add_58_47_g1105/ZN                                          -       A1->ZN F     NAND2_X1       2  4.8    34    69   53710    (-,-) 
  u_IDCT/DRU/add_58_47_g1102/ZN                                          -       C1->ZN R     OAI211_X1      2  5.7   150   193   53904    (-,-) 
  u_IDCT/DRU/add_58_47_g1100/ZN                                          -       A1->ZN F     NAND2_X1       1  2.8    46    76   53979    (-,-) 
  u_IDCT/DRU/add_58_47_g1098/ZN                                          -       A1->ZN R     NAND2_X1       2  5.7    68    96   54075    (-,-) 
  u_IDCT/DRU/add_58_47_g1097/ZN                                          -       A1->ZN F     NAND2_X1       1  2.8    28    56   54132    (-,-) 
  u_IDCT/DRU/add_58_47_g1095/ZN                                          -       A1->ZN R     NAND2_X1       2  5.7    68    86   54217    (-,-) 
  u_IDCT/DRU/add_58_47_g1094/ZN                                          -       A1->ZN F     NAND2_X1       1  2.8    28    56   54274    (-,-) 
  u_IDCT/DRU/add_58_47_g1092/ZN                                          -       A1->ZN R     NAND2_X1       2  5.7    68    86   54359    (-,-) 
  u_IDCT/DRU/add_58_47_g1090/ZN                                          -       A->ZN  F     XNOR2_X1       1  2.7    33    59   54419    (-,-) 
  u_IDCT/DRU/g2428/ZN                                                    -       A1->ZN R     AOI222_X1      1  2.9   216   247   54665    (-,-) 
  u_IDCT/DRU/g2411/ZN                                                    -       A->ZN  F     INV_X1         1  2.3    46    50   54716    (-,-) 
  u_IDCT/DRU/ToACF_reg[13]/D                                             -       -      F     SDFF_X1        1    -     -     0   54716    (-,-) 
#------------------------------------------------------------------------------------------------------------------------------------------------



Path 37: MET (46535 ps) Setup Check with Pin u_DCT/DRU/ToBDEG_reg[13]/CK->D
           Mode: scan_mode
          Group: C2C_scan_mode
     Startpoint: (R) u_DCT/tposemem_Bisted_RF_2P_ADV64x16_BistCtrl_i0_ST_MAL_i0_S17_reg/CK
          Clock: (F) CLK1
       Endpoint: (F) u_DCT/DRU/ToBDEG_reg[13]/D
          Clock: (R) CLK1

                     Capture       Launch     
        Clock Edge:+  100000        50000     
       Src Latency:+       0            0     
       Net Latency:+    2000 (I)     2000 (I) 
           Arrival:=  102000        52000     
                                              
             Setup:-     266                  
       Uncertainty:-     500                  
     Required Time:=  101234                  
      Launch Clock:-   52000                  
         Data Path:-    2700                  
             Slack:=   46535                  

#-----------------------------------------------------------------------------------------------------------------------------------------------
#                             Timing Point                              Flags    Arc   Edge   Cell     Fanout Load Trans Delay Arrival Instance 
#                                                                                                             (fF)  (ps)  (ps)   (ps)  Location 
#-----------------------------------------------------------------------------------------------------------------------------------------------
  u_DCT/tposemem_Bisted_RF_2P_ADV64x16_BistCtrl_i0_ST_MAL_i0_S17_reg/CK -       -      R     (arrival)      1    -     0     -   52000    (-,-) 
  u_DCT/tposemem_Bisted_RF_2P_ADV64x16_BistCtrl_i0_ST_MAL_i0_S17_reg/Q  -       CK->Q  F     SDFF_X1        2  4.2    48   242   52242    (-,-) 
  u_DCT/g3832/ZN                                                        -       A2->ZN R     NAND2_X1       2  5.1    60   100   52342    (-,-) 
  u_DCT/g3811/ZN                                                        -       A2->ZN F     NAND2_X1       2  4.3    28    64   52406    (-,-) 
  u_DCT/DRU/g2758__1786/ZN                                              -       A1->ZN F     AND2_X2        6 13.5    31   114   52520    (-,-) 
  u_DCT/DRU/sub_60_47_g1238__1857/ZN                                    -       A2->ZN R     NAND2_X1       3  8.2    85   116   52636    (-,-) 
  u_DCT/DRU/sub_60_47_g1206__5019/ZN                                    -       A1->ZN F     NAND2_X1       1  2.8    32    62   52698    (-,-) 
  u_DCT/DRU/sub_60_47_g1205__1840/ZN                                    -       A1->ZN R     NAND2_X1       2  6.0    70    90   52789    (-,-) 
  u_DCT/DRU/sub_60_47_g1203__7344/ZN                                    -       A1->ZN F     NAND2_X1       1  2.8    28    57   52846    (-,-) 
  u_DCT/DRU/sub_60_47_g1201__2703/ZN                                    -       A1->ZN R     NAND2_X1       2  6.0    70    88   52935    (-,-) 
  u_DCT/DRU/sub_60_47_g1200__6083/ZN                                    -       A2->ZN F     NAND2_X1       1  2.7    26    59   52993    (-,-) 
  u_DCT/DRU/sub_60_47_g1198__5266/ZN                                    -       A2->ZN R     NAND2_X1       2  6.0    67    95   53088    (-,-) 
  u_DCT/DRU/sub_60_47_g1197__7114/ZN                                    -       A2->ZN F     NAND2_X1       1  2.8    26    58   53147    (-,-) 
  u_DCT/DRU/sub_60_47_g1195__5953/ZN                                    -       A1->ZN R     NAND2_X1       2  5.7    68    85   53231    (-,-) 
  u_DCT/DRU/sub_60_47_g1194__1786/ZN                                    -       A1->ZN F     NAND2_X1       1  2.8    28    56   53288    (-,-) 
  u_DCT/DRU/sub_60_47_g1192__7118/ZN                                    -       A1->ZN R     NAND2_X1       2  5.7    68    86   53374    (-,-) 
  u_DCT/DRU/sub_60_47_g1191__7675/ZN                                    -       A1->ZN F     NAND2_X1       1  2.8    28    56   53430    (-,-) 
  u_DCT/DRU/sub_60_47_g1189__2900/ZN                                    -       A1->ZN R     NAND2_X1       2  5.7    68    86   53516    (-,-) 
  u_DCT/DRU/sub_60_47_g1188__6877/ZN                                    -       A1->ZN F     NAND2_X1       1  2.8    28    56   53572    (-,-) 
  u_DCT/DRU/sub_60_47_g1186__2683/ZN                                    -       A1->ZN R     NAND2_X1       2  5.0    63    80   53652    (-,-) 
  u_DCT/DRU/sub_60_47_g1185__9682/ZN                                    -       A1->ZN R     AND2_X1        2  4.4    47   131   53783    (-,-) 
  u_DCT/DRU/sub_60_47_g1182__3772/ZN                                    -       B1->ZN F     AOI21_X1       2  5.4    35    66   53849    (-,-) 
  u_DCT/DRU/sub_60_47_g1179__9906/ZN                                    -       B1->ZN R     OAI21_X1       2  5.7   141   183   54032    (-,-) 
  u_DCT/DRU/sub_60_47_g1178__1857/ZN                                    -       A1->ZN F     NAND2_X1       1  2.8    44    74   54107    (-,-) 
  u_DCT/DRU/sub_60_47_g1176__1840/ZN                                    -       A1->ZN R     NAND2_X1       2  5.7    68    95   54201    (-,-) 
  u_DCT/DRU/sub_60_47_g1175__7344/ZN                                    -       A1->ZN F     NAND2_X1       1  2.8    28    56   54258    (-,-) 
  u_DCT/DRU/sub_60_47_g1173__2703/ZN                                    -       A1->ZN R     NAND2_X1       2  5.7    68    86   54343    (-,-) 
  u_DCT/DRU/sub_60_47_g1171__6083/ZN                                    -       A->ZN  F     XNOR2_X1       1  2.7    33    59   54403    (-,-) 
  u_DCT/DRU/g2429__1309/ZN                                              -       A1->ZN R     AOI222_X1      1  2.9   216   247   54649    (-,-) 
  u_DCT/DRU/g2412/ZN                                                    -       A->ZN  F     INV_X1         1  2.3    46    50   54700    (-,-) 
  u_DCT/DRU/ToBDEG_reg[13]/D                                            -       -      F     SDFF_X1        1    -     -     0   54700    (-,-) 
#-----------------------------------------------------------------------------------------------------------------------------------------------



Path 38: MET (46572 ps) Setup Check with Pin u_IDCT/DRU/ToBDEG_reg[13]/CK->D
           Mode: scan_mode
          Group: C2C_scan_mode
     Startpoint: (R) u_IDCT/tposemem_Bisted_RF_2P_ADV64x16_BistCtrl_i0_ST_MAL_i0_S17_reg/CK
          Clock: (F) CLK1
       Endpoint: (F) u_IDCT/DRU/ToBDEG_reg[13]/D
          Clock: (R) CLK1

                     Capture       Launch     
        Clock Edge:+  100000        50000     
       Src Latency:+       0            0     
       Net Latency:+    2000 (I)     2000 (I) 
           Arrival:=  102000        52000     
                                              
             Setup:-     266                  
       Uncertainty:-     500                  
     Required Time:=  101234                  
      Launch Clock:-   52000                  
         Data Path:-    2662                  
             Slack:=   46572                  

#------------------------------------------------------------------------------------------------------------------------------------------------
#                             Timing Point                               Flags    Arc   Edge   Cell     Fanout Load Trans Delay Arrival Instance 
#                                                                                                              (fF)  (ps)  (ps)   (ps)  Location 
#------------------------------------------------------------------------------------------------------------------------------------------------
  u_IDCT/tposemem_Bisted_RF_2P_ADV64x16_BistCtrl_i0_ST_MAL_i0_S17_reg/CK -       -      R     (arrival)      1    -     0     -   52000    (-,-) 
  u_IDCT/tposemem_Bisted_RF_2P_ADV64x16_BistCtrl_i0_ST_MAL_i0_S17_reg/Q  -       CK->Q  F     SDFF_X1        2  4.3    48   243   52243    (-,-) 
  u_IDCT/g3832/ZN                                                        -       A1->ZN R     NAND2_X1       2  5.1    60    92   52335    (-,-) 
  u_IDCT/g3811/ZN                                                        -       A1->ZN F     NAND2_X1       2  4.2    30    62   52397    (-,-) 
  u_IDCT/DRU/g2758/ZN                                                    -       A1->ZN F     AND2_X2        6 13.5    28   115   52513    (-,-) 
  u_IDCT/DRU/sub_60_47_g1238/ZN                                          -       A1->ZN R     NAND2_X1       3  8.2    86   107   52620    (-,-) 
  u_IDCT/DRU/sub_60_47_g1206/ZN                                          -       A2->ZN F     NAND2_X1       1  2.8    26    65   52684    (-,-) 
  u_IDCT/DRU/sub_60_47_g1205/ZN                                          -       A1->ZN R     NAND2_X1       2  5.7    66    85   52769    (-,-) 
  u_IDCT/DRU/sub_60_47_g1203/ZN                                          -       A1->ZN F     NAND2_X1       1  2.8    28    56   52825    (-,-) 
  u_IDCT/DRU/sub_60_47_g1201/ZN                                          -       A1->ZN R     NAND2_X1       2  5.7    66    85   52910    (-,-) 
  u_IDCT/DRU/sub_60_47_g1200/ZN                                          -       A1->ZN F     NAND2_X1       1  2.8    28    56   52966    (-,-) 
  u_IDCT/DRU/sub_60_47_g1198/ZN                                          -       A1->ZN R     NAND2_X1       2  5.7    68    85   53052    (-,-) 
  u_IDCT/DRU/sub_60_47_g1197/ZN                                          -       A1->ZN F     NAND2_X1       1  2.8    28    56   53108    (-,-) 
  u_IDCT/DRU/sub_60_47_g1195/ZN                                          -       A1->ZN R     NAND2_X1       2  5.7    68    86   53194    (-,-) 
  u_IDCT/DRU/sub_60_47_g1194/ZN                                          -       A1->ZN F     NAND2_X1       1  2.8    28    56   53250    (-,-) 
  u_IDCT/DRU/sub_60_47_g1192/ZN                                          -       A1->ZN R     NAND2_X1       2  5.7    68    86   53336    (-,-) 
  u_IDCT/DRU/sub_60_47_g1191/ZN                                          -       A1->ZN F     NAND2_X1       1  2.8    28    56   53392    (-,-) 
  u_IDCT/DRU/sub_60_47_g1189/ZN                                          -       A1->ZN R     NAND2_X1       2  5.7    68    86   53478    (-,-) 
  u_IDCT/DRU/sub_60_47_g1188/ZN                                          -       A1->ZN F     NAND2_X1       1  2.8    28    56   53535    (-,-) 
  u_IDCT/DRU/sub_60_47_g1186/ZN                                          -       A1->ZN R     NAND2_X1       2  5.0    63    80   53614    (-,-) 
  u_IDCT/DRU/sub_60_47_g1185/ZN                                          -       A1->ZN R     AND2_X1        2  4.4    47   131   53746    (-,-) 
  u_IDCT/DRU/sub_60_47_g1182/ZN                                          -       B1->ZN F     AOI21_X1       2  5.4    35    66   53811    (-,-) 
  u_IDCT/DRU/sub_60_47_g1179/ZN                                          -       B1->ZN R     OAI21_X1       2  5.7   141   183   53995    (-,-) 
  u_IDCT/DRU/sub_60_47_g1178/ZN                                          -       A1->ZN F     NAND2_X1       1  2.8    44    74   54069    (-,-) 
  u_IDCT/DRU/sub_60_47_g1176/ZN                                          -       A1->ZN R     NAND2_X1       2  5.7    68    95   54164    (-,-) 
  u_IDCT/DRU/sub_60_47_g1175/ZN                                          -       A1->ZN F     NAND2_X1       1  2.8    28    56   54220    (-,-) 
  u_IDCT/DRU/sub_60_47_g1173/ZN                                          -       A1->ZN R     NAND2_X1       2  5.7    68    86   54306    (-,-) 
  u_IDCT/DRU/sub_60_47_g1171/ZN                                          -       A->ZN  F     XNOR2_X1       1  2.7    33    59   54365    (-,-) 
  u_IDCT/DRU/g2429/ZN                                                    -       A1->ZN R     AOI222_X1      1  2.9   216   247   54612    (-,-) 
  u_IDCT/DRU/g2412/ZN                                                    -       A->ZN  F     INV_X1         1  2.3    46    50   54662    (-,-) 
  u_IDCT/DRU/ToBDEG_reg[13]/D                                            -       -      F     SDFF_X1        1    -     -     0   54662    (-,-) 
#------------------------------------------------------------------------------------------------------------------------------------------------



Path 39: MET (46653 ps) Setup Check with Pin u_DCT/DRU/ToACF_reg[12]/CK->D
           Mode: scan_mode
          Group: C2C_scan_mode
     Startpoint: (R) u_DCT/tposemem_Bisted_RF_2P_ADV64x16_BistCtrl_i0_ST_MAL_i0_S17_reg/CK
          Clock: (F) CLK1
       Endpoint: (F) u_DCT/DRU/ToACF_reg[12]/D
          Clock: (R) CLK1

                     Capture       Launch     
        Clock Edge:+  100000        50000     
       Src Latency:+       0            0     
       Net Latency:+    2000 (I)     2000 (I) 
           Arrival:=  102000        52000     
                                              
             Setup:-     266                  
       Uncertainty:-     500                  
     Required Time:=  101234                  
      Launch Clock:-   52000                  
         Data Path:-    2582                  
             Slack:=   46653                  

#-----------------------------------------------------------------------------------------------------------------------------------------------
#                             Timing Point                              Flags    Arc   Edge   Cell     Fanout Load Trans Delay Arrival Instance 
#                                                                                                             (fF)  (ps)  (ps)   (ps)  Location 
#-----------------------------------------------------------------------------------------------------------------------------------------------
  u_DCT/tposemem_Bisted_RF_2P_ADV64x16_BistCtrl_i0_ST_MAL_i0_S17_reg/CK -       -      R     (arrival)      1    -     0     -   52000    (-,-) 
  u_DCT/tposemem_Bisted_RF_2P_ADV64x16_BistCtrl_i0_ST_MAL_i0_S17_reg/Q  -       CK->Q  R     SDFF_X1        2  4.4    49   203   52203    (-,-) 
  u_DCT/g3832/ZN                                                        -       A2->ZN F     NAND2_X1       2  4.7    33    62   52266    (-,-) 
  u_DCT/g3811/ZN                                                        -       A2->ZN R     NAND2_X1       2  4.4    54    85   52351    (-,-) 
  u_DCT/DRU/g2758__1786/ZN                                              -       A1->ZN R     AND2_X2        6 13.7    69   146   52496    (-,-) 
  u_DCT/DRU/add_58_47_g1155__5019/ZN                                    -       A2->ZN R     AND2_X1        2  6.0    63   149   52645    (-,-) 
  u_DCT/DRU/add_58_47_g1126__5019/ZN                                    -       A1->ZN F     NAND2_X1       1  2.8    27    55   52700    (-,-) 
  u_DCT/DRU/add_58_47_g1125__1840/ZN                                    -       A1->ZN R     NAND2_X1       2  5.7    68    85   52786    (-,-) 
  u_DCT/DRU/add_58_47_g1123__5795/ZN                                    -       A1->ZN F     NAND2_X1       1  2.8    28    56   52842    (-,-) 
  u_DCT/DRU/add_58_47_g1121__6083/ZN                                    -       A1->ZN R     NAND2_X1       2  6.0    70    88   52930    (-,-) 
  u_DCT/DRU/add_58_47_g1120__2250/ZN                                    -       A2->ZN F     NAND2_X1       1  2.7    25    59   52989    (-,-) 
  u_DCT/DRU/add_58_47_g1118__7114/ZN                                    -       A2->ZN R     NAND2_X1       2  6.0    67    94   53083    (-,-) 
  u_DCT/DRU/add_58_47_g1117__5703/ZN                                    -       A1->ZN F     NAND2_X1       1  2.8    28    56   53139    (-,-) 
  u_DCT/DRU/add_58_47_g1115__1786/ZN                                    -       A1->ZN R     NAND2_X1       2  5.7    68    86   53225    (-,-) 
  u_DCT/DRU/add_58_47_g1114__8757/ZN                                    -       A1->ZN F     NAND2_X1       1  2.8    28    56   53281    (-,-) 
  u_DCT/DRU/add_58_47_g1112__7675/ZN                                    -       A1->ZN R     NAND2_X1       2  5.7    68    86   53367    (-,-) 
  u_DCT/DRU/add_58_47_g1111__2391/ZN                                    -       A1->ZN F     NAND2_X1       1  2.8    28    56   53423    (-,-) 
  u_DCT/DRU/add_58_47_g1109__6877/ZN                                    -       A1->ZN R     NAND2_X1       2  5.7    68    86   53509    (-,-) 
  u_DCT/DRU/add_58_47_g1108__1309/ZN                                    -       A1->ZN F     NAND2_X1       1  2.8    28    56   53565    (-,-) 
  u_DCT/DRU/add_58_47_g1106__9682/ZN                                    -       A1->ZN R     NAND2_X1       2  5.7    68    86   53651    (-,-) 
  u_DCT/DRU/add_58_47_g1105__4547/ZN                                    -       A1->ZN F     NAND2_X1       2  4.8    34    69   53720    (-,-) 
  u_DCT/DRU/add_58_47_g1102__4296/ZN                                    -       C1->ZN R     OAI211_X1      2  5.7   150   193   53913    (-,-) 
  u_DCT/DRU/add_58_47_g1100__9906/ZN                                    -       A1->ZN F     NAND2_X1       1  2.8    46    76   53989    (-,-) 
  u_DCT/DRU/add_58_47_g1098__5019/ZN                                    -       A1->ZN R     NAND2_X1       2  5.7    68    96   54084    (-,-) 
  u_DCT/DRU/add_58_47_g1097__1840/ZN                                    -       A1->ZN F     NAND2_X1       1  2.8    28    56   54141    (-,-) 
  u_DCT/DRU/add_58_47_g1095__5795/ZN                                    -       A1->ZN R     NAND2_X1       2  5.7    68    86   54227    (-,-) 
  u_DCT/DRU/add_58_47_g1093__6083/ZN                                    -       A->ZN  F     XNOR2_X1       1  2.7    29    59   54286    (-,-) 
  u_DCT/DRU/g2432__2391/ZN                                              -       A1->ZN R     AOI222_X1      1  2.9   216   245   54531    (-,-) 
  u_DCT/DRU/g2415/ZN                                                    -       A->ZN  F     INV_X1         1  2.3    46    50   54582    (-,-) 
  u_DCT/DRU/ToACF_reg[12]/D                                             -       -      F     SDFF_X1        1    -     -     0   54582    (-,-) 
#-----------------------------------------------------------------------------------------------------------------------------------------------



Path 40: MET (46662 ps) Setup Check with Pin u_IDCT/DRU/ToACF_reg[12]/CK->D
           Mode: scan_mode
          Group: C2C_scan_mode
     Startpoint: (R) u_IDCT/tposemem_Bisted_RF_2P_ADV64x16_BistCtrl_i0_ST_MAL_i0_S17_reg/CK
          Clock: (F) CLK1
       Endpoint: (F) u_IDCT/DRU/ToACF_reg[12]/D
          Clock: (R) CLK1

                     Capture       Launch     
        Clock Edge:+  100000        50000     
       Src Latency:+       0            0     
       Net Latency:+    2000 (I)     2000 (I) 
           Arrival:=  102000        52000     
                                              
             Setup:-     266                  
       Uncertainty:-     500                  
     Required Time:=  101234                  
      Launch Clock:-   52000                  
         Data Path:-    2572                  
             Slack:=   46662                  

#------------------------------------------------------------------------------------------------------------------------------------------------
#                             Timing Point                               Flags    Arc   Edge   Cell     Fanout Load Trans Delay Arrival Instance 
#                                                                                                              (fF)  (ps)  (ps)   (ps)  Location 
#------------------------------------------------------------------------------------------------------------------------------------------------
  u_IDCT/tposemem_Bisted_RF_2P_ADV64x16_BistCtrl_i0_ST_MAL_i0_S17_reg/CK -       -      R     (arrival)      1    -     0     -   52000    (-,-) 
  u_IDCT/tposemem_Bisted_RF_2P_ADV64x16_BistCtrl_i0_ST_MAL_i0_S17_reg/Q  -       CK->Q  R     SDFF_X1        2  4.4    49   203   52203    (-,-) 
  u_IDCT/g3832/ZN                                                        -       A1->ZN F     NAND2_X1       2  4.8    30    61   52265    (-,-) 
  u_IDCT/g3811/ZN                                                        -       A1->ZN R     NAND2_X1       2  4.4    54    76   52340    (-,-) 
  u_IDCT/DRU/g2758/ZN                                                    -       A1->ZN R     AND2_X2        6 13.9    70   146   52487    (-,-) 
  u_IDCT/DRU/add_58_47_g1155/ZN                                          -       A2->ZN R     AND2_X1        2  6.0    63   149   52636    (-,-) 
  u_IDCT/DRU/add_58_47_g1126/ZN                                          -       A1->ZN F     NAND2_X1       1  2.8    27    55   52691    (-,-) 
  u_IDCT/DRU/add_58_47_g1125/ZN                                          -       A1->ZN R     NAND2_X1       2  5.7    68    85   52776    (-,-) 
  u_IDCT/DRU/add_58_47_g1123/ZN                                          -       A1->ZN F     NAND2_X1       1  2.8    28    56   52833    (-,-) 
  u_IDCT/DRU/add_58_47_g1121/ZN                                          -       A1->ZN R     NAND2_X1       2  6.0    70    88   52921    (-,-) 
  u_IDCT/DRU/add_58_47_g1120/ZN                                          -       A2->ZN F     NAND2_X1       1  2.7    25    59   52980    (-,-) 
  u_IDCT/DRU/add_58_47_g1118/ZN                                          -       A2->ZN R     NAND2_X1       2  6.0    67    94   53074    (-,-) 
  u_IDCT/DRU/add_58_47_g1117/ZN                                          -       A1->ZN F     NAND2_X1       1  2.8    28    56   53130    (-,-) 
  u_IDCT/DRU/add_58_47_g1115/ZN                                          -       A1->ZN R     NAND2_X1       2  5.7    68    86   53215    (-,-) 
  u_IDCT/DRU/add_58_47_g1114/ZN                                          -       A1->ZN F     NAND2_X1       1  2.8    28    56   53272    (-,-) 
  u_IDCT/DRU/add_58_47_g1112/ZN                                          -       A1->ZN R     NAND2_X1       2  5.7    68    86   53358    (-,-) 
  u_IDCT/DRU/add_58_47_g1111/ZN                                          -       A1->ZN F     NAND2_X1       1  2.8    28    56   53414    (-,-) 
  u_IDCT/DRU/add_58_47_g1109/ZN                                          -       A1->ZN R     NAND2_X1       2  5.7    68    86   53500    (-,-) 
  u_IDCT/DRU/add_58_47_g1108/ZN                                          -       A1->ZN F     NAND2_X1       1  2.8    28    56   53556    (-,-) 
  u_IDCT/DRU/add_58_47_g1106/ZN                                          -       A1->ZN R     NAND2_X1       2  5.7    68    86   53642    (-,-) 
  u_IDCT/DRU/add_58_47_g1105/ZN                                          -       A1->ZN F     NAND2_X1       2  4.8    34    69   53710    (-,-) 
  u_IDCT/DRU/add_58_47_g1102/ZN                                          -       C1->ZN R     OAI211_X1      2  5.7   150   193   53904    (-,-) 
  u_IDCT/DRU/add_58_47_g1100/ZN                                          -       A1->ZN F     NAND2_X1       1  2.8    46    76   53979    (-,-) 
  u_IDCT/DRU/add_58_47_g1098/ZN                                          -       A1->ZN R     NAND2_X1       2  5.7    68    96   54075    (-,-) 
  u_IDCT/DRU/add_58_47_g1097/ZN                                          -       A1->ZN F     NAND2_X1       1  2.8    28    56   54132    (-,-) 
  u_IDCT/DRU/add_58_47_g1095/ZN                                          -       A1->ZN R     NAND2_X1       2  5.7    68    86   54217    (-,-) 
  u_IDCT/DRU/add_58_47_g1093/ZN                                          -       A->ZN  F     XNOR2_X1       1  2.7    29    59   54277    (-,-) 
  u_IDCT/DRU/g2432/ZN                                                    -       A1->ZN R     AOI222_X1      1  2.9   216   245   54522    (-,-) 
  u_IDCT/DRU/g2415/ZN                                                    -       A->ZN  F     INV_X1         1  2.3    46    50   54572    (-,-) 
  u_IDCT/DRU/ToACF_reg[12]/D                                             -       -      F     SDFF_X1        1    -     -     0   54572    (-,-) 
#------------------------------------------------------------------------------------------------------------------------------------------------



Path 41: MET (46678 ps) Setup Check with Pin u_DCT/DRU/ToBDEG_reg[12]/CK->D
           Mode: scan_mode
          Group: C2C_scan_mode
     Startpoint: (R) u_DCT/tposemem_Bisted_RF_2P_ADV64x16_BistCtrl_i0_ST_MAL_i0_S17_reg/CK
          Clock: (F) CLK1
       Endpoint: (F) u_DCT/DRU/ToBDEG_reg[12]/D
          Clock: (R) CLK1

                     Capture       Launch     
        Clock Edge:+  100000        50000     
       Src Latency:+       0            0     
       Net Latency:+    2000 (I)     2000 (I) 
           Arrival:=  102000        52000     
                                              
             Setup:-     266                  
       Uncertainty:-     500                  
     Required Time:=  101234                  
      Launch Clock:-   52000                  
         Data Path:-    2556                  
             Slack:=   46678                  

#-----------------------------------------------------------------------------------------------------------------------------------------------
#                             Timing Point                              Flags    Arc   Edge   Cell     Fanout Load Trans Delay Arrival Instance 
#                                                                                                             (fF)  (ps)  (ps)   (ps)  Location 
#-----------------------------------------------------------------------------------------------------------------------------------------------
  u_DCT/tposemem_Bisted_RF_2P_ADV64x16_BistCtrl_i0_ST_MAL_i0_S17_reg/CK -       -      R     (arrival)      1    -     0     -   52000    (-,-) 
  u_DCT/tposemem_Bisted_RF_2P_ADV64x16_BistCtrl_i0_ST_MAL_i0_S17_reg/Q  -       CK->Q  F     SDFF_X1        2  4.2    48   242   52242    (-,-) 
  u_DCT/g3832/ZN                                                        -       A2->ZN R     NAND2_X1       2  5.1    60   100   52342    (-,-) 
  u_DCT/g3811/ZN                                                        -       A2->ZN F     NAND2_X1       2  4.3    28    64   52406    (-,-) 
  u_DCT/DRU/g2758__1786/ZN                                              -       A1->ZN F     AND2_X2        6 13.5    31   114   52520    (-,-) 
  u_DCT/DRU/sub_60_47_g1238__1857/ZN                                    -       A2->ZN R     NAND2_X1       3  8.2    85   116   52636    (-,-) 
  u_DCT/DRU/sub_60_47_g1206__5019/ZN                                    -       A1->ZN F     NAND2_X1       1  2.8    32    62   52698    (-,-) 
  u_DCT/DRU/sub_60_47_g1205__1840/ZN                                    -       A1->ZN R     NAND2_X1       2  6.0    70    90   52789    (-,-) 
  u_DCT/DRU/sub_60_47_g1203__7344/ZN                                    -       A1->ZN F     NAND2_X1       1  2.8    28    57   52846    (-,-) 
  u_DCT/DRU/sub_60_47_g1201__2703/ZN                                    -       A1->ZN R     NAND2_X1       2  6.0    70    88   52935    (-,-) 
  u_DCT/DRU/sub_60_47_g1200__6083/ZN                                    -       A2->ZN F     NAND2_X1       1  2.7    26    59   52993    (-,-) 
  u_DCT/DRU/sub_60_47_g1198__5266/ZN                                    -       A2->ZN R     NAND2_X1       2  6.0    67    95   53088    (-,-) 
  u_DCT/DRU/sub_60_47_g1197__7114/ZN                                    -       A2->ZN F     NAND2_X1       1  2.8    26    58   53147    (-,-) 
  u_DCT/DRU/sub_60_47_g1195__5953/ZN                                    -       A1->ZN R     NAND2_X1       2  5.7    68    85   53231    (-,-) 
  u_DCT/DRU/sub_60_47_g1194__1786/ZN                                    -       A1->ZN F     NAND2_X1       1  2.8    28    56   53288    (-,-) 
  u_DCT/DRU/sub_60_47_g1192__7118/ZN                                    -       A1->ZN R     NAND2_X1       2  5.7    68    86   53374    (-,-) 
  u_DCT/DRU/sub_60_47_g1191__7675/ZN                                    -       A1->ZN F     NAND2_X1       1  2.8    28    56   53430    (-,-) 
  u_DCT/DRU/sub_60_47_g1189__2900/ZN                                    -       A1->ZN R     NAND2_X1       2  5.7    68    86   53516    (-,-) 
  u_DCT/DRU/sub_60_47_g1188__6877/ZN                                    -       A1->ZN F     NAND2_X1       1  2.8    28    56   53572    (-,-) 
  u_DCT/DRU/sub_60_47_g1186__2683/ZN                                    -       A1->ZN R     NAND2_X1       2  5.0    63    80   53652    (-,-) 
  u_DCT/DRU/sub_60_47_g1185__9682/ZN                                    -       A1->ZN R     AND2_X1        2  4.4    47   131   53783    (-,-) 
  u_DCT/DRU/sub_60_47_g1182__3772/ZN                                    -       B1->ZN F     AOI21_X1       2  5.4    35    66   53849    (-,-) 
  u_DCT/DRU/sub_60_47_g1179__9906/ZN                                    -       B1->ZN R     OAI21_X1       2  5.7   141   183   54032    (-,-) 
  u_DCT/DRU/sub_60_47_g1178__1857/ZN                                    -       A1->ZN F     NAND2_X1       1  2.8    44    74   54107    (-,-) 
  u_DCT/DRU/sub_60_47_g1176__1840/ZN                                    -       A1->ZN R     NAND2_X1       2  5.7    68    95   54201    (-,-) 
  u_DCT/DRU/sub_60_47_g1174__5795/ZN                                    -       A->ZN  F     XNOR2_X1       1  2.7    29    59   54261    (-,-) 
  u_DCT/DRU/g2433__7675/ZN                                              -       A1->ZN R     AOI222_X1      1  2.9   216   245   54506    (-,-) 
  u_DCT/DRU/g2416/ZN                                                    -       A->ZN  F     INV_X1         1  2.3    46    50   54556    (-,-) 
  u_DCT/DRU/ToBDEG_reg[12]/D                                            -       -      F     SDFF_X1        1    -     -     0   54556    (-,-) 
#-----------------------------------------------------------------------------------------------------------------------------------------------



Path 42: MET (46715 ps) Setup Check with Pin u_IDCT/DRU/ToBDEG_reg[12]/CK->D
           Mode: scan_mode
          Group: C2C_scan_mode
     Startpoint: (R) u_IDCT/tposemem_Bisted_RF_2P_ADV64x16_BistCtrl_i0_ST_MAL_i0_S17_reg/CK
          Clock: (F) CLK1
       Endpoint: (F) u_IDCT/DRU/ToBDEG_reg[12]/D
          Clock: (R) CLK1

                     Capture       Launch     
        Clock Edge:+  100000        50000     
       Src Latency:+       0            0     
       Net Latency:+    2000 (I)     2000 (I) 
           Arrival:=  102000        52000     
                                              
             Setup:-     266                  
       Uncertainty:-     500                  
     Required Time:=  101234                  
      Launch Clock:-   52000                  
         Data Path:-    2519                  
             Slack:=   46715                  

#------------------------------------------------------------------------------------------------------------------------------------------------
#                             Timing Point                               Flags    Arc   Edge   Cell     Fanout Load Trans Delay Arrival Instance 
#                                                                                                              (fF)  (ps)  (ps)   (ps)  Location 
#------------------------------------------------------------------------------------------------------------------------------------------------
  u_IDCT/tposemem_Bisted_RF_2P_ADV64x16_BistCtrl_i0_ST_MAL_i0_S17_reg/CK -       -      R     (arrival)      1    -     0     -   52000    (-,-) 
  u_IDCT/tposemem_Bisted_RF_2P_ADV64x16_BistCtrl_i0_ST_MAL_i0_S17_reg/Q  -       CK->Q  F     SDFF_X1        2  4.3    48   243   52243    (-,-) 
  u_IDCT/g3832/ZN                                                        -       A1->ZN R     NAND2_X1       2  5.1    60    92   52335    (-,-) 
  u_IDCT/g3811/ZN                                                        -       A1->ZN F     NAND2_X1       2  4.2    30    62   52397    (-,-) 
  u_IDCT/DRU/g2758/ZN                                                    -       A1->ZN F     AND2_X2        6 13.5    28   115   52513    (-,-) 
  u_IDCT/DRU/sub_60_47_g1238/ZN                                          -       A1->ZN R     NAND2_X1       3  8.2    86   107   52620    (-,-) 
  u_IDCT/DRU/sub_60_47_g1206/ZN                                          -       A2->ZN F     NAND2_X1       1  2.8    26    65   52684    (-,-) 
  u_IDCT/DRU/sub_60_47_g1205/ZN                                          -       A1->ZN R     NAND2_X1       2  5.7    66    85   52769    (-,-) 
  u_IDCT/DRU/sub_60_47_g1203/ZN                                          -       A1->ZN F     NAND2_X1       1  2.8    28    56   52825    (-,-) 
  u_IDCT/DRU/sub_60_47_g1201/ZN                                          -       A1->ZN R     NAND2_X1       2  5.7    66    85   52910    (-,-) 
  u_IDCT/DRU/sub_60_47_g1200/ZN                                          -       A1->ZN F     NAND2_X1       1  2.8    28    56   52966    (-,-) 
  u_IDCT/DRU/sub_60_47_g1198/ZN                                          -       A1->ZN R     NAND2_X1       2  5.7    68    85   53052    (-,-) 
  u_IDCT/DRU/sub_60_47_g1197/ZN                                          -       A1->ZN F     NAND2_X1       1  2.8    28    56   53108    (-,-) 
  u_IDCT/DRU/sub_60_47_g1195/ZN                                          -       A1->ZN R     NAND2_X1       2  5.7    68    86   53194    (-,-) 
  u_IDCT/DRU/sub_60_47_g1194/ZN                                          -       A1->ZN F     NAND2_X1       1  2.8    28    56   53250    (-,-) 
  u_IDCT/DRU/sub_60_47_g1192/ZN                                          -       A1->ZN R     NAND2_X1       2  5.7    68    86   53336    (-,-) 
  u_IDCT/DRU/sub_60_47_g1191/ZN                                          -       A1->ZN F     NAND2_X1       1  2.8    28    56   53392    (-,-) 
  u_IDCT/DRU/sub_60_47_g1189/ZN                                          -       A1->ZN R     NAND2_X1       2  5.7    68    86   53478    (-,-) 
  u_IDCT/DRU/sub_60_47_g1188/ZN                                          -       A1->ZN F     NAND2_X1       1  2.8    28    56   53535    (-,-) 
  u_IDCT/DRU/sub_60_47_g1186/ZN                                          -       A1->ZN R     NAND2_X1       2  5.0    63    80   53614    (-,-) 
  u_IDCT/DRU/sub_60_47_g1185/ZN                                          -       A1->ZN R     AND2_X1        2  4.4    47   131   53746    (-,-) 
  u_IDCT/DRU/sub_60_47_g1182/ZN                                          -       B1->ZN F     AOI21_X1       2  5.4    35    66   53811    (-,-) 
  u_IDCT/DRU/sub_60_47_g1179/ZN                                          -       B1->ZN R     OAI21_X1       2  5.7   141   183   53995    (-,-) 
  u_IDCT/DRU/sub_60_47_g1178/ZN                                          -       A1->ZN F     NAND2_X1       1  2.8    44    74   54069    (-,-) 
  u_IDCT/DRU/sub_60_47_g1176/ZN                                          -       A1->ZN R     NAND2_X1       2  5.7    68    95   54164    (-,-) 
  u_IDCT/DRU/sub_60_47_g1174/ZN                                          -       A->ZN  F     XNOR2_X1       1  2.7    29    59   54223    (-,-) 
  u_IDCT/DRU/g2433/ZN                                                    -       A1->ZN R     AOI222_X1      1  2.9   216   245   54468    (-,-) 
  u_IDCT/DRU/g2416/ZN                                                    -       A->ZN  F     INV_X1         1  2.3    46    50   54519    (-,-) 
  u_IDCT/DRU/ToBDEG_reg[12]/D                                            -       -      F     SDFF_X1        1    -     -     0   54519    (-,-) 
#------------------------------------------------------------------------------------------------------------------------------------------------



Path 43: MET (46716 ps) Setup Check with Pin u_DCT/tposemem_Bisted_RF_2P_ADV64x16_RF_2P_ADV64x16_u0_SRAM_i0/CLKB->DB[6]
           Mode: scan_mode
          Group: C2C_scan_mode
     Startpoint: (R) u_DCT/IDRU8/Count_reg[0]/CK
          Clock: (R) CLK1
       Endpoint: (F) u_DCT/tposemem_Bisted_RF_2P_ADV64x16_RF_2P_ADV64x16_u0_SRAM_i0/DB[6]
          Clock: (F) CLK1

                     Capture       Launch     
        Clock Edge:+   50000            0     
       Src Latency:+       0            0     
       Net Latency:+    2000 (I)     2000 (I) 
           Arrival:=   52000         2000     
                                              
             Setup:-     238                  
       Uncertainty:-     500                  
     Required Time:=   51262                  
      Launch Clock:-    2000                  
         Data Path:-    2546                  
             Slack:=   46716                  

#----------------------------------------------------------------------------------------------------------------------------------------------
#                            Timing Point                              Flags    Arc   Edge   Cell     Fanout Load Trans Delay Arrival Instance 
#                                                                                                            (fF)  (ps)  (ps)   (ps)  Location 
#----------------------------------------------------------------------------------------------------------------------------------------------
  u_DCT/IDRU8/Count_reg[0]/CK                                          -       -      R     (arrival)     15    -     0     -    2000    (-,-) 
  u_DCT/IDRU8/Count_reg[0]/Q                                           -       CK->Q  F     SDFF_X2        3 10.2    78   360    2360    (-,-) 
  u_DCT/IDRU8/g5849/ZN                                                 -       A->ZN  R     INV_X4         5 15.8    47    95    2454    (-,-) 
  u_DCT/IDRU8/g5847/ZN                                                 -       A->ZN  F     INV_X2         3 15.8    23    51    2505    (-,-) 
  u_DCT/IDRU8/g5813__5795/ZN                                           -       A1->ZN R     NAND3_X4       3 16.1    60    74    2579    (-,-) 
  u_DCT/IDRU8/g5778/ZN                                                 -       A->ZN  F     INV_X4        17 36.3    28    59    2638    (-,-) 
  u_DCT/IDRU8/g5733__2900/ZN                                           -       B1->ZN R     AOI21_X1       1  4.7   135   158    2796    (-,-) 
  u_DCT/IDRU8/g5625__5266/ZN                                           -       A3->ZN F     NAND4_X2       4 10.2    75   157    2953    (-,-) 
  u_DCT/IDRU8/add_86_45_g744__4296/ZN                                  -       A1->ZN F     OR2_X1         2  4.8    38   214    3167    (-,-) 
  u_DCT/IDRU8/add_86_45_g691__7118/ZN                                  -       A2->ZN R     NAND2_X1       1  4.3    53    87    3254    (-,-) 
  u_DCT/IDRU8/add_86_45_g688__2900/ZN                                  -       A1->ZN F     NAND2_X2       2  5.5    24    52    3306    (-,-) 
  u_DCT/IDRU8/add_86_45_g686__1309/ZN                                  -       A1->ZN R     NAND2_X1       1  4.3    53    72    3378    (-,-) 
  u_DCT/IDRU8/add_86_45_g684__9682/ZN                                  -       A1->ZN F     NAND2_X2       3  7.6    28    58    3436    (-,-) 
  u_DCT/IDRU8/add_86_45_g680__4296/ZN                                  -       A1->ZN R     NAND3_X1       1  4.2    60    77    3513    (-,-) 
  u_DCT/IDRU8/add_86_45_g679__8780/ZN                                  -       A1->ZN F     NAND3_X2       2  5.5    37    72    3585    (-,-) 
  u_DCT/IDRU8/add_86_45_g677__1857/ZN                                  -       A1->ZN R     NAND2_X1       1  4.3    53    79    3664    (-,-) 
  u_DCT/IDRU8/add_86_45_g675__1840/ZN                                  -       A1->ZN F     NAND2_X2       2  5.5    24    52    3716    (-,-) 
  u_DCT/IDRU8/add_86_45_g674__7344/ZN                                  -       A1->ZN R     NAND2_X1       1  2.9    42    60    3775    (-,-) 
  u_DCT/IDRU8/add_86_45_g672__2703/ZN                                  -       A1->ZN F     NAND2_X1       2  4.8    30    58    3833    (-,-) 
  u_DCT/IDRU8/add_86_45_g670__2250/ZN                                  -       A->ZN  F     XNOR2_X1       1  2.2    27   126    3960    (-,-) 
  u_DCT/IDRU8/g5273__9682/Z                                            -       A->Z   F     MUX2_X1        2  4.3    41   241    4201    (-,-) 
  u_DCT/IDRU8/g5124__8757/Z                                            -       A->Z   F     MUX2_X1        1  2.8    37   239    4440    (-,-) 
  u_DCT/g3856/ZN                                                       -       A->ZN  R     INV_X1         1  2.9    33    61    4501    (-,-) 
  u_DCT/g3740/ZN                                                       -       B1->ZN F     OAI21_X1       1  2.6    30    45    4546    (-,-) 
  u_DCT/tposemem_Bisted_RF_2P_ADV64x16_RF_2P_ADV64x16_u0_SRAM_i0/DB[6] (P)     -      F     rf_2p_hse      1    -     -     0    4546    (-,-) 
#----------------------------------------------------------------------------------------------------------------------------------------------

(P) : Instance is preserved



Path 44: MET (46730 ps) Setup Check with Pin u_IDCT/tposemem_Bisted_RF_2P_ADV64x16_RF_2P_ADV64x16_u0_SRAM_i0/CLKB->DB[6]
           Mode: scan_mode
          Group: C2C_scan_mode
     Startpoint: (R) d_DoDCT_reg/CK
          Clock: (R) CLK1
       Endpoint: (F) u_IDCT/tposemem_Bisted_RF_2P_ADV64x16_RF_2P_ADV64x16_u0_SRAM_i0/DB[6]
          Clock: (F) CLK1

                     Capture       Launch     
        Clock Edge:+   50000            0     
       Src Latency:+       0            0     
       Net Latency:+    2000 (I)     2000 (I) 
           Arrival:=   52000         2000     
                                              
             Setup:-     238                  
       Uncertainty:-     500                  
     Required Time:=   51262                  
      Launch Clock:-    2000                  
         Data Path:-    2531                  
             Slack:=   46730                  

#-----------------------------------------------------------------------------------------------------------------------------------------------
#                             Timing Point                              Flags    Arc   Edge   Cell     Fanout Load Trans Delay Arrival Instance 
#                                                                                                             (fF)  (ps)  (ps)   (ps)  Location 
#-----------------------------------------------------------------------------------------------------------------------------------------------
  d_DoDCT_reg/CK                                                        -       -      R     (arrival)    734    -     0     -    2000    (-,-) 
  d_DoDCT_reg/Q                                                         -       CK->Q  F     SDFF_X1        1  4.1    48   242    2242    (-,-) 
  g546/Z                                                                -       A->Z   F     BUF_X4         8 30.6    27   118    2359    (-,-) 
  g375/ZN                                                               -       A->ZN  R     INV_X8         7 28.2    38    62    2421    (-,-) 
  u_IDCT/IDRU8/g5749/ZN                                                 -       A->ZN  F     INV_X4         4 26.6    19    43    2464    (-,-) 
  u_IDCT/IDRU8/g5721/ZN                                                 -       A3->ZN R     NAND3_X4       2 11.0    50    75    2539    (-,-) 
  u_IDCT/IDRU8/g5715/ZN                                                 -       A->ZN  F     INV_X4        18 40.0    27    57    2596    (-,-) 
  u_IDCT/IDRU8/g5682/ZN                                                 -       A1->ZN R     AOI22_X2       1  2.2    82   105    2701    (-,-) 
  u_IDCT/IDRU8/g5612/ZN                                                 -       A1->ZN R     AND2_X1        1  2.9    36   127    2828    (-,-) 
  u_IDCT/IDRU8/g5573/ZN                                                 -       A2->ZN F     NAND3_X1       4 10.4    82   123    2951    (-,-) 
  u_IDCT/IDRU8/add_86_45_g754/ZN                                        -       A1->ZN F     OR2_X1         2  4.8    38   218    3169    (-,-) 
  u_IDCT/IDRU8/add_86_45_g694/ZN                                        -       A2->ZN R     NAND2_X1       1  4.3    53    87    3256    (-,-) 
  u_IDCT/IDRU8/add_86_45_g692/ZN                                        -       A1->ZN F     NAND2_X2       2  5.5    24    52    3308    (-,-) 
  u_IDCT/IDRU8/add_86_45_g689/ZN                                        -       A1->ZN R     NAND2_X1       1  4.3    53    72    3379    (-,-) 
  u_IDCT/IDRU8/add_86_45_g687/ZN                                        -       A1->ZN F     NAND2_X2       3  7.6    28    58    3438    (-,-) 
  u_IDCT/IDRU8/add_86_45_g683/ZN                                        -       A1->ZN R     NAND3_X1       1  2.9    50    66    3504    (-,-) 
  u_IDCT/IDRU8/add_86_45_g682/ZN                                        -       A1->ZN F     NAND2_X1       2  5.5    37    65    3568    (-,-) 
  u_IDCT/IDRU8/add_86_45_g680/ZN                                        -       A1->ZN R     NAND2_X1       1  2.9    42    67    3635    (-,-) 
  u_IDCT/IDRU8/add_86_45_g678/ZN                                        -       A1->ZN F     NAND2_X1       2  5.5    33    62    3697    (-,-) 
  u_IDCT/IDRU8/add_86_45_g677/ZN                                        -       A1->ZN R     NAND2_X1       1  2.9    42    64    3761    (-,-) 
  u_IDCT/IDRU8/add_86_45_g675/ZN                                        -       A1->ZN F     NAND2_X1       2  4.8    30    58    3819    (-,-) 
  u_IDCT/IDRU8/add_86_45_g673/ZN                                        -       A->ZN  F     XNOR2_X1       1  2.2    27   126    3946    (-,-) 
  u_IDCT/IDRU8/g5204/Z                                                  -       A->Z   F     MUX2_X1        2  4.3    41   241    4187    (-,-) 
  u_IDCT/IDRU8/g5062/Z                                                  -       A->Z   F     MUX2_X1        1  2.8    37   239    4426    (-,-) 
  u_IDCT/g3856/ZN                                                       -       A->ZN  R     INV_X1         1  2.9    33    61    4487    (-,-) 
  u_IDCT/g3740/ZN                                                       -       B1->ZN F     OAI21_X1       1  2.6    30    45    4531    (-,-) 
  u_IDCT/tposemem_Bisted_RF_2P_ADV64x16_RF_2P_ADV64x16_u0_SRAM_i0/DB[6] (P)     -      F     rf_2p_hse      1    -     -     0    4531    (-,-) 
#-----------------------------------------------------------------------------------------------------------------------------------------------

(P) : Instance is preserved



Path 45: MET (46795 ps) Setup Check with Pin u_DCT/DRU/ToACF_reg[11]/CK->D
           Mode: scan_mode
          Group: C2C_scan_mode
     Startpoint: (R) u_DCT/tposemem_Bisted_RF_2P_ADV64x16_BistCtrl_i0_ST_MAL_i0_S17_reg/CK
          Clock: (F) CLK1
       Endpoint: (F) u_DCT/DRU/ToACF_reg[11]/D
          Clock: (R) CLK1

                     Capture       Launch     
        Clock Edge:+  100000        50000     
       Src Latency:+       0            0     
       Net Latency:+    2000 (I)     2000 (I) 
           Arrival:=  102000        52000     
                                              
             Setup:-     266                  
       Uncertainty:-     500                  
     Required Time:=  101234                  
      Launch Clock:-   52000                  
         Data Path:-    2440                  
             Slack:=   46795                  

#-----------------------------------------------------------------------------------------------------------------------------------------------
#                             Timing Point                              Flags    Arc   Edge   Cell     Fanout Load Trans Delay Arrival Instance 
#                                                                                                             (fF)  (ps)  (ps)   (ps)  Location 
#-----------------------------------------------------------------------------------------------------------------------------------------------
  u_DCT/tposemem_Bisted_RF_2P_ADV64x16_BistCtrl_i0_ST_MAL_i0_S17_reg/CK -       -      R     (arrival)      1    -     0     -   52000    (-,-) 
  u_DCT/tposemem_Bisted_RF_2P_ADV64x16_BistCtrl_i0_ST_MAL_i0_S17_reg/Q  -       CK->Q  R     SDFF_X1        2  4.4    49   203   52203    (-,-) 
  u_DCT/g3832/ZN                                                        -       A2->ZN F     NAND2_X1       2  4.7    33    62   52266    (-,-) 
  u_DCT/g3811/ZN                                                        -       A2->ZN R     NAND2_X1       2  4.4    54    85   52351    (-,-) 
  u_DCT/DRU/g2758__1786/ZN                                              -       A1->ZN R     AND2_X2        6 13.7    69   146   52496    (-,-) 
  u_DCT/DRU/add_58_47_g1155__5019/ZN                                    -       A2->ZN R     AND2_X1        2  6.0    63   149   52645    (-,-) 
  u_DCT/DRU/add_58_47_g1126__5019/ZN                                    -       A1->ZN F     NAND2_X1       1  2.8    27    55   52700    (-,-) 
  u_DCT/DRU/add_58_47_g1125__1840/ZN                                    -       A1->ZN R     NAND2_X1       2  5.7    68    85   52786    (-,-) 
  u_DCT/DRU/add_58_47_g1123__5795/ZN                                    -       A1->ZN F     NAND2_X1       1  2.8    28    56   52842    (-,-) 
  u_DCT/DRU/add_58_47_g1121__6083/ZN                                    -       A1->ZN R     NAND2_X1       2  6.0    70    88   52930    (-,-) 
  u_DCT/DRU/add_58_47_g1120__2250/ZN                                    -       A2->ZN F     NAND2_X1       1  2.7    25    59   52989    (-,-) 
  u_DCT/DRU/add_58_47_g1118__7114/ZN                                    -       A2->ZN R     NAND2_X1       2  6.0    67    94   53083    (-,-) 
  u_DCT/DRU/add_58_47_g1117__5703/ZN                                    -       A1->ZN F     NAND2_X1       1  2.8    28    56   53139    (-,-) 
  u_DCT/DRU/add_58_47_g1115__1786/ZN                                    -       A1->ZN R     NAND2_X1       2  5.7    68    86   53225    (-,-) 
  u_DCT/DRU/add_58_47_g1114__8757/ZN                                    -       A1->ZN F     NAND2_X1       1  2.8    28    56   53281    (-,-) 
  u_DCT/DRU/add_58_47_g1112__7675/ZN                                    -       A1->ZN R     NAND2_X1       2  5.7    68    86   53367    (-,-) 
  u_DCT/DRU/add_58_47_g1111__2391/ZN                                    -       A1->ZN F     NAND2_X1       1  2.8    28    56   53423    (-,-) 
  u_DCT/DRU/add_58_47_g1109__6877/ZN                                    -       A1->ZN R     NAND2_X1       2  5.7    68    86   53509    (-,-) 
  u_DCT/DRU/add_58_47_g1108__1309/ZN                                    -       A1->ZN F     NAND2_X1       1  2.8    28    56   53565    (-,-) 
  u_DCT/DRU/add_58_47_g1106__9682/ZN                                    -       A1->ZN R     NAND2_X1       2  5.7    68    86   53651    (-,-) 
  u_DCT/DRU/add_58_47_g1105__4547/ZN                                    -       A1->ZN F     NAND2_X1       2  4.8    34    69   53720    (-,-) 
  u_DCT/DRU/add_58_47_g1102__4296/ZN                                    -       C1->ZN R     OAI211_X1      2  5.7   150   193   53913    (-,-) 
  u_DCT/DRU/add_58_47_g1100__9906/ZN                                    -       A1->ZN F     NAND2_X1       1  2.8    46    76   53989    (-,-) 
  u_DCT/DRU/add_58_47_g1098__5019/ZN                                    -       A1->ZN R     NAND2_X1       2  5.7    68    96   54084    (-,-) 
  u_DCT/DRU/add_58_47_g1096__7344/ZN                                    -       A->ZN  F     XNOR2_X1       1  2.7    29    59   54144    (-,-) 
  u_DCT/DRU/g2430__6877/ZN                                              -       A1->ZN R     AOI222_X1      1  2.9   216   245   54389    (-,-) 
  u_DCT/DRU/g2413/ZN                                                    -       A->ZN  F     INV_X1         1  2.3    46    50   54439    (-,-) 
  u_DCT/DRU/ToACF_reg[11]/D                                             -       -      F     SDFF_X1        1    -     -     0   54440    (-,-) 
#-----------------------------------------------------------------------------------------------------------------------------------------------



Path 46: MET (46804 ps) Setup Check with Pin u_IDCT/DRU/ToACF_reg[11]/CK->D
           Mode: scan_mode
          Group: C2C_scan_mode
     Startpoint: (R) u_IDCT/tposemem_Bisted_RF_2P_ADV64x16_BistCtrl_i0_ST_MAL_i0_S17_reg/CK
          Clock: (F) CLK1
       Endpoint: (F) u_IDCT/DRU/ToACF_reg[11]/D
          Clock: (R) CLK1

                     Capture       Launch     
        Clock Edge:+  100000        50000     
       Src Latency:+       0            0     
       Net Latency:+    2000 (I)     2000 (I) 
           Arrival:=  102000        52000     
                                              
             Setup:-     266                  
       Uncertainty:-     500                  
     Required Time:=  101234                  
      Launch Clock:-   52000                  
         Data Path:-    2430                  
             Slack:=   46804                  

#------------------------------------------------------------------------------------------------------------------------------------------------
#                             Timing Point                               Flags    Arc   Edge   Cell     Fanout Load Trans Delay Arrival Instance 
#                                                                                                              (fF)  (ps)  (ps)   (ps)  Location 
#------------------------------------------------------------------------------------------------------------------------------------------------
  u_IDCT/tposemem_Bisted_RF_2P_ADV64x16_BistCtrl_i0_ST_MAL_i0_S17_reg/CK -       -      R     (arrival)      1    -     0     -   52000    (-,-) 
  u_IDCT/tposemem_Bisted_RF_2P_ADV64x16_BistCtrl_i0_ST_MAL_i0_S17_reg/Q  -       CK->Q  R     SDFF_X1        2  4.4    49   203   52203    (-,-) 
  u_IDCT/g3832/ZN                                                        -       A1->ZN F     NAND2_X1       2  4.8    30    61   52265    (-,-) 
  u_IDCT/g3811/ZN                                                        -       A1->ZN R     NAND2_X1       2  4.4    54    76   52340    (-,-) 
  u_IDCT/DRU/g2758/ZN                                                    -       A1->ZN R     AND2_X2        6 13.9    70   146   52487    (-,-) 
  u_IDCT/DRU/add_58_47_g1155/ZN                                          -       A2->ZN R     AND2_X1        2  6.0    63   149   52636    (-,-) 
  u_IDCT/DRU/add_58_47_g1126/ZN                                          -       A1->ZN F     NAND2_X1       1  2.8    27    55   52691    (-,-) 
  u_IDCT/DRU/add_58_47_g1125/ZN                                          -       A1->ZN R     NAND2_X1       2  5.7    68    85   52776    (-,-) 
  u_IDCT/DRU/add_58_47_g1123/ZN                                          -       A1->ZN F     NAND2_X1       1  2.8    28    56   52833    (-,-) 
  u_IDCT/DRU/add_58_47_g1121/ZN                                          -       A1->ZN R     NAND2_X1       2  6.0    70    88   52921    (-,-) 
  u_IDCT/DRU/add_58_47_g1120/ZN                                          -       A2->ZN F     NAND2_X1       1  2.7    25    59   52980    (-,-) 
  u_IDCT/DRU/add_58_47_g1118/ZN                                          -       A2->ZN R     NAND2_X1       2  6.0    67    94   53074    (-,-) 
  u_IDCT/DRU/add_58_47_g1117/ZN                                          -       A1->ZN F     NAND2_X1       1  2.8    28    56   53130    (-,-) 
  u_IDCT/DRU/add_58_47_g1115/ZN                                          -       A1->ZN R     NAND2_X1       2  5.7    68    86   53215    (-,-) 
  u_IDCT/DRU/add_58_47_g1114/ZN                                          -       A1->ZN F     NAND2_X1       1  2.8    28    56   53272    (-,-) 
  u_IDCT/DRU/add_58_47_g1112/ZN                                          -       A1->ZN R     NAND2_X1       2  5.7    68    86   53358    (-,-) 
  u_IDCT/DRU/add_58_47_g1111/ZN                                          -       A1->ZN F     NAND2_X1       1  2.8    28    56   53414    (-,-) 
  u_IDCT/DRU/add_58_47_g1109/ZN                                          -       A1->ZN R     NAND2_X1       2  5.7    68    86   53500    (-,-) 
  u_IDCT/DRU/add_58_47_g1108/ZN                                          -       A1->ZN F     NAND2_X1       1  2.8    28    56   53556    (-,-) 
  u_IDCT/DRU/add_58_47_g1106/ZN                                          -       A1->ZN R     NAND2_X1       2  5.7    68    86   53642    (-,-) 
  u_IDCT/DRU/add_58_47_g1105/ZN                                          -       A1->ZN F     NAND2_X1       2  4.8    34    69   53710    (-,-) 
  u_IDCT/DRU/add_58_47_g1102/ZN                                          -       C1->ZN R     OAI211_X1      2  5.7   150   193   53904    (-,-) 
  u_IDCT/DRU/add_58_47_g1100/ZN                                          -       A1->ZN F     NAND2_X1       1  2.8    46    76   53979    (-,-) 
  u_IDCT/DRU/add_58_47_g1098/ZN                                          -       A1->ZN R     NAND2_X1       2  5.7    68    96   54075    (-,-) 
  u_IDCT/DRU/add_58_47_g1096/ZN                                          -       A->ZN  F     XNOR2_X1       1  2.7    29    59   54134    (-,-) 
  u_IDCT/DRU/g2430/ZN                                                    -       A1->ZN R     AOI222_X1      1  2.9   216   245   54380    (-,-) 
  u_IDCT/DRU/g2413/ZN                                                    -       A->ZN  F     INV_X1         1  2.3    46    50   54430    (-,-) 
  u_IDCT/DRU/ToACF_reg[11]/D                                             -       -      F     SDFF_X1        1    -     -     0   54430    (-,-) 
#------------------------------------------------------------------------------------------------------------------------------------------------



Path 47: MET (46822 ps) Setup Check with Pin u_DCT/DRU/ToBDEG_reg[11]/CK->D
           Mode: scan_mode
          Group: C2C_scan_mode
     Startpoint: (R) u_DCT/tposemem_Bisted_RF_2P_ADV64x16_BistCtrl_i0_ST_MAL_i0_S17_reg/CK
          Clock: (F) CLK1
       Endpoint: (F) u_DCT/DRU/ToBDEG_reg[11]/D
          Clock: (R) CLK1

                     Capture       Launch     
        Clock Edge:+  100000        50000     
       Src Latency:+       0            0     
       Net Latency:+    2000 (I)     2000 (I) 
           Arrival:=  102000        52000     
                                              
             Setup:-     266                  
       Uncertainty:-     500                  
     Required Time:=  101234                  
      Launch Clock:-   52000                  
         Data Path:-    2412                  
             Slack:=   46822                  

#-----------------------------------------------------------------------------------------------------------------------------------------------
#                             Timing Point                              Flags    Arc   Edge   Cell     Fanout Load Trans Delay Arrival Instance 
#                                                                                                             (fF)  (ps)  (ps)   (ps)  Location 
#-----------------------------------------------------------------------------------------------------------------------------------------------
  u_DCT/tposemem_Bisted_RF_2P_ADV64x16_BistCtrl_i0_ST_MAL_i0_S17_reg/CK -       -      R     (arrival)      1    -     0     -   52000    (-,-) 
  u_DCT/tposemem_Bisted_RF_2P_ADV64x16_BistCtrl_i0_ST_MAL_i0_S17_reg/Q  -       CK->Q  F     SDFF_X1        2  4.2    48   242   52242    (-,-) 
  u_DCT/g3832/ZN                                                        -       A2->ZN R     NAND2_X1       2  5.1    60   100   52342    (-,-) 
  u_DCT/g3811/ZN                                                        -       A2->ZN F     NAND2_X1       2  4.3    28    64   52406    (-,-) 
  u_DCT/DRU/g2758__1786/ZN                                              -       A1->ZN F     AND2_X2        6 13.5    31   114   52520    (-,-) 
  u_DCT/DRU/sub_60_47_g1238__1857/ZN                                    -       A2->ZN R     NAND2_X1       3  8.2    85   116   52636    (-,-) 
  u_DCT/DRU/sub_60_47_g1206__5019/ZN                                    -       A1->ZN F     NAND2_X1       1  2.8    32    62   52698    (-,-) 
  u_DCT/DRU/sub_60_47_g1205__1840/ZN                                    -       A1->ZN R     NAND2_X1       2  6.0    70    90   52789    (-,-) 
  u_DCT/DRU/sub_60_47_g1203__7344/ZN                                    -       A1->ZN F     NAND2_X1       1  2.8    28    57   52846    (-,-) 
  u_DCT/DRU/sub_60_47_g1201__2703/ZN                                    -       A1->ZN R     NAND2_X1       2  6.0    70    88   52935    (-,-) 
  u_DCT/DRU/sub_60_47_g1200__6083/ZN                                    -       A2->ZN F     NAND2_X1       1  2.7    26    59   52993    (-,-) 
  u_DCT/DRU/sub_60_47_g1198__5266/ZN                                    -       A2->ZN R     NAND2_X1       2  6.0    67    95   53088    (-,-) 
  u_DCT/DRU/sub_60_47_g1197__7114/ZN                                    -       A2->ZN F     NAND2_X1       1  2.8    26    58   53147    (-,-) 
  u_DCT/DRU/sub_60_47_g1195__5953/ZN                                    -       A1->ZN R     NAND2_X1       2  5.7    68    85   53231    (-,-) 
  u_DCT/DRU/sub_60_47_g1194__1786/ZN                                    -       A1->ZN F     NAND2_X1       1  2.8    28    56   53288    (-,-) 
  u_DCT/DRU/sub_60_47_g1192__7118/ZN                                    -       A1->ZN R     NAND2_X1       2  5.7    68    86   53374    (-,-) 
  u_DCT/DRU/sub_60_47_g1191__7675/ZN                                    -       A1->ZN F     NAND2_X1       1  2.8    28    56   53430    (-,-) 
  u_DCT/DRU/sub_60_47_g1189__2900/ZN                                    -       A1->ZN R     NAND2_X1       2  5.7    68    86   53516    (-,-) 
  u_DCT/DRU/sub_60_47_g1188__6877/ZN                                    -       A1->ZN F     NAND2_X1       1  2.8    28    56   53572    (-,-) 
  u_DCT/DRU/sub_60_47_g1186__2683/ZN                                    -       A1->ZN R     NAND2_X1       2  5.0    63    80   53652    (-,-) 
  u_DCT/DRU/sub_60_47_g1185__9682/ZN                                    -       A1->ZN R     AND2_X1        2  4.4    47   131   53783    (-,-) 
  u_DCT/DRU/sub_60_47_g1182__3772/ZN                                    -       B1->ZN F     AOI21_X1       2  5.4    35    66   53849    (-,-) 
  u_DCT/DRU/sub_60_47_g1179__9906/ZN                                    -       B1->ZN R     OAI21_X1       2  5.7   141   183   54032    (-,-) 
  u_DCT/DRU/sub_60_47_g1177__5019/ZN                                    -       A->ZN  F     XNOR2_X1       1  2.7    46    78   54111    (-,-) 
  u_DCT/DRU/g2431__2900/ZN                                              -       A1->ZN R     AOI222_X1      1  2.9   216   251   54362    (-,-) 
  u_DCT/DRU/g2414/ZN                                                    -       A->ZN  F     INV_X1         1  2.3    46    50   54412    (-,-) 
  u_DCT/DRU/ToBDEG_reg[11]/D                                            -       -      F     SDFF_X1        1    -     -     0   54412    (-,-) 
#-----------------------------------------------------------------------------------------------------------------------------------------------



Path 48: MET (46837 ps) Setup Check with Pin u_DCT/tposemem_Bisted_RF_2P_ADV64x16_RF_2P_ADV64x16_u0_SRAM_i0/CLKB->DB[5]
           Mode: scan_mode
          Group: C2C_scan_mode
     Startpoint: (R) u_DCT/IDRU8/Count_reg[0]/CK
          Clock: (R) CLK1
       Endpoint: (F) u_DCT/tposemem_Bisted_RF_2P_ADV64x16_RF_2P_ADV64x16_u0_SRAM_i0/DB[5]
          Clock: (F) CLK1

                     Capture       Launch     
        Clock Edge:+   50000            0     
       Src Latency:+       0            0     
       Net Latency:+    2000 (I)     2000 (I) 
           Arrival:=   52000         2000     
                                              
             Setup:-     238                  
       Uncertainty:-     500                  
     Required Time:=   51262                  
      Launch Clock:-    2000                  
         Data Path:-    2425                  
             Slack:=   46837                  

#----------------------------------------------------------------------------------------------------------------------------------------------
#                            Timing Point                              Flags    Arc   Edge   Cell     Fanout Load Trans Delay Arrival Instance 
#                                                                                                            (fF)  (ps)  (ps)   (ps)  Location 
#----------------------------------------------------------------------------------------------------------------------------------------------
  u_DCT/IDRU8/Count_reg[0]/CK                                          -       -      R     (arrival)     15    -     0     -    2000    (-,-) 
  u_DCT/IDRU8/Count_reg[0]/Q                                           -       CK->Q  F     SDFF_X2        3 10.2    78   360    2360    (-,-) 
  u_DCT/IDRU8/g5849/ZN                                                 -       A->ZN  R     INV_X4         5 15.8    47    95    2454    (-,-) 
  u_DCT/IDRU8/g5847/ZN                                                 -       A->ZN  F     INV_X2         3 15.8    23    51    2505    (-,-) 
  u_DCT/IDRU8/g5813__5795/ZN                                           -       A1->ZN R     NAND3_X4       3 16.1    60    74    2579    (-,-) 
  u_DCT/IDRU8/g5778/ZN                                                 -       A->ZN  F     INV_X4        17 36.3    28    59    2638    (-,-) 
  u_DCT/IDRU8/g5733__2900/ZN                                           -       B1->ZN R     AOI21_X1       1  4.7   135   158    2796    (-,-) 
  u_DCT/IDRU8/g5625__5266/ZN                                           -       A3->ZN F     NAND4_X2       4 10.2    75   157    2953    (-,-) 
  u_DCT/IDRU8/add_86_45_g744__4296/ZN                                  -       A1->ZN F     OR2_X1         2  4.8    38   214    3167    (-,-) 
  u_DCT/IDRU8/add_86_45_g691__7118/ZN                                  -       A2->ZN R     NAND2_X1       1  4.3    53    87    3254    (-,-) 
  u_DCT/IDRU8/add_86_45_g688__2900/ZN                                  -       A1->ZN F     NAND2_X2       2  5.5    24    52    3306    (-,-) 
  u_DCT/IDRU8/add_86_45_g686__1309/ZN                                  -       A1->ZN R     NAND2_X1       1  4.3    53    72    3378    (-,-) 
  u_DCT/IDRU8/add_86_45_g684__9682/ZN                                  -       A1->ZN F     NAND2_X2       3  7.6    28    58    3436    (-,-) 
  u_DCT/IDRU8/add_86_45_g680__4296/ZN                                  -       A1->ZN R     NAND3_X1       1  4.2    60    77    3513    (-,-) 
  u_DCT/IDRU8/add_86_45_g679__8780/ZN                                  -       A1->ZN F     NAND3_X2       2  5.5    37    72    3585    (-,-) 
  u_DCT/IDRU8/add_86_45_g677__1857/ZN                                  -       A1->ZN R     NAND2_X1       1  4.3    53    79    3664    (-,-) 
  u_DCT/IDRU8/add_86_45_g675__1840/ZN                                  -       A1->ZN F     NAND2_X2       2  5.5    24    52    3716    (-,-) 
  u_DCT/IDRU8/add_86_45_g673__5795/ZN                                  -       A->ZN  F     XNOR2_X1       1  2.2    27   123    3839    (-,-) 
  u_DCT/IDRU8/g5269__4296/Z                                            -       A->Z   F     MUX2_X1        2  4.3    41   241    4080    (-,-) 
  u_DCT/IDRU8/g5126__5953/Z                                            -       A->Z   F     MUX2_X1        1  2.8    37   239    4319    (-,-) 
  u_DCT/g3867/ZN                                                       -       A->ZN  R     INV_X1         1  2.9    33    61    4380    (-,-) 
  u_DCT/g3751/ZN                                                       -       B1->ZN F     OAI21_X1       1  2.6    30    45    4424    (-,-) 
  u_DCT/tposemem_Bisted_RF_2P_ADV64x16_RF_2P_ADV64x16_u0_SRAM_i0/DB[5] (P)     -      F     rf_2p_hse      1    -     -     0    4425    (-,-) 
#----------------------------------------------------------------------------------------------------------------------------------------------

(P) : Instance is preserved



Path 49: MET (46851 ps) Setup Check with Pin u_IDCT/tposemem_Bisted_RF_2P_ADV64x16_RF_2P_ADV64x16_u0_SRAM_i0/CLKB->DB[5]
           Mode: scan_mode
          Group: C2C_scan_mode
     Startpoint: (R) d_DoDCT_reg/CK
          Clock: (R) CLK1
       Endpoint: (F) u_IDCT/tposemem_Bisted_RF_2P_ADV64x16_RF_2P_ADV64x16_u0_SRAM_i0/DB[5]
          Clock: (F) CLK1

                     Capture       Launch     
        Clock Edge:+   50000            0     
       Src Latency:+       0            0     
       Net Latency:+    2000 (I)     2000 (I) 
           Arrival:=   52000         2000     
                                              
             Setup:-     238                  
       Uncertainty:-     500                  
     Required Time:=   51262                  
      Launch Clock:-    2000                  
         Data Path:-    2410                  
             Slack:=   46851                  

#-----------------------------------------------------------------------------------------------------------------------------------------------
#                             Timing Point                              Flags    Arc   Edge   Cell     Fanout Load Trans Delay Arrival Instance 
#                                                                                                             (fF)  (ps)  (ps)   (ps)  Location 
#-----------------------------------------------------------------------------------------------------------------------------------------------
  d_DoDCT_reg/CK                                                        -       -      R     (arrival)    734    -     0     -    2000    (-,-) 
  d_DoDCT_reg/Q                                                         -       CK->Q  F     SDFF_X1        1  4.1    48   242    2242    (-,-) 
  g546/Z                                                                -       A->Z   F     BUF_X4         8 30.6    27   118    2359    (-,-) 
  g375/ZN                                                               -       A->ZN  R     INV_X8         7 28.2    38    62    2421    (-,-) 
  u_IDCT/IDRU8/g5749/ZN                                                 -       A->ZN  F     INV_X4         4 26.6    19    43    2464    (-,-) 
  u_IDCT/IDRU8/g5721/ZN                                                 -       A3->ZN R     NAND3_X4       2 11.0    50    75    2539    (-,-) 
  u_IDCT/IDRU8/g5715/ZN                                                 -       A->ZN  F     INV_X4        18 40.0    27    57    2596    (-,-) 
  u_IDCT/IDRU8/g5682/ZN                                                 -       A1->ZN R     AOI22_X2       1  2.2    82   105    2701    (-,-) 
  u_IDCT/IDRU8/g5612/ZN                                                 -       A1->ZN R     AND2_X1        1  2.9    36   127    2828    (-,-) 
  u_IDCT/IDRU8/g5573/ZN                                                 -       A2->ZN F     NAND3_X1       4 10.4    82   123    2951    (-,-) 
  u_IDCT/IDRU8/add_86_45_g754/ZN                                        -       A1->ZN F     OR2_X1         2  4.8    38   218    3169    (-,-) 
  u_IDCT/IDRU8/add_86_45_g694/ZN                                        -       A2->ZN R     NAND2_X1       1  4.3    53    87    3256    (-,-) 
  u_IDCT/IDRU8/add_86_45_g692/ZN                                        -       A1->ZN F     NAND2_X2       2  5.5    24    52    3308    (-,-) 
  u_IDCT/IDRU8/add_86_45_g689/ZN                                        -       A1->ZN R     NAND2_X1       1  4.3    53    72    3379    (-,-) 
  u_IDCT/IDRU8/add_86_45_g687/ZN                                        -       A1->ZN F     NAND2_X2       3  7.6    28    58    3438    (-,-) 
  u_IDCT/IDRU8/add_86_45_g683/ZN                                        -       A1->ZN R     NAND3_X1       1  2.9    50    66    3504    (-,-) 
  u_IDCT/IDRU8/add_86_45_g682/ZN                                        -       A1->ZN F     NAND2_X1       2  5.5    37    65    3568    (-,-) 
  u_IDCT/IDRU8/add_86_45_g680/ZN                                        -       A1->ZN R     NAND2_X1       1  2.9    42    67    3635    (-,-) 
  u_IDCT/IDRU8/add_86_45_g678/ZN                                        -       A1->ZN F     NAND2_X1       2  5.5    33    62    3697    (-,-) 
  u_IDCT/IDRU8/add_86_45_g676/ZN                                        -       A->ZN  F     XNOR2_X1       1  2.2    27   128    3825    (-,-) 
  u_IDCT/IDRU8/g5207/Z                                                  -       A->Z   F     MUX2_X1        2  4.3    41   241    4066    (-,-) 
  u_IDCT/IDRU8/g5064/Z                                                  -       A->Z   F     MUX2_X1        1  2.8    37   239    4305    (-,-) 
  u_IDCT/g3867/ZN                                                       -       A->ZN  R     INV_X1         1  2.9    33    61    4366    (-,-) 
  u_IDCT/g3751/ZN                                                       -       B1->ZN F     OAI21_X1       1  2.6    30    45    4410    (-,-) 
  u_IDCT/tposemem_Bisted_RF_2P_ADV64x16_RF_2P_ADV64x16_u0_SRAM_i0/DB[5] (P)     -      F     rf_2p_hse      1    -     -     0    4410    (-,-) 
#-----------------------------------------------------------------------------------------------------------------------------------------------

(P) : Instance is preserved



Path 50: MET (46860 ps) Setup Check with Pin u_IDCT/DRU/ToBDEG_reg[11]/CK->D
           Mode: scan_mode
          Group: C2C_scan_mode
     Startpoint: (R) u_IDCT/tposemem_Bisted_RF_2P_ADV64x16_BistCtrl_i0_ST_MAL_i0_S17_reg/CK
          Clock: (F) CLK1
       Endpoint: (F) u_IDCT/DRU/ToBDEG_reg[11]/D
          Clock: (R) CLK1

                     Capture       Launch     
        Clock Edge:+  100000        50000     
       Src Latency:+       0            0     
       Net Latency:+    2000 (I)     2000 (I) 
           Arrival:=  102000        52000     
                                              
             Setup:-     266                  
       Uncertainty:-     500                  
     Required Time:=  101234                  
      Launch Clock:-   52000                  
         Data Path:-    2374                  
             Slack:=   46860                  

#------------------------------------------------------------------------------------------------------------------------------------------------
#                             Timing Point                               Flags    Arc   Edge   Cell     Fanout Load Trans Delay Arrival Instance 
#                                                                                                              (fF)  (ps)  (ps)   (ps)  Location 
#------------------------------------------------------------------------------------------------------------------------------------------------
  u_IDCT/tposemem_Bisted_RF_2P_ADV64x16_BistCtrl_i0_ST_MAL_i0_S17_reg/CK -       -      R     (arrival)      1    -     0     -   52000    (-,-) 
  u_IDCT/tposemem_Bisted_RF_2P_ADV64x16_BistCtrl_i0_ST_MAL_i0_S17_reg/Q  -       CK->Q  F     SDFF_X1        2  4.3    48   243   52243    (-,-) 
  u_IDCT/g3832/ZN                                                        -       A1->ZN R     NAND2_X1       2  5.1    60    92   52335    (-,-) 
  u_IDCT/g3811/ZN                                                        -       A1->ZN F     NAND2_X1       2  4.2    30    62   52397    (-,-) 
  u_IDCT/DRU/g2758/ZN                                                    -       A1->ZN F     AND2_X2        6 13.5    28   115   52513    (-,-) 
  u_IDCT/DRU/sub_60_47_g1238/ZN                                          -       A1->ZN R     NAND2_X1       3  8.2    86   107   52620    (-,-) 
  u_IDCT/DRU/sub_60_47_g1206/ZN                                          -       A2->ZN F     NAND2_X1       1  2.8    26    65   52684    (-,-) 
  u_IDCT/DRU/sub_60_47_g1205/ZN                                          -       A1->ZN R     NAND2_X1       2  5.7    66    85   52769    (-,-) 
  u_IDCT/DRU/sub_60_47_g1203/ZN                                          -       A1->ZN F     NAND2_X1       1  2.8    28    56   52825    (-,-) 
  u_IDCT/DRU/sub_60_47_g1201/ZN                                          -       A1->ZN R     NAND2_X1       2  5.7    66    85   52910    (-,-) 
  u_IDCT/DRU/sub_60_47_g1200/ZN                                          -       A1->ZN F     NAND2_X1       1  2.8    28    56   52966    (-,-) 
  u_IDCT/DRU/sub_60_47_g1198/ZN                                          -       A1->ZN R     NAND2_X1       2  5.7    68    85   53052    (-,-) 
  u_IDCT/DRU/sub_60_47_g1197/ZN                                          -       A1->ZN F     NAND2_X1       1  2.8    28    56   53108    (-,-) 
  u_IDCT/DRU/sub_60_47_g1195/ZN                                          -       A1->ZN R     NAND2_X1       2  5.7    68    86   53194    (-,-) 
  u_IDCT/DRU/sub_60_47_g1194/ZN                                          -       A1->ZN F     NAND2_X1       1  2.8    28    56   53250    (-,-) 
  u_IDCT/DRU/sub_60_47_g1192/ZN                                          -       A1->ZN R     NAND2_X1       2  5.7    68    86   53336    (-,-) 
  u_IDCT/DRU/sub_60_47_g1191/ZN                                          -       A1->ZN F     NAND2_X1       1  2.8    28    56   53392    (-,-) 
  u_IDCT/DRU/sub_60_47_g1189/ZN                                          -       A1->ZN R     NAND2_X1       2  5.7    68    86   53478    (-,-) 
  u_IDCT/DRU/sub_60_47_g1188/ZN                                          -       A1->ZN F     NAND2_X1       1  2.8    28    56   53535    (-,-) 
  u_IDCT/DRU/sub_60_47_g1186/ZN                                          -       A1->ZN R     NAND2_X1       2  5.0    63    80   53614    (-,-) 
  u_IDCT/DRU/sub_60_47_g1185/ZN                                          -       A1->ZN R     AND2_X1        2  4.4    47   131   53746    (-,-) 
  u_IDCT/DRU/sub_60_47_g1182/ZN                                          -       B1->ZN F     AOI21_X1       2  5.4    35    66   53811    (-,-) 
  u_IDCT/DRU/sub_60_47_g1179/ZN                                          -       B1->ZN R     OAI21_X1       2  5.7   141   183   53995    (-,-) 
  u_IDCT/DRU/sub_60_47_g1177/ZN                                          -       A->ZN  F     XNOR2_X1       1  2.7    46    78   54073    (-,-) 
  u_IDCT/DRU/g2431/ZN                                                    -       A1->ZN R     AOI222_X1      1  2.9   216   251   54324    (-,-) 
  u_IDCT/DRU/g2414/ZN                                                    -       A->ZN  F     INV_X1         1  2.3    46    50   54374    (-,-) 
  u_IDCT/DRU/ToBDEG_reg[11]/D                                            -       -      F     SDFF_X1        1    -     -     0   54374    (-,-) 
#------------------------------------------------------------------------------------------------------------------------------------------------


