============================================================
  Generated by:           Genus(TM) Synthesis Solution 19.10-p002_1
  Generated on:           Jun 03 2020  11:46:23 am
  Module:                 CHIP
  Operating conditions:   slow 
  Interconnect mode:      global
  Area mode:              physical library
============================================================


Path 1: VIOLATED (-7093 ps) Setup Check with Pin d_DoDCT_reg/CK->D
           Mode: func_mode
          Group: I2C_func_mode
     Startpoint: (R) DoDCT
          Clock: (R) CLK1
       Endpoint: (R) d_DoDCT_reg/D
          Clock: (R) CLK1

                     Capture       Launch     
        Clock Edge:+    8000            0     
        Drv Adjust:+       0        10000     
       Src Latency:+       0            0     
       Net Latency:+    2000 (I)     2000 (I) 
           Arrival:=   10000        12000     
                                              
             Setup:-     279                  
       Uncertainty:-     500                  
     Required Time:=    9221                  
      Launch Clock:-   12000                  
       Input Delay:-    3000                  
         Data Path:-    1314                  
             Slack:=   -7093                  

Exceptions/Constraints:
  input_delay             3000            CHIP_func.sdc_line_11_2_1 

#-----------------------------------------------------------------------------------------
# Timing Point   Flags    Arc   Edge   Cell     Fanout  Load Trans Delay Arrival Instance 
#                                                       (fF)  (ps)  (ps)   (ps)  Location 
#-----------------------------------------------------------------------------------------
  DoDCT          -       -      R     (arrival)      1 100.0 10000     0   15000    (-,-) 
  ipad_DoDCT/C   (P)     PAD->C R     PADIN          1 102.4   123  1314   16314    (-,-) 
  d_DoDCT_reg/D  -       -      R     SDFF_X1        1     -     -     0   16314    (-,-) 
#-----------------------------------------------------------------------------------------

(P) : Instance is preserved



Path 2: VIOLATED (-7087 ps) Setup Check with Pin d_X_reg[3]/CK->D
           Mode: func_mode
          Group: I2C_func_mode
     Startpoint: (F) X[3]
          Clock: (R) CLK1
       Endpoint: (F) d_X_reg[3]/D
          Clock: (R) CLK1

                     Capture       Launch     
        Clock Edge:+    8000            0     
        Drv Adjust:+       0        10000     
       Src Latency:+       0            0     
       Net Latency:+    2000 (I)     2000 (I) 
           Arrival:=   10000        12000     
                                              
             Setup:-     274                  
       Uncertainty:-     500                  
     Required Time:=    9226                  
      Launch Clock:-   12000                  
       Input Delay:-    3000                  
         Data Path:-    1314                  
             Slack:=   -7087                  

Exceptions/Constraints:
  input_delay             3000            CHIP_func.sdc_line_11_11_1 

#-----------------------------------------------------------------------------------------
# Timing Point   Flags    Arc   Edge   Cell     Fanout  Load Trans Delay Arrival Instance 
#                                                       (fF)  (ps)  (ps)   (ps)  Location 
#-----------------------------------------------------------------------------------------
  X[3]           -       -      F     (arrival)      1 100.0 10000     0   15000    (-,-) 
  ipad_X3/C      (P)     PAD->C F     PADIN          1 102.4   123  1314   16314    (-,-) 
  d_X_reg[3]/D   -       -      F     SDFFR_X1       1     -     -     0   16314    (-,-) 
#-----------------------------------------------------------------------------------------

(P) : Instance is preserved



Path 3: VIOLATED (-7087 ps) Setup Check with Pin d_X_reg[10]/CK->D
           Mode: func_mode
          Group: I2C_func_mode
     Startpoint: (F) X[10]
          Clock: (R) CLK1
       Endpoint: (F) d_X_reg[10]/D
          Clock: (R) CLK1

                     Capture       Launch     
        Clock Edge:+    8000            0     
        Drv Adjust:+       0        10000     
       Src Latency:+       0            0     
       Net Latency:+    2000 (I)     2000 (I) 
           Arrival:=   10000        12000     
                                              
             Setup:-     274                  
       Uncertainty:-     500                  
     Required Time:=    9226                  
      Launch Clock:-   12000                  
       Input Delay:-    3000                  
         Data Path:-    1314                  
             Slack:=   -7087                  

Exceptions/Constraints:
  input_delay             3000            CHIP_func.sdc_line_11_4_1 

#-----------------------------------------------------------------------------------------
# Timing Point   Flags    Arc   Edge   Cell     Fanout  Load Trans Delay Arrival Instance 
#                                                       (fF)  (ps)  (ps)   (ps)  Location 
#-----------------------------------------------------------------------------------------
  X[10]          -       -      F     (arrival)      1 100.0 10000     0   15000    (-,-) 
  ipad_X10/C     (P)     PAD->C F     PADIN          1 102.4   123  1314   16314    (-,-) 
  d_X_reg[10]/D  -       -      F     SDFFR_X1       1     -     -     0   16314    (-,-) 
#-----------------------------------------------------------------------------------------

(P) : Instance is preserved



Path 4: VIOLATED (-7087 ps) Setup Check with Pin d_X_reg[4]/CK->D
           Mode: func_mode
          Group: I2C_func_mode
     Startpoint: (F) X[4]
          Clock: (R) CLK1
       Endpoint: (F) d_X_reg[4]/D
          Clock: (R) CLK1

                     Capture       Launch     
        Clock Edge:+    8000            0     
        Drv Adjust:+       0        10000     
       Src Latency:+       0            0     
       Net Latency:+    2000 (I)     2000 (I) 
           Arrival:=   10000        12000     
                                              
             Setup:-     274                  
       Uncertainty:-     500                  
     Required Time:=    9226                  
      Launch Clock:-   12000                  
       Input Delay:-    3000                  
         Data Path:-    1314                  
             Slack:=   -7087                  

Exceptions/Constraints:
  input_delay             3000            CHIP_func.sdc_line_11_10_1 

#-----------------------------------------------------------------------------------------
# Timing Point   Flags    Arc   Edge   Cell     Fanout  Load Trans Delay Arrival Instance 
#                                                       (fF)  (ps)  (ps)   (ps)  Location 
#-----------------------------------------------------------------------------------------
  X[4]           -       -      F     (arrival)      1 100.0 10000     0   15000    (-,-) 
  ipad_X4/C      (P)     PAD->C F     PADIN          1 102.4   123  1314   16314    (-,-) 
  d_X_reg[4]/D   -       -      F     SDFFR_X1       1     -     -     0   16314    (-,-) 
#-----------------------------------------------------------------------------------------

(P) : Instance is preserved



Path 5: VIOLATED (-7087 ps) Setup Check with Pin d_Mode_reg/CK->D
           Mode: func_mode
          Group: I2C_func_mode
     Startpoint: (F) Mode
          Clock: (R) CLK1
       Endpoint: (F) d_Mode_reg/D
          Clock: (R) CLK1

                     Capture       Launch     
        Clock Edge:+    8000            0     
        Drv Adjust:+       0        10000     
       Src Latency:+       0            0     
       Net Latency:+    2000 (I)     2000 (I) 
           Arrival:=   10000        12000     
                                              
             Setup:-     274                  
       Uncertainty:-     500                  
     Required Time:=    9226                  
      Launch Clock:-   12000                  
       Input Delay:-    3000                  
         Data Path:-    1314                  
             Slack:=   -7087                  

Exceptions/Constraints:
  input_delay             3000            CHIP_func.sdc_line_11_15_1 

#-----------------------------------------------------------------------------------------
# Timing Point   Flags    Arc   Edge   Cell     Fanout  Load Trans Delay Arrival Instance 
#                                                       (fF)  (ps)  (ps)   (ps)  Location 
#-----------------------------------------------------------------------------------------
  Mode           -       -      F     (arrival)      1 100.0 10000     0   15000    (-,-) 
  ipad_Mode/C    (P)     PAD->C F     PADIN          1 102.4   123  1314   16314    (-,-) 
  d_Mode_reg/D   -       -      F     SDFFR_X1       1     -     -     0   16314    (-,-) 
#-----------------------------------------------------------------------------------------

(P) : Instance is preserved



Path 6: VIOLATED (-7087 ps) Setup Check with Pin d_X_reg[11]/CK->D
           Mode: func_mode
          Group: I2C_func_mode
     Startpoint: (F) X[11]
          Clock: (R) CLK1
       Endpoint: (F) d_X_reg[11]/D
          Clock: (R) CLK1

                     Capture       Launch     
        Clock Edge:+    8000            0     
        Drv Adjust:+       0        10000     
       Src Latency:+       0            0     
       Net Latency:+    2000 (I)     2000 (I) 
           Arrival:=   10000        12000     
                                              
             Setup:-     274                  
       Uncertainty:-     500                  
     Required Time:=    9226                  
      Launch Clock:-   12000                  
       Input Delay:-    3000                  
         Data Path:-    1314                  
             Slack:=   -7087                  

Exceptions/Constraints:
  input_delay             3000            CHIP_func.sdc_line_11_3_1 

#-----------------------------------------------------------------------------------------
# Timing Point   Flags    Arc   Edge   Cell     Fanout  Load Trans Delay Arrival Instance 
#                                                       (fF)  (ps)  (ps)   (ps)  Location 
#-----------------------------------------------------------------------------------------
  X[11]          -       -      F     (arrival)      1 100.0 10000     0   15000    (-,-) 
  ipad_X11/C     (P)     PAD->C F     PADIN          1 102.4   123  1314   16314    (-,-) 
  d_X_reg[11]/D  -       -      F     SDFFR_X1       1     -     -     0   16314    (-,-) 
#-----------------------------------------------------------------------------------------

(P) : Instance is preserved



Path 7: VIOLATED (-7087 ps) Setup Check with Pin d_X_reg[5]/CK->D
           Mode: func_mode
          Group: I2C_func_mode
     Startpoint: (F) X[5]
          Clock: (R) CLK1
       Endpoint: (F) d_X_reg[5]/D
          Clock: (R) CLK1

                     Capture       Launch     
        Clock Edge:+    8000            0     
        Drv Adjust:+       0        10000     
       Src Latency:+       0            0     
       Net Latency:+    2000 (I)     2000 (I) 
           Arrival:=   10000        12000     
                                              
             Setup:-     274                  
       Uncertainty:-     500                  
     Required Time:=    9226                  
      Launch Clock:-   12000                  
       Input Delay:-    3000                  
         Data Path:-    1314                  
             Slack:=   -7087                  

Exceptions/Constraints:
  input_delay             3000            CHIP_func.sdc_line_11_9_1 

#-----------------------------------------------------------------------------------------
# Timing Point   Flags    Arc   Edge   Cell     Fanout  Load Trans Delay Arrival Instance 
#                                                       (fF)  (ps)  (ps)   (ps)  Location 
#-----------------------------------------------------------------------------------------
  X[5]           -       -      F     (arrival)      1 100.0 10000     0   15000    (-,-) 
  ipad_X5/C      (P)     PAD->C F     PADIN          1 102.4   123  1314   16314    (-,-) 
  d_X_reg[5]/D   -       -      F     SDFFR_X1       1     -     -     0   16314    (-,-) 
#-----------------------------------------------------------------------------------------

(P) : Instance is preserved



Path 8: VIOLATED (-7087 ps) Setup Check with Pin d_X_reg[6]/CK->D
           Mode: func_mode
          Group: I2C_func_mode
     Startpoint: (F) X[6]
          Clock: (R) CLK1
       Endpoint: (F) d_X_reg[6]/D
          Clock: (R) CLK1

                     Capture       Launch     
        Clock Edge:+    8000            0     
        Drv Adjust:+       0        10000     
       Src Latency:+       0            0     
       Net Latency:+    2000 (I)     2000 (I) 
           Arrival:=   10000        12000     
                                              
             Setup:-     274                  
       Uncertainty:-     500                  
     Required Time:=    9226                  
      Launch Clock:-   12000                  
       Input Delay:-    3000                  
         Data Path:-    1314                  
             Slack:=   -7087                  

Exceptions/Constraints:
  input_delay             3000            CHIP_func.sdc_line_11_8_1 

#-----------------------------------------------------------------------------------------
# Timing Point   Flags    Arc   Edge   Cell     Fanout  Load Trans Delay Arrival Instance 
#                                                       (fF)  (ps)  (ps)   (ps)  Location 
#-----------------------------------------------------------------------------------------
  X[6]           -       -      F     (arrival)      1 100.0 10000     0   15000    (-,-) 
  ipad_X6/C      (P)     PAD->C F     PADIN          1 102.4   123  1314   16314    (-,-) 
  d_X_reg[6]/D   -       -      F     SDFFR_X1       1     -     -     0   16314    (-,-) 
#-----------------------------------------------------------------------------------------

(P) : Instance is preserved



Path 9: VIOLATED (-7087 ps) Setup Check with Pin d_HALT_reg/CK->D
           Mode: func_mode
          Group: I2C_func_mode
     Startpoint: (F) HALT
          Clock: (R) CLK1
       Endpoint: (F) d_HALT_reg/D
          Clock: (R) CLK1

                     Capture       Launch     
        Clock Edge:+    8000            0     
        Drv Adjust:+       0        10000     
       Src Latency:+       0            0     
       Net Latency:+    2000 (I)     2000 (I) 
           Arrival:=   10000        12000     
                                              
             Setup:-     274                  
       Uncertainty:-     500                  
     Required Time:=    9226                  
      Launch Clock:-   12000                  
       Input Delay:-    3000                  
         Data Path:-    1314                  
             Slack:=   -7087                  

Exceptions/Constraints:
  input_delay             3000            CHIP_func.sdc_line_11 

#-----------------------------------------------------------------------------------------
# Timing Point   Flags    Arc   Edge   Cell     Fanout  Load Trans Delay Arrival Instance 
#                                                       (fF)  (ps)  (ps)   (ps)  Location 
#-----------------------------------------------------------------------------------------
  HALT           -       -      F     (arrival)      1 100.0 10000     0   15000    (-,-) 
  ipad_HALT/C    (P)     PAD->C F     PADIN          1 102.4   123  1314   16314    (-,-) 
  d_HALT_reg/D   -       -      F     SDFFR_X1       1     -     -     0   16314    (-,-) 
#-----------------------------------------------------------------------------------------

(P) : Instance is preserved



Path 10: VIOLATED (-7087 ps) Setup Check with Pin d_X_reg[2]/CK->D
           Mode: func_mode
          Group: I2C_func_mode
     Startpoint: (F) X[2]
          Clock: (R) CLK1
       Endpoint: (F) d_X_reg[2]/D
          Clock: (R) CLK1

                     Capture       Launch     
        Clock Edge:+    8000            0     
        Drv Adjust:+       0        10000     
       Src Latency:+       0            0     
       Net Latency:+    2000 (I)     2000 (I) 
           Arrival:=   10000        12000     
                                              
             Setup:-     274                  
       Uncertainty:-     500                  
     Required Time:=    9226                  
      Launch Clock:-   12000                  
       Input Delay:-    3000                  
         Data Path:-    1314                  
             Slack:=   -7087                  

Exceptions/Constraints:
  input_delay             3000            CHIP_func.sdc_line_11_12_1 

#-----------------------------------------------------------------------------------------
# Timing Point   Flags    Arc   Edge   Cell     Fanout  Load Trans Delay Arrival Instance 
#                                                       (fF)  (ps)  (ps)   (ps)  Location 
#-----------------------------------------------------------------------------------------
  X[2]           -       -      F     (arrival)      1 100.0 10000     0   15000    (-,-) 
  ipad_X2/C      (P)     PAD->C F     PADIN          1 102.4   123  1314   16314    (-,-) 
  d_X_reg[2]/D   -       -      F     SDFFR_X1       1     -     -     0   16314    (-,-) 
#-----------------------------------------------------------------------------------------

(P) : Instance is preserved



Path 11: VIOLATED (-7087 ps) Setup Check with Pin d_X_reg[8]/CK->D
           Mode: func_mode
          Group: I2C_func_mode
     Startpoint: (F) X[8]
          Clock: (R) CLK1
       Endpoint: (F) d_X_reg[8]/D
          Clock: (R) CLK1

                     Capture       Launch     
        Clock Edge:+    8000            0     
        Drv Adjust:+       0        10000     
       Src Latency:+       0            0     
       Net Latency:+    2000 (I)     2000 (I) 
           Arrival:=   10000        12000     
                                              
             Setup:-     274                  
       Uncertainty:-     500                  
     Required Time:=    9226                  
      Launch Clock:-   12000                  
       Input Delay:-    3000                  
         Data Path:-    1314                  
             Slack:=   -7087                  

Exceptions/Constraints:
  input_delay             3000            CHIP_func.sdc_line_11_6_1 

#-----------------------------------------------------------------------------------------
# Timing Point   Flags    Arc   Edge   Cell     Fanout  Load Trans Delay Arrival Instance 
#                                                       (fF)  (ps)  (ps)   (ps)  Location 
#-----------------------------------------------------------------------------------------
  X[8]           -       -      F     (arrival)      1 100.0 10000     0   15000    (-,-) 
  ipad_X8/C      (P)     PAD->C F     PADIN          1 102.4   123  1314   16314    (-,-) 
  d_X_reg[8]/D   -       -      F     SDFFR_X1       1     -     -     0   16314    (-,-) 
#-----------------------------------------------------------------------------------------

(P) : Instance is preserved



Path 12: VIOLATED (-7087 ps) Setup Check with Pin d_X_reg[0]/CK->D
           Mode: func_mode
          Group: I2C_func_mode
     Startpoint: (F) X[0]
          Clock: (R) CLK1
       Endpoint: (F) d_X_reg[0]/D
          Clock: (R) CLK1

                     Capture       Launch     
        Clock Edge:+    8000            0     
        Drv Adjust:+       0        10000     
       Src Latency:+       0            0     
       Net Latency:+    2000 (I)     2000 (I) 
           Arrival:=   10000        12000     
                                              
             Setup:-     274                  
       Uncertainty:-     500                  
     Required Time:=    9226                  
      Launch Clock:-   12000                  
       Input Delay:-    3000                  
         Data Path:-    1314                  
             Slack:=   -7087                  

Exceptions/Constraints:
  input_delay             3000            CHIP_func.sdc_line_11_14_1 

#-----------------------------------------------------------------------------------------
# Timing Point   Flags    Arc   Edge   Cell     Fanout  Load Trans Delay Arrival Instance 
#                                                       (fF)  (ps)  (ps)   (ps)  Location 
#-----------------------------------------------------------------------------------------
  X[0]           -       -      F     (arrival)      1 100.0 10000     0   15000    (-,-) 
  ipad_X0/C      (P)     PAD->C F     PADIN          1 102.4   123  1314   16314    (-,-) 
  d_X_reg[0]/D   -       -      F     SDFFR_X1       1     -     -     0   16314    (-,-) 
#-----------------------------------------------------------------------------------------

(P) : Instance is preserved



Path 13: VIOLATED (-7087 ps) Setup Check with Pin d_X_reg[1]/CK->D
           Mode: func_mode
          Group: I2C_func_mode
     Startpoint: (F) X[1]
          Clock: (R) CLK1
       Endpoint: (F) d_X_reg[1]/D
          Clock: (R) CLK1

                     Capture       Launch     
        Clock Edge:+    8000            0     
        Drv Adjust:+       0        10000     
       Src Latency:+       0            0     
       Net Latency:+    2000 (I)     2000 (I) 
           Arrival:=   10000        12000     
                                              
             Setup:-     274                  
       Uncertainty:-     500                  
     Required Time:=    9226                  
      Launch Clock:-   12000                  
       Input Delay:-    3000                  
         Data Path:-    1314                  
             Slack:=   -7087                  

Exceptions/Constraints:
  input_delay             3000            CHIP_func.sdc_line_11_13_1 

#-----------------------------------------------------------------------------------------
# Timing Point   Flags    Arc   Edge   Cell     Fanout  Load Trans Delay Arrival Instance 
#                                                       (fF)  (ps)  (ps)   (ps)  Location 
#-----------------------------------------------------------------------------------------
  X[1]           -       -      F     (arrival)      1 100.0 10000     0   15000    (-,-) 
  ipad_X1/C      (P)     PAD->C F     PADIN          1 102.4   123  1314   16314    (-,-) 
  d_X_reg[1]/D   -       -      F     SDFFR_X1       1     -     -     0   16314    (-,-) 
#-----------------------------------------------------------------------------------------

(P) : Instance is preserved



Path 14: VIOLATED (-7087 ps) Setup Check with Pin d_X_reg[9]/CK->D
           Mode: func_mode
          Group: I2C_func_mode
     Startpoint: (F) X[9]
          Clock: (R) CLK1
       Endpoint: (F) d_X_reg[9]/D
          Clock: (R) CLK1

                     Capture       Launch     
        Clock Edge:+    8000            0     
        Drv Adjust:+       0        10000     
       Src Latency:+       0            0     
       Net Latency:+    2000 (I)     2000 (I) 
           Arrival:=   10000        12000     
                                              
             Setup:-     274                  
       Uncertainty:-     500                  
     Required Time:=    9226                  
      Launch Clock:-   12000                  
       Input Delay:-    3000                  
         Data Path:-    1314                  
             Slack:=   -7087                  

Exceptions/Constraints:
  input_delay             3000            CHIP_func.sdc_line_11_5_1 

#-----------------------------------------------------------------------------------------
# Timing Point   Flags    Arc   Edge   Cell     Fanout  Load Trans Delay Arrival Instance 
#                                                       (fF)  (ps)  (ps)   (ps)  Location 
#-----------------------------------------------------------------------------------------
  X[9]           -       -      F     (arrival)      1 100.0 10000     0   15000    (-,-) 
  ipad_X9/C      (P)     PAD->C F     PADIN          1 102.4   123  1314   16314    (-,-) 
  d_X_reg[9]/D   -       -      F     SDFFR_X1       1     -     -     0   16314    (-,-) 
#-----------------------------------------------------------------------------------------

(P) : Instance is preserved



Path 15: VIOLATED (-7087 ps) Setup Check with Pin d_X_reg[7]/CK->D
           Mode: func_mode
          Group: I2C_func_mode
     Startpoint: (F) X[7]
          Clock: (R) CLK1
       Endpoint: (F) d_X_reg[7]/D
          Clock: (R) CLK1

                     Capture       Launch     
        Clock Edge:+    8000            0     
        Drv Adjust:+       0        10000     
       Src Latency:+       0            0     
       Net Latency:+    2000 (I)     2000 (I) 
           Arrival:=   10000        12000     
                                              
             Setup:-     274                  
       Uncertainty:-     500                  
     Required Time:=    9226                  
      Launch Clock:-   12000                  
       Input Delay:-    3000                  
         Data Path:-    1314                  
             Slack:=   -7087                  

Exceptions/Constraints:
  input_delay             3000            CHIP_func.sdc_line_11_7_1 

#-----------------------------------------------------------------------------------------
# Timing Point   Flags    Arc   Edge   Cell     Fanout  Load Trans Delay Arrival Instance 
#                                                       (fF)  (ps)  (ps)   (ps)  Location 
#-----------------------------------------------------------------------------------------
  X[7]           -       -      F     (arrival)      1 100.0 10000     0   15000    (-,-) 
  ipad_X7/C      (P)     PAD->C F     PADIN          1 102.4   123  1314   16314    (-,-) 
  d_X_reg[7]/D   -       -      F     SDFFR_X1       1     -     -     0   16314    (-,-) 
#-----------------------------------------------------------------------------------------

(P) : Instance is preserved



Path 16: VIOLATED (-6279 ps) Setup Check with Pin u_IDCT/tposemem_Bisted_RF_2P_ADV64x16_RF_2P_ADV64x16_u0_SRAM_i0/CLKA->CLKB
           Mode: func_mode
          Group: I2C_func_mode
     Startpoint: (F) CLK
          Clock: (F) CLK1
       Endpoint: (R) u_IDCT/tposemem_Bisted_RF_2P_ADV64x16_RF_2P_ADV64x16_u0_SRAM_i0/CLKB
          Clock: (R) CLK1

                     Capture       Launch     
        Clock Edge:+    8000         4000     
        Drv Adjust:+       0        10000     
       Src Latency:+       0            0     
       Net Latency:+    2000 (I)        0 (I) 
           Arrival:=   10000        14000     
                                              
             Setup:-     564                  
       Uncertainty:-     500                  
     Required Time:=    8936                  
      Launch Clock:-   14000                  
       Input Delay:-       0                  
         Data Path:-    1215                  
             Slack:=   -6279                  

Exceptions/Constraints:
  input_delay              0              create_clock_delay_domain_1_CLK1_F_0 

#-----------------------------------------------------------------------------------------------------------------------------------------------
#                            Timing Point                              Flags    Arc   Edge   Cell     Fanout  Load Trans Delay Arrival Instance 
#                                                                                                             (fF)  (ps)  (ps)   (ps)  Location 
#-----------------------------------------------------------------------------------------------------------------------------------------------
  CLK                                                                  -       -      F     (arrival)      1 100.0 10000     0   14000    (-,-) 
  ipad_CLK/C                                                           (i,P)   PAD->C F     PADIN        734   0.0     0  1200   15200    (-,-) 
  u_IDCT/g3873/ZN                                                      (i)     A->ZN  R     INV_X1         3   0.0     0    15   15215    (-,-) 
  u_IDCT/tposemem_Bisted_RF_2P_ADV64x16_RF_2P_ADV64x16_u0_SRAM_i0/CLKB (P)     -      R     rf_2p_hse      3     -     -     0   15215    (-,-) 
#-----------------------------------------------------------------------------------------------------------------------------------------------

(P) : Instance is preserved
(i) : Net is ideal.



Path 17: VIOLATED (-6279 ps) Setup Check with Pin u_DCT/tposemem_Bisted_RF_2P_ADV64x16_RF_2P_ADV64x16_u0_SRAM_i0/CLKA->CLKB
           Mode: func_mode
          Group: I2C_func_mode
     Startpoint: (F) CLK
          Clock: (F) CLK1
       Endpoint: (R) u_DCT/tposemem_Bisted_RF_2P_ADV64x16_RF_2P_ADV64x16_u0_SRAM_i0/CLKB
          Clock: (R) CLK1

                     Capture       Launch     
        Clock Edge:+    8000         4000     
        Drv Adjust:+       0        10000     
       Src Latency:+       0            0     
       Net Latency:+    2000 (I)        0 (I) 
           Arrival:=   10000        14000     
                                              
             Setup:-     564                  
       Uncertainty:-     500                  
     Required Time:=    8936                  
      Launch Clock:-   14000                  
       Input Delay:-       0                  
         Data Path:-    1215                  
             Slack:=   -6279                  

Exceptions/Constraints:
  input_delay              0              create_clock_delay_domain_1_CLK1_F_0 

#----------------------------------------------------------------------------------------------------------------------------------------------
#                            Timing Point                             Flags    Arc   Edge   Cell     Fanout  Load Trans Delay Arrival Instance 
#                                                                                                            (fF)  (ps)  (ps)   (ps)  Location 
#----------------------------------------------------------------------------------------------------------------------------------------------
  CLK                                                                 -       -      F     (arrival)      1 100.0 10000     0   14000    (-,-) 
  ipad_CLK/C                                                          (i,P)   PAD->C F     PADIN        734   0.0     0  1200   15200    (-,-) 
  u_DCT/g3873/ZN                                                      (i)     A->ZN  R     INV_X1         3   0.0     0    15   15215    (-,-) 
  u_DCT/tposemem_Bisted_RF_2P_ADV64x16_RF_2P_ADV64x16_u0_SRAM_i0/CLKB (P)     -      R     rf_2p_hse      3     -     -     0   15215    (-,-) 
#----------------------------------------------------------------------------------------------------------------------------------------------

(P) : Instance is preserved
(i) : Net is ideal.



Path 18: VIOLATED (-6186 ps) Setup Check with Pin u_IDCT/tposemem_Bisted_RF_2P_ADV64x16_RF_2P_ADV64x16_u0_SRAM_i0/CLKB->CLKA
           Mode: func_mode
          Group: I2C_func_mode
     Startpoint: (R) CLK
          Clock: (R) CLK1
       Endpoint: (R) u_IDCT/tposemem_Bisted_RF_2P_ADV64x16_RF_2P_ADV64x16_u0_SRAM_i0/CLKA
          Clock: (F) CLK1

                     Capture       Launch     
        Clock Edge:+    4000            0     
        Drv Adjust:+       0        10000     
       Src Latency:+       0            0     
       Net Latency:+    2000 (I)        0 (I) 
           Arrival:=    6000        10000     
                                              
             Setup:-     486                  
       Uncertainty:-     500                  
     Required Time:=    5014                  
      Launch Clock:-   10000                  
       Input Delay:-       0                  
         Data Path:-    1200                  
             Slack:=   -6186                  

Exceptions/Constraints:
  input_delay              0              create_clock_delay_domain_1_CLK1_R_0 

#-----------------------------------------------------------------------------------------------------------------------------------------------
#                            Timing Point                              Flags    Arc   Edge   Cell     Fanout  Load Trans Delay Arrival Instance 
#                                                                                                             (fF)  (ps)  (ps)   (ps)  Location 
#-----------------------------------------------------------------------------------------------------------------------------------------------
  CLK                                                                  -       -      R     (arrival)      1 100.0 10000     0   10000    (-,-) 
  ipad_CLK/C                                                           (i,P)   PAD->C R     PADIN        734   0.0     0  1200   11200    (-,-) 
  u_IDCT/tposemem_Bisted_RF_2P_ADV64x16_RF_2P_ADV64x16_u0_SRAM_i0/CLKA (P)     -      R     rf_2p_hse    734     -     -     0   11200    (-,-) 
#-----------------------------------------------------------------------------------------------------------------------------------------------

(P) : Instance is preserved
(i) : Net is ideal.



Path 19: VIOLATED (-6186 ps) Setup Check with Pin u_DCT/tposemem_Bisted_RF_2P_ADV64x16_RF_2P_ADV64x16_u0_SRAM_i0/CLKB->CLKA
           Mode: func_mode
          Group: I2C_func_mode
     Startpoint: (R) CLK
          Clock: (R) CLK1
       Endpoint: (R) u_DCT/tposemem_Bisted_RF_2P_ADV64x16_RF_2P_ADV64x16_u0_SRAM_i0/CLKA
          Clock: (F) CLK1

                     Capture       Launch     
        Clock Edge:+    4000            0     
        Drv Adjust:+       0        10000     
       Src Latency:+       0            0     
       Net Latency:+    2000 (I)        0 (I) 
           Arrival:=    6000        10000     
                                              
             Setup:-     486                  
       Uncertainty:-     500                  
     Required Time:=    5014                  
      Launch Clock:-   10000                  
       Input Delay:-       0                  
         Data Path:-    1200                  
             Slack:=   -6186                  

Exceptions/Constraints:
  input_delay              0              create_clock_delay_domain_1_CLK1_R_0 

#----------------------------------------------------------------------------------------------------------------------------------------------
#                            Timing Point                             Flags    Arc   Edge   Cell     Fanout  Load Trans Delay Arrival Instance 
#                                                                                                            (fF)  (ps)  (ps)   (ps)  Location 
#----------------------------------------------------------------------------------------------------------------------------------------------
  CLK                                                                 -       -      R     (arrival)      1 100.0 10000     0   10000    (-,-) 
  ipad_CLK/C                                                          (i,P)   PAD->C R     PADIN        734   0.0     0  1200   11200    (-,-) 
  u_DCT/tposemem_Bisted_RF_2P_ADV64x16_RF_2P_ADV64x16_u0_SRAM_i0/CLKA (P)     -      R     rf_2p_hse    734     -     -     0   11200    (-,-) 
#----------------------------------------------------------------------------------------------------------------------------------------------

(P) : Instance is preserved
(i) : Net is ideal.



Path 20: MET (2 ps) Setup Check with Pin u_DCT/tposemem_Bisted_RF_2P_ADV64x16_RF_2P_ADV64x16_u0_SRAM_i0/CLKB->DB[14]
           Mode: func_mode
          Group: C2C_func_mode
     Startpoint: (R) u_DCT/IDRU8/Count_reg[0]/CK
          Clock: (R) CLK1
       Endpoint: (F) u_DCT/tposemem_Bisted_RF_2P_ADV64x16_RF_2P_ADV64x16_u0_SRAM_i0/DB[14]
          Clock: (F) CLK1

                     Capture       Launch     
        Clock Edge:+    4000            0     
       Src Latency:+       0            0     
       Net Latency:+    2000 (I)     2000 (I) 
           Arrival:=    6000         2000     
                                              
             Setup:-     236                  
       Uncertainty:-     500                  
     Required Time:=    5264                  
      Launch Clock:-    2000                  
         Data Path:-    3262                  
             Slack:=       2                  

#-----------------------------------------------------------------------------------------------------------------------------------------------
#                             Timing Point                              Flags    Arc   Edge   Cell     Fanout Load Trans Delay Arrival Instance 
#                                                                                                             (fF)  (ps)  (ps)   (ps)  Location 
#-----------------------------------------------------------------------------------------------------------------------------------------------
  u_DCT/IDRU8/Count_reg[0]/CK                                           -       -      R     (arrival)     15    -     0     -    2000    (-,-) 
  u_DCT/IDRU8/Count_reg[0]/Q                                            -       CK->Q  F     SDFF_X2        3 10.2    78   360    2360    (-,-) 
  u_DCT/IDRU8/g5849/ZN                                                  -       A->ZN  R     INV_X4         5 15.8    47    95    2454    (-,-) 
  u_DCT/IDRU8/g5834__1840/ZN                                            -       A2->ZN R     AND2_X4        7 21.8    56   131    2585    (-,-) 
  u_DCT/IDRU8/g5810__2250/ZN                                            -       A1->ZN F     NAND2_X2       5 14.9    44    78    2663    (-,-) 
  u_DCT/IDRU8/g5775/ZN                                                  -       A->ZN  R     INV_X4        14 31.8    73   109    2772    (-,-) 
  u_DCT/IDRU8/g5756__4296/ZN                                            -       A1->ZN F     NAND2_X1       1  2.2    27    54    2826    (-,-) 
  u_DCT/IDRU8/g5640__9682/ZN                                            -       A2->ZN F     AND2_X1        1  4.1    23   119    2945    (-,-) 
  u_DCT/IDRU8/g5623__5703/ZN                                            -       A1->ZN R     NAND3_X2       3  8.7    63    77    3022    (-,-) 
  u_DCT/IDRU8/add_86_45_g704__5019/ZN                                   -       B->ZN  F     OAI211_X2      1  4.1    40    89    3111    (-,-) 
  u_DCT/IDRU8/add_86_45_g694__5953/ZN                                   -       A1->ZN R     NAND2_X2       2  5.7    42    69    3180    (-,-) 
  u_DCT/IDRU8/add_86_45_g691__7118/ZN                                   -       A1->ZN F     NAND2_X1       1  4.1    26    55    3234    (-,-) 
  u_DCT/IDRU8/add_86_45_g688__2900/ZN                                   -       A1->ZN R     NAND2_X2       2  5.7    42    60    3295    (-,-) 
  u_DCT/IDRU8/add_86_45_g686__1309/ZN                                   -       A1->ZN F     NAND2_X1       1  4.1    26    55    3350    (-,-) 
  u_DCT/IDRU8/add_86_45_g684__9682/ZN                                   -       A1->ZN R     NAND2_X2       3  7.9    51    70    3420    (-,-) 
  u_DCT/IDRU8/add_86_45_g680__4296/ZN                                   -       A1->ZN F     NAND3_X1       1  4.1    43    77    3496    (-,-) 
  u_DCT/IDRU8/add_86_45_g679__8780/ZN                                   -       A1->ZN R     NAND3_X2       2  5.7    52    76    3572    (-,-) 
  u_DCT/IDRU8/add_86_45_g677__1857/ZN                                   -       A1->ZN F     NAND2_X1       1  4.1    28    59    3631    (-,-) 
  u_DCT/IDRU8/add_86_45_g675__1840/ZN                                   -       A1->ZN R     NAND2_X2       2  5.7    44    62    3693    (-,-) 
  u_DCT/IDRU8/add_86_45_g674__7344/ZN                                   -       A1->ZN F     NAND2_X1       1  2.8    22    49    3741    (-,-) 
  u_DCT/IDRU8/add_86_45_g672__2703/ZN                                   -       A1->ZN R     NAND2_X1       2  5.0    61    76    3818    (-,-) 
  u_DCT/IDRU8/add_86_45_g671__6083/ZN                                   -       A1->ZN R     AND2_X1        3  6.6    64   150    3967    (-,-) 
  u_DCT/IDRU8/add_86_45_g669__5266/ZN                                   -       A1->ZN F     NAND2_X1       1  4.3    38    65    4032    (-,-) 
  u_DCT/IDRU8/add_86_45_g666__5953/ZN                                   -       A->ZN  R     OAI211_X2      2  7.1   114    97    4129    (-,-) 
  u_DCT/IDRU8/add_86_45_g664__8757/ZN                                   -       A1->ZN F     NAND2_X2       2  6.3    40    73    4203    (-,-) 
  u_DCT/IDRU8/add_86_45_g659__6877/ZN                                   -       B1->ZN R     OAI221_X2      3  7.9   172   228    4431    (-,-) 
  u_DCT/IDRU8/add_86_45_g654__1474/ZN                                   -       B1->ZN F     AOI21_X1       1  2.7    52    83    4514    (-,-) 
  u_DCT/IDRU8/add_86_45_g653__3772/ZN                                   -       B1->ZN R     OAI21_X1       1  4.0   111   158    4672    (-,-) 
  u_DCT/IDRU8/add_86_45_g651__8780/S                                    -       CI->S  F     FA_X1          1  2.8    57   344    5016    (-,-) 
  u_DCT/IDRU8/g5266__1857/ZN                                            -       A1->ZN R     NAND2_X1       1  2.9    48    78    5094    (-,-) 
  u_DCT/IDRU8/g5123__7118/ZN                                            -       A1->ZN F     NAND2_X1       1  2.8    40    50    5144    (-,-) 
  u_DCT/g3864/ZN                                                        -       A->ZN  R     INV_X1         1  4.3    43    75    5219    (-,-) 
  u_DCT/g3745/ZN                                                        -       B1->ZN F     OAI21_X2       1  2.6    26    43    5262    (-,-) 
  u_DCT/tposemem_Bisted_RF_2P_ADV64x16_RF_2P_ADV64x16_u0_SRAM_i0/DB[14] (P)     -      F     rf_2p_hse      1    -     -     0    5262    (-,-) 
#-----------------------------------------------------------------------------------------------------------------------------------------------

(P) : Instance is preserved



Path 21: MET (4 ps) Setup Check with Pin u_DCT/tposemem_Bisted_RF_2P_ADV64x16_RF_2P_ADV64x16_u0_SRAM_i0/CLKB->DB[15]
           Mode: func_mode
          Group: C2C_func_mode
     Startpoint: (R) u_DCT/IDRU8/Count_reg[0]/CK
          Clock: (R) CLK1
       Endpoint: (R) u_DCT/tposemem_Bisted_RF_2P_ADV64x16_RF_2P_ADV64x16_u0_SRAM_i0/DB[15]
          Clock: (F) CLK1

                     Capture       Launch     
        Clock Edge:+    4000            0     
       Src Latency:+       0            0     
       Net Latency:+    2000 (I)     2000 (I) 
           Arrival:=    6000         2000     
                                              
             Setup:-     252                  
       Uncertainty:-     500                  
     Required Time:=    5248                  
      Launch Clock:-    2000                  
         Data Path:-    3244                  
             Slack:=       4                  

#-----------------------------------------------------------------------------------------------------------------------------------------------
#                             Timing Point                              Flags    Arc   Edge   Cell     Fanout Load Trans Delay Arrival Instance 
#                                                                                                             (fF)  (ps)  (ps)   (ps)  Location 
#-----------------------------------------------------------------------------------------------------------------------------------------------
  u_DCT/IDRU8/Count_reg[0]/CK                                           -       -      R     (arrival)     15    -     0     -    2000    (-,-) 
  u_DCT/IDRU8/Count_reg[0]/Q                                            -       CK->Q  F     SDFF_X2        3 10.2    78   360    2360    (-,-) 
  u_DCT/IDRU8/g5849/ZN                                                  -       A->ZN  R     INV_X4         5 15.8    47    95    2454    (-,-) 
  u_DCT/IDRU8/g5834__1840/ZN                                            -       A2->ZN R     AND2_X4        7 21.8    56   131    2585    (-,-) 
  u_DCT/IDRU8/g5810__2250/ZN                                            -       A1->ZN F     NAND2_X2       5 14.9    44    78    2663    (-,-) 
  u_DCT/IDRU8/g5775/ZN                                                  -       A->ZN  R     INV_X4        14 31.8    73   109    2772    (-,-) 
  u_DCT/IDRU8/g5756__4296/ZN                                            -       A1->ZN F     NAND2_X1       1  2.2    27    54    2826    (-,-) 
  u_DCT/IDRU8/g5640__9682/ZN                                            -       A2->ZN F     AND2_X1        1  4.1    23   119    2945    (-,-) 
  u_DCT/IDRU8/g5623__5703/ZN                                            -       A1->ZN R     NAND3_X2       3  8.7    63    77    3022    (-,-) 
  u_DCT/IDRU8/add_86_45_g704__5019/ZN                                   -       B->ZN  F     OAI211_X2      1  4.1    40    89    3111    (-,-) 
  u_DCT/IDRU8/add_86_45_g694__5953/ZN                                   -       A1->ZN R     NAND2_X2       2  5.7    42    69    3180    (-,-) 
  u_DCT/IDRU8/add_86_45_g691__7118/ZN                                   -       A1->ZN F     NAND2_X1       1  4.1    26    55    3234    (-,-) 
  u_DCT/IDRU8/add_86_45_g688__2900/ZN                                   -       A1->ZN R     NAND2_X2       2  5.7    42    60    3295    (-,-) 
  u_DCT/IDRU8/add_86_45_g686__1309/ZN                                   -       A1->ZN F     NAND2_X1       1  4.1    26    55    3350    (-,-) 
  u_DCT/IDRU8/add_86_45_g684__9682/ZN                                   -       A1->ZN R     NAND2_X2       3  7.9    51    70    3420    (-,-) 
  u_DCT/IDRU8/add_86_45_g680__4296/ZN                                   -       A1->ZN F     NAND3_X1       1  4.1    43    77    3496    (-,-) 
  u_DCT/IDRU8/add_86_45_g679__8780/ZN                                   -       A1->ZN R     NAND3_X2       2  5.7    52    76    3572    (-,-) 
  u_DCT/IDRU8/add_86_45_g677__1857/ZN                                   -       A1->ZN F     NAND2_X1       1  4.1    28    59    3631    (-,-) 
  u_DCT/IDRU8/add_86_45_g675__1840/ZN                                   -       A1->ZN R     NAND2_X2       2  5.7    44    62    3693    (-,-) 
  u_DCT/IDRU8/add_86_45_g674__7344/ZN                                   -       A1->ZN F     NAND2_X1       1  2.8    22    49    3741    (-,-) 
  u_DCT/IDRU8/add_86_45_g672__2703/ZN                                   -       A1->ZN R     NAND2_X1       2  5.0    61    76    3818    (-,-) 
  u_DCT/IDRU8/add_86_45_g671__6083/ZN                                   -       A1->ZN R     AND2_X1        3  6.6    64   150    3967    (-,-) 
  u_DCT/IDRU8/add_86_45_g669__5266/ZN                                   -       A1->ZN F     NAND2_X1       1  4.3    38    65    4032    (-,-) 
  u_DCT/IDRU8/add_86_45_g666__5953/ZN                                   -       A->ZN  R     OAI211_X2      2  7.1   114    97    4129    (-,-) 
  u_DCT/IDRU8/add_86_45_g664__8757/ZN                                   -       A1->ZN F     NAND2_X2       2  6.3    40    73    4203    (-,-) 
  u_DCT/IDRU8/add_86_45_g659__6877/ZN                                   -       B1->ZN R     OAI221_X2      3  7.9   172   228    4431    (-,-) 
  u_DCT/IDRU8/add_86_45_g654__1474/ZN                                   -       B1->ZN F     AOI21_X1       1  2.7    52    83    4514    (-,-) 
  u_DCT/IDRU8/add_86_45_g653__3772/ZN                                   -       B1->ZN R     OAI21_X1       1  4.0   111   158    4672    (-,-) 
  u_DCT/IDRU8/add_86_45_g651__8780/CO                                   -       CI->CO R     FA_X1          1  3.5    46   179    4851    (-,-) 
  u_DCT/IDRU8/add_86_45_g650__9906/ZN                                   -       A->ZN  R     XNOR2_X1       1  2.9    93   132    4984    (-,-) 
  u_DCT/IDRU8/g5247__6877/ZN                                            -       A1->ZN F     NAND2_X1       1  2.8    41    65    5048    (-,-) 
  u_DCT/IDRU8/g5122__7675/ZN                                            -       A1->ZN R     NAND2_X1       1  2.9    46    69    5117    (-,-) 
  u_DCT/g3865/ZN                                                        -       A->ZN  F     INV_X1         1  3.9    17    38    5155    (-,-) 
  u_DCT/g3765/ZN                                                        -       B1->ZN R     OAI21_X2       1  2.6    63    89    5244    (-,-) 
  u_DCT/tposemem_Bisted_RF_2P_ADV64x16_RF_2P_ADV64x16_u0_SRAM_i0/DB[15] (P)     -      R     rf_2p_hse      1    -     -     0    5244    (-,-) 
#-----------------------------------------------------------------------------------------------------------------------------------------------

(P) : Instance is preserved



Path 22: MET (18 ps) Setup Check with Pin u_DCT/tposemem_Bisted_RF_2P_ADV64x16_RF_2P_ADV64x16_u0_SRAM_i0/CLKB->DB[13]
           Mode: func_mode
          Group: C2C_func_mode
     Startpoint: (R) u_DCT/IDRU8/Count_reg[0]/CK
          Clock: (R) CLK1
       Endpoint: (F) u_DCT/tposemem_Bisted_RF_2P_ADV64x16_RF_2P_ADV64x16_u0_SRAM_i0/DB[13]
          Clock: (F) CLK1

                     Capture       Launch     
        Clock Edge:+    4000            0     
       Src Latency:+       0            0     
       Net Latency:+    2000 (I)     2000 (I) 
           Arrival:=    6000         2000     
                                              
             Setup:-     238                  
       Uncertainty:-     500                  
     Required Time:=    5262                  
      Launch Clock:-    2000                  
         Data Path:-    3244                  
             Slack:=      18                  

#-----------------------------------------------------------------------------------------------------------------------------------------------
#                             Timing Point                              Flags    Arc   Edge   Cell     Fanout Load Trans Delay Arrival Instance 
#                                                                                                             (fF)  (ps)  (ps)   (ps)  Location 
#-----------------------------------------------------------------------------------------------------------------------------------------------
  u_DCT/IDRU8/Count_reg[0]/CK                                           -       -      R     (arrival)     15    -     0     -    2000    (-,-) 
  u_DCT/IDRU8/Count_reg[0]/Q                                            -       CK->Q  F     SDFF_X2        3 10.2    78   360    2360    (-,-) 
  u_DCT/IDRU8/g5849/ZN                                                  -       A->ZN  R     INV_X4         5 15.8    47    95    2454    (-,-) 
  u_DCT/IDRU8/g5834__1840/ZN                                            -       A2->ZN R     AND2_X4        7 21.8    56   131    2585    (-,-) 
  u_DCT/IDRU8/g5810__2250/ZN                                            -       A1->ZN F     NAND2_X2       5 14.9    44    78    2663    (-,-) 
  u_DCT/IDRU8/g5775/ZN                                                  -       A->ZN  R     INV_X4        14 31.8    73   109    2772    (-,-) 
  u_DCT/IDRU8/g5756__4296/ZN                                            -       A1->ZN F     NAND2_X1       1  2.2    27    54    2826    (-,-) 
  u_DCT/IDRU8/g5640__9682/ZN                                            -       A2->ZN F     AND2_X1        1  4.1    23   119    2945    (-,-) 
  u_DCT/IDRU8/g5623__5703/ZN                                            -       A1->ZN R     NAND3_X2       3  8.7    63    77    3022    (-,-) 
  u_DCT/IDRU8/add_86_45_g704__5019/ZN                                   -       B->ZN  F     OAI211_X2      1  4.1    40    89    3111    (-,-) 
  u_DCT/IDRU8/add_86_45_g694__5953/ZN                                   -       A1->ZN R     NAND2_X2       2  5.7    42    69    3180    (-,-) 
  u_DCT/IDRU8/add_86_45_g691__7118/ZN                                   -       A1->ZN F     NAND2_X1       1  4.1    26    55    3234    (-,-) 
  u_DCT/IDRU8/add_86_45_g688__2900/ZN                                   -       A1->ZN R     NAND2_X2       2  5.7    42    60    3295    (-,-) 
  u_DCT/IDRU8/add_86_45_g686__1309/ZN                                   -       A1->ZN F     NAND2_X1       1  4.1    26    55    3350    (-,-) 
  u_DCT/IDRU8/add_86_45_g684__9682/ZN                                   -       A1->ZN R     NAND2_X2       3  7.9    51    70    3420    (-,-) 
  u_DCT/IDRU8/add_86_45_g680__4296/ZN                                   -       A1->ZN F     NAND3_X1       1  4.1    43    77    3496    (-,-) 
  u_DCT/IDRU8/add_86_45_g679__8780/ZN                                   -       A1->ZN R     NAND3_X2       2  5.7    52    76    3572    (-,-) 
  u_DCT/IDRU8/add_86_45_g677__1857/ZN                                   -       A1->ZN F     NAND2_X1       1  4.1    28    59    3631    (-,-) 
  u_DCT/IDRU8/add_86_45_g675__1840/ZN                                   -       A1->ZN R     NAND2_X2       2  5.7    44    62    3693    (-,-) 
  u_DCT/IDRU8/add_86_45_g674__7344/ZN                                   -       A1->ZN F     NAND2_X1       1  2.8    22    49    3741    (-,-) 
  u_DCT/IDRU8/add_86_45_g672__2703/ZN                                   -       A1->ZN R     NAND2_X1       2  5.0    61    76    3818    (-,-) 
  u_DCT/IDRU8/add_86_45_g671__6083/ZN                                   -       A1->ZN R     AND2_X1        3  6.6    64   150    3967    (-,-) 
  u_DCT/IDRU8/add_86_45_g669__5266/ZN                                   -       A1->ZN F     NAND2_X1       1  4.3    38    65    4032    (-,-) 
  u_DCT/IDRU8/add_86_45_g666__5953/ZN                                   -       A->ZN  R     OAI211_X2      2  7.1   114    97    4129    (-,-) 
  u_DCT/IDRU8/add_86_45_g664__8757/ZN                                   -       A1->ZN F     NAND2_X2       2  6.3    40    73    4203    (-,-) 
  u_DCT/IDRU8/add_86_45_g659__6877/ZN                                   -       B1->ZN R     OAI221_X2      3  7.9   172   228    4431    (-,-) 
  u_DCT/IDRU8/add_86_45_g655__4547/ZN                                   -       B1->ZN F     AOI21_X1       1  3.4    54    91    4522    (-,-) 
  u_DCT/IDRU8/add_86_45_g652__4296/ZN                                   -       A->ZN  F     XNOR2_X1       1  2.2    38   141    4662    (-,-) 
  u_DCT/IDRU8/g5271__1474/Z                                             -       A->Z   F     MUX2_X1        2  3.7    40   244    4906    (-,-) 
  u_DCT/IDRU8/g5121__2391/Z                                             -       A->Z   F     MUX2_X1        1  4.1    40   247    5153    (-,-) 
  u_DCT/g3861/ZN                                                        -       A->ZN  R     INV_X2         1  2.9    24    51    5204    (-,-) 
  u_DCT/g3746/ZN                                                        -       B1->ZN F     OAI21_X1       1  2.6    30    40    5244    (-,-) 
  u_DCT/tposemem_Bisted_RF_2P_ADV64x16_RF_2P_ADV64x16_u0_SRAM_i0/DB[13] (P)     -      F     rf_2p_hse      1    -     -     0    5244    (-,-) 
#-----------------------------------------------------------------------------------------------------------------------------------------------

(P) : Instance is preserved



Path 23: MET (27 ps) Setup Check with Pin u_IDCT/tposemem_Bisted_RF_2P_ADV64x16_RF_2P_ADV64x16_u0_SRAM_i0/CLKB->DB[13]
           Mode: func_mode
          Group: C2C_func_mode
     Startpoint: (R) d_DoDCT_reg/CK
          Clock: (R) CLK1
       Endpoint: (F) u_IDCT/tposemem_Bisted_RF_2P_ADV64x16_RF_2P_ADV64x16_u0_SRAM_i0/DB[13]
          Clock: (F) CLK1

                     Capture       Launch     
        Clock Edge:+    4000            0     
       Src Latency:+       0            0     
       Net Latency:+    2000 (I)     2000 (I) 
           Arrival:=    6000         2000     
                                              
             Setup:-     238                  
       Uncertainty:-     500                  
     Required Time:=    5262                  
      Launch Clock:-    2000                  
         Data Path:-    3235                  
             Slack:=      27                  

#------------------------------------------------------------------------------------------------------------------------------------------------
#                             Timing Point                               Flags    Arc   Edge   Cell     Fanout Load Trans Delay Arrival Instance 
#                                                                                                              (fF)  (ps)  (ps)   (ps)  Location 
#------------------------------------------------------------------------------------------------------------------------------------------------
  d_DoDCT_reg/CK                                                         -       -      R     (arrival)    734    -     0     -    2000    (-,-) 
  d_DoDCT_reg/Q                                                          -       CK->Q  F     SDFF_X1        1  4.1    48   242    2242    (-,-) 
  g546/Z                                                                 -       A->Z   F     BUF_X4         8 30.6    27   118    2359    (-,-) 
  g375/ZN                                                                -       A->ZN  R     INV_X8         7 28.2    38    62    2421    (-,-) 
  u_IDCT/IDRU8/g5749/ZN                                                  -       A->ZN  F     INV_X4         4 26.6    19    43    2464    (-,-) 
  u_IDCT/IDRU8/g5721/ZN                                                  -       A3->ZN R     NAND3_X4       2 11.0    50    75    2539    (-,-) 
  u_IDCT/IDRU8/g5715/ZN                                                  -       A->ZN  F     INV_X4        18 40.0    27    57    2596    (-,-) 
  u_IDCT/IDRU8/g5682/ZN                                                  -       A1->ZN R     AOI22_X2       1  2.2    82   105    2701    (-,-) 
  u_IDCT/IDRU8/g5612/ZN                                                  -       A1->ZN R     AND2_X1        1  2.9    36   127    2828    (-,-) 
  u_IDCT/IDRU8/g5573/ZN                                                  -       A2->ZN F     NAND3_X1       4 10.4    82   123    2951    (-,-) 
  u_IDCT/IDRU8/add_86_45_g754/ZN                                         -       A1->ZN F     OR2_X1         2  4.8    38   218    3169    (-,-) 
  u_IDCT/IDRU8/add_86_45_g694/ZN                                         -       A2->ZN R     NAND2_X1       1  4.3    53    87    3256    (-,-) 
  u_IDCT/IDRU8/add_86_45_g692/ZN                                         -       A1->ZN F     NAND2_X2       2  5.5    24    52    3308    (-,-) 
  u_IDCT/IDRU8/add_86_45_g689/ZN                                         -       A1->ZN R     NAND2_X1       1  4.3    53    72    3379    (-,-) 
  u_IDCT/IDRU8/add_86_45_g687/ZN                                         -       A1->ZN F     NAND2_X2       3  7.6    28    58    3438    (-,-) 
  u_IDCT/IDRU8/add_86_45_g683/ZN                                         -       A1->ZN R     NAND3_X1       1  2.9    50    66    3504    (-,-) 
  u_IDCT/IDRU8/add_86_45_g682/ZN                                         -       A1->ZN F     NAND2_X1       2  5.5    37    65    3568    (-,-) 
  u_IDCT/IDRU8/add_86_45_g680/ZN                                         -       A1->ZN R     NAND2_X1       1  2.9    42    67    3635    (-,-) 
  u_IDCT/IDRU8/add_86_45_g678/ZN                                         -       A1->ZN F     NAND2_X1       2  5.5    33    62    3697    (-,-) 
  u_IDCT/IDRU8/add_86_45_g677/ZN                                         -       A1->ZN R     NAND2_X1       1  2.9    42    64    3761    (-,-) 
  u_IDCT/IDRU8/add_86_45_g675/ZN                                         -       A1->ZN F     NAND2_X1       2  4.8    30    58    3819    (-,-) 
  u_IDCT/IDRU8/add_86_45_g674/ZN                                         -       A1->ZN F     AND2_X1        3  6.2    28   119    3938    (-,-) 
  u_IDCT/IDRU8/add_86_45_g672/ZN                                         -       A1->ZN R     NAND2_X1       1  4.4    54    74    4012    (-,-) 
  u_IDCT/IDRU8/add_86_45_g669/ZN                                         -       B->ZN  F     OAI211_X2      2  5.5    68    91    4104    (-,-) 
  u_IDCT/IDRU8/add_86_45_g667/ZN                                         -       A1->ZN R     NAND2_X1       2  5.1    60   104    4208    (-,-) 
  u_IDCT/IDRU8/add_86_45_g663/ZN                                         -       A1->ZN F     NOR2_X1        2  5.9    46    51    4258    (-,-) 
  u_IDCT/IDRU8/add_86_45_g661/ZN                                         -       A1->ZN R     NOR2_X1        2  5.7   130   175    4434    (-,-) 
  u_IDCT/IDRU8/add_86_45_g655/ZN                                         -       B1->ZN F     OAI21_X1       1  3.4    52    82    4516    (-,-) 
  u_IDCT/IDRU8/add_86_45_g653/ZN                                         -       A->ZN  F     XNOR2_X1       1  2.2    36   139    4655    (-,-) 
  u_IDCT/IDRU8/g5182/Z                                                   -       A->Z   F     MUX2_X1        2  3.7    40   242    4898    (-,-) 
  u_IDCT/IDRU8/g5059/Z                                                   -       A->Z   F     MUX2_X1        1  4.1    40   247    5145    (-,-) 
  u_IDCT/g3861/ZN                                                        -       A->ZN  R     INV_X2         1  2.9    24    51    5195    (-,-) 
  u_IDCT/g3746/ZN                                                        -       B1->ZN F     OAI21_X1       1  2.6    30    40    5235    (-,-) 
  u_IDCT/tposemem_Bisted_RF_2P_ADV64x16_RF_2P_ADV64x16_u0_SRAM_i0/DB[13] (P)     -      F     rf_2p_hse      1    -     -     0    5235    (-,-) 
#------------------------------------------------------------------------------------------------------------------------------------------------

(P) : Instance is preserved



Path 24: MET (28 ps) Setup Check with Pin u_IDCT/tposemem_Bisted_RF_2P_ADV64x16_RF_2P_ADV64x16_u0_SRAM_i0/CLKB->DB[15]
           Mode: func_mode
          Group: C2C_func_mode
     Startpoint: (R) d_DoDCT_reg/CK
          Clock: (R) CLK1
       Endpoint: (R) u_IDCT/tposemem_Bisted_RF_2P_ADV64x16_RF_2P_ADV64x16_u0_SRAM_i0/DB[15]
          Clock: (F) CLK1

                     Capture       Launch     
        Clock Edge:+    4000            0     
       Src Latency:+       0            0     
       Net Latency:+    2000 (I)     2000 (I) 
           Arrival:=    6000         2000     
                                              
             Setup:-     263                  
       Uncertainty:-     500                  
     Required Time:=    5237                  
      Launch Clock:-    2000                  
         Data Path:-    3208                  
             Slack:=      28                  

#------------------------------------------------------------------------------------------------------------------------------------------------
#                             Timing Point                               Flags    Arc   Edge   Cell     Fanout Load Trans Delay Arrival Instance 
#                                                                                                              (fF)  (ps)  (ps)   (ps)  Location 
#------------------------------------------------------------------------------------------------------------------------------------------------
  d_DoDCT_reg/CK                                                         -       -      R     (arrival)    734    -     0     -    2000    (-,-) 
  d_DoDCT_reg/Q                                                          -       CK->Q  R     SDFF_X1        1  4.6    51   205    2205    (-,-) 
  g546/Z                                                                 -       A->Z   R     BUF_X4         8 33.4    78   131    2336    (-,-) 
  g375/ZN                                                                -       A->ZN  F     INV_X8         7 26.2    23    44    2381    (-,-) 
  u_IDCT/IDRU8/g5749/ZN                                                  -       A->ZN  R     INV_X4         4 29.2    68    91    2471    (-,-) 
  u_IDCT/IDRU8/g5721/ZN                                                  -       A3->ZN F     NAND3_X4       2 10.2    35    78    2550    (-,-) 
  u_IDCT/IDRU8/g5715/ZN                                                  -       A->ZN  R     INV_X4        18 42.4    95   126    2676    (-,-) 
  u_IDCT/IDRU8/g5682/ZN                                                  -       A1->ZN F     AOI22_X2       1  2.1    34    55    2731    (-,-) 
  u_IDCT/IDRU8/g5612/ZN                                                  -       A1->ZN F     AND2_X1        1  2.8    21   108    2839    (-,-) 
  u_IDCT/IDRU8/g5573/ZN                                                  -       A2->ZN R     NAND3_X1       4 10.7   113   136    2975    (-,-) 
  u_IDCT/IDRU8/add_86_45_g754/ZN                                         -       A1->ZN R     OR2_X1         2  5.1    51   131    3106    (-,-) 
  u_IDCT/IDRU8/add_86_45_g694/ZN                                         -       A2->ZN F     NAND2_X1       1  4.1    26    60    3166    (-,-) 
  u_IDCT/IDRU8/add_86_45_g692/ZN                                         -       A1->ZN R     NAND2_X2       2  5.7    43    60    3227    (-,-) 
  u_IDCT/IDRU8/add_86_45_g689/ZN                                         -       A1->ZN F     NAND2_X1       1  4.1    26    55    3282    (-,-) 
  u_IDCT/IDRU8/add_86_45_g687/ZN                                         -       A1->ZN R     NAND2_X2       3  7.9    51    70    3352    (-,-) 
  u_IDCT/IDRU8/add_86_45_g683/ZN                                         -       A1->ZN F     NAND3_X1       1  2.8    35    67    3419    (-,-) 
  u_IDCT/IDRU8/add_86_45_g682/ZN                                         -       A1->ZN R     NAND2_X1       2  5.7    65    90    3509    (-,-) 
  u_IDCT/IDRU8/add_86_45_g680/ZN                                         -       A1->ZN F     NAND2_X1       1  2.8    27    56    3564    (-,-) 
  u_IDCT/IDRU8/add_86_45_g678/ZN                                         -       A1->ZN R     NAND2_X1       2  5.7    65    85    3650    (-,-) 
  u_IDCT/IDRU8/add_86_45_g677/ZN                                         -       A1->ZN F     NAND2_X1       1  2.8    27    56    3705    (-,-) 
  u_IDCT/IDRU8/add_86_45_g675/ZN                                         -       A1->ZN R     NAND2_X1       2  5.0    61    79    3784    (-,-) 
  u_IDCT/IDRU8/add_86_45_g674/ZN                                         -       A1->ZN R     AND2_X1        3  6.6    64   150    3934    (-,-) 
  u_IDCT/IDRU8/add_86_45_g672/ZN                                         -       A1->ZN F     NAND2_X1       1  4.1    37    64    3998    (-,-) 
  u_IDCT/IDRU8/add_86_45_g669/ZN                                         -       B->ZN  R     OAI211_X2      2  5.7   102    98    4095    (-,-) 
  u_IDCT/IDRU8/add_86_45_g667/ZN                                         -       A1->ZN F     NAND2_X1       2  4.8    42    83    4178    (-,-) 
  u_IDCT/IDRU8/add_86_45_g663/ZN                                         -       A1->ZN R     NOR2_X1        2  6.6   146   191    4369    (-,-) 
  u_IDCT/IDRU8/add_86_45_g660/ZN                                         -       A1->ZN F     NOR2_X2        1  2.7    35    41    4410    (-,-) 
  u_IDCT/IDRU8/add_86_45_g657/ZN                                         -       B1->ZN R     OAI21_X1       1  2.9    92   128    4539    (-,-) 
  u_IDCT/IDRU8/add_86_45_g654/ZN                                         -       B1->ZN F     AOI21_X1       2  5.4    42    86    4624    (-,-) 
  u_IDCT/IDRU8/add_86_45_g651/ZN                                         -       B1->ZN R     OAI21_X1       1  3.5   102   143    4768    (-,-) 
  u_IDCT/IDRU8/add_86_45_g650/ZN                                         -       A->ZN  R     XNOR2_X1       1  2.9    93   156    4924    (-,-) 
  u_IDCT/IDRU8/g5069/ZN                                                  -       C1->ZN F     AOI221_X1      1  2.8    54    72    4996    (-,-) 
  u_IDCT/IDRU8/g5067/ZN                                                  -       A->ZN  R     INV_X1         1  2.9    35    70    5066    (-,-) 
  u_IDCT/g3865/ZN                                                        -       A->ZN  F     INV_X1         1  2.7    13    29    5095    (-,-) 
  u_IDCT/g3766/ZN                                                        -       B1->ZN R     OAI21_X1       1  2.6    86   113    5208    (-,-) 
  u_IDCT/tposemem_Bisted_RF_2P_ADV64x16_RF_2P_ADV64x16_u0_SRAM_i0/DB[15] (P)     -      R     rf_2p_hse      1    -     -     0    5208    (-,-) 
#------------------------------------------------------------------------------------------------------------------------------------------------

(P) : Instance is preserved



Path 25: MET (34 ps) Setup Check with Pin u_DCT/DRU/ToACF_reg[14]/CK->D
           Mode: func_mode
          Group: C2C_func_mode
     Startpoint: (R) u_DCT/tposemem_Bisted_RF_2P_ADV64x16_BistCtrl_i0_ST_MAL_i0_S17_reg/CK
          Clock: (F) CLK1
       Endpoint: (F) u_DCT/DRU/ToACF_reg[14]/D
          Clock: (R) CLK1

                     Capture       Launch     
        Clock Edge:+    8000         4000     
       Src Latency:+       0            0     
       Net Latency:+    2000 (I)     2000 (I) 
           Arrival:=   10000         6000     
                                              
             Setup:-     266                  
       Uncertainty:-     500                  
     Required Time:=    9234                  
      Launch Clock:-    6000                  
         Data Path:-    3200                  
             Slack:=      34                  

#-----------------------------------------------------------------------------------------------------------------------------------------------
#                             Timing Point                              Flags    Arc   Edge   Cell     Fanout Load Trans Delay Arrival Instance 
#                                                                                                             (fF)  (ps)  (ps)   (ps)  Location 
#-----------------------------------------------------------------------------------------------------------------------------------------------
  u_DCT/tposemem_Bisted_RF_2P_ADV64x16_BistCtrl_i0_ST_MAL_i0_S17_reg/CK -       -      R     (arrival)      1    -     0     -    6000    (-,-) 
  u_DCT/tposemem_Bisted_RF_2P_ADV64x16_BistCtrl_i0_ST_MAL_i0_S17_reg/Q  -       CK->Q  R     SDFF_X1        2  4.4    49   203    6203    (-,-) 
  u_DCT/g3832/ZN                                                        -       A2->ZN F     NAND2_X1       2  4.7    33    62    6266    (-,-) 
  u_DCT/g3811/ZN                                                        -       A2->ZN R     NAND2_X1       2  4.4    54    85    6351    (-,-) 
  u_DCT/DRU/g2758__1786/ZN                                              -       A1->ZN R     AND2_X2        6 13.7    69   146    6496    (-,-) 
  u_DCT/DRU/add_58_47_g1155__5019/ZN                                    -       A2->ZN R     AND2_X1        2  6.0    63   149    6645    (-,-) 
  u_DCT/DRU/add_58_47_g1126__5019/ZN                                    -       A1->ZN F     NAND2_X1       1  2.8    27    55    6700    (-,-) 
  u_DCT/DRU/add_58_47_g1125__1840/ZN                                    -       A1->ZN R     NAND2_X1       2  5.7    68    85    6786    (-,-) 
  u_DCT/DRU/add_58_47_g1123__5795/ZN                                    -       A1->ZN F     NAND2_X1       1  2.8    28    56    6842    (-,-) 
  u_DCT/DRU/add_58_47_g1121__6083/ZN                                    -       A1->ZN R     NAND2_X1       2  6.0    70    88    6930    (-,-) 
  u_DCT/DRU/add_58_47_g1120__2250/ZN                                    -       A2->ZN F     NAND2_X1       1  2.7    25    59    6989    (-,-) 
  u_DCT/DRU/add_58_47_g1118__7114/ZN                                    -       A2->ZN R     NAND2_X1       2  6.0    67    94    7083    (-,-) 
  u_DCT/DRU/add_58_47_g1117__5703/ZN                                    -       A1->ZN F     NAND2_X1       1  2.8    28    56    7139    (-,-) 
  u_DCT/DRU/add_58_47_g1115__1786/ZN                                    -       A1->ZN R     NAND2_X1       2  5.7    68    86    7225    (-,-) 
  u_DCT/DRU/add_58_47_g1114__8757/ZN                                    -       A1->ZN F     NAND2_X1       1  2.8    28    56    7281    (-,-) 
  u_DCT/DRU/add_58_47_g1112__7675/ZN                                    -       A1->ZN R     NAND2_X1       2  5.7    68    86    7367    (-,-) 
  u_DCT/DRU/add_58_47_g1111__2391/ZN                                    -       A1->ZN F     NAND2_X1       1  2.8    28    56    7423    (-,-) 
  u_DCT/DRU/add_58_47_g1109__6877/ZN                                    -       A1->ZN R     NAND2_X1       2  5.7    68    86    7509    (-,-) 
  u_DCT/DRU/add_58_47_g1108__1309/ZN                                    -       A1->ZN F     NAND2_X1       1  2.8    28    56    7565    (-,-) 
  u_DCT/DRU/add_58_47_g1106__9682/ZN                                    -       A1->ZN R     NAND2_X1       2  5.7    68    86    7651    (-,-) 
  u_DCT/DRU/add_58_47_g1105__4547/ZN                                    -       A1->ZN F     NAND2_X1       2  4.8    34    69    7720    (-,-) 
  u_DCT/DRU/add_58_47_g1102__4296/ZN                                    -       C1->ZN R     OAI211_X1      2  5.7   150   193    7913    (-,-) 
  u_DCT/DRU/add_58_47_g1100__9906/ZN                                    -       A1->ZN F     NAND2_X1       1  2.8    46    76    7989    (-,-) 
  u_DCT/DRU/add_58_47_g1098__5019/ZN                                    -       A1->ZN R     NAND2_X1       2  5.7    68    96    8084    (-,-) 
  u_DCT/DRU/add_58_47_g1097__1840/ZN                                    -       A1->ZN F     NAND2_X1       1  2.8    28    56    8141    (-,-) 
  u_DCT/DRU/add_58_47_g1095__5795/ZN                                    -       A1->ZN R     NAND2_X1       2  5.7    68    86    8227    (-,-) 
  u_DCT/DRU/add_58_47_g1094__2703/ZN                                    -       A1->ZN F     NAND2_X1       1  2.8    28    56    8283    (-,-) 
  u_DCT/DRU/add_58_47_g1092__2250/ZN                                    -       A1->ZN R     NAND2_X1       2  5.7    68    86    8369    (-,-) 
  u_DCT/DRU/add_58_47_g1091/ZN                                          -       A->ZN  F     INV_X1         1  2.7    20    37    8406    (-,-) 
  u_DCT/DRU/add_58_47_g1089__7114/ZN                                    -       B1->ZN R     OAI21_X1       1  4.0   111   144    8550    (-,-) 
  u_DCT/DRU/add_58_47_g1088__5703/S                                     -       CI->S  F     FA_X1          1  2.7    57   343    8893    (-,-) 
  u_DCT/DRU/g2426__4547/ZN                                              -       A1->ZN R     AOI222_X1      1  2.9   216   256    9150    (-,-) 
  u_DCT/DRU/g2409/ZN                                                    -       A->ZN  F     INV_X1         1  2.3    46    50    9200    (-,-) 
  u_DCT/DRU/ToACF_reg[14]/D                                             -       -      F     SDFF_X1        1    -     -     0    9200    (-,-) 
#-----------------------------------------------------------------------------------------------------------------------------------------------



Path 26: MET (44 ps) Setup Check with Pin u_IDCT/DRU/ToACF_reg[14]/CK->D
           Mode: func_mode
          Group: C2C_func_mode
     Startpoint: (R) u_IDCT/tposemem_Bisted_RF_2P_ADV64x16_BistCtrl_i0_ST_MAL_i0_S17_reg/CK
          Clock: (F) CLK1
       Endpoint: (F) u_IDCT/DRU/ToACF_reg[14]/D
          Clock: (R) CLK1

                     Capture       Launch     
        Clock Edge:+    8000         4000     
       Src Latency:+       0            0     
       Net Latency:+    2000 (I)     2000 (I) 
           Arrival:=   10000         6000     
                                              
             Setup:-     266                  
       Uncertainty:-     500                  
     Required Time:=    9234                  
      Launch Clock:-    6000                  
         Data Path:-    3191                  
             Slack:=      44                  

#------------------------------------------------------------------------------------------------------------------------------------------------
#                             Timing Point                               Flags    Arc   Edge   Cell     Fanout Load Trans Delay Arrival Instance 
#                                                                                                              (fF)  (ps)  (ps)   (ps)  Location 
#------------------------------------------------------------------------------------------------------------------------------------------------
  u_IDCT/tposemem_Bisted_RF_2P_ADV64x16_BistCtrl_i0_ST_MAL_i0_S17_reg/CK -       -      R     (arrival)      1    -     0     -    6000    (-,-) 
  u_IDCT/tposemem_Bisted_RF_2P_ADV64x16_BistCtrl_i0_ST_MAL_i0_S17_reg/Q  -       CK->Q  R     SDFF_X1        2  4.4    49   203    6203    (-,-) 
  u_IDCT/g3832/ZN                                                        -       A1->ZN F     NAND2_X1       2  4.8    30    61    6265    (-,-) 
  u_IDCT/g3811/ZN                                                        -       A1->ZN R     NAND2_X1       2  4.4    54    76    6340    (-,-) 
  u_IDCT/DRU/g2758/ZN                                                    -       A1->ZN R     AND2_X2        6 13.9    70   146    6487    (-,-) 
  u_IDCT/DRU/add_58_47_g1155/ZN                                          -       A2->ZN R     AND2_X1        2  6.0    63   149    6636    (-,-) 
  u_IDCT/DRU/add_58_47_g1126/ZN                                          -       A1->ZN F     NAND2_X1       1  2.8    27    55    6691    (-,-) 
  u_IDCT/DRU/add_58_47_g1125/ZN                                          -       A1->ZN R     NAND2_X1       2  5.7    68    85    6776    (-,-) 
  u_IDCT/DRU/add_58_47_g1123/ZN                                          -       A1->ZN F     NAND2_X1       1  2.8    28    56    6833    (-,-) 
  u_IDCT/DRU/add_58_47_g1121/ZN                                          -       A1->ZN R     NAND2_X1       2  6.0    70    88    6921    (-,-) 
  u_IDCT/DRU/add_58_47_g1120/ZN                                          -       A2->ZN F     NAND2_X1       1  2.7    25    59    6980    (-,-) 
  u_IDCT/DRU/add_58_47_g1118/ZN                                          -       A2->ZN R     NAND2_X1       2  6.0    67    94    7074    (-,-) 
  u_IDCT/DRU/add_58_47_g1117/ZN                                          -       A1->ZN F     NAND2_X1       1  2.8    28    56    7130    (-,-) 
  u_IDCT/DRU/add_58_47_g1115/ZN                                          -       A1->ZN R     NAND2_X1       2  5.7    68    86    7215    (-,-) 
  u_IDCT/DRU/add_58_47_g1114/ZN                                          -       A1->ZN F     NAND2_X1       1  2.8    28    56    7272    (-,-) 
  u_IDCT/DRU/add_58_47_g1112/ZN                                          -       A1->ZN R     NAND2_X1       2  5.7    68    86    7358    (-,-) 
  u_IDCT/DRU/add_58_47_g1111/ZN                                          -       A1->ZN F     NAND2_X1       1  2.8    28    56    7414    (-,-) 
  u_IDCT/DRU/add_58_47_g1109/ZN                                          -       A1->ZN R     NAND2_X1       2  5.7    68    86    7500    (-,-) 
  u_IDCT/DRU/add_58_47_g1108/ZN                                          -       A1->ZN F     NAND2_X1       1  2.8    28    56    7556    (-,-) 
  u_IDCT/DRU/add_58_47_g1106/ZN                                          -       A1->ZN R     NAND2_X1       2  5.7    68    86    7642    (-,-) 
  u_IDCT/DRU/add_58_47_g1105/ZN                                          -       A1->ZN F     NAND2_X1       2  4.8    34    69    7710    (-,-) 
  u_IDCT/DRU/add_58_47_g1102/ZN                                          -       C1->ZN R     OAI211_X1      2  5.7   150   193    7904    (-,-) 
  u_IDCT/DRU/add_58_47_g1100/ZN                                          -       A1->ZN F     NAND2_X1       1  2.8    46    76    7979    (-,-) 
  u_IDCT/DRU/add_58_47_g1098/ZN                                          -       A1->ZN R     NAND2_X1       2  5.7    68    96    8075    (-,-) 
  u_IDCT/DRU/add_58_47_g1097/ZN                                          -       A1->ZN F     NAND2_X1       1  2.8    28    56    8132    (-,-) 
  u_IDCT/DRU/add_58_47_g1095/ZN                                          -       A1->ZN R     NAND2_X1       2  5.7    68    86    8217    (-,-) 
  u_IDCT/DRU/add_58_47_g1094/ZN                                          -       A1->ZN F     NAND2_X1       1  2.8    28    56    8274    (-,-) 
  u_IDCT/DRU/add_58_47_g1092/ZN                                          -       A1->ZN R     NAND2_X1       2  5.7    68    86    8359    (-,-) 
  u_IDCT/DRU/add_58_47_g1091/ZN                                          -       A->ZN  F     INV_X1         1  2.7    20    37    8397    (-,-) 
  u_IDCT/DRU/add_58_47_g1089/ZN                                          -       B1->ZN R     OAI21_X1       1  4.0   111   144    8541    (-,-) 
  u_IDCT/DRU/add_58_47_g1088/S                                           -       CI->S  F     FA_X1          1  2.7    57   343    8884    (-,-) 
  u_IDCT/DRU/g2426/ZN                                                    -       A1->ZN R     AOI222_X1      1  2.9   216   256    9140    (-,-) 
  u_IDCT/DRU/g2409/ZN                                                    -       A->ZN  F     INV_X1         1  2.3    46    50    9191    (-,-) 
  u_IDCT/DRU/ToACF_reg[14]/D                                             -       -      F     SDFF_X1        1    -     -     0    9191    (-,-) 
#------------------------------------------------------------------------------------------------------------------------------------------------



Path 27: MET (60 ps) Setup Check with Pin u_DCT/DRU/ToBDEG_reg[14]/CK->D
           Mode: func_mode
          Group: C2C_func_mode
     Startpoint: (R) u_DCT/tposemem_Bisted_RF_2P_ADV64x16_BistCtrl_i0_ST_MAL_i0_S17_reg/CK
          Clock: (F) CLK1
       Endpoint: (F) u_DCT/DRU/ToBDEG_reg[14]/D
          Clock: (R) CLK1

                     Capture       Launch     
        Clock Edge:+    8000         4000     
       Src Latency:+       0            0     
       Net Latency:+    2000 (I)     2000 (I) 
           Arrival:=   10000         6000     
                                              
             Setup:-     266                  
       Uncertainty:-     500                  
     Required Time:=    9234                  
      Launch Clock:-    6000                  
         Data Path:-    3175                  
             Slack:=      60                  

#-----------------------------------------------------------------------------------------------------------------------------------------------
#                             Timing Point                              Flags    Arc   Edge   Cell     Fanout Load Trans Delay Arrival Instance 
#                                                                                                             (fF)  (ps)  (ps)   (ps)  Location 
#-----------------------------------------------------------------------------------------------------------------------------------------------
  u_DCT/tposemem_Bisted_RF_2P_ADV64x16_BistCtrl_i0_ST_MAL_i0_S17_reg/CK -       -      R     (arrival)      1    -     0     -    6000    (-,-) 
  u_DCT/tposemem_Bisted_RF_2P_ADV64x16_BistCtrl_i0_ST_MAL_i0_S17_reg/Q  -       CK->Q  F     SDFF_X1        2  4.2    48   242    6242    (-,-) 
  u_DCT/g3832/ZN                                                        -       A2->ZN R     NAND2_X1       2  5.1    60   100    6342    (-,-) 
  u_DCT/g3811/ZN                                                        -       A2->ZN F     NAND2_X1       2  4.3    28    64    6406    (-,-) 
  u_DCT/DRU/g2758__1786/ZN                                              -       A1->ZN F     AND2_X2        6 13.5    31   114    6520    (-,-) 
  u_DCT/DRU/sub_60_47_g1238__1857/ZN                                    -       A2->ZN R     NAND2_X1       3  8.2    85   116    6636    (-,-) 
  u_DCT/DRU/sub_60_47_g1206__5019/ZN                                    -       A1->ZN F     NAND2_X1       1  2.8    32    62    6698    (-,-) 
  u_DCT/DRU/sub_60_47_g1205__1840/ZN                                    -       A1->ZN R     NAND2_X1       2  6.0    70    90    6789    (-,-) 
  u_DCT/DRU/sub_60_47_g1203__7344/ZN                                    -       A1->ZN F     NAND2_X1       1  2.8    28    57    6846    (-,-) 
  u_DCT/DRU/sub_60_47_g1201__2703/ZN                                    -       A1->ZN R     NAND2_X1       2  6.0    70    88    6935    (-,-) 
  u_DCT/DRU/sub_60_47_g1200__6083/ZN                                    -       A2->ZN F     NAND2_X1       1  2.7    26    59    6993    (-,-) 
  u_DCT/DRU/sub_60_47_g1198__5266/ZN                                    -       A2->ZN R     NAND2_X1       2  6.0    67    95    7088    (-,-) 
  u_DCT/DRU/sub_60_47_g1197__7114/ZN                                    -       A2->ZN F     NAND2_X1       1  2.8    26    58    7147    (-,-) 
  u_DCT/DRU/sub_60_47_g1195__5953/ZN                                    -       A1->ZN R     NAND2_X1       2  5.7    68    85    7231    (-,-) 
  u_DCT/DRU/sub_60_47_g1194__1786/ZN                                    -       A1->ZN F     NAND2_X1       1  2.8    28    56    7288    (-,-) 
  u_DCT/DRU/sub_60_47_g1192__7118/ZN                                    -       A1->ZN R     NAND2_X1       2  5.7    68    86    7374    (-,-) 
  u_DCT/DRU/sub_60_47_g1191__7675/ZN                                    -       A1->ZN F     NAND2_X1       1  2.8    28    56    7430    (-,-) 
  u_DCT/DRU/sub_60_47_g1189__2900/ZN                                    -       A1->ZN R     NAND2_X1       2  5.7    68    86    7516    (-,-) 
  u_DCT/DRU/sub_60_47_g1188__6877/ZN                                    -       A1->ZN F     NAND2_X1       1  2.8    28    56    7572    (-,-) 
  u_DCT/DRU/sub_60_47_g1186__2683/ZN                                    -       A1->ZN R     NAND2_X1       2  5.0    63    80    7652    (-,-) 
  u_DCT/DRU/sub_60_47_g1185__9682/ZN                                    -       A1->ZN R     AND2_X1        2  4.4    47   131    7783    (-,-) 
  u_DCT/DRU/sub_60_47_g1182__3772/ZN                                    -       B1->ZN F     AOI21_X1       2  5.4    35    66    7849    (-,-) 
  u_DCT/DRU/sub_60_47_g1179__9906/ZN                                    -       B1->ZN R     OAI21_X1       2  5.7   141   183    8032    (-,-) 
  u_DCT/DRU/sub_60_47_g1178__1857/ZN                                    -       A1->ZN F     NAND2_X1       1  2.8    44    74    8107    (-,-) 
  u_DCT/DRU/sub_60_47_g1176__1840/ZN                                    -       A1->ZN R     NAND2_X1       2  5.7    68    95    8201    (-,-) 
  u_DCT/DRU/sub_60_47_g1175__7344/ZN                                    -       A1->ZN F     NAND2_X1       1  2.8    28    56    8258    (-,-) 
  u_DCT/DRU/sub_60_47_g1173__2703/ZN                                    -       A1->ZN R     NAND2_X1       2  5.7    68    86    8343    (-,-) 
  u_DCT/DRU/sub_60_47_g1172/ZN                                          -       A->ZN  F     INV_X1         1  2.7    20    37    8381    (-,-) 
  u_DCT/DRU/sub_60_47_g1170__2250/ZN                                    -       B1->ZN R     OAI21_X1       1  4.0   111   144    8525    (-,-) 
  u_DCT/DRU/sub_60_47_g1169__5266/S                                     -       CI->S  F     FA_X1          1  2.7    57   343    8868    (-,-) 
  u_DCT/DRU/g2427__9682/ZN                                              -       A1->ZN R     AOI222_X1      1  2.9   216   256    9124    (-,-) 
  u_DCT/DRU/g2410/ZN                                                    -       A->ZN  F     INV_X1         1  2.3    46    50    9175    (-,-) 
  u_DCT/DRU/ToBDEG_reg[14]/D                                            -       -      F     SDFF_X1        1    -     -     0    9175    (-,-) 
#-----------------------------------------------------------------------------------------------------------------------------------------------



Path 28: MET (62 ps) Setup Check with Pin u_DCT/DRU/ToACF_reg[15]/CK->D
           Mode: func_mode
          Group: C2C_func_mode
     Startpoint: (R) u_DCT/tposemem_Bisted_RF_2P_ADV64x16_BistCtrl_i0_ST_MAL_i0_S17_reg/CK
          Clock: (F) CLK1
       Endpoint: (F) u_DCT/DRU/ToACF_reg[15]/D
          Clock: (R) CLK1

                     Capture       Launch     
        Clock Edge:+    8000         4000     
       Src Latency:+       0            0     
       Net Latency:+    2000 (I)     2000 (I) 
           Arrival:=   10000         6000     
                                              
             Setup:-     255                  
       Uncertainty:-     500                  
     Required Time:=    9245                  
      Launch Clock:-    6000                  
         Data Path:-    3183                  
             Slack:=      62                  

#-----------------------------------------------------------------------------------------------------------------------------------------------
#                             Timing Point                              Flags    Arc   Edge   Cell     Fanout Load Trans Delay Arrival Instance 
#                                                                                                             (fF)  (ps)  (ps)   (ps)  Location 
#-----------------------------------------------------------------------------------------------------------------------------------------------
  u_DCT/tposemem_Bisted_RF_2P_ADV64x16_BistCtrl_i0_ST_MAL_i0_S17_reg/CK -       -      R     (arrival)      1    -     0     -    6000    (-,-) 
  u_DCT/tposemem_Bisted_RF_2P_ADV64x16_BistCtrl_i0_ST_MAL_i0_S17_reg/Q  -       CK->Q  R     SDFF_X1        2  4.4    49   203    6203    (-,-) 
  u_DCT/g3832/ZN                                                        -       A2->ZN F     NAND2_X1       2  4.7    33    62    6266    (-,-) 
  u_DCT/g3811/ZN                                                        -       A2->ZN R     NAND2_X1       2  4.4    54    85    6351    (-,-) 
  u_DCT/DRU/g2758__1786/ZN                                              -       A1->ZN R     AND2_X2        6 13.7    69   146    6496    (-,-) 
  u_DCT/DRU/add_58_47_g1155__5019/ZN                                    -       A2->ZN R     AND2_X1        2  6.0    63   149    6645    (-,-) 
  u_DCT/DRU/add_58_47_g1126__5019/ZN                                    -       A1->ZN F     NAND2_X1       1  2.8    27    55    6700    (-,-) 
  u_DCT/DRU/add_58_47_g1125__1840/ZN                                    -       A1->ZN R     NAND2_X1       2  5.7    68    85    6786    (-,-) 
  u_DCT/DRU/add_58_47_g1123__5795/ZN                                    -       A1->ZN F     NAND2_X1       1  2.8    28    56    6842    (-,-) 
  u_DCT/DRU/add_58_47_g1121__6083/ZN                                    -       A1->ZN R     NAND2_X1       2  6.0    70    88    6930    (-,-) 
  u_DCT/DRU/add_58_47_g1120__2250/ZN                                    -       A2->ZN F     NAND2_X1       1  2.7    25    59    6989    (-,-) 
  u_DCT/DRU/add_58_47_g1118__7114/ZN                                    -       A2->ZN R     NAND2_X1       2  6.0    67    94    7083    (-,-) 
  u_DCT/DRU/add_58_47_g1117__5703/ZN                                    -       A1->ZN F     NAND2_X1       1  2.8    28    56    7139    (-,-) 
  u_DCT/DRU/add_58_47_g1115__1786/ZN                                    -       A1->ZN R     NAND2_X1       2  5.7    68    86    7225    (-,-) 
  u_DCT/DRU/add_58_47_g1114__8757/ZN                                    -       A1->ZN F     NAND2_X1       1  2.8    28    56    7281    (-,-) 
  u_DCT/DRU/add_58_47_g1112__7675/ZN                                    -       A1->ZN R     NAND2_X1       2  5.7    68    86    7367    (-,-) 
  u_DCT/DRU/add_58_47_g1111__2391/ZN                                    -       A1->ZN F     NAND2_X1       1  2.8    28    56    7423    (-,-) 
  u_DCT/DRU/add_58_47_g1109__6877/ZN                                    -       A1->ZN R     NAND2_X1       2  5.7    68    86    7509    (-,-) 
  u_DCT/DRU/add_58_47_g1108__1309/ZN                                    -       A1->ZN F     NAND2_X1       1  2.8    28    56    7565    (-,-) 
  u_DCT/DRU/add_58_47_g1106__9682/ZN                                    -       A1->ZN R     NAND2_X1       2  5.7    68    86    7651    (-,-) 
  u_DCT/DRU/add_58_47_g1105__4547/ZN                                    -       A1->ZN F     NAND2_X1       2  4.8    34    69    7720    (-,-) 
  u_DCT/DRU/add_58_47_g1102__4296/ZN                                    -       C1->ZN R     OAI211_X1      2  5.7   150   193    7913    (-,-) 
  u_DCT/DRU/add_58_47_g1100__9906/ZN                                    -       A1->ZN F     NAND2_X1       1  2.8    46    76    7989    (-,-) 
  u_DCT/DRU/add_58_47_g1098__5019/ZN                                    -       A1->ZN R     NAND2_X1       2  5.7    68    96    8084    (-,-) 
  u_DCT/DRU/add_58_47_g1097__1840/ZN                                    -       A1->ZN F     NAND2_X1       1  2.8    28    56    8141    (-,-) 
  u_DCT/DRU/add_58_47_g1095__5795/ZN                                    -       A1->ZN R     NAND2_X1       2  5.7    68    86    8227    (-,-) 
  u_DCT/DRU/add_58_47_g1094__2703/ZN                                    -       A1->ZN F     NAND2_X1       1  2.8    28    56    8283    (-,-) 
  u_DCT/DRU/add_58_47_g1092__2250/ZN                                    -       A1->ZN R     NAND2_X1       2  5.7    68    86    8369    (-,-) 
  u_DCT/DRU/add_58_47_g1091/ZN                                          -       A->ZN  F     INV_X1         1  2.7    20    37    8406    (-,-) 
  u_DCT/DRU/add_58_47_g1089__7114/ZN                                    -       B1->ZN R     OAI21_X1       1  4.0   111   144    8550    (-,-) 
  u_DCT/DRU/add_58_47_g1088__5703/CO                                    -       CI->CO R     FA_X1          1  4.0    54   184    8734    (-,-) 
  u_DCT/DRU/add_58_47_g1087__5953/S                                     -       CI->S  F     FA_X1          1  2.8    57   318    9052    (-,-) 
  u_DCT/DRU/g2479__7118/ZN                                              -       A1->ZN R     NAND2_X1       1  2.9    66    78    9131    (-,-) 
  u_DCT/DRU/g2424__3772/ZN                                              -       A1->ZN F     NAND2_X1       1  2.3    26    52    9183    (-,-) 
  u_DCT/DRU/ToACF_reg[15]/D                                             -       -      F     SDFF_X1        1    -     -     0    9183    (-,-) 
#-----------------------------------------------------------------------------------------------------------------------------------------------



Path 29: MET (73 ps) Setup Check with Pin u_DCT/DRU/ToACF_reg[16]/CK->D
           Mode: func_mode
          Group: C2C_func_mode
     Startpoint: (R) u_DCT/tposemem_Bisted_RF_2P_ADV64x16_BistCtrl_i0_ST_MAL_i0_S17_reg/CK
          Clock: (F) CLK1
       Endpoint: (R) u_DCT/DRU/ToACF_reg[16]/D
          Clock: (R) CLK1

                     Capture       Launch     
        Clock Edge:+    8000         4000     
       Src Latency:+       0            0     
       Net Latency:+    2000 (I)     2000 (I) 
           Arrival:=   10000         6000     
                                              
             Setup:-     270                  
       Uncertainty:-     500                  
     Required Time:=    9230                  
      Launch Clock:-    6000                  
         Data Path:-    3158                  
             Slack:=      73                  

#-----------------------------------------------------------------------------------------------------------------------------------------------
#                             Timing Point                              Flags    Arc   Edge   Cell     Fanout Load Trans Delay Arrival Instance 
#                                                                                                             (fF)  (ps)  (ps)   (ps)  Location 
#-----------------------------------------------------------------------------------------------------------------------------------------------
  u_DCT/tposemem_Bisted_RF_2P_ADV64x16_BistCtrl_i0_ST_MAL_i0_S17_reg/CK -       -      R     (arrival)      1    -     0     -    6000    (-,-) 
  u_DCT/tposemem_Bisted_RF_2P_ADV64x16_BistCtrl_i0_ST_MAL_i0_S17_reg/Q  -       CK->Q  R     SDFF_X1        2  4.4    49   203    6203    (-,-) 
  u_DCT/g3832/ZN                                                        -       A2->ZN F     NAND2_X1       2  4.7    33    62    6266    (-,-) 
  u_DCT/g3811/ZN                                                        -       A2->ZN R     NAND2_X1       2  4.4    54    85    6351    (-,-) 
  u_DCT/DRU/g2758__1786/ZN                                              -       A1->ZN R     AND2_X2        6 13.7    69   146    6496    (-,-) 
  u_DCT/DRU/add_58_47_g1155__5019/ZN                                    -       A2->ZN R     AND2_X1        2  6.0    63   149    6645    (-,-) 
  u_DCT/DRU/add_58_47_g1126__5019/ZN                                    -       A1->ZN F     NAND2_X1       1  2.8    27    55    6700    (-,-) 
  u_DCT/DRU/add_58_47_g1125__1840/ZN                                    -       A1->ZN R     NAND2_X1       2  5.7    68    85    6786    (-,-) 
  u_DCT/DRU/add_58_47_g1123__5795/ZN                                    -       A1->ZN F     NAND2_X1       1  2.8    28    56    6842    (-,-) 
  u_DCT/DRU/add_58_47_g1121__6083/ZN                                    -       A1->ZN R     NAND2_X1       2  6.0    70    88    6930    (-,-) 
  u_DCT/DRU/add_58_47_g1120__2250/ZN                                    -       A2->ZN F     NAND2_X1       1  2.7    25    59    6989    (-,-) 
  u_DCT/DRU/add_58_47_g1118__7114/ZN                                    -       A2->ZN R     NAND2_X1       2  6.0    67    94    7083    (-,-) 
  u_DCT/DRU/add_58_47_g1117__5703/ZN                                    -       A1->ZN F     NAND2_X1       1  2.8    28    56    7139    (-,-) 
  u_DCT/DRU/add_58_47_g1115__1786/ZN                                    -       A1->ZN R     NAND2_X1       2  5.7    68    86    7225    (-,-) 
  u_DCT/DRU/add_58_47_g1114__8757/ZN                                    -       A1->ZN F     NAND2_X1       1  2.8    28    56    7281    (-,-) 
  u_DCT/DRU/add_58_47_g1112__7675/ZN                                    -       A1->ZN R     NAND2_X1       2  5.7    68    86    7367    (-,-) 
  u_DCT/DRU/add_58_47_g1111__2391/ZN                                    -       A1->ZN F     NAND2_X1       1  2.8    28    56    7423    (-,-) 
  u_DCT/DRU/add_58_47_g1109__6877/ZN                                    -       A1->ZN R     NAND2_X1       2  5.7    68    86    7509    (-,-) 
  u_DCT/DRU/add_58_47_g1108__1309/ZN                                    -       A1->ZN F     NAND2_X1       1  2.8    28    56    7565    (-,-) 
  u_DCT/DRU/add_58_47_g1106__9682/ZN                                    -       A1->ZN R     NAND2_X1       2  5.7    68    86    7651    (-,-) 
  u_DCT/DRU/add_58_47_g1105__4547/ZN                                    -       A1->ZN F     NAND2_X1       2  4.8    34    69    7720    (-,-) 
  u_DCT/DRU/add_58_47_g1102__4296/ZN                                    -       C1->ZN R     OAI211_X1      2  5.7   150   193    7913    (-,-) 
  u_DCT/DRU/add_58_47_g1100__9906/ZN                                    -       A1->ZN F     NAND2_X1       1  2.8    46    76    7989    (-,-) 
  u_DCT/DRU/add_58_47_g1098__5019/ZN                                    -       A1->ZN R     NAND2_X1       2  5.7    68    96    8084    (-,-) 
  u_DCT/DRU/add_58_47_g1097__1840/ZN                                    -       A1->ZN F     NAND2_X1       1  2.8    28    56    8141    (-,-) 
  u_DCT/DRU/add_58_47_g1095__5795/ZN                                    -       A1->ZN R     NAND2_X1       2  5.7    68    86    8227    (-,-) 
  u_DCT/DRU/add_58_47_g1094__2703/ZN                                    -       A1->ZN F     NAND2_X1       1  2.8    28    56    8283    (-,-) 
  u_DCT/DRU/add_58_47_g1092__2250/ZN                                    -       A1->ZN R     NAND2_X1       2  5.7    68    86    8369    (-,-) 
  u_DCT/DRU/add_58_47_g1091/ZN                                          -       A->ZN  F     INV_X1         1  2.7    20    37    8406    (-,-) 
  u_DCT/DRU/add_58_47_g1089__7114/ZN                                    -       B1->ZN R     OAI21_X1       1  4.0   111   144    8550    (-,-) 
  u_DCT/DRU/add_58_47_g1088__5703/CO                                    -       CI->CO R     FA_X1          1  4.0    54   184    8734    (-,-) 
  u_DCT/DRU/add_58_47_g1087__5953/CO                                    -       CI->CO R     FA_X1          1  3.5    50   150    8884    (-,-) 
  u_DCT/DRU/add_58_47_g1086__1786/ZN                                    -       A->ZN  R     XNOR2_X1       1  2.9    93   134    9018    (-,-) 
  u_DCT/DRU/g2477__2391/ZN                                              -       A1->ZN F     NAND2_X1       1  2.8    59    65    9083    (-,-) 
  u_DCT/DRU/g2422__8780/ZN                                              -       A1->ZN R     NAND2_X1       1  2.4    38    74    9157    (-,-) 
  u_DCT/DRU/ToACF_reg[16]/D                                             -       -      R     SDFF_X1        1    -     -     0    9158    (-,-) 
#-----------------------------------------------------------------------------------------------------------------------------------------------



Path 30: MET (78 ps) Setup Check with Pin u_IDCT/DRU/ToACF_reg[15]/CK->D
           Mode: func_mode
          Group: C2C_func_mode
     Startpoint: (R) u_IDCT/tposemem_Bisted_RF_2P_ADV64x16_BistCtrl_i0_ST_MAL_i0_S17_reg/CK
          Clock: (F) CLK1
       Endpoint: (F) u_IDCT/DRU/ToACF_reg[15]/D
          Clock: (R) CLK1

                     Capture       Launch     
        Clock Edge:+    8000         4000     
       Src Latency:+       0            0     
       Net Latency:+    2000 (I)     2000 (I) 
           Arrival:=   10000         6000     
                                              
             Setup:-     253                  
       Uncertainty:-     500                  
     Required Time:=    9247                  
      Launch Clock:-    6000                  
         Data Path:-    3168                  
             Slack:=      78                  

#------------------------------------------------------------------------------------------------------------------------------------------------
#                             Timing Point                               Flags    Arc   Edge   Cell     Fanout Load Trans Delay Arrival Instance 
#                                                                                                              (fF)  (ps)  (ps)   (ps)  Location 
#------------------------------------------------------------------------------------------------------------------------------------------------
  u_IDCT/tposemem_Bisted_RF_2P_ADV64x16_BistCtrl_i0_ST_MAL_i0_S17_reg/CK -       -      R     (arrival)      1    -     0     -    6000    (-,-) 
  u_IDCT/tposemem_Bisted_RF_2P_ADV64x16_BistCtrl_i0_ST_MAL_i0_S17_reg/Q  -       CK->Q  R     SDFF_X1        2  4.4    49   203    6203    (-,-) 
  u_IDCT/g3832/ZN                                                        -       A1->ZN F     NAND2_X1       2  4.8    30    61    6265    (-,-) 
  u_IDCT/g3811/ZN                                                        -       A1->ZN R     NAND2_X1       2  4.4    54    76    6340    (-,-) 
  u_IDCT/DRU/g2758/ZN                                                    -       A1->ZN R     AND2_X2        6 13.9    70   146    6487    (-,-) 
  u_IDCT/DRU/add_58_47_g1155/ZN                                          -       A2->ZN R     AND2_X1        2  6.0    63   149    6636    (-,-) 
  u_IDCT/DRU/add_58_47_g1126/ZN                                          -       A1->ZN F     NAND2_X1       1  2.8    27    55    6691    (-,-) 
  u_IDCT/DRU/add_58_47_g1125/ZN                                          -       A1->ZN R     NAND2_X1       2  5.7    68    85    6776    (-,-) 
  u_IDCT/DRU/add_58_47_g1123/ZN                                          -       A1->ZN F     NAND2_X1       1  2.8    28    56    6833    (-,-) 
  u_IDCT/DRU/add_58_47_g1121/ZN                                          -       A1->ZN R     NAND2_X1       2  6.0    70    88    6921    (-,-) 
  u_IDCT/DRU/add_58_47_g1120/ZN                                          -       A2->ZN F     NAND2_X1       1  2.7    25    59    6980    (-,-) 
  u_IDCT/DRU/add_58_47_g1118/ZN                                          -       A2->ZN R     NAND2_X1       2  6.0    67    94    7074    (-,-) 
  u_IDCT/DRU/add_58_47_g1117/ZN                                          -       A1->ZN F     NAND2_X1       1  2.8    28    56    7130    (-,-) 
  u_IDCT/DRU/add_58_47_g1115/ZN                                          -       A1->ZN R     NAND2_X1       2  5.7    68    86    7215    (-,-) 
  u_IDCT/DRU/add_58_47_g1114/ZN                                          -       A1->ZN F     NAND2_X1       1  2.8    28    56    7272    (-,-) 
  u_IDCT/DRU/add_58_47_g1112/ZN                                          -       A1->ZN R     NAND2_X1       2  5.7    68    86    7358    (-,-) 
  u_IDCT/DRU/add_58_47_g1111/ZN                                          -       A1->ZN F     NAND2_X1       1  2.8    28    56    7414    (-,-) 
  u_IDCT/DRU/add_58_47_g1109/ZN                                          -       A1->ZN R     NAND2_X1       2  5.7    68    86    7500    (-,-) 
  u_IDCT/DRU/add_58_47_g1108/ZN                                          -       A1->ZN F     NAND2_X1       1  2.8    28    56    7556    (-,-) 
  u_IDCT/DRU/add_58_47_g1106/ZN                                          -       A1->ZN R     NAND2_X1       2  5.7    68    86    7642    (-,-) 
  u_IDCT/DRU/add_58_47_g1105/ZN                                          -       A1->ZN F     NAND2_X1       2  4.8    34    69    7710    (-,-) 
  u_IDCT/DRU/add_58_47_g1102/ZN                                          -       C1->ZN R     OAI211_X1      2  5.7   150   193    7904    (-,-) 
  u_IDCT/DRU/add_58_47_g1100/ZN                                          -       A1->ZN F     NAND2_X1       1  2.8    46    76    7979    (-,-) 
  u_IDCT/DRU/add_58_47_g1098/ZN                                          -       A1->ZN R     NAND2_X1       2  5.7    68    96    8075    (-,-) 
  u_IDCT/DRU/add_58_47_g1097/ZN                                          -       A1->ZN F     NAND2_X1       1  2.8    28    56    8132    (-,-) 
  u_IDCT/DRU/add_58_47_g1095/ZN                                          -       A1->ZN R     NAND2_X1       2  5.7    68    86    8217    (-,-) 
  u_IDCT/DRU/add_58_47_g1094/ZN                                          -       A1->ZN F     NAND2_X1       1  2.8    28    56    8274    (-,-) 
  u_IDCT/DRU/add_58_47_g1092/ZN                                          -       A1->ZN R     NAND2_X1       2  5.7    68    86    8359    (-,-) 
  u_IDCT/DRU/add_58_47_g1091/ZN                                          -       A->ZN  F     INV_X1         1  2.7    20    37    8397    (-,-) 
  u_IDCT/DRU/add_58_47_g1089/ZN                                          -       B1->ZN R     OAI21_X1       1  4.0   111   144    8541    (-,-) 
  u_IDCT/DRU/add_58_47_g1088/CO                                          -       CI->CO R     FA_X1          1  4.0    54   184    8725    (-,-) 
  u_IDCT/DRU/add_58_47_g1087/S                                           -       CI->S  F     FA_X1          1  2.8    57   318    9043    (-,-) 
  u_IDCT/DRU/g2479/ZN                                                    -       A1->ZN R     NAND2_X1       1  2.9    47    78    9121    (-,-) 
  u_IDCT/DRU/g2424/ZN                                                    -       A1->ZN F     NAND2_X1       1  2.3    22    47    9168    (-,-) 
  u_IDCT/DRU/ToACF_reg[15]/D                                             -       -      F     SDFF_X1        1    -     -     0    9168    (-,-) 
#------------------------------------------------------------------------------------------------------------------------------------------------



Path 31: MET (79 ps) Setup Check with Pin u_IDCT/DRU/ToACF_reg[16]/CK->D
           Mode: func_mode
          Group: C2C_func_mode
     Startpoint: (R) u_IDCT/tposemem_Bisted_RF_2P_ADV64x16_BistCtrl_i0_S44_Finish_reg/CK
          Clock: (F) CLK1
       Endpoint: (R) u_IDCT/DRU/ToACF_reg[16]/D
          Clock: (R) CLK1

                     Capture       Launch     
        Clock Edge:+    8000         4000     
       Src Latency:+       0            0     
       Net Latency:+    2000 (I)     2000 (I) 
           Arrival:=   10000         6000     
                                              
             Setup:-     270                  
       Uncertainty:-     500                  
     Required Time:=    9230                  
      Launch Clock:-    6000                  
         Data Path:-    3152                  
             Slack:=      79                  

#---------------------------------------------------------------------------------------------------------------------------------------------
#                            Timing Point                             Flags    Arc   Edge   Cell     Fanout Load Trans Delay Arrival Instance 
#                                                                                                           (fF)  (ps)  (ps)   (ps)  Location 
#---------------------------------------------------------------------------------------------------------------------------------------------
  u_IDCT/tposemem_Bisted_RF_2P_ADV64x16_BistCtrl_i0_S44_Finish_reg/CK -       -      R     (arrival)      1    -     0     -    6000    (-,-) 
  u_IDCT/tposemem_Bisted_RF_2P_ADV64x16_BistCtrl_i0_S44_Finish_reg/Q  -       CK->Q  F     SDFF_X1        1  2.7    43   230    6230    (-,-) 
  u_IDCT/g3780/ZN                                                     -       A2->ZN R     NAND2_X1       2  5.1    60    97    6327    (-,-) 
  u_IDCT/g3770/ZN                                                     -       A2->ZN F     NAND2_X1       2  4.2    28    64    6390    (-,-) 
  u_IDCT/DRU/g2757/ZN                                                 -       A1->ZN F     AND2_X2        6 12.5    27   112    6502    (-,-) 
  u_IDCT/DRU/add_58_47_g1148/ZN                                       -       A2->ZN F     OR2_X1         2  4.8    39   208    6711    (-,-) 
  u_IDCT/DRU/add_58_47_g1126/ZN                                       -       A2->ZN R     NAND2_X1       1  2.9    42    75    6786    (-,-) 
  u_IDCT/DRU/add_58_47_g1125/ZN                                       -       A1->ZN F     NAND2_X1       2  5.5    34    62    6848    (-,-) 
  u_IDCT/DRU/add_58_47_g1123/ZN                                       -       A1->ZN R     NAND2_X1       1  2.9    42    65    6913    (-,-) 
  u_IDCT/DRU/add_58_47_g1121/ZN                                       -       A1->ZN F     NAND2_X1       2  5.6    34    62    6975    (-,-) 
  u_IDCT/DRU/add_58_47_g1120/ZN                                       -       A2->ZN R     NAND2_X1       1  2.9    42    73    7047    (-,-) 
  u_IDCT/DRU/add_58_47_g1118/ZN                                       -       A2->ZN F     NAND2_X1       2  5.7    38    64    7112    (-,-) 
  u_IDCT/DRU/add_58_47_g1117/ZN                                       -       A1->ZN R     NAND2_X1       1  2.9    42    67    7179    (-,-) 
  u_IDCT/DRU/add_58_47_g1115/ZN                                       -       A1->ZN F     NAND2_X1       2  5.5    34    62    7241    (-,-) 
  u_IDCT/DRU/add_58_47_g1114/ZN                                       -       A1->ZN R     NAND2_X1       1  2.9    42    65    7305    (-,-) 
  u_IDCT/DRU/add_58_47_g1112/ZN                                       -       A1->ZN F     NAND2_X1       2  5.5    34    62    7367    (-,-) 
  u_IDCT/DRU/add_58_47_g1111/ZN                                       -       A1->ZN R     NAND2_X1       1  2.9    42    65    7432    (-,-) 
  u_IDCT/DRU/add_58_47_g1109/ZN                                       -       A1->ZN F     NAND2_X1       2  5.5    34    62    7493    (-,-) 
  u_IDCT/DRU/add_58_47_g1108/ZN                                       -       A1->ZN R     NAND2_X1       1  2.9    42    65    7558    (-,-) 
  u_IDCT/DRU/add_58_47_g1106/ZN                                       -       A1->ZN F     NAND2_X1       2  5.5    34    62    7620    (-,-) 
  u_IDCT/DRU/add_58_47_g1105/ZN                                       -       A1->ZN R     NAND2_X1       2  5.1    60    84    7703    (-,-) 
  u_IDCT/DRU/add_58_47_g1102/ZN                                       -       C1->ZN F     OAI211_X1      2  5.5    72    94    7797    (-,-) 
  u_IDCT/DRU/add_58_47_g1100/ZN                                       -       A1->ZN R     NAND2_X1       1  2.9    44    87    7884    (-,-) 
  u_IDCT/DRU/add_58_47_g1098/ZN                                       -       A1->ZN F     NAND2_X1       2  5.5    34    62    7946    (-,-) 
  u_IDCT/DRU/add_58_47_g1097/ZN                                       -       A1->ZN R     NAND2_X1       1  2.9    42    65    8011    (-,-) 
  u_IDCT/DRU/add_58_47_g1095/ZN                                       -       A1->ZN F     NAND2_X1       2  5.5    34    62    8072    (-,-) 
  u_IDCT/DRU/add_58_47_g1094/ZN                                       -       A1->ZN R     NAND2_X1       1  2.9    42    65    8137    (-,-) 
  u_IDCT/DRU/add_58_47_g1092/ZN                                       -       A1->ZN F     NAND2_X1       2  5.5    34    62    8199    (-,-) 
  u_IDCT/DRU/add_58_47_g1091/ZN                                       -       A->ZN  R     INV_X1         1  2.9    33    59    8258    (-,-) 
  u_IDCT/DRU/add_58_47_g1089/ZN                                       -       B1->ZN F     OAI21_X1       1  3.9    47    51    8309    (-,-) 
  u_IDCT/DRU/add_58_47_g1088/CO                                       -       CI->CO F     FA_X1          1  3.9    53   284    8593    (-,-) 
  u_IDCT/DRU/add_58_47_g1087/CO                                       -       CI->CO F     FA_X1          1  3.4    51   283    8876    (-,-) 
  u_IDCT/DRU/add_58_47_g1086/ZN                                       -       A->ZN  R     XNOR2_X1       1  2.9    93   137    9013    (-,-) 
  u_IDCT/DRU/g2477/ZN                                                 -       A1->ZN F     NAND2_X1       1  2.8    59    65    9077    (-,-) 
  u_IDCT/DRU/g2422/ZN                                                 -       A1->ZN R     NAND2_X1       1  2.4    38    74    9152    (-,-) 
  u_IDCT/DRU/ToACF_reg[16]/D                                          -       -      R     SDFF_X1        1    -     -     0    9152    (-,-) 
#---------------------------------------------------------------------------------------------------------------------------------------------



Path 32: MET (87 ps) Setup Check with Pin u_DCT/DRU/ToBDEG_reg[15]/CK->D
           Mode: func_mode
          Group: C2C_func_mode
     Startpoint: (R) u_DCT/tposemem_Bisted_RF_2P_ADV64x16_BistCtrl_i0_ST_MAL_i0_S17_reg/CK
          Clock: (F) CLK1
       Endpoint: (F) u_DCT/DRU/ToBDEG_reg[15]/D
          Clock: (R) CLK1

                     Capture       Launch     
        Clock Edge:+    8000         4000     
       Src Latency:+       0            0     
       Net Latency:+    2000 (I)     2000 (I) 
           Arrival:=   10000         6000     
                                              
             Setup:-     255                  
       Uncertainty:-     500                  
     Required Time:=    9245                  
      Launch Clock:-    6000                  
         Data Path:-    3158                  
             Slack:=      87                  

#-----------------------------------------------------------------------------------------------------------------------------------------------
#                             Timing Point                              Flags    Arc   Edge   Cell     Fanout Load Trans Delay Arrival Instance 
#                                                                                                             (fF)  (ps)  (ps)   (ps)  Location 
#-----------------------------------------------------------------------------------------------------------------------------------------------
  u_DCT/tposemem_Bisted_RF_2P_ADV64x16_BistCtrl_i0_ST_MAL_i0_S17_reg/CK -       -      R     (arrival)      1    -     0     -    6000    (-,-) 
  u_DCT/tposemem_Bisted_RF_2P_ADV64x16_BistCtrl_i0_ST_MAL_i0_S17_reg/Q  -       CK->Q  F     SDFF_X1        2  4.2    48   242    6242    (-,-) 
  u_DCT/g3832/ZN                                                        -       A2->ZN R     NAND2_X1       2  5.1    60   100    6342    (-,-) 
  u_DCT/g3811/ZN                                                        -       A2->ZN F     NAND2_X1       2  4.3    28    64    6406    (-,-) 
  u_DCT/DRU/g2758__1786/ZN                                              -       A1->ZN F     AND2_X2        6 13.5    31   114    6520    (-,-) 
  u_DCT/DRU/sub_60_47_g1238__1857/ZN                                    -       A2->ZN R     NAND2_X1       3  8.2    85   116    6636    (-,-) 
  u_DCT/DRU/sub_60_47_g1206__5019/ZN                                    -       A1->ZN F     NAND2_X1       1  2.8    32    62    6698    (-,-) 
  u_DCT/DRU/sub_60_47_g1205__1840/ZN                                    -       A1->ZN R     NAND2_X1       2  6.0    70    90    6789    (-,-) 
  u_DCT/DRU/sub_60_47_g1203__7344/ZN                                    -       A1->ZN F     NAND2_X1       1  2.8    28    57    6846    (-,-) 
  u_DCT/DRU/sub_60_47_g1201__2703/ZN                                    -       A1->ZN R     NAND2_X1       2  6.0    70    88    6935    (-,-) 
  u_DCT/DRU/sub_60_47_g1200__6083/ZN                                    -       A2->ZN F     NAND2_X1       1  2.7    26    59    6993    (-,-) 
  u_DCT/DRU/sub_60_47_g1198__5266/ZN                                    -       A2->ZN R     NAND2_X1       2  6.0    67    95    7088    (-,-) 
  u_DCT/DRU/sub_60_47_g1197__7114/ZN                                    -       A2->ZN F     NAND2_X1       1  2.8    26    58    7147    (-,-) 
  u_DCT/DRU/sub_60_47_g1195__5953/ZN                                    -       A1->ZN R     NAND2_X1       2  5.7    68    85    7231    (-,-) 
  u_DCT/DRU/sub_60_47_g1194__1786/ZN                                    -       A1->ZN F     NAND2_X1       1  2.8    28    56    7288    (-,-) 
  u_DCT/DRU/sub_60_47_g1192__7118/ZN                                    -       A1->ZN R     NAND2_X1       2  5.7    68    86    7374    (-,-) 
  u_DCT/DRU/sub_60_47_g1191__7675/ZN                                    -       A1->ZN F     NAND2_X1       1  2.8    28    56    7430    (-,-) 
  u_DCT/DRU/sub_60_47_g1189__2900/ZN                                    -       A1->ZN R     NAND2_X1       2  5.7    68    86    7516    (-,-) 
  u_DCT/DRU/sub_60_47_g1188__6877/ZN                                    -       A1->ZN F     NAND2_X1       1  2.8    28    56    7572    (-,-) 
  u_DCT/DRU/sub_60_47_g1186__2683/ZN                                    -       A1->ZN R     NAND2_X1       2  5.0    63    80    7652    (-,-) 
  u_DCT/DRU/sub_60_47_g1185__9682/ZN                                    -       A1->ZN R     AND2_X1        2  4.4    47   131    7783    (-,-) 
  u_DCT/DRU/sub_60_47_g1182__3772/ZN                                    -       B1->ZN F     AOI21_X1       2  5.4    35    66    7849    (-,-) 
  u_DCT/DRU/sub_60_47_g1179__9906/ZN                                    -       B1->ZN R     OAI21_X1       2  5.7   141   183    8032    (-,-) 
  u_DCT/DRU/sub_60_47_g1178__1857/ZN                                    -       A1->ZN F     NAND2_X1       1  2.8    44    74    8107    (-,-) 
  u_DCT/DRU/sub_60_47_g1176__1840/ZN                                    -       A1->ZN R     NAND2_X1       2  5.7    68    95    8201    (-,-) 
  u_DCT/DRU/sub_60_47_g1175__7344/ZN                                    -       A1->ZN F     NAND2_X1       1  2.8    28    56    8258    (-,-) 
  u_DCT/DRU/sub_60_47_g1173__2703/ZN                                    -       A1->ZN R     NAND2_X1       2  5.7    68    86    8343    (-,-) 
  u_DCT/DRU/sub_60_47_g1172/ZN                                          -       A->ZN  F     INV_X1         1  2.7    20    37    8381    (-,-) 
  u_DCT/DRU/sub_60_47_g1170__2250/ZN                                    -       B1->ZN R     OAI21_X1       1  4.0   111   144    8525    (-,-) 
  u_DCT/DRU/sub_60_47_g1169__5266/CO                                    -       CI->CO R     FA_X1          1  4.0    54   184    8709    (-,-) 
  u_DCT/DRU/sub_60_47_g1168__7114/S                                     -       CI->S  F     FA_X1          1  2.8    57   318    9027    (-,-) 
  u_DCT/DRU/g2480__8757/ZN                                              -       A1->ZN R     NAND2_X1       1  2.9    66    78    9106    (-,-) 
  u_DCT/DRU/g2425__1474/ZN                                              -       A1->ZN F     NAND2_X1       1  2.3    26    52    9158    (-,-) 
  u_DCT/DRU/ToBDEG_reg[15]/D                                            -       -      F     SDFF_X1        1    -     -     0    9158    (-,-) 
#-----------------------------------------------------------------------------------------------------------------------------------------------



Path 33: MET (92 ps) Setup Check with Pin u_IDCT/tposemem_Bisted_RF_2P_ADV64x16_RF_2P_ADV64x16_u0_SRAM_i0/CLKB->DB[12]
           Mode: func_mode
          Group: C2C_func_mode
     Startpoint: (R) d_DoDCT_reg/CK
          Clock: (R) CLK1
       Endpoint: (F) u_IDCT/tposemem_Bisted_RF_2P_ADV64x16_RF_2P_ADV64x16_u0_SRAM_i0/DB[12]
          Clock: (F) CLK1

                     Capture       Launch     
        Clock Edge:+    4000            0     
       Src Latency:+       0            0     
       Net Latency:+    2000 (I)     2000 (I) 
           Arrival:=    6000         2000     
                                              
             Setup:-     238                  
       Uncertainty:-     500                  
     Required Time:=    5262                  
      Launch Clock:-    2000                  
         Data Path:-    3170                  
             Slack:=      92                  

#------------------------------------------------------------------------------------------------------------------------------------------------
#                             Timing Point                               Flags    Arc   Edge   Cell     Fanout Load Trans Delay Arrival Instance 
#                                                                                                              (fF)  (ps)  (ps)   (ps)  Location 
#------------------------------------------------------------------------------------------------------------------------------------------------
  d_DoDCT_reg/CK                                                         -       -      R     (arrival)    734    -     0     -    2000    (-,-) 
  d_DoDCT_reg/Q                                                          -       CK->Q  R     SDFF_X1        1  4.6    51   205    2205    (-,-) 
  g546/Z                                                                 -       A->Z   R     BUF_X4         8 33.4    78   131    2336    (-,-) 
  g375/ZN                                                                -       A->ZN  F     INV_X8         7 26.2    23    44    2381    (-,-) 
  u_IDCT/IDRU8/g5749/ZN                                                  -       A->ZN  R     INV_X4         4 29.2    68    91    2471    (-,-) 
  u_IDCT/IDRU8/g5721/ZN                                                  -       A3->ZN F     NAND3_X4       2 10.2    35    78    2550    (-,-) 
  u_IDCT/IDRU8/g5715/ZN                                                  -       A->ZN  R     INV_X4        18 42.4    95   126    2676    (-,-) 
  u_IDCT/IDRU8/g5682/ZN                                                  -       A1->ZN F     AOI22_X2       1  2.1    34    55    2731    (-,-) 
  u_IDCT/IDRU8/g5612/ZN                                                  -       A1->ZN F     AND2_X1        1  2.8    21   108    2839    (-,-) 
  u_IDCT/IDRU8/g5573/ZN                                                  -       A2->ZN R     NAND3_X1       4 10.7   113   136    2975    (-,-) 
  u_IDCT/IDRU8/add_86_45_g754/ZN                                         -       A1->ZN R     OR2_X1         2  5.1    51   131    3106    (-,-) 
  u_IDCT/IDRU8/add_86_45_g694/ZN                                         -       A2->ZN F     NAND2_X1       1  4.1    26    60    3166    (-,-) 
  u_IDCT/IDRU8/add_86_45_g692/ZN                                         -       A1->ZN R     NAND2_X2       2  5.7    43    60    3227    (-,-) 
  u_IDCT/IDRU8/add_86_45_g689/ZN                                         -       A1->ZN F     NAND2_X1       1  4.1    26    55    3282    (-,-) 
  u_IDCT/IDRU8/add_86_45_g687/ZN                                         -       A1->ZN R     NAND2_X2       3  7.9    51    70    3352    (-,-) 
  u_IDCT/IDRU8/add_86_45_g683/ZN                                         -       A1->ZN F     NAND3_X1       1  2.8    35    67    3419    (-,-) 
  u_IDCT/IDRU8/add_86_45_g682/ZN                                         -       A1->ZN R     NAND2_X1       2  5.7    65    90    3509    (-,-) 
  u_IDCT/IDRU8/add_86_45_g680/ZN                                         -       A1->ZN F     NAND2_X1       1  2.8    27    56    3564    (-,-) 
  u_IDCT/IDRU8/add_86_45_g678/ZN                                         -       A1->ZN R     NAND2_X1       2  5.7    65    85    3650    (-,-) 
  u_IDCT/IDRU8/add_86_45_g677/ZN                                         -       A1->ZN F     NAND2_X1       1  2.8    27    56    3705    (-,-) 
  u_IDCT/IDRU8/add_86_45_g675/ZN                                         -       A1->ZN R     NAND2_X1       2  5.0    61    79    3784    (-,-) 
  u_IDCT/IDRU8/add_86_45_g674/ZN                                         -       A1->ZN R     AND2_X1        3  6.6    64   150    3934    (-,-) 
  u_IDCT/IDRU8/add_86_45_g672/ZN                                         -       A1->ZN F     NAND2_X1       1  4.1    37    64    3998    (-,-) 
  u_IDCT/IDRU8/add_86_45_g669/ZN                                         -       B->ZN  R     OAI211_X2      2  5.7   102    98    4095    (-,-) 
  u_IDCT/IDRU8/add_86_45_g667/ZN                                         -       A1->ZN F     NAND2_X1       2  4.8    42    83    4178    (-,-) 
  u_IDCT/IDRU8/add_86_45_g663/ZN                                         -       A1->ZN R     NOR2_X1        2  6.6   146   191    4369    (-,-) 
  u_IDCT/IDRU8/add_86_45_g661/ZN                                         -       A1->ZN F     NOR2_X1        2  5.4    45    72    4441    (-,-) 
  u_IDCT/IDRU8/add_86_45_g656/ZN                                         -       A->ZN  F     XNOR2_X1       1  2.2    41   135    4576    (-,-) 
  u_IDCT/IDRU8/g5181/Z                                                   -       A->Z   F     MUX2_X1        2  4.3    41   249    4825    (-,-) 
  u_IDCT/IDRU8/g5052/Z                                                   -       A->Z   F     MUX2_X1        1  2.8    37   239    5064    (-,-) 
  u_IDCT/g3863/ZN                                                        -       A->ZN  R     INV_X1         1  2.9    33    61    5125    (-,-) 
  u_IDCT/g3732/ZN                                                        -       B1->ZN F     OAI21_X1       1  2.6    30    45    5170    (-,-) 
  u_IDCT/tposemem_Bisted_RF_2P_ADV64x16_RF_2P_ADV64x16_u0_SRAM_i0/DB[12] (P)     -      F     rf_2p_hse      1    -     -     0    5170    (-,-) 
#------------------------------------------------------------------------------------------------------------------------------------------------

(P) : Instance is preserved



Path 34: MET (97 ps) Setup Check with Pin u_IDCT/DRU/ToBDEG_reg[14]/CK->D
           Mode: func_mode
          Group: C2C_func_mode
     Startpoint: (R) u_IDCT/tposemem_Bisted_RF_2P_ADV64x16_BistCtrl_i0_ST_MAL_i0_S17_reg/CK
          Clock: (F) CLK1
       Endpoint: (F) u_IDCT/DRU/ToBDEG_reg[14]/D
          Clock: (R) CLK1

                     Capture       Launch     
        Clock Edge:+    8000         4000     
       Src Latency:+       0            0     
       Net Latency:+    2000 (I)     2000 (I) 
           Arrival:=   10000         6000     
                                              
             Setup:-     266                  
       Uncertainty:-     500                  
     Required Time:=    9234                  
      Launch Clock:-    6000                  
         Data Path:-    3137                  
             Slack:=      97                  

#------------------------------------------------------------------------------------------------------------------------------------------------
#                             Timing Point                               Flags    Arc   Edge   Cell     Fanout Load Trans Delay Arrival Instance 
#                                                                                                              (fF)  (ps)  (ps)   (ps)  Location 
#------------------------------------------------------------------------------------------------------------------------------------------------
  u_IDCT/tposemem_Bisted_RF_2P_ADV64x16_BistCtrl_i0_ST_MAL_i0_S17_reg/CK -       -      R     (arrival)      1    -     0     -    6000    (-,-) 
  u_IDCT/tposemem_Bisted_RF_2P_ADV64x16_BistCtrl_i0_ST_MAL_i0_S17_reg/Q  -       CK->Q  F     SDFF_X1        2  4.3    48   243    6243    (-,-) 
  u_IDCT/g3832/ZN                                                        -       A1->ZN R     NAND2_X1       2  5.1    60    92    6335    (-,-) 
  u_IDCT/g3811/ZN                                                        -       A1->ZN F     NAND2_X1       2  4.2    30    62    6397    (-,-) 
  u_IDCT/DRU/g2758/ZN                                                    -       A1->ZN F     AND2_X2        6 13.5    28   115    6513    (-,-) 
  u_IDCT/DRU/sub_60_47_g1238/ZN                                          -       A1->ZN R     NAND2_X1       3  8.2    86   107    6620    (-,-) 
  u_IDCT/DRU/sub_60_47_g1206/ZN                                          -       A2->ZN F     NAND2_X1       1  2.8    26    65    6684    (-,-) 
  u_IDCT/DRU/sub_60_47_g1205/ZN                                          -       A1->ZN R     NAND2_X1       2  5.7    66    85    6769    (-,-) 
  u_IDCT/DRU/sub_60_47_g1203/ZN                                          -       A1->ZN F     NAND2_X1       1  2.8    28    56    6825    (-,-) 
  u_IDCT/DRU/sub_60_47_g1201/ZN                                          -       A1->ZN R     NAND2_X1       2  5.7    66    85    6910    (-,-) 
  u_IDCT/DRU/sub_60_47_g1200/ZN                                          -       A1->ZN F     NAND2_X1       1  2.8    28    56    6966    (-,-) 
  u_IDCT/DRU/sub_60_47_g1198/ZN                                          -       A1->ZN R     NAND2_X1       2  5.7    68    85    7052    (-,-) 
  u_IDCT/DRU/sub_60_47_g1197/ZN                                          -       A1->ZN F     NAND2_X1       1  2.8    28    56    7108    (-,-) 
  u_IDCT/DRU/sub_60_47_g1195/ZN                                          -       A1->ZN R     NAND2_X1       2  5.7    68    86    7194    (-,-) 
  u_IDCT/DRU/sub_60_47_g1194/ZN                                          -       A1->ZN F     NAND2_X1       1  2.8    28    56    7250    (-,-) 
  u_IDCT/DRU/sub_60_47_g1192/ZN                                          -       A1->ZN R     NAND2_X1       2  5.7    68    86    7336    (-,-) 
  u_IDCT/DRU/sub_60_47_g1191/ZN                                          -       A1->ZN F     NAND2_X1       1  2.8    28    56    7392    (-,-) 
  u_IDCT/DRU/sub_60_47_g1189/ZN                                          -       A1->ZN R     NAND2_X1       2  5.7    68    86    7478    (-,-) 
  u_IDCT/DRU/sub_60_47_g1188/ZN                                          -       A1->ZN F     NAND2_X1       1  2.8    28    56    7535    (-,-) 
  u_IDCT/DRU/sub_60_47_g1186/ZN                                          -       A1->ZN R     NAND2_X1       2  5.0    63    80    7614    (-,-) 
  u_IDCT/DRU/sub_60_47_g1185/ZN                                          -       A1->ZN R     AND2_X1        2  4.4    47   131    7746    (-,-) 
  u_IDCT/DRU/sub_60_47_g1182/ZN                                          -       B1->ZN F     AOI21_X1       2  5.4    35    66    7811    (-,-) 
  u_IDCT/DRU/sub_60_47_g1179/ZN                                          -       B1->ZN R     OAI21_X1       2  5.7   141   183    7995    (-,-) 
  u_IDCT/DRU/sub_60_47_g1178/ZN                                          -       A1->ZN F     NAND2_X1       1  2.8    44    74    8069    (-,-) 
  u_IDCT/DRU/sub_60_47_g1176/ZN                                          -       A1->ZN R     NAND2_X1       2  5.7    68    95    8164    (-,-) 
  u_IDCT/DRU/sub_60_47_g1175/ZN                                          -       A1->ZN F     NAND2_X1       1  2.8    28    56    8220    (-,-) 
  u_IDCT/DRU/sub_60_47_g1173/ZN                                          -       A1->ZN R     NAND2_X1       2  5.7    68    86    8306    (-,-) 
  u_IDCT/DRU/sub_60_47_g1172/ZN                                          -       A->ZN  F     INV_X1         1  2.7    20    37    8343    (-,-) 
  u_IDCT/DRU/sub_60_47_g1170/ZN                                          -       B1->ZN R     OAI21_X1       1  4.0   111   144    8487    (-,-) 
  u_IDCT/DRU/sub_60_47_g1169/S                                           -       CI->S  F     FA_X1          1  2.7    57   343    8831    (-,-) 
  u_IDCT/DRU/g2427/ZN                                                    -       A1->ZN R     AOI222_X1      1  2.9   216   256    9087    (-,-) 
  u_IDCT/DRU/g2410/ZN                                                    -       A->ZN  F     INV_X1         1  2.3    46    50    9137    (-,-) 
  u_IDCT/DRU/ToBDEG_reg[14]/D                                            -       -      F     SDFF_X1        1    -     -     0    9137    (-,-) 
#------------------------------------------------------------------------------------------------------------------------------------------------



Path 35: MET (98 ps) Setup Check with Pin u_DCT/DRU/ToBDEG_reg[16]/CK->D
           Mode: func_mode
          Group: C2C_func_mode
     Startpoint: (R) u_DCT/tposemem_Bisted_RF_2P_ADV64x16_BistCtrl_i0_ST_MAL_i0_S17_reg/CK
          Clock: (F) CLK1
       Endpoint: (R) u_DCT/DRU/ToBDEG_reg[16]/D
          Clock: (R) CLK1

                     Capture       Launch     
        Clock Edge:+    8000         4000     
       Src Latency:+       0            0     
       Net Latency:+    2000 (I)     2000 (I) 
           Arrival:=   10000         6000     
                                              
             Setup:-     270                  
       Uncertainty:-     500                  
     Required Time:=    9230                  
      Launch Clock:-    6000                  
         Data Path:-    3132                  
             Slack:=      98                  

#-----------------------------------------------------------------------------------------------------------------------------------------------
#                             Timing Point                              Flags    Arc   Edge   Cell     Fanout Load Trans Delay Arrival Instance 
#                                                                                                             (fF)  (ps)  (ps)   (ps)  Location 
#-----------------------------------------------------------------------------------------------------------------------------------------------
  u_DCT/tposemem_Bisted_RF_2P_ADV64x16_BistCtrl_i0_ST_MAL_i0_S17_reg/CK -       -      R     (arrival)      1    -     0     -    6000    (-,-) 
  u_DCT/tposemem_Bisted_RF_2P_ADV64x16_BistCtrl_i0_ST_MAL_i0_S17_reg/Q  -       CK->Q  F     SDFF_X1        2  4.2    48   242    6242    (-,-) 
  u_DCT/g3832/ZN                                                        -       A2->ZN R     NAND2_X1       2  5.1    60   100    6342    (-,-) 
  u_DCT/g3811/ZN                                                        -       A2->ZN F     NAND2_X1       2  4.3    28    64    6406    (-,-) 
  u_DCT/DRU/g2758__1786/ZN                                              -       A1->ZN F     AND2_X2        6 13.5    31   114    6520    (-,-) 
  u_DCT/DRU/sub_60_47_g1238__1857/ZN                                    -       A2->ZN R     NAND2_X1       3  8.2    85   116    6636    (-,-) 
  u_DCT/DRU/sub_60_47_g1206__5019/ZN                                    -       A1->ZN F     NAND2_X1       1  2.8    32    62    6698    (-,-) 
  u_DCT/DRU/sub_60_47_g1205__1840/ZN                                    -       A1->ZN R     NAND2_X1       2  6.0    70    90    6789    (-,-) 
  u_DCT/DRU/sub_60_47_g1203__7344/ZN                                    -       A1->ZN F     NAND2_X1       1  2.8    28    57    6846    (-,-) 
  u_DCT/DRU/sub_60_47_g1201__2703/ZN                                    -       A1->ZN R     NAND2_X1       2  6.0    70    88    6935    (-,-) 
  u_DCT/DRU/sub_60_47_g1200__6083/ZN                                    -       A2->ZN F     NAND2_X1       1  2.7    26    59    6993    (-,-) 
  u_DCT/DRU/sub_60_47_g1198__5266/ZN                                    -       A2->ZN R     NAND2_X1       2  6.0    67    95    7088    (-,-) 
  u_DCT/DRU/sub_60_47_g1197__7114/ZN                                    -       A2->ZN F     NAND2_X1       1  2.8    26    58    7147    (-,-) 
  u_DCT/DRU/sub_60_47_g1195__5953/ZN                                    -       A1->ZN R     NAND2_X1       2  5.7    68    85    7231    (-,-) 
  u_DCT/DRU/sub_60_47_g1194__1786/ZN                                    -       A1->ZN F     NAND2_X1       1  2.8    28    56    7288    (-,-) 
  u_DCT/DRU/sub_60_47_g1192__7118/ZN                                    -       A1->ZN R     NAND2_X1       2  5.7    68    86    7374    (-,-) 
  u_DCT/DRU/sub_60_47_g1191__7675/ZN                                    -       A1->ZN F     NAND2_X1       1  2.8    28    56    7430    (-,-) 
  u_DCT/DRU/sub_60_47_g1189__2900/ZN                                    -       A1->ZN R     NAND2_X1       2  5.7    68    86    7516    (-,-) 
  u_DCT/DRU/sub_60_47_g1188__6877/ZN                                    -       A1->ZN F     NAND2_X1       1  2.8    28    56    7572    (-,-) 
  u_DCT/DRU/sub_60_47_g1186__2683/ZN                                    -       A1->ZN R     NAND2_X1       2  5.0    63    80    7652    (-,-) 
  u_DCT/DRU/sub_60_47_g1185__9682/ZN                                    -       A1->ZN R     AND2_X1        2  4.4    47   131    7783    (-,-) 
  u_DCT/DRU/sub_60_47_g1182__3772/ZN                                    -       B1->ZN F     AOI21_X1       2  5.4    35    66    7849    (-,-) 
  u_DCT/DRU/sub_60_47_g1179__9906/ZN                                    -       B1->ZN R     OAI21_X1       2  5.7   141   183    8032    (-,-) 
  u_DCT/DRU/sub_60_47_g1178__1857/ZN                                    -       A1->ZN F     NAND2_X1       1  2.8    44    74    8107    (-,-) 
  u_DCT/DRU/sub_60_47_g1176__1840/ZN                                    -       A1->ZN R     NAND2_X1       2  5.7    68    95    8201    (-,-) 
  u_DCT/DRU/sub_60_47_g1175__7344/ZN                                    -       A1->ZN F     NAND2_X1       1  2.8    28    56    8258    (-,-) 
  u_DCT/DRU/sub_60_47_g1173__2703/ZN                                    -       A1->ZN R     NAND2_X1       2  5.7    68    86    8343    (-,-) 
  u_DCT/DRU/sub_60_47_g1172/ZN                                          -       A->ZN  F     INV_X1         1  2.7    20    37    8381    (-,-) 
  u_DCT/DRU/sub_60_47_g1170__2250/ZN                                    -       B1->ZN R     OAI21_X1       1  4.0   111   144    8525    (-,-) 
  u_DCT/DRU/sub_60_47_g1169__5266/CO                                    -       CI->CO R     FA_X1          1  4.0    54   184    8709    (-,-) 
  u_DCT/DRU/sub_60_47_g1168__7114/CO                                    -       CI->CO R     FA_X1          1  3.5    50   150    8859    (-,-) 
  u_DCT/DRU/sub_60_47_g1167__5703/ZN                                    -       A->ZN  R     XNOR2_X1       1  2.9    93   134    8993    (-,-) 
  u_DCT/DRU/g2478__7675/ZN                                              -       A1->ZN F     NAND2_X1       1  2.8    59    65    9058    (-,-) 
  u_DCT/DRU/g2423__4296/ZN                                              -       A1->ZN R     NAND2_X1       1  2.4    38    74    9132    (-,-) 
  u_DCT/DRU/ToBDEG_reg[16]/D                                            -       -      R     SDFF_X1        1    -     -     0    9132    (-,-) 
#-----------------------------------------------------------------------------------------------------------------------------------------------



Path 36: MET (109 ps) Setup Check with Pin u_IDCT/tposemem_Bisted_RF_2P_ADV64x16_RF_2P_ADV64x16_u0_SRAM_i0/CLKB->DB[14]
           Mode: func_mode
          Group: C2C_func_mode
     Startpoint: (R) d_DoDCT_reg/CK
          Clock: (R) CLK1
       Endpoint: (F) u_IDCT/tposemem_Bisted_RF_2P_ADV64x16_RF_2P_ADV64x16_u0_SRAM_i0/DB[14]
          Clock: (F) CLK1

                     Capture       Launch     
        Clock Edge:+    4000            0     
       Src Latency:+       0            0     
       Net Latency:+    2000 (I)     2000 (I) 
           Arrival:=    6000         2000     
                                              
             Setup:-     238                  
       Uncertainty:-     500                  
     Required Time:=    5262                  
      Launch Clock:-    2000                  
         Data Path:-    3153                  
             Slack:=     109                  

#------------------------------------------------------------------------------------------------------------------------------------------------
#                             Timing Point                               Flags    Arc   Edge   Cell     Fanout Load Trans Delay Arrival Instance 
#                                                                                                              (fF)  (ps)  (ps)   (ps)  Location 
#------------------------------------------------------------------------------------------------------------------------------------------------
  d_DoDCT_reg/CK                                                         -       -      R     (arrival)    734    -     0     -    2000    (-,-) 
  d_DoDCT_reg/Q                                                          -       CK->Q  R     SDFF_X1        1  4.6    51   205    2205    (-,-) 
  g546/Z                                                                 -       A->Z   R     BUF_X4         8 33.4    78   131    2336    (-,-) 
  g375/ZN                                                                -       A->ZN  F     INV_X8         7 26.2    23    44    2381    (-,-) 
  u_IDCT/IDRU8/g5749/ZN                                                  -       A->ZN  R     INV_X4         4 29.2    68    91    2471    (-,-) 
  u_IDCT/IDRU8/g5721/ZN                                                  -       A3->ZN F     NAND3_X4       2 10.2    35    78    2550    (-,-) 
  u_IDCT/IDRU8/g5715/ZN                                                  -       A->ZN  R     INV_X4        18 42.4    95   126    2676    (-,-) 
  u_IDCT/IDRU8/g5682/ZN                                                  -       A1->ZN F     AOI22_X2       1  2.1    34    55    2731    (-,-) 
  u_IDCT/IDRU8/g5612/ZN                                                  -       A1->ZN F     AND2_X1        1  2.8    21   108    2839    (-,-) 
  u_IDCT/IDRU8/g5573/ZN                                                  -       A2->ZN R     NAND3_X1       4 10.7   113   136    2975    (-,-) 
  u_IDCT/IDRU8/add_86_45_g754/ZN                                         -       A1->ZN R     OR2_X1         2  5.1    51   131    3106    (-,-) 
  u_IDCT/IDRU8/add_86_45_g694/ZN                                         -       A2->ZN F     NAND2_X1       1  4.1    26    60    3166    (-,-) 
  u_IDCT/IDRU8/add_86_45_g692/ZN                                         -       A1->ZN R     NAND2_X2       2  5.7    43    60    3227    (-,-) 
  u_IDCT/IDRU8/add_86_45_g689/ZN                                         -       A1->ZN F     NAND2_X1       1  4.1    26    55    3282    (-,-) 
  u_IDCT/IDRU8/add_86_45_g687/ZN                                         -       A1->ZN R     NAND2_X2       3  7.9    51    70    3352    (-,-) 
  u_IDCT/IDRU8/add_86_45_g683/ZN                                         -       A1->ZN F     NAND3_X1       1  2.8    35    67    3419    (-,-) 
  u_IDCT/IDRU8/add_86_45_g682/ZN                                         -       A1->ZN R     NAND2_X1       2  5.7    65    90    3509    (-,-) 
  u_IDCT/IDRU8/add_86_45_g680/ZN                                         -       A1->ZN F     NAND2_X1       1  2.8    27    56    3564    (-,-) 
  u_IDCT/IDRU8/add_86_45_g678/ZN                                         -       A1->ZN R     NAND2_X1       2  5.7    65    85    3650    (-,-) 
  u_IDCT/IDRU8/add_86_45_g677/ZN                                         -       A1->ZN F     NAND2_X1       1  2.8    27    56    3705    (-,-) 
  u_IDCT/IDRU8/add_86_45_g675/ZN                                         -       A1->ZN R     NAND2_X1       2  5.0    61    79    3784    (-,-) 
  u_IDCT/IDRU8/add_86_45_g674/ZN                                         -       A1->ZN R     AND2_X1        3  6.6    64   150    3934    (-,-) 
  u_IDCT/IDRU8/add_86_45_g672/ZN                                         -       A1->ZN F     NAND2_X1       1  4.1    37    64    3998    (-,-) 
  u_IDCT/IDRU8/add_86_45_g669/ZN                                         -       B->ZN  R     OAI211_X2      2  5.7   102    98    4095    (-,-) 
  u_IDCT/IDRU8/add_86_45_g667/ZN                                         -       A1->ZN F     NAND2_X1       2  4.8    42    83    4178    (-,-) 
  u_IDCT/IDRU8/add_86_45_g663/ZN                                         -       A1->ZN R     NOR2_X1        2  6.6   146   191    4369    (-,-) 
  u_IDCT/IDRU8/add_86_45_g660/ZN                                         -       A1->ZN F     NOR2_X2        1  2.7    35    41    4410    (-,-) 
  u_IDCT/IDRU8/add_86_45_g657/ZN                                         -       B1->ZN R     OAI21_X1       1  2.9    92   128    4539    (-,-) 
  u_IDCT/IDRU8/add_86_45_g654/ZN                                         -       B1->ZN F     AOI21_X1       2  5.4    42    86    4624    (-,-) 
  u_IDCT/IDRU8/add_86_45_g652/ZN                                         -       A->ZN  F     XNOR2_X1       1  2.7    48   136    4761    (-,-) 
  u_IDCT/IDRU8/g5070/ZN                                                  -       C1->ZN R     AOI221_X1      1  2.9   195   227    4988    (-,-) 
  u_IDCT/IDRU8/g5068/ZN                                                  -       A->ZN  F     INV_X1         1  2.8    44    55    5043    (-,-) 
  u_IDCT/g3864/ZN                                                        -       A->ZN  R     INV_X1         1  2.9    33    65    5108    (-,-) 
  u_IDCT/g3745/ZN                                                        -       B1->ZN F     OAI21_X1       1  2.6    30    45    5153    (-,-) 
  u_IDCT/tposemem_Bisted_RF_2P_ADV64x16_RF_2P_ADV64x16_u0_SRAM_i0/DB[14] (P)     -      F     rf_2p_hse      1    -     -     0    5153    (-,-) 
#------------------------------------------------------------------------------------------------------------------------------------------------

(P) : Instance is preserved



Path 37: MET (132 ps) Setup Check with Pin u_IDCT/DRU/ToBDEG_reg[15]/CK->D
           Mode: func_mode
          Group: C2C_func_mode
     Startpoint: (R) u_IDCT/tposemem_Bisted_RF_2P_ADV64x16_BistCtrl_i0_ST_MAL_i0_S17_reg/CK
          Clock: (F) CLK1
       Endpoint: (F) u_IDCT/DRU/ToBDEG_reg[15]/D
          Clock: (R) CLK1

                     Capture       Launch     
        Clock Edge:+    8000         4000     
       Src Latency:+       0            0     
       Net Latency:+    2000 (I)     2000 (I) 
           Arrival:=   10000         6000     
                                              
             Setup:-     253                  
       Uncertainty:-     500                  
     Required Time:=    9247                  
      Launch Clock:-    6000                  
         Data Path:-    3115                  
             Slack:=     132                  

#------------------------------------------------------------------------------------------------------------------------------------------------
#                             Timing Point                               Flags    Arc   Edge   Cell     Fanout Load Trans Delay Arrival Instance 
#                                                                                                              (fF)  (ps)  (ps)   (ps)  Location 
#------------------------------------------------------------------------------------------------------------------------------------------------
  u_IDCT/tposemem_Bisted_RF_2P_ADV64x16_BistCtrl_i0_ST_MAL_i0_S17_reg/CK -       -      R     (arrival)      1    -     0     -    6000    (-,-) 
  u_IDCT/tposemem_Bisted_RF_2P_ADV64x16_BistCtrl_i0_ST_MAL_i0_S17_reg/Q  -       CK->Q  F     SDFF_X1        2  4.3    48   243    6243    (-,-) 
  u_IDCT/g3832/ZN                                                        -       A1->ZN R     NAND2_X1       2  5.1    60    92    6335    (-,-) 
  u_IDCT/g3811/ZN                                                        -       A1->ZN F     NAND2_X1       2  4.2    30    62    6397    (-,-) 
  u_IDCT/DRU/g2758/ZN                                                    -       A1->ZN F     AND2_X2        6 13.5    28   115    6513    (-,-) 
  u_IDCT/DRU/sub_60_47_g1238/ZN                                          -       A1->ZN R     NAND2_X1       3  8.2    86   107    6620    (-,-) 
  u_IDCT/DRU/sub_60_47_g1206/ZN                                          -       A2->ZN F     NAND2_X1       1  2.8    26    65    6684    (-,-) 
  u_IDCT/DRU/sub_60_47_g1205/ZN                                          -       A1->ZN R     NAND2_X1       2  5.7    66    85    6769    (-,-) 
  u_IDCT/DRU/sub_60_47_g1203/ZN                                          -       A1->ZN F     NAND2_X1       1  2.8    28    56    6825    (-,-) 
  u_IDCT/DRU/sub_60_47_g1201/ZN                                          -       A1->ZN R     NAND2_X1       2  5.7    66    85    6910    (-,-) 
  u_IDCT/DRU/sub_60_47_g1200/ZN                                          -       A1->ZN F     NAND2_X1       1  2.8    28    56    6966    (-,-) 
  u_IDCT/DRU/sub_60_47_g1198/ZN                                          -       A1->ZN R     NAND2_X1       2  5.7    68    85    7052    (-,-) 
  u_IDCT/DRU/sub_60_47_g1197/ZN                                          -       A1->ZN F     NAND2_X1       1  2.8    28    56    7108    (-,-) 
  u_IDCT/DRU/sub_60_47_g1195/ZN                                          -       A1->ZN R     NAND2_X1       2  5.7    68    86    7194    (-,-) 
  u_IDCT/DRU/sub_60_47_g1194/ZN                                          -       A1->ZN F     NAND2_X1       1  2.8    28    56    7250    (-,-) 
  u_IDCT/DRU/sub_60_47_g1192/ZN                                          -       A1->ZN R     NAND2_X1       2  5.7    68    86    7336    (-,-) 
  u_IDCT/DRU/sub_60_47_g1191/ZN                                          -       A1->ZN F     NAND2_X1       1  2.8    28    56    7392    (-,-) 
  u_IDCT/DRU/sub_60_47_g1189/ZN                                          -       A1->ZN R     NAND2_X1       2  5.7    68    86    7478    (-,-) 
  u_IDCT/DRU/sub_60_47_g1188/ZN                                          -       A1->ZN F     NAND2_X1       1  2.8    28    56    7535    (-,-) 
  u_IDCT/DRU/sub_60_47_g1186/ZN                                          -       A1->ZN R     NAND2_X1       2  5.0    63    80    7614    (-,-) 
  u_IDCT/DRU/sub_60_47_g1185/ZN                                          -       A1->ZN R     AND2_X1        2  4.4    47   131    7746    (-,-) 
  u_IDCT/DRU/sub_60_47_g1182/ZN                                          -       B1->ZN F     AOI21_X1       2  5.4    35    66    7811    (-,-) 
  u_IDCT/DRU/sub_60_47_g1179/ZN                                          -       B1->ZN R     OAI21_X1       2  5.7   141   183    7995    (-,-) 
  u_IDCT/DRU/sub_60_47_g1178/ZN                                          -       A1->ZN F     NAND2_X1       1  2.8    44    74    8069    (-,-) 
  u_IDCT/DRU/sub_60_47_g1176/ZN                                          -       A1->ZN R     NAND2_X1       2  5.7    68    95    8164    (-,-) 
  u_IDCT/DRU/sub_60_47_g1175/ZN                                          -       A1->ZN F     NAND2_X1       1  2.8    28    56    8220    (-,-) 
  u_IDCT/DRU/sub_60_47_g1173/ZN                                          -       A1->ZN R     NAND2_X1       2  5.7    68    86    8306    (-,-) 
  u_IDCT/DRU/sub_60_47_g1172/ZN                                          -       A->ZN  F     INV_X1         1  2.7    20    37    8343    (-,-) 
  u_IDCT/DRU/sub_60_47_g1170/ZN                                          -       B1->ZN R     OAI21_X1       1  4.0   111   144    8487    (-,-) 
  u_IDCT/DRU/sub_60_47_g1169/CO                                          -       CI->CO R     FA_X1          1  4.0    54   184    8671    (-,-) 
  u_IDCT/DRU/sub_60_47_g1168/S                                           -       CI->S  F     FA_X1          1  2.8    57   318    8990    (-,-) 
  u_IDCT/DRU/g2480/ZN                                                    -       A1->ZN R     NAND2_X1       1  2.9    47    78    9068    (-,-) 
  u_IDCT/DRU/g2425/ZN                                                    -       A1->ZN F     NAND2_X1       1  2.3    22    47    9115    (-,-) 
  u_IDCT/DRU/ToBDEG_reg[15]/D                                            -       -      F     SDFF_X1        1    -     -     0    9115    (-,-) 
#------------------------------------------------------------------------------------------------------------------------------------------------



Path 38: MET (136 ps) Setup Check with Pin u_IDCT/DRU/ToBDEG_reg[16]/CK->D
           Mode: func_mode
          Group: C2C_func_mode
     Startpoint: (R) u_IDCT/tposemem_Bisted_RF_2P_ADV64x16_BistCtrl_i0_ST_MAL_i0_S17_reg/CK
          Clock: (F) CLK1
       Endpoint: (R) u_IDCT/DRU/ToBDEG_reg[16]/D
          Clock: (R) CLK1

                     Capture       Launch     
        Clock Edge:+    8000         4000     
       Src Latency:+       0            0     
       Net Latency:+    2000 (I)     2000 (I) 
           Arrival:=   10000         6000     
                                              
             Setup:-     270                  
       Uncertainty:-     500                  
     Required Time:=    9230                  
      Launch Clock:-    6000                  
         Data Path:-    3095                  
             Slack:=     136                  

#------------------------------------------------------------------------------------------------------------------------------------------------
#                             Timing Point                               Flags    Arc   Edge   Cell     Fanout Load Trans Delay Arrival Instance 
#                                                                                                              (fF)  (ps)  (ps)   (ps)  Location 
#------------------------------------------------------------------------------------------------------------------------------------------------
  u_IDCT/tposemem_Bisted_RF_2P_ADV64x16_BistCtrl_i0_ST_MAL_i0_S17_reg/CK -       -      R     (arrival)      1    -     0     -    6000    (-,-) 
  u_IDCT/tposemem_Bisted_RF_2P_ADV64x16_BistCtrl_i0_ST_MAL_i0_S17_reg/Q  -       CK->Q  F     SDFF_X1        2  4.3    48   243    6243    (-,-) 
  u_IDCT/g3832/ZN                                                        -       A1->ZN R     NAND2_X1       2  5.1    60    92    6335    (-,-) 
  u_IDCT/g3811/ZN                                                        -       A1->ZN F     NAND2_X1       2  4.2    30    62    6397    (-,-) 
  u_IDCT/DRU/g2758/ZN                                                    -       A1->ZN F     AND2_X2        6 13.5    28   115    6513    (-,-) 
  u_IDCT/DRU/sub_60_47_g1238/ZN                                          -       A1->ZN R     NAND2_X1       3  8.2    86   107    6620    (-,-) 
  u_IDCT/DRU/sub_60_47_g1206/ZN                                          -       A2->ZN F     NAND2_X1       1  2.8    26    65    6684    (-,-) 
  u_IDCT/DRU/sub_60_47_g1205/ZN                                          -       A1->ZN R     NAND2_X1       2  5.7    66    85    6769    (-,-) 
  u_IDCT/DRU/sub_60_47_g1203/ZN                                          -       A1->ZN F     NAND2_X1       1  2.8    28    56    6825    (-,-) 
  u_IDCT/DRU/sub_60_47_g1201/ZN                                          -       A1->ZN R     NAND2_X1       2  5.7    66    85    6910    (-,-) 
  u_IDCT/DRU/sub_60_47_g1200/ZN                                          -       A1->ZN F     NAND2_X1       1  2.8    28    56    6966    (-,-) 
  u_IDCT/DRU/sub_60_47_g1198/ZN                                          -       A1->ZN R     NAND2_X1       2  5.7    68    85    7052    (-,-) 
  u_IDCT/DRU/sub_60_47_g1197/ZN                                          -       A1->ZN F     NAND2_X1       1  2.8    28    56    7108    (-,-) 
  u_IDCT/DRU/sub_60_47_g1195/ZN                                          -       A1->ZN R     NAND2_X1       2  5.7    68    86    7194    (-,-) 
  u_IDCT/DRU/sub_60_47_g1194/ZN                                          -       A1->ZN F     NAND2_X1       1  2.8    28    56    7250    (-,-) 
  u_IDCT/DRU/sub_60_47_g1192/ZN                                          -       A1->ZN R     NAND2_X1       2  5.7    68    86    7336    (-,-) 
  u_IDCT/DRU/sub_60_47_g1191/ZN                                          -       A1->ZN F     NAND2_X1       1  2.8    28    56    7392    (-,-) 
  u_IDCT/DRU/sub_60_47_g1189/ZN                                          -       A1->ZN R     NAND2_X1       2  5.7    68    86    7478    (-,-) 
  u_IDCT/DRU/sub_60_47_g1188/ZN                                          -       A1->ZN F     NAND2_X1       1  2.8    28    56    7535    (-,-) 
  u_IDCT/DRU/sub_60_47_g1186/ZN                                          -       A1->ZN R     NAND2_X1       2  5.0    63    80    7614    (-,-) 
  u_IDCT/DRU/sub_60_47_g1185/ZN                                          -       A1->ZN R     AND2_X1        2  4.4    47   131    7746    (-,-) 
  u_IDCT/DRU/sub_60_47_g1182/ZN                                          -       B1->ZN F     AOI21_X1       2  5.4    35    66    7811    (-,-) 
  u_IDCT/DRU/sub_60_47_g1179/ZN                                          -       B1->ZN R     OAI21_X1       2  5.7   141   183    7995    (-,-) 
  u_IDCT/DRU/sub_60_47_g1178/ZN                                          -       A1->ZN F     NAND2_X1       1  2.8    44    74    8069    (-,-) 
  u_IDCT/DRU/sub_60_47_g1176/ZN                                          -       A1->ZN R     NAND2_X1       2  5.7    68    95    8164    (-,-) 
  u_IDCT/DRU/sub_60_47_g1175/ZN                                          -       A1->ZN F     NAND2_X1       1  2.8    28    56    8220    (-,-) 
  u_IDCT/DRU/sub_60_47_g1173/ZN                                          -       A1->ZN R     NAND2_X1       2  5.7    68    86    8306    (-,-) 
  u_IDCT/DRU/sub_60_47_g1172/ZN                                          -       A->ZN  F     INV_X1         1  2.7    20    37    8343    (-,-) 
  u_IDCT/DRU/sub_60_47_g1170/ZN                                          -       B1->ZN R     OAI21_X1       1  4.0   111   144    8487    (-,-) 
  u_IDCT/DRU/sub_60_47_g1169/CO                                          -       CI->CO R     FA_X1          1  4.0    54   184    8671    (-,-) 
  u_IDCT/DRU/sub_60_47_g1168/CO                                          -       CI->CO R     FA_X1          1  3.5    50   150    8822    (-,-) 
  u_IDCT/DRU/sub_60_47_g1167/ZN                                          -       A->ZN  R     XNOR2_X1       1  2.9    93   134    8956    (-,-) 
  u_IDCT/DRU/g2478/ZN                                                    -       A1->ZN F     NAND2_X1       1  2.8    59    65    9020    (-,-) 
  u_IDCT/DRU/g2423/ZN                                                    -       A1->ZN R     NAND2_X1       1  2.4    38    74    9095    (-,-) 
  u_IDCT/DRU/ToBDEG_reg[16]/D                                            -       -      R     SDFF_X1        1    -     -     0    9095    (-,-) 
#------------------------------------------------------------------------------------------------------------------------------------------------



Path 39: MET (155 ps) Setup Check with Pin u_DCT/tposemem_Bisted_RF_2P_ADV64x16_RF_2P_ADV64x16_u0_SRAM_i0/CLKB->DB[12]
           Mode: func_mode
          Group: C2C_func_mode
     Startpoint: (R) u_DCT/IDRU8/Count_reg[0]/CK
          Clock: (R) CLK1
       Endpoint: (F) u_DCT/tposemem_Bisted_RF_2P_ADV64x16_RF_2P_ADV64x16_u0_SRAM_i0/DB[12]
          Clock: (F) CLK1

                     Capture       Launch     
        Clock Edge:+    4000            0     
       Src Latency:+       0            0     
       Net Latency:+    2000 (I)     2000 (I) 
           Arrival:=    6000         2000     
                                              
             Setup:-     238                  
       Uncertainty:-     500                  
     Required Time:=    5262                  
      Launch Clock:-    2000                  
         Data Path:-    3107                  
             Slack:=     155                  

#-----------------------------------------------------------------------------------------------------------------------------------------------
#                             Timing Point                              Flags    Arc   Edge   Cell     Fanout Load Trans Delay Arrival Instance 
#                                                                                                             (fF)  (ps)  (ps)   (ps)  Location 
#-----------------------------------------------------------------------------------------------------------------------------------------------
  u_DCT/IDRU8/Count_reg[0]/CK                                           -       -      R     (arrival)     15    -     0     -    2000    (-,-) 
  u_DCT/IDRU8/Count_reg[0]/Q                                            -       CK->Q  F     SDFF_X2        3 10.2    78   360    2360    (-,-) 
  u_DCT/IDRU8/g5849/ZN                                                  -       A->ZN  R     INV_X4         5 15.8    47    95    2454    (-,-) 
  u_DCT/IDRU8/g5834__1840/ZN                                            -       A2->ZN R     AND2_X4        7 21.8    56   131    2585    (-,-) 
  u_DCT/IDRU8/g5810__2250/ZN                                            -       A1->ZN F     NAND2_X2       5 14.9    44    78    2663    (-,-) 
  u_DCT/IDRU8/g5775/ZN                                                  -       A->ZN  R     INV_X4        14 31.8    73   109    2772    (-,-) 
  u_DCT/IDRU8/g5756__4296/ZN                                            -       A1->ZN F     NAND2_X1       1  2.2    27    54    2826    (-,-) 
  u_DCT/IDRU8/g5640__9682/ZN                                            -       A2->ZN F     AND2_X1        1  4.1    23   119    2945    (-,-) 
  u_DCT/IDRU8/g5623__5703/ZN                                            -       A1->ZN R     NAND3_X2       3  8.7    63    77    3022    (-,-) 
  u_DCT/IDRU8/add_86_45_g704__5019/ZN                                   -       B->ZN  F     OAI211_X2      1  4.1    40    89    3111    (-,-) 
  u_DCT/IDRU8/add_86_45_g694__5953/ZN                                   -       A1->ZN R     NAND2_X2       2  5.7    42    69    3180    (-,-) 
  u_DCT/IDRU8/add_86_45_g691__7118/ZN                                   -       A1->ZN F     NAND2_X1       1  4.1    26    55    3234    (-,-) 
  u_DCT/IDRU8/add_86_45_g688__2900/ZN                                   -       A1->ZN R     NAND2_X2       2  5.7    42    60    3295    (-,-) 
  u_DCT/IDRU8/add_86_45_g686__1309/ZN                                   -       A1->ZN F     NAND2_X1       1  4.1    26    55    3350    (-,-) 
  u_DCT/IDRU8/add_86_45_g684__9682/ZN                                   -       A1->ZN R     NAND2_X2       3  7.9    51    70    3420    (-,-) 
  u_DCT/IDRU8/add_86_45_g680__4296/ZN                                   -       A1->ZN F     NAND3_X1       1  4.1    43    77    3496    (-,-) 
  u_DCT/IDRU8/add_86_45_g679__8780/ZN                                   -       A1->ZN R     NAND3_X2       2  5.7    52    76    3572    (-,-) 
  u_DCT/IDRU8/add_86_45_g677__1857/ZN                                   -       A1->ZN F     NAND2_X1       1  4.1    28    59    3631    (-,-) 
  u_DCT/IDRU8/add_86_45_g675__1840/ZN                                   -       A1->ZN R     NAND2_X2       2  5.7    44    62    3693    (-,-) 
  u_DCT/IDRU8/add_86_45_g674__7344/ZN                                   -       A1->ZN F     NAND2_X1       1  2.8    22    49    3741    (-,-) 
  u_DCT/IDRU8/add_86_45_g672__2703/ZN                                   -       A1->ZN R     NAND2_X1       2  5.0    61    76    3818    (-,-) 
  u_DCT/IDRU8/add_86_45_g671__6083/ZN                                   -       A1->ZN R     AND2_X1        3  6.6    64   150    3967    (-,-) 
  u_DCT/IDRU8/add_86_45_g669__5266/ZN                                   -       A1->ZN F     NAND2_X1       1  4.3    38    65    4032    (-,-) 
  u_DCT/IDRU8/add_86_45_g666__5953/ZN                                   -       A->ZN  R     OAI211_X2      2  7.1   114    97    4129    (-,-) 
  u_DCT/IDRU8/add_86_45_g664__8757/ZN                                   -       A1->ZN F     NAND2_X2       2  6.3    40    73    4203    (-,-) 
  u_DCT/IDRU8/add_86_45_g659__6877/ZN                                   -       B1->ZN R     OAI221_X2      3  7.9   172   228    4431    (-,-) 
  u_DCT/IDRU8/add_86_45_g656__9682/ZN                                   -       A->ZN  F     XNOR2_X1       1  2.2    50    78    4509    (-,-) 
  u_DCT/IDRU8/g5250__7675/Z                                             -       A->Z   F     MUX2_X1        2  4.3    41   254    4763    (-,-) 
  u_DCT/IDRU8/g5113__3772/Z                                             -       A->Z   F     MUX2_X1        1  2.8    37   239    5001    (-,-) 
  u_DCT/g3863/ZN                                                        -       A->ZN  R     INV_X1         1  2.9    33    61    5063    (-,-) 
  u_DCT/g3732/ZN                                                        -       B1->ZN F     OAI21_X1       1  2.6    30    45    5107    (-,-) 
  u_DCT/tposemem_Bisted_RF_2P_ADV64x16_RF_2P_ADV64x16_u0_SRAM_i0/DB[12] (P)     -      F     rf_2p_hse      1    -     -     0    5107    (-,-) 
#-----------------------------------------------------------------------------------------------------------------------------------------------

(P) : Instance is preserved



Path 40: MET (239 ps) Setup Check with Pin u_IDCT/bdeg/mult_e_retime_s1_7_reg/CK->D
           Mode: func_mode
          Group: CLK1
     Startpoint: (R) u_IDCT/DRU/ToBDEG_reg[6]/CK
          Clock: (R) CLK1
       Endpoint: (R) u_IDCT/bdeg/mult_e_retime_s1_7_reg/D
          Clock: (R) CLK1

                     Capture       Launch     
        Clock Edge:+    8000            0     
       Src Latency:+       0            0     
       Net Latency:+    2000 (I)     2000 (I) 
           Arrival:=   10000         2000     
                                              
             Setup:-     270                  
       Uncertainty:-     500                  
     Required Time:=    9230                  
      Launch Clock:-    2000                  
         Data Path:-    6991                  
             Slack:=     239                  

#----------------------------------------------------------------------------------------------------------------------
#                Timing Point                  Flags    Arc   Edge   Cell     Fanout Load Trans Delay Arrival Instance 
#                                                                                    (fF)  (ps)  (ps)   (ps)  Location 
#----------------------------------------------------------------------------------------------------------------------
  u_IDCT/DRU/ToBDEG_reg[6]/CK                  -       -      R     (arrival)     37    -     0     -    2000    (-,-) 
  u_IDCT/DRU/ToBDEG_reg[6]/Q                   -       CK->Q  F     SDFF_X1        4  8.1    58   267    2267    (-,-) 
  u_IDCT/bdeg/mult_e_mixed_mult_1_12/g38662/Z  -       A->Z   F     CLKBUF_X1      1  2.0    21   116    2383    (-,-) 
  u_IDCT/bdeg/mult_e_mixed_mult_1_12/g38751/Z  -       A->Z   F     CLKBUF_X1      1  2.8    24   100    2482    (-,-) 
  u_IDCT/bdeg/mult_e_mixed_mult_1_12/g38818/ZN -       A->ZN  R     INV_X1         3  8.2    75    99    2581    (-,-) 
  u_IDCT/bdeg/mult_e_mixed_mult_1_12/g38124/ZN -       A1->ZN F     NOR2_X1        1  2.1    21    39    2620    (-,-) 
  u_IDCT/bdeg/mult_e_mixed_mult_1_12/g38584/ZN -       A1->ZN F     OR2_X1         1  2.7    33   175    2795    (-,-) 
  u_IDCT/bdeg/mult_e_mixed_mult_1_12/g38105/ZN -       A->ZN  R     OAI21_X1       2  5.1   130   103    2898    (-,-) 
  u_IDCT/bdeg/mult_e_mixed_mult_1_12/g38039/ZN -       A1->ZN F     NOR2_X1        2  4.9    41    66    2964    (-,-) 
  u_IDCT/bdeg/mult_e_mixed_mult_1_12/g38037/ZN -       A->ZN  R     INV_X1         1  2.9    33    63    3027    (-,-) 
  u_IDCT/bdeg/mult_e_mixed_mult_1_12/g38015/ZN -       A1->ZN F     NAND2_X1       1  3.4    24    47    3074    (-,-) 
  u_IDCT/bdeg/mult_e_mixed_mult_1_12/g37999/ZN -       A->ZN  F     XNOR2_X1       1  2.0    26   122    3196    (-,-) 
  u_IDCT/bdeg/mult_e_mixed_mult_1_12/g38837/Z  -       A->Z   F     CLKBUF_X1      2  4.8    32   115    3311    (-,-) 
  u_IDCT/bdeg/mult_e_mixed_mult_1_12/g37920/ZN -       A2->ZN R     NAND2_X1       1  2.9    42    72    3383    (-,-) 
  u_IDCT/bdeg/mult_e_mixed_mult_1_12/g38839/ZN -       A->ZN  F     INV_X1         1  3.9    16    36    3419    (-,-) 
  u_IDCT/bdeg/mult_e_mixed_mult_1_12/g37907/CO -       CI->CO F     FA_X1          1  3.9    53   272    3691    (-,-) 
  u_IDCT/bdeg/mult_e_mixed_mult_1_12/g37906/CO -       CI->CO F     FA_X1          1  3.9    53   287    3978    (-,-) 
  u_IDCT/bdeg/mult_e_mixed_mult_1_12/g37905/CO -       CI->CO F     FA_X1          1  3.9    53   287    4265    (-,-) 
  u_IDCT/bdeg/mult_e_mixed_mult_1_12/g37904/CO -       CI->CO F     FA_X1          1  3.9    53   287    4552    (-,-) 
  u_IDCT/bdeg/mult_e_mixed_mult_1_12/g37903/CO -       CI->CO F     FA_X1          1  3.9    53   287    4840    (-,-) 
  u_IDCT/bdeg/mult_e_mixed_mult_1_12/g37902/CO -       CI->CO F     FA_X1          1  3.9    53   287    5127    (-,-) 
  u_IDCT/bdeg/mult_e_mixed_mult_1_12/g37901/CO -       CI->CO F     FA_X1          1  3.9    53   287    5414    (-,-) 
  u_IDCT/bdeg/mult_e_mixed_mult_1_12/g37900/CO -       CI->CO F     FA_X1          1  3.9    53   287    5702    (-,-) 
  u_IDCT/bdeg/mult_e_mixed_mult_1_12/g37899/CO -       CI->CO F     FA_X1          1  3.9    53   287    5989    (-,-) 
  u_IDCT/bdeg/mult_e_mixed_mult_1_12/g37898/CO -       CI->CO F     FA_X1          1  3.9    53   287    6276    (-,-) 
  u_IDCT/bdeg/mult_e_mixed_mult_1_12/g37897/CO -       CI->CO F     FA_X1          1  3.9    53   287    6564    (-,-) 
  u_IDCT/bdeg/mult_e_mixed_mult_1_12/g37896/CO -       CI->CO F     FA_X1          1  3.9    53   287    6851    (-,-) 
  u_IDCT/bdeg/mult_e_mixed_mult_1_12/g37895/CO -       CI->CO F     FA_X1          1  3.9    53   287    7138    (-,-) 
  u_IDCT/bdeg/mult_e_mixed_mult_1_12/g37894/CO -       CI->CO F     FA_X1          1  3.9    53   287    7426    (-,-) 
  u_IDCT/bdeg/mult_e_mixed_mult_1_12/g37893/CO -       CI->CO F     FA_X1          1  3.9    53   287    7713    (-,-) 
  u_IDCT/bdeg/mult_e_mixed_mult_1_12/g37892/CO -       CI->CO F     FA_X1          1  3.9    53   287    8000    (-,-) 
  u_IDCT/bdeg/mult_e_mixed_mult_1_12/g37891/CO -       CI->CO F     FA_X1          1  3.9    53   287    8287    (-,-) 
  u_IDCT/bdeg/mult_e_mixed_mult_1_12/g37890/CO -       CI->CO F     FA_X1          1  3.9    53   287    8575    (-,-) 
  u_IDCT/bdeg/mult_e_mixed_mult_1_12/g37889/S  -       CI->S  R     FA_X1          1  2.4    40   416    8991    (-,-) 
  u_IDCT/bdeg/mult_e_retime_s1_7_reg/D         -       -      R     SDFF_X1        1    -     -     0    8991    (-,-) 
#----------------------------------------------------------------------------------------------------------------------



Path 41: MET (239 ps) Setup Check with Pin u_DCT/bdeg/mult_e_retime_s1_7_reg/CK->D
           Mode: func_mode
          Group: CLK1
     Startpoint: (R) u_DCT/DRU/ToBDEG_reg[6]/CK
          Clock: (R) CLK1
       Endpoint: (R) u_DCT/bdeg/mult_e_retime_s1_7_reg/D
          Clock: (R) CLK1

                     Capture       Launch     
        Clock Edge:+    8000            0     
       Src Latency:+       0            0     
       Net Latency:+    2000 (I)     2000 (I) 
           Arrival:=   10000         2000     
                                              
             Setup:-     270                  
       Uncertainty:-     500                  
     Required Time:=    9230                  
      Launch Clock:-    2000                  
         Data Path:-    6991                  
             Slack:=     239                  

#---------------------------------------------------------------------------------------------------------------------
#                Timing Point                 Flags    Arc   Edge   Cell     Fanout Load Trans Delay Arrival Instance 
#                                                                                   (fF)  (ps)  (ps)   (ps)  Location 
#---------------------------------------------------------------------------------------------------------------------
  u_DCT/DRU/ToBDEG_reg[6]/CK                  -       -      R     (arrival)     37    -     0     -    2000    (-,-) 
  u_DCT/DRU/ToBDEG_reg[6]/Q                   -       CK->Q  F     SDFF_X1        4  8.1    58   267    2267    (-,-) 
  u_DCT/bdeg/mult_e_mixed_mult_1_12/g38662/Z  -       A->Z   F     CLKBUF_X1      1  2.0    21   116    2383    (-,-) 
  u_DCT/bdeg/mult_e_mixed_mult_1_12/g38751/Z  -       A->Z   F     CLKBUF_X1      1  2.8    24   100    2482    (-,-) 
  u_DCT/bdeg/mult_e_mixed_mult_1_12/g38818/ZN -       A->ZN  R     INV_X1         3  8.2    75    99    2581    (-,-) 
  u_DCT/bdeg/mult_e_mixed_mult_1_12/g38124/ZN -       A1->ZN F     NOR2_X1        1  2.1    21    39    2620    (-,-) 
  u_DCT/bdeg/mult_e_mixed_mult_1_12/g38584/ZN -       A1->ZN F     OR2_X1         1  2.7    33   175    2795    (-,-) 
  u_DCT/bdeg/mult_e_mixed_mult_1_12/g38105/ZN -       A->ZN  R     OAI21_X1       2  5.1   130   103    2898    (-,-) 
  u_DCT/bdeg/mult_e_mixed_mult_1_12/g38039/ZN -       A1->ZN F     NOR2_X1        2  4.9    41    66    2964    (-,-) 
  u_DCT/bdeg/mult_e_mixed_mult_1_12/g38037/ZN -       A->ZN  R     INV_X1         1  2.9    33    63    3027    (-,-) 
  u_DCT/bdeg/mult_e_mixed_mult_1_12/g38015/ZN -       A1->ZN F     NAND2_X1       1  3.4    24    47    3074    (-,-) 
  u_DCT/bdeg/mult_e_mixed_mult_1_12/g37999/ZN -       A->ZN  F     XNOR2_X1       1  2.0    26   122    3196    (-,-) 
  u_DCT/bdeg/mult_e_mixed_mult_1_12/g38837/Z  -       A->Z   F     CLKBUF_X1      2  4.8    32   115    3311    (-,-) 
  u_DCT/bdeg/mult_e_mixed_mult_1_12/g37920/ZN -       A2->ZN R     NAND2_X1       1  2.9    42    72    3383    (-,-) 
  u_DCT/bdeg/mult_e_mixed_mult_1_12/g38839/ZN -       A->ZN  F     INV_X1         1  3.9    16    36    3419    (-,-) 
  u_DCT/bdeg/mult_e_mixed_mult_1_12/g37907/CO -       CI->CO F     FA_X1          1  3.9    53   272    3691    (-,-) 
  u_DCT/bdeg/mult_e_mixed_mult_1_12/g37906/CO -       CI->CO F     FA_X1          1  3.9    53   287    3978    (-,-) 
  u_DCT/bdeg/mult_e_mixed_mult_1_12/g37905/CO -       CI->CO F     FA_X1          1  3.9    53   287    4265    (-,-) 
  u_DCT/bdeg/mult_e_mixed_mult_1_12/g37904/CO -       CI->CO F     FA_X1          1  3.9    53   287    4552    (-,-) 
  u_DCT/bdeg/mult_e_mixed_mult_1_12/g37903/CO -       CI->CO F     FA_X1          1  3.9    53   287    4840    (-,-) 
  u_DCT/bdeg/mult_e_mixed_mult_1_12/g37902/CO -       CI->CO F     FA_X1          1  3.9    53   287    5127    (-,-) 
  u_DCT/bdeg/mult_e_mixed_mult_1_12/g37901/CO -       CI->CO F     FA_X1          1  3.9    53   287    5414    (-,-) 
  u_DCT/bdeg/mult_e_mixed_mult_1_12/g37900/CO -       CI->CO F     FA_X1          1  3.9    53   287    5702    (-,-) 
  u_DCT/bdeg/mult_e_mixed_mult_1_12/g37899/CO -       CI->CO F     FA_X1          1  3.9    53   287    5989    (-,-) 
  u_DCT/bdeg/mult_e_mixed_mult_1_12/g37898/CO -       CI->CO F     FA_X1          1  3.9    53   287    6276    (-,-) 
  u_DCT/bdeg/mult_e_mixed_mult_1_12/g37897/CO -       CI->CO F     FA_X1          1  3.9    53   287    6564    (-,-) 
  u_DCT/bdeg/mult_e_mixed_mult_1_12/g37896/CO -       CI->CO F     FA_X1          1  3.9    53   287    6851    (-,-) 
  u_DCT/bdeg/mult_e_mixed_mult_1_12/g37895/CO -       CI->CO F     FA_X1          1  3.9    53   287    7138    (-,-) 
  u_DCT/bdeg/mult_e_mixed_mult_1_12/g37894/CO -       CI->CO F     FA_X1          1  3.9    53   287    7426    (-,-) 
  u_DCT/bdeg/mult_e_mixed_mult_1_12/g37893/CO -       CI->CO F     FA_X1          1  3.9    53   287    7713    (-,-) 
  u_DCT/bdeg/mult_e_mixed_mult_1_12/g37892/CO -       CI->CO F     FA_X1          1  3.9    53   287    8000    (-,-) 
  u_DCT/bdeg/mult_e_mixed_mult_1_12/g37891/CO -       CI->CO F     FA_X1          1  3.9    53   287    8287    (-,-) 
  u_DCT/bdeg/mult_e_mixed_mult_1_12/g37890/CO -       CI->CO F     FA_X1          1  3.9    53   287    8575    (-,-) 
  u_DCT/bdeg/mult_e_mixed_mult_1_12/g37889/S  -       CI->S  R     FA_X1          1  2.4    40   416    8991    (-,-) 
  u_DCT/bdeg/mult_e_retime_s1_7_reg/D         -       -      R     SDFF_X1        1    -     -     0    8991    (-,-) 
#---------------------------------------------------------------------------------------------------------------------



Path 42: MET (280 ps) Setup Check with Pin u_DCT/tposemem_Bisted_RF_2P_ADV64x16_RF_2P_ADV64x16_u0_SRAM_i0/CLKB->DB[11]
           Mode: func_mode
          Group: C2C_func_mode
     Startpoint: (R) u_DCT/IDRU8/Count_reg[0]/CK
          Clock: (R) CLK1
       Endpoint: (F) u_DCT/tposemem_Bisted_RF_2P_ADV64x16_RF_2P_ADV64x16_u0_SRAM_i0/DB[11]
          Clock: (F) CLK1

                     Capture       Launch     
        Clock Edge:+    4000            0     
       Src Latency:+       0            0     
       Net Latency:+    2000 (I)     2000 (I) 
           Arrival:=    6000         2000     
                                              
             Setup:-     238                  
       Uncertainty:-     500                  
     Required Time:=    5262                  
      Launch Clock:-    2000                  
         Data Path:-    2982                  
             Slack:=     280                  

#-----------------------------------------------------------------------------------------------------------------------------------------------
#                             Timing Point                              Flags    Arc   Edge   Cell     Fanout Load Trans Delay Arrival Instance 
#                                                                                                             (fF)  (ps)  (ps)   (ps)  Location 
#-----------------------------------------------------------------------------------------------------------------------------------------------
  u_DCT/IDRU8/Count_reg[0]/CK                                           -       -      R     (arrival)     15    -     0     -    2000    (-,-) 
  u_DCT/IDRU8/Count_reg[0]/Q                                            -       CK->Q  F     SDFF_X2        3 10.2    78   360    2360    (-,-) 
  u_DCT/IDRU8/g5849/ZN                                                  -       A->ZN  R     INV_X4         5 15.8    47    95    2454    (-,-) 
  u_DCT/IDRU8/g5847/ZN                                                  -       A->ZN  F     INV_X2         3 15.8    23    51    2505    (-,-) 
  u_DCT/IDRU8/g5813__5795/ZN                                            -       A1->ZN R     NAND3_X4       3 16.1    60    74    2579    (-,-) 
  u_DCT/IDRU8/g5778/ZN                                                  -       A->ZN  F     INV_X4        17 36.3    28    59    2638    (-,-) 
  u_DCT/IDRU8/g5733__2900/ZN                                            -       B1->ZN R     AOI21_X1       1  4.7   135   158    2796    (-,-) 
  u_DCT/IDRU8/g5625__5266/ZN                                            -       A3->ZN F     NAND4_X2       4 10.2    75   157    2953    (-,-) 
  u_DCT/IDRU8/add_86_45_g744__4296/ZN                                   -       A1->ZN F     OR2_X1         2  4.8    38   214    3167    (-,-) 
  u_DCT/IDRU8/add_86_45_g691__7118/ZN                                   -       A2->ZN R     NAND2_X1       1  4.3    53    87    3254    (-,-) 
  u_DCT/IDRU8/add_86_45_g688__2900/ZN                                   -       A1->ZN F     NAND2_X2       2  5.5    24    52    3306    (-,-) 
  u_DCT/IDRU8/add_86_45_g686__1309/ZN                                   -       A1->ZN R     NAND2_X1       1  4.3    53    72    3378    (-,-) 
  u_DCT/IDRU8/add_86_45_g684__9682/ZN                                   -       A1->ZN F     NAND2_X2       3  7.6    28    58    3436    (-,-) 
  u_DCT/IDRU8/add_86_45_g680__4296/ZN                                   -       A1->ZN R     NAND3_X1       1  4.2    60    77    3513    (-,-) 
  u_DCT/IDRU8/add_86_45_g679__8780/ZN                                   -       A1->ZN F     NAND3_X2       2  5.5    37    72    3585    (-,-) 
  u_DCT/IDRU8/add_86_45_g677__1857/ZN                                   -       A1->ZN R     NAND2_X1       1  4.3    53    79    3664    (-,-) 
  u_DCT/IDRU8/add_86_45_g675__1840/ZN                                   -       A1->ZN F     NAND2_X2       2  5.5    24    52    3716    (-,-) 
  u_DCT/IDRU8/add_86_45_g674__7344/ZN                                   -       A1->ZN R     NAND2_X1       1  2.9    42    60    3775    (-,-) 
  u_DCT/IDRU8/add_86_45_g672__2703/ZN                                   -       A1->ZN F     NAND2_X1       2  4.8    30    58    3833    (-,-) 
  u_DCT/IDRU8/add_86_45_g671__6083/ZN                                   -       A1->ZN F     AND2_X1        3  6.2    28   119    3953    (-,-) 
  u_DCT/IDRU8/add_86_45_g669__5266/ZN                                   -       A1->ZN R     NAND2_X1       1  4.6    56    76    4028    (-,-) 
  u_DCT/IDRU8/add_86_45_g666__5953/ZN                                   -       A->ZN  F     OAI211_X2      2  6.8    71    97    4126    (-,-) 
  u_DCT/IDRU8/add_86_45_g664__8757/ZN                                   -       A1->ZN R     NAND2_X2       2  6.8    47    92    4217    (-,-) 
  u_DCT/IDRU8/add_86_45_g660__2900/ZN                                   -       A1->ZN F     NAND2_X1       1  3.4    28    53    4270    (-,-) 
  u_DCT/IDRU8/add_86_45_g657__2683/ZN                                   -       A->ZN  F     XNOR2_X1       1  2.2    27   125    4396    (-,-) 
  u_DCT/IDRU8/g5253__1786/Z                                             -       A->Z   F     MUX2_X1        2  4.3    41   241    4637    (-,-) 
  u_DCT/IDRU8/g5115__4547/Z                                             -       A->Z   F     MUX2_X1        1  2.8    37   239    4876    (-,-) 
  u_DCT/g3862/ZN                                                        -       A->ZN  R     INV_X1         1  2.9    33    61    4937    (-,-) 
  u_DCT/g3742/ZN                                                        -       B1->ZN F     OAI21_X1       1  2.6    30    45    4982    (-,-) 
  u_DCT/tposemem_Bisted_RF_2P_ADV64x16_RF_2P_ADV64x16_u0_SRAM_i0/DB[11] (P)     -      F     rf_2p_hse      1    -     -     0    4982    (-,-) 
#-----------------------------------------------------------------------------------------------------------------------------------------------

(P) : Instance is preserved



Path 43: MET (316 ps) Setup Check with Pin u_IDCT/bdeg/mult_d_R_reg[2][27]/CK->D
           Mode: func_mode
          Group: CLK1
     Startpoint: (R) u_IDCT/bdeg/mult_d_mixed_mult_1_12/retime_s1_5_reg/CK
          Clock: (R) CLK1
       Endpoint: (R) u_IDCT/bdeg/mult_d_R_reg[2][27]/D
          Clock: (R) CLK1

                     Capture       Launch     
        Clock Edge:+    8000            0     
       Src Latency:+       0            0     
       Net Latency:+    2000 (I)     2000 (I) 
           Arrival:=   10000         2000     
                                              
             Setup:-     270                  
       Uncertainty:-     500                  
     Required Time:=    9230                  
      Launch Clock:-    2000                  
         Data Path:-    6914                  
             Slack:=     316                  

#-------------------------------------------------------------------------------------------------------------------------------
#                     Timing Point                      Flags    Arc   Edge   Cell     Fanout Load Trans Delay Arrival Instance 
#                                                                                             (fF)  (ps)  (ps)   (ps)  Location 
#-------------------------------------------------------------------------------------------------------------------------------
  u_IDCT/bdeg/mult_d_mixed_mult_1_12/retime_s1_5_reg/CK -       -      R     (arrival)    734    -     0     -    2000    (-,-) 
  u_IDCT/bdeg/mult_d_mixed_mult_1_12/retime_s1_5_reg/QN -       CK->QN R     SDFFRS_X2     11 21.1    99   367    2367    (-,-) 
  u_IDCT/bdeg/mult_d_mixed_mult_1_12/g40872/Z           -       A->Z   R     CLKBUF_X1      1  2.9    35   130    2497    (-,-) 
  u_IDCT/bdeg/mult_d_mixed_mult_1_12/g41036/ZN          -       A->ZN  F     INV_X1         2  5.7    18    38    2535    (-,-) 
  u_IDCT/bdeg/mult_d_mixed_mult_1_12/g40120/ZN          -       B->ZN  F     XNOR2_X1       3  7.7    49   155    2690    (-,-) 
  u_IDCT/bdeg/mult_d_mixed_mult_1_12/g39988/ZN          -       B1->ZN R     OAI21_X1       1  2.9    92   134    2824    (-,-) 
  u_IDCT/bdeg/mult_d_mixed_mult_1_12/g39977/ZN          -       A1->ZN F     NAND2_X1       2  6.7    45    91    2915    (-,-) 
  u_IDCT/bdeg/mult_d_mixed_mult_1_12/g39931/ZN          -       A->ZN  R     OAI21_X2       1  4.4    79    84    3000    (-,-) 
  u_IDCT/bdeg/mult_d_mixed_mult_1_12/g39930/ZN          -       A->ZN  F     OAI21_X2       2  6.8    31    78    3078    (-,-) 
  u_IDCT/bdeg/mult_d_mixed_mult_1_12/g39900/ZN          -       A1->ZN R     NAND2_X2       1  4.3    36    57    3135    (-,-) 
  u_IDCT/bdeg/mult_d_mixed_mult_1_12/g39898/ZN          -       A1->ZN F     NAND2_X2       2  6.8    23    48    3184    (-,-) 
  u_IDCT/bdeg/mult_d_mixed_mult_1_12/g39884/ZN          -       A1->ZN R     NAND2_X2       1  2.9    31    47    3230    (-,-) 
  u_IDCT/bdeg/mult_d_mixed_mult_1_12/g39882/ZN          -       A1->ZN F     NAND2_X1       2  5.5    31    56    3286    (-,-) 
  u_IDCT/bdeg/mult_d_mixed_mult_1_12/g39880/ZN          -       A1->ZN R     NAND2_X1       1  2.9    42    63    3349    (-,-) 
  u_IDCT/bdeg/mult_d_mixed_mult_1_12/g39878/ZN          -       A1->ZN F     NAND2_X1       2  5.4    31    61    3410    (-,-) 
  u_IDCT/bdeg/mult_d_mixed_mult_1_12/g39876/ZN          -       A->ZN  R     OAI21_X1       1  2.9    92    82    3493    (-,-) 
  u_IDCT/bdeg/mult_d_mixed_mult_1_12/g39874/ZN          -       A1->ZN F     NAND2_X1       2  5.4    42    83    3575    (-,-) 
  u_IDCT/bdeg/mult_d_mixed_mult_1_12/g39872/ZN          -       A->ZN  R     OAI21_X1       1  2.9    92    89    3664    (-,-) 
  u_IDCT/bdeg/mult_d_mixed_mult_1_12/g39870/ZN          -       A1->ZN F     NAND2_X1       2  5.4    42    83    3747    (-,-) 
  u_IDCT/bdeg/mult_d_mixed_mult_1_12/g39868/ZN          -       A->ZN  R     OAI21_X1       1  2.9    92    89    3835    (-,-) 
  u_IDCT/bdeg/mult_d_mixed_mult_1_12/g39866/ZN          -       A1->ZN F     NAND2_X1       1  3.9    37    73    3908    (-,-) 
  u_IDCT/bdeg/mult_d_mixed_mult_1_12/g39864/CO          -       CI->CO F     FA_X1          1  3.9    53   280    4188    (-,-) 
  u_IDCT/bdeg/mult_d_mixed_mult_1_12/g39863/CO          -       CI->CO F     FA_X1          1  3.9    53   287    4476    (-,-) 
  u_IDCT/bdeg/mult_d_mixed_mult_1_12/g39862/CO          -       CI->CO F     FA_X1          1  3.9    53   287    4763    (-,-) 
  u_IDCT/bdeg/mult_d_mixed_mult_1_12/g39861/CO          -       CI->CO F     FA_X1          1  3.9    53   287    5050    (-,-) 
  u_IDCT/bdeg/mult_d_mixed_mult_1_12/g39860/CO          -       CI->CO F     FA_X1          1  3.9    53   287    5338    (-,-) 
  u_IDCT/bdeg/mult_d_mixed_mult_1_12/g39859/CO          -       CI->CO F     FA_X1          1  3.9    53   287    5625    (-,-) 
  u_IDCT/bdeg/mult_d_mixed_mult_1_12/g39858/CO          -       CI->CO F     FA_X1          1  3.9    53   287    5912    (-,-) 
  u_IDCT/bdeg/mult_d_mixed_mult_1_12/g39857/CO          -       CI->CO F     FA_X1          1  3.9    53   287    6200    (-,-) 
  u_IDCT/bdeg/mult_d_mixed_mult_1_12/g39856/CO          -       CI->CO F     FA_X1          1  3.9    53   287    6487    (-,-) 
  u_IDCT/bdeg/mult_d_mixed_mult_1_12/g39855/CO          -       CI->CO F     FA_X1          1  3.9    53   287    6774    (-,-) 
  u_IDCT/bdeg/mult_d_mixed_mult_1_12/g39854/CO          -       CI->CO F     FA_X1          1  3.9    53   287    7061    (-,-) 
  u_IDCT/bdeg/mult_d_mixed_mult_1_12/g39853/CO          -       CI->CO F     FA_X1          1  3.9    53   287    7349    (-,-) 
  u_IDCT/bdeg/mult_d_mixed_mult_1_12/g39852/CO          -       CI->CO F     FA_X1          1  3.9    53   287    7636    (-,-) 
  u_IDCT/bdeg/mult_d_mixed_mult_1_12/g39851/CO          -       CI->CO F     FA_X1          1  3.9    53   287    7923    (-,-) 
  u_IDCT/bdeg/mult_d_mixed_mult_1_12/g39850/CO          -       CI->CO F     FA_X1          1  3.9    53   287    8211    (-,-) 
  u_IDCT/bdeg/mult_d_mixed_mult_1_12/g39849/CO          -       CI->CO F     FA_X1          1  3.9    53   287    8498    (-,-) 
  u_IDCT/bdeg/mult_d_mixed_mult_1_12/g39848/S           -       CI->S  R     FA_X1          1  2.4    40   416    8914    (-,-) 
  u_IDCT/bdeg/mult_d_R_reg[2][27]/D                     -       -      R     SDFF_X1        1    -     -     0    8914    (-,-) 
#-------------------------------------------------------------------------------------------------------------------------------



Path 44: MET (316 ps) Setup Check with Pin u_DCT/bdeg/mult_d_R_reg[2][27]/CK->D
           Mode: func_mode
          Group: CLK1
     Startpoint: (R) u_DCT/bdeg/mult_d_mixed_mult_1_12/retime_s1_5_reg/CK
          Clock: (R) CLK1
       Endpoint: (R) u_DCT/bdeg/mult_d_R_reg[2][27]/D
          Clock: (R) CLK1

                     Capture       Launch     
        Clock Edge:+    8000            0     
       Src Latency:+       0            0     
       Net Latency:+    2000 (I)     2000 (I) 
           Arrival:=   10000         2000     
                                              
             Setup:-     270                  
       Uncertainty:-     500                  
     Required Time:=    9230                  
      Launch Clock:-    2000                  
         Data Path:-    6914                  
             Slack:=     316                  

#------------------------------------------------------------------------------------------------------------------------------
#                    Timing Point                      Flags    Arc   Edge   Cell     Fanout Load Trans Delay Arrival Instance 
#                                                                                            (fF)  (ps)  (ps)   (ps)  Location 
#------------------------------------------------------------------------------------------------------------------------------
  u_DCT/bdeg/mult_d_mixed_mult_1_12/retime_s1_5_reg/CK -       -      R     (arrival)    734    -     0     -    2000    (-,-) 
  u_DCT/bdeg/mult_d_mixed_mult_1_12/retime_s1_5_reg/QN -       CK->QN R     SDFFRS_X2     11 21.1    99   367    2367    (-,-) 
  u_DCT/bdeg/mult_d_mixed_mult_1_12/g40872/Z           -       A->Z   R     CLKBUF_X1      1  2.9    35   130    2497    (-,-) 
  u_DCT/bdeg/mult_d_mixed_mult_1_12/g41036/ZN          -       A->ZN  F     INV_X1         2  5.7    18    38    2535    (-,-) 
  u_DCT/bdeg/mult_d_mixed_mult_1_12/g40120/ZN          -       B->ZN  F     XNOR2_X1       3  7.7    49   155    2690    (-,-) 
  u_DCT/bdeg/mult_d_mixed_mult_1_12/g39988/ZN          -       B1->ZN R     OAI21_X1       1  2.9    92   134    2824    (-,-) 
  u_DCT/bdeg/mult_d_mixed_mult_1_12/g39977/ZN          -       A1->ZN F     NAND2_X1       2  6.7    45    91    2915    (-,-) 
  u_DCT/bdeg/mult_d_mixed_mult_1_12/g39931/ZN          -       A->ZN  R     OAI21_X2       1  4.4    79    84    3000    (-,-) 
  u_DCT/bdeg/mult_d_mixed_mult_1_12/g39930/ZN          -       A->ZN  F     OAI21_X2       2  6.8    31    78    3078    (-,-) 
  u_DCT/bdeg/mult_d_mixed_mult_1_12/g39900/ZN          -       A1->ZN R     NAND2_X2       1  4.3    36    57    3135    (-,-) 
  u_DCT/bdeg/mult_d_mixed_mult_1_12/g39898/ZN          -       A1->ZN F     NAND2_X2       2  6.8    23    48    3184    (-,-) 
  u_DCT/bdeg/mult_d_mixed_mult_1_12/g39884/ZN          -       A1->ZN R     NAND2_X2       1  2.9    31    47    3230    (-,-) 
  u_DCT/bdeg/mult_d_mixed_mult_1_12/g39882/ZN          -       A1->ZN F     NAND2_X1       2  5.5    31    56    3286    (-,-) 
  u_DCT/bdeg/mult_d_mixed_mult_1_12/g39880/ZN          -       A1->ZN R     NAND2_X1       1  2.9    42    63    3349    (-,-) 
  u_DCT/bdeg/mult_d_mixed_mult_1_12/g39878/ZN          -       A1->ZN F     NAND2_X1       2  5.4    31    61    3410    (-,-) 
  u_DCT/bdeg/mult_d_mixed_mult_1_12/g39876/ZN          -       A->ZN  R     OAI21_X1       1  2.9    92    82    3493    (-,-) 
  u_DCT/bdeg/mult_d_mixed_mult_1_12/g39874/ZN          -       A1->ZN F     NAND2_X1       2  5.4    42    83    3575    (-,-) 
  u_DCT/bdeg/mult_d_mixed_mult_1_12/g39872/ZN          -       A->ZN  R     OAI21_X1       1  2.9    92    89    3664    (-,-) 
  u_DCT/bdeg/mult_d_mixed_mult_1_12/g39870/ZN          -       A1->ZN F     NAND2_X1       2  5.4    42    83    3747    (-,-) 
  u_DCT/bdeg/mult_d_mixed_mult_1_12/g39868/ZN          -       A->ZN  R     OAI21_X1       1  2.9    92    89    3835    (-,-) 
  u_DCT/bdeg/mult_d_mixed_mult_1_12/g39866/ZN          -       A1->ZN F     NAND2_X1       1  3.9    37    73    3908    (-,-) 
  u_DCT/bdeg/mult_d_mixed_mult_1_12/g39864/CO          -       CI->CO F     FA_X1          1  3.9    53   280    4188    (-,-) 
  u_DCT/bdeg/mult_d_mixed_mult_1_12/g39863/CO          -       CI->CO F     FA_X1          1  3.9    53   287    4476    (-,-) 
  u_DCT/bdeg/mult_d_mixed_mult_1_12/g39862/CO          -       CI->CO F     FA_X1          1  3.9    53   287    4763    (-,-) 
  u_DCT/bdeg/mult_d_mixed_mult_1_12/g39861/CO          -       CI->CO F     FA_X1          1  3.9    53   287    5050    (-,-) 
  u_DCT/bdeg/mult_d_mixed_mult_1_12/g39860/CO          -       CI->CO F     FA_X1          1  3.9    53   287    5338    (-,-) 
  u_DCT/bdeg/mult_d_mixed_mult_1_12/g39859/CO          -       CI->CO F     FA_X1          1  3.9    53   287    5625    (-,-) 
  u_DCT/bdeg/mult_d_mixed_mult_1_12/g39858/CO          -       CI->CO F     FA_X1          1  3.9    53   287    5912    (-,-) 
  u_DCT/bdeg/mult_d_mixed_mult_1_12/g39857/CO          -       CI->CO F     FA_X1          1  3.9    53   287    6200    (-,-) 
  u_DCT/bdeg/mult_d_mixed_mult_1_12/g39856/CO          -       CI->CO F     FA_X1          1  3.9    53   287    6487    (-,-) 
  u_DCT/bdeg/mult_d_mixed_mult_1_12/g39855/CO          -       CI->CO F     FA_X1          1  3.9    53   287    6774    (-,-) 
  u_DCT/bdeg/mult_d_mixed_mult_1_12/g39854/CO          -       CI->CO F     FA_X1          1  3.9    53   287    7061    (-,-) 
  u_DCT/bdeg/mult_d_mixed_mult_1_12/g39853/CO          -       CI->CO F     FA_X1          1  3.9    53   287    7349    (-,-) 
  u_DCT/bdeg/mult_d_mixed_mult_1_12/g39852/CO          -       CI->CO F     FA_X1          1  3.9    53   287    7636    (-,-) 
  u_DCT/bdeg/mult_d_mixed_mult_1_12/g39851/CO          -       CI->CO F     FA_X1          1  3.9    53   287    7923    (-,-) 
  u_DCT/bdeg/mult_d_mixed_mult_1_12/g39850/CO          -       CI->CO F     FA_X1          1  3.9    53   287    8211    (-,-) 
  u_DCT/bdeg/mult_d_mixed_mult_1_12/g39849/CO          -       CI->CO F     FA_X1          1  3.9    53   287    8498    (-,-) 
  u_DCT/bdeg/mult_d_mixed_mult_1_12/g39848/S           -       CI->S  R     FA_X1          1  2.4    40   416    8914    (-,-) 
  u_DCT/bdeg/mult_d_R_reg[2][27]/D                     -       -      R     SDFF_X1        1    -     -     0    8914    (-,-) 
#------------------------------------------------------------------------------------------------------------------------------



Path 45: MET (318 ps) Setup Check with Pin u_DCT/tposemem_Bisted_RF_2P_ADV64x16_RF_2P_ADV64x16_u0_SRAM_i0/CLKB->DB[9]
           Mode: func_mode
          Group: C2C_func_mode
     Startpoint: (R) u_DCT/IDRU8/Count_reg[0]/CK
          Clock: (R) CLK1
       Endpoint: (F) u_DCT/tposemem_Bisted_RF_2P_ADV64x16_RF_2P_ADV64x16_u0_SRAM_i0/DB[9]
          Clock: (F) CLK1

                     Capture       Launch     
        Clock Edge:+    4000            0     
       Src Latency:+       0            0     
       Net Latency:+    2000 (I)     2000 (I) 
           Arrival:=    6000         2000     
                                              
             Setup:-     238                  
       Uncertainty:-     500                  
     Required Time:=    5262                  
      Launch Clock:-    2000                  
         Data Path:-    2944                  
             Slack:=     318                  

#----------------------------------------------------------------------------------------------------------------------------------------------
#                            Timing Point                              Flags    Arc   Edge   Cell     Fanout Load Trans Delay Arrival Instance 
#                                                                                                            (fF)  (ps)  (ps)   (ps)  Location 
#----------------------------------------------------------------------------------------------------------------------------------------------
  u_DCT/IDRU8/Count_reg[0]/CK                                          -       -      R     (arrival)     15    -     0     -    2000    (-,-) 
  u_DCT/IDRU8/Count_reg[0]/Q                                           -       CK->Q  F     SDFF_X2        3 10.2    78   360    2360    (-,-) 
  u_DCT/IDRU8/g5849/ZN                                                 -       A->ZN  R     INV_X4         5 15.8    47    95    2454    (-,-) 
  u_DCT/IDRU8/g5847/ZN                                                 -       A->ZN  F     INV_X2         3 15.8    23    51    2505    (-,-) 
  u_DCT/IDRU8/g5813__5795/ZN                                           -       A1->ZN R     NAND3_X4       3 16.1    60    74    2579    (-,-) 
  u_DCT/IDRU8/g5778/ZN                                                 -       A->ZN  F     INV_X4        17 36.3    28    59    2638    (-,-) 
  u_DCT/IDRU8/g5733__2900/ZN                                           -       B1->ZN R     AOI21_X1       1  4.7   135   158    2796    (-,-) 
  u_DCT/IDRU8/g5625__5266/ZN                                           -       A3->ZN F     NAND4_X2       4 10.2    75   157    2953    (-,-) 
  u_DCT/IDRU8/add_86_45_g744__4296/ZN                                  -       A1->ZN F     OR2_X1         2  4.8    38   214    3167    (-,-) 
  u_DCT/IDRU8/add_86_45_g691__7118/ZN                                  -       A2->ZN R     NAND2_X1       1  4.3    53    87    3254    (-,-) 
  u_DCT/IDRU8/add_86_45_g688__2900/ZN                                  -       A1->ZN F     NAND2_X2       2  5.5    24    52    3306    (-,-) 
  u_DCT/IDRU8/add_86_45_g686__1309/ZN                                  -       A1->ZN R     NAND2_X1       1  4.3    53    72    3378    (-,-) 
  u_DCT/IDRU8/add_86_45_g684__9682/ZN                                  -       A1->ZN F     NAND2_X2       3  7.6    28    58    3436    (-,-) 
  u_DCT/IDRU8/add_86_45_g680__4296/ZN                                  -       A1->ZN R     NAND3_X1       1  4.2    60    77    3513    (-,-) 
  u_DCT/IDRU8/add_86_45_g679__8780/ZN                                  -       A1->ZN F     NAND3_X2       2  5.5    37    72    3585    (-,-) 
  u_DCT/IDRU8/add_86_45_g677__1857/ZN                                  -       A1->ZN R     NAND2_X1       1  4.3    53    79    3664    (-,-) 
  u_DCT/IDRU8/add_86_45_g675__1840/ZN                                  -       A1->ZN F     NAND2_X2       2  5.5    24    52    3716    (-,-) 
  u_DCT/IDRU8/add_86_45_g674__7344/ZN                                  -       A1->ZN R     NAND2_X1       1  2.9    42    60    3775    (-,-) 
  u_DCT/IDRU8/add_86_45_g672__2703/ZN                                  -       A1->ZN F     NAND2_X1       2  4.8    30    58    3833    (-,-) 
  u_DCT/IDRU8/add_86_45_g671__6083/ZN                                  -       A1->ZN F     AND2_X1        3  6.2    28   119    3953    (-,-) 
  u_DCT/IDRU8/add_86_45_g667__5703/ZN                                  -       B1->ZN R     AOI21_X1       2  5.7   153   178    4130    (-,-) 
  u_DCT/IDRU8/add_86_45_g661__2391/ZN                                  -       B1->ZN F     OAI21_X1       1  3.4    53    87    4217    (-,-) 
  u_DCT/IDRU8/add_86_45_g658__1309/ZN                                  -       A->ZN  F     XNOR2_X1       1  2.2    36   140    4357    (-,-) 
  u_DCT/IDRU8/g5249__2391/Z                                            -       A->Z   F     MUX2_X1        2  3.7    40   243    4600    (-,-) 
  u_DCT/IDRU8/g5111__8780/Z                                            -       A->Z   F     MUX2_X1        1  2.8    37   238    4838    (-,-) 
  u_DCT/g3857/ZN                                                       -       A->ZN  R     INV_X1         1  2.9    33    61    4899    (-,-) 
  u_DCT/g3743/ZN                                                       -       B1->ZN F     OAI21_X1       1  2.6    30    45    4944    (-,-) 
  u_DCT/tposemem_Bisted_RF_2P_ADV64x16_RF_2P_ADV64x16_u0_SRAM_i0/DB[9] (P)     -      F     rf_2p_hse      1    -     -     0    4944    (-,-) 
#----------------------------------------------------------------------------------------------------------------------------------------------

(P) : Instance is preserved



Path 46: MET (319 ps) Setup Check with Pin u_IDCT/acf/mult_f_R_reg[2][27]/CK->D
           Mode: func_mode
          Group: CLK1
     Startpoint: (R) u_IDCT/acf/mult_f_retime_s1_8_reg/CK
          Clock: (R) CLK1
       Endpoint: (R) u_IDCT/acf/mult_f_R_reg[2][27]/D
          Clock: (R) CLK1

                     Capture       Launch     
        Clock Edge:+    8000            0     
       Src Latency:+       0            0     
       Net Latency:+    2000 (I)     2000 (I) 
           Arrival:=   10000         2000     
                                              
             Setup:-     270                  
       Uncertainty:-     500                  
     Required Time:=    9230                  
      Launch Clock:-    2000                  
         Data Path:-    6911                  
             Slack:=     319                  

#---------------------------------------------------------------------------------------------------------------------
#                Timing Point                 Flags    Arc   Edge   Cell     Fanout Load Trans Delay Arrival Instance 
#                                                                                   (fF)  (ps)  (ps)   (ps)  Location 
#---------------------------------------------------------------------------------------------------------------------
  u_IDCT/acf/mult_f_retime_s1_8_reg/CK        -       -      R     (arrival)    734    -     0     -    2000    (-,-) 
  u_IDCT/acf/mult_f_retime_s1_8_reg/Q         -       CK->Q  F     SDFF_X1        1  2.8    44   231    2231    (-,-) 
  u_IDCT/acf/mult_f_g113/ZN                   -       A->ZN  R     INV_X1         1  4.4    44    78    2308    (-,-) 
  u_IDCT/acf/mult_f_g103/ZN                   -       A->ZN  F     INV_X2         5  7.3    16    37    2345    (-,-) 
  u_IDCT/acf/mult_f_mixed_mult_1_12/g39834/Z  -       A->Z   F     CLKBUF_X1      1  2.0    21    91    2436    (-,-) 
  u_IDCT/acf/mult_f_mixed_mult_1_12/g39869/Z  -       A->Z   F     CLKBUF_X1      2  6.4    39   121    2557    (-,-) 
  u_IDCT/acf/mult_f_mixed_mult_1_12/g38961/ZN -       A->ZN  R     XNOR2_X2       3  7.9   111   152    2709    (-,-) 
  u_IDCT/acf/mult_f_mixed_mult_1_12/g38930/ZN -       A1->ZN F     NAND2_X1       1  2.8    38    69    2778    (-,-) 
  u_IDCT/acf/mult_f_mixed_mult_1_12/g38875/ZN -       A1->ZN R     NAND2_X1       1  2.9    42    67    2845    (-,-) 
  u_IDCT/acf/mult_f_mixed_mult_1_12/g38848/ZN -       A->ZN  F     OAI21_X1       2  6.7    51    79    2925    (-,-) 
  u_IDCT/acf/mult_f_mixed_mult_1_12/g38824/ZN -       A->ZN  R     OAI21_X2       1  2.9    66    81    3006    (-,-) 
  u_IDCT/acf/mult_f_mixed_mult_1_12/g38810/ZN -       A1->ZN F     NAND2_X1       2  6.8    41    79    3085    (-,-) 
  u_IDCT/acf/mult_f_mixed_mult_1_12/g38771/ZN -       A1->ZN R     NAND2_X2       1  4.3    36    63    3148    (-,-) 
  u_IDCT/acf/mult_f_mixed_mult_1_12/g38769/ZN -       A1->ZN F     NAND2_X2       2  7.1    25    49    3197    (-,-) 
  u_IDCT/acf/mult_f_mixed_mult_1_12/g38746/ZN -       A->ZN  R     INV_X2         1  2.8    22    41    3238    (-,-) 
  u_IDCT/acf/mult_f_mixed_mult_1_12/g38744/ZN -       B2->ZN F     OAI21_X1       2  5.5    36    58    3296    (-,-) 
  u_IDCT/acf/mult_f_mixed_mult_1_12/g38733/ZN -       A1->ZN R     NAND2_X1       1  2.9    42    66    3362    (-,-) 
  u_IDCT/acf/mult_f_mixed_mult_1_12/g39910/ZN -       A->ZN  F     INV_X1         2  5.4    18    41    3403    (-,-) 
  u_IDCT/acf/mult_f_mixed_mult_1_12/g38729/ZN -       A->ZN  R     OAI21_X1       1  2.9    92    75    3478    (-,-) 
  u_IDCT/acf/mult_f_mixed_mult_1_12/g38727/ZN -       A->ZN  F     OAI21_X1       2  5.4    39    95    3573    (-,-) 
  u_IDCT/acf/mult_f_mixed_mult_1_12/g38725/ZN -       A->ZN  R     OAI21_X1       1  2.9    92    87    3661    (-,-) 
  u_IDCT/acf/mult_f_mixed_mult_1_12/g38723/ZN -       A1->ZN F     NAND2_X1       2  5.4    42    83    3743    (-,-) 
  u_IDCT/acf/mult_f_mixed_mult_1_12/g38721/ZN -       A->ZN  R     OAI21_X1       1  2.9    92    89    3832    (-,-) 
  u_IDCT/acf/mult_f_mixed_mult_1_12/g38719/ZN -       A1->ZN F     NAND2_X1       1  3.9    37    73    3905    (-,-) 
  u_IDCT/acf/mult_f_mixed_mult_1_12/g38717/CO -       CI->CO F     FA_X1          1  3.9    53   280    4185    (-,-) 
  u_IDCT/acf/mult_f_mixed_mult_1_12/g38716/CO -       CI->CO F     FA_X1          1  3.9    53   287    4472    (-,-) 
  u_IDCT/acf/mult_f_mixed_mult_1_12/g38715/CO -       CI->CO F     FA_X1          1  3.9    53   287    4760    (-,-) 
  u_IDCT/acf/mult_f_mixed_mult_1_12/g38714/CO -       CI->CO F     FA_X1          1  3.9    53   287    5047    (-,-) 
  u_IDCT/acf/mult_f_mixed_mult_1_12/g38713/CO -       CI->CO F     FA_X1          1  3.9    53   287    5334    (-,-) 
  u_IDCT/acf/mult_f_mixed_mult_1_12/g38712/CO -       CI->CO F     FA_X1          1  3.9    53   287    5621    (-,-) 
  u_IDCT/acf/mult_f_mixed_mult_1_12/g38711/CO -       CI->CO F     FA_X1          1  3.9    53   287    5909    (-,-) 
  u_IDCT/acf/mult_f_mixed_mult_1_12/g38710/CO -       CI->CO F     FA_X1          1  3.9    53   287    6196    (-,-) 
  u_IDCT/acf/mult_f_mixed_mult_1_12/g38709/CO -       CI->CO F     FA_X1          1  3.9    53   287    6483    (-,-) 
  u_IDCT/acf/mult_f_mixed_mult_1_12/g38708/CO -       CI->CO F     FA_X1          1  3.9    53   287    6771    (-,-) 
  u_IDCT/acf/mult_f_mixed_mult_1_12/g38707/CO -       CI->CO F     FA_X1          1  3.9    53   287    7058    (-,-) 
  u_IDCT/acf/mult_f_mixed_mult_1_12/g38706/CO -       CI->CO F     FA_X1          1  3.9    53   287    7345    (-,-) 
  u_IDCT/acf/mult_f_mixed_mult_1_12/g38705/CO -       CI->CO F     FA_X1          1  3.9    53   287    7632    (-,-) 
  u_IDCT/acf/mult_f_mixed_mult_1_12/g38704/CO -       CI->CO F     FA_X1          1  3.9    53   287    7920    (-,-) 
  u_IDCT/acf/mult_f_mixed_mult_1_12/g38703/CO -       CI->CO F     FA_X1          1  3.9    53   287    8207    (-,-) 
  u_IDCT/acf/mult_f_mixed_mult_1_12/g38702/CO -       CI->CO F     FA_X1          1  3.9    53   287    8494    (-,-) 
  u_IDCT/acf/mult_f_mixed_mult_1_12/g38701/S  -       CI->S  R     FA_X1          1  2.4    40   416    8911    (-,-) 
  u_IDCT/acf/mult_f_R_reg[2][27]/D            -       -      R     SDFF_X1        1    -     -     0    8911    (-,-) 
#---------------------------------------------------------------------------------------------------------------------



Path 47: MET (319 ps) Setup Check with Pin u_DCT/acf/mult_f_R_reg[2][27]/CK->D
           Mode: func_mode
          Group: CLK1
     Startpoint: (R) u_DCT/acf/mult_f_retime_s1_8_reg/CK
          Clock: (R) CLK1
       Endpoint: (R) u_DCT/acf/mult_f_R_reg[2][27]/D
          Clock: (R) CLK1

                     Capture       Launch     
        Clock Edge:+    8000            0     
       Src Latency:+       0            0     
       Net Latency:+    2000 (I)     2000 (I) 
           Arrival:=   10000         2000     
                                              
             Setup:-     270                  
       Uncertainty:-     500                  
     Required Time:=    9230                  
      Launch Clock:-    2000                  
         Data Path:-    6911                  
             Slack:=     319                  

#--------------------------------------------------------------------------------------------------------------------
#               Timing Point                 Flags    Arc   Edge   Cell     Fanout Load Trans Delay Arrival Instance 
#                                                                                  (fF)  (ps)  (ps)   (ps)  Location 
#--------------------------------------------------------------------------------------------------------------------
  u_DCT/acf/mult_f_retime_s1_8_reg/CK        -       -      R     (arrival)    734    -     0     -    2000    (-,-) 
  u_DCT/acf/mult_f_retime_s1_8_reg/Q         -       CK->Q  F     SDFF_X1        1  2.8    44   231    2231    (-,-) 
  u_DCT/acf/mult_f_g110/ZN                   -       A->ZN  R     INV_X1         1  4.4    44    78    2308    (-,-) 
  u_DCT/acf/mult_f_g102/ZN                   -       A->ZN  F     INV_X2         5  7.3    16    37    2345    (-,-) 
  u_DCT/acf/mult_f_mixed_mult_1_12/g39834/Z  -       A->Z   F     CLKBUF_X1      1  2.0    21    91    2436    (-,-) 
  u_DCT/acf/mult_f_mixed_mult_1_12/g39869/Z  -       A->Z   F     CLKBUF_X1      2  6.4    39   121    2557    (-,-) 
  u_DCT/acf/mult_f_mixed_mult_1_12/g38961/ZN -       A->ZN  R     XNOR2_X2       3  7.9   111   152    2709    (-,-) 
  u_DCT/acf/mult_f_mixed_mult_1_12/g38930/ZN -       A1->ZN F     NAND2_X1       1  2.8    38    69    2778    (-,-) 
  u_DCT/acf/mult_f_mixed_mult_1_12/g38875/ZN -       A1->ZN R     NAND2_X1       1  2.9    42    67    2845    (-,-) 
  u_DCT/acf/mult_f_mixed_mult_1_12/g38848/ZN -       A->ZN  F     OAI21_X1       2  6.7    51    79    2925    (-,-) 
  u_DCT/acf/mult_f_mixed_mult_1_12/g38824/ZN -       A->ZN  R     OAI21_X2       1  2.9    66    81    3006    (-,-) 
  u_DCT/acf/mult_f_mixed_mult_1_12/g38810/ZN -       A1->ZN F     NAND2_X1       2  6.8    41    79    3085    (-,-) 
  u_DCT/acf/mult_f_mixed_mult_1_12/g38771/ZN -       A1->ZN R     NAND2_X2       1  4.3    36    63    3148    (-,-) 
  u_DCT/acf/mult_f_mixed_mult_1_12/g38769/ZN -       A1->ZN F     NAND2_X2       2  7.1    25    49    3197    (-,-) 
  u_DCT/acf/mult_f_mixed_mult_1_12/g38746/ZN -       A->ZN  R     INV_X2         1  2.8    22    41    3238    (-,-) 
  u_DCT/acf/mult_f_mixed_mult_1_12/g38744/ZN -       B2->ZN F     OAI21_X1       2  5.5    36    58    3296    (-,-) 
  u_DCT/acf/mult_f_mixed_mult_1_12/g38733/ZN -       A1->ZN R     NAND2_X1       1  2.9    42    66    3362    (-,-) 
  u_DCT/acf/mult_f_mixed_mult_1_12/g39910/ZN -       A->ZN  F     INV_X1         2  5.4    18    41    3403    (-,-) 
  u_DCT/acf/mult_f_mixed_mult_1_12/g38729/ZN -       A->ZN  R     OAI21_X1       1  2.9    92    75    3478    (-,-) 
  u_DCT/acf/mult_f_mixed_mult_1_12/g38727/ZN -       A->ZN  F     OAI21_X1       2  5.4    39    95    3573    (-,-) 
  u_DCT/acf/mult_f_mixed_mult_1_12/g38725/ZN -       A->ZN  R     OAI21_X1       1  2.9    92    87    3661    (-,-) 
  u_DCT/acf/mult_f_mixed_mult_1_12/g38723/ZN -       A1->ZN F     NAND2_X1       2  5.4    42    83    3743    (-,-) 
  u_DCT/acf/mult_f_mixed_mult_1_12/g38721/ZN -       A->ZN  R     OAI21_X1       1  2.9    92    89    3832    (-,-) 
  u_DCT/acf/mult_f_mixed_mult_1_12/g38719/ZN -       A1->ZN F     NAND2_X1       1  3.9    37    73    3905    (-,-) 
  u_DCT/acf/mult_f_mixed_mult_1_12/g38717/CO -       CI->CO F     FA_X1          1  3.9    53   280    4185    (-,-) 
  u_DCT/acf/mult_f_mixed_mult_1_12/g38716/CO -       CI->CO F     FA_X1          1  3.9    53   287    4472    (-,-) 
  u_DCT/acf/mult_f_mixed_mult_1_12/g38715/CO -       CI->CO F     FA_X1          1  3.9    53   287    4760    (-,-) 
  u_DCT/acf/mult_f_mixed_mult_1_12/g38714/CO -       CI->CO F     FA_X1          1  3.9    53   287    5047    (-,-) 
  u_DCT/acf/mult_f_mixed_mult_1_12/g38713/CO -       CI->CO F     FA_X1          1  3.9    53   287    5334    (-,-) 
  u_DCT/acf/mult_f_mixed_mult_1_12/g38712/CO -       CI->CO F     FA_X1          1  3.9    53   287    5621    (-,-) 
  u_DCT/acf/mult_f_mixed_mult_1_12/g38711/CO -       CI->CO F     FA_X1          1  3.9    53   287    5909    (-,-) 
  u_DCT/acf/mult_f_mixed_mult_1_12/g38710/CO -       CI->CO F     FA_X1          1  3.9    53   287    6196    (-,-) 
  u_DCT/acf/mult_f_mixed_mult_1_12/g38709/CO -       CI->CO F     FA_X1          1  3.9    53   287    6483    (-,-) 
  u_DCT/acf/mult_f_mixed_mult_1_12/g38708/CO -       CI->CO F     FA_X1          1  3.9    53   287    6771    (-,-) 
  u_DCT/acf/mult_f_mixed_mult_1_12/g38707/CO -       CI->CO F     FA_X1          1  3.9    53   287    7058    (-,-) 
  u_DCT/acf/mult_f_mixed_mult_1_12/g38706/CO -       CI->CO F     FA_X1          1  3.9    53   287    7345    (-,-) 
  u_DCT/acf/mult_f_mixed_mult_1_12/g38705/CO -       CI->CO F     FA_X1          1  3.9    53   287    7632    (-,-) 
  u_DCT/acf/mult_f_mixed_mult_1_12/g38704/CO -       CI->CO F     FA_X1          1  3.9    53   287    7920    (-,-) 
  u_DCT/acf/mult_f_mixed_mult_1_12/g38703/CO -       CI->CO F     FA_X1          1  3.9    53   287    8207    (-,-) 
  u_DCT/acf/mult_f_mixed_mult_1_12/g38702/CO -       CI->CO F     FA_X1          1  3.9    53   287    8494    (-,-) 
  u_DCT/acf/mult_f_mixed_mult_1_12/g38701/S  -       CI->S  R     FA_X1          1  2.4    40   416    8911    (-,-) 
  u_DCT/acf/mult_f_R_reg[2][27]/D            -       -      R     SDFF_X1        1    -     -     0    8911    (-,-) 
#--------------------------------------------------------------------------------------------------------------------



Path 48: MET (333 ps) Setup Check with Pin u_IDCT/tposemem_Bisted_RF_2P_ADV64x16_RF_2P_ADV64x16_u0_SRAM_i0/CLKB->DB[9]
           Mode: func_mode
          Group: C2C_func_mode
     Startpoint: (R) d_DoDCT_reg/CK
          Clock: (R) CLK1
       Endpoint: (F) u_IDCT/tposemem_Bisted_RF_2P_ADV64x16_RF_2P_ADV64x16_u0_SRAM_i0/DB[9]
          Clock: (F) CLK1

                     Capture       Launch     
        Clock Edge:+    4000            0     
       Src Latency:+       0            0     
       Net Latency:+    2000 (I)     2000 (I) 
           Arrival:=    6000         2000     
                                              
             Setup:-     238                  
       Uncertainty:-     500                  
     Required Time:=    5262                  
      Launch Clock:-    2000                  
         Data Path:-    2929                  
             Slack:=     333                  

#-----------------------------------------------------------------------------------------------------------------------------------------------
#                             Timing Point                              Flags    Arc   Edge   Cell     Fanout Load Trans Delay Arrival Instance 
#                                                                                                             (fF)  (ps)  (ps)   (ps)  Location 
#-----------------------------------------------------------------------------------------------------------------------------------------------
  d_DoDCT_reg/CK                                                        -       -      R     (arrival)    734    -     0     -    2000    (-,-) 
  d_DoDCT_reg/Q                                                         -       CK->Q  F     SDFF_X1        1  4.1    48   242    2242    (-,-) 
  g546/Z                                                                -       A->Z   F     BUF_X4         8 30.6    27   118    2359    (-,-) 
  g375/ZN                                                               -       A->ZN  R     INV_X8         7 28.2    38    62    2421    (-,-) 
  u_IDCT/IDRU8/g5749/ZN                                                 -       A->ZN  F     INV_X4         4 26.6    19    43    2464    (-,-) 
  u_IDCT/IDRU8/g5721/ZN                                                 -       A3->ZN R     NAND3_X4       2 11.0    50    75    2539    (-,-) 
  u_IDCT/IDRU8/g5715/ZN                                                 -       A->ZN  F     INV_X4        18 40.0    27    57    2596    (-,-) 
  u_IDCT/IDRU8/g5682/ZN                                                 -       A1->ZN R     AOI22_X2       1  2.2    82   105    2701    (-,-) 
  u_IDCT/IDRU8/g5612/ZN                                                 -       A1->ZN R     AND2_X1        1  2.9    36   127    2828    (-,-) 
  u_IDCT/IDRU8/g5573/ZN                                                 -       A2->ZN F     NAND3_X1       4 10.4    82   123    2951    (-,-) 
  u_IDCT/IDRU8/add_86_45_g754/ZN                                        -       A1->ZN F     OR2_X1         2  4.8    38   218    3169    (-,-) 
  u_IDCT/IDRU8/add_86_45_g694/ZN                                        -       A2->ZN R     NAND2_X1       1  4.3    53    87    3256    (-,-) 
  u_IDCT/IDRU8/add_86_45_g692/ZN                                        -       A1->ZN F     NAND2_X2       2  5.5    24    52    3308    (-,-) 
  u_IDCT/IDRU8/add_86_45_g689/ZN                                        -       A1->ZN R     NAND2_X1       1  4.3    53    72    3379    (-,-) 
  u_IDCT/IDRU8/add_86_45_g687/ZN                                        -       A1->ZN F     NAND2_X2       3  7.6    28    58    3438    (-,-) 
  u_IDCT/IDRU8/add_86_45_g683/ZN                                        -       A1->ZN R     NAND3_X1       1  2.9    50    66    3504    (-,-) 
  u_IDCT/IDRU8/add_86_45_g682/ZN                                        -       A1->ZN F     NAND2_X1       2  5.5    37    65    3568    (-,-) 
  u_IDCT/IDRU8/add_86_45_g680/ZN                                        -       A1->ZN R     NAND2_X1       1  2.9    42    67    3635    (-,-) 
  u_IDCT/IDRU8/add_86_45_g678/ZN                                        -       A1->ZN F     NAND2_X1       2  5.5    33    62    3697    (-,-) 
  u_IDCT/IDRU8/add_86_45_g677/ZN                                        -       A1->ZN R     NAND2_X1       1  2.9    42    64    3761    (-,-) 
  u_IDCT/IDRU8/add_86_45_g675/ZN                                        -       A1->ZN F     NAND2_X1       2  4.8    30    58    3819    (-,-) 
  u_IDCT/IDRU8/add_86_45_g674/ZN                                        -       A1->ZN F     AND2_X1        3  6.2    28   119    3938    (-,-) 
  u_IDCT/IDRU8/add_86_45_g670/ZN                                        -       B1->ZN R     AOI21_X1       2  5.7   153   178    4116    (-,-) 
  u_IDCT/IDRU8/add_86_45_g664/ZN                                        -       B1->ZN F     OAI21_X1       1  3.4    53    87    4203    (-,-) 
  u_IDCT/IDRU8/add_86_45_g659/ZN                                        -       A->ZN  F     XNOR2_X1       1  2.2    36   140    4343    (-,-) 
  u_IDCT/IDRU8/g5183/Z                                                  -       A->Z   F     MUX2_X1        2  3.7    40   243    4585    (-,-) 
  u_IDCT/IDRU8/g5050/Z                                                  -       A->Z   F     MUX2_X1        1  2.8    37   238    4823    (-,-) 
  u_IDCT/g3857/ZN                                                       -       A->ZN  R     INV_X1         1  2.9    33    61    4885    (-,-) 
  u_IDCT/g3743/ZN                                                       -       B1->ZN F     OAI21_X1       1  2.6    30    45    4929    (-,-) 
  u_IDCT/tposemem_Bisted_RF_2P_ADV64x16_RF_2P_ADV64x16_u0_SRAM_i0/DB[9] (P)     -      F     rf_2p_hse      1    -     -     0    4929    (-,-) 
#-----------------------------------------------------------------------------------------------------------------------------------------------

(P) : Instance is preserved



Path 49: MET (386 ps) Setup Check with Pin u_IDCT/bdeg/mult_e_mixed_mult_1_12/retime_s1_6_reg/CK->D
           Mode: func_mode
          Group: CLK1
     Startpoint: (R) u_IDCT/DRU/ToBDEG_reg[6]/CK
          Clock: (R) CLK1
       Endpoint: (F) u_IDCT/bdeg/mult_e_mixed_mult_1_12/retime_s1_6_reg/D
          Clock: (R) CLK1

                     Capture       Launch     
        Clock Edge:+    8000            0     
       Src Latency:+       0            0     
       Net Latency:+    2000 (I)     2000 (I) 
           Arrival:=   10000         2000     
                                              
             Setup:-     266                  
       Uncertainty:-     500                  
     Required Time:=    9234                  
      Launch Clock:-    2000                  
         Data Path:-    6848                  
             Slack:=     386                  

#------------------------------------------------------------------------------------------------------------------------------
#                    Timing Point                      Flags    Arc   Edge   Cell     Fanout Load Trans Delay Arrival Instance 
#                                                                                            (fF)  (ps)  (ps)   (ps)  Location 
#------------------------------------------------------------------------------------------------------------------------------
  u_IDCT/DRU/ToBDEG_reg[6]/CK                          -       -      R     (arrival)     37    -     0     -    2000    (-,-) 
  u_IDCT/DRU/ToBDEG_reg[6]/Q                           -       CK->Q  F     SDFF_X1        4  8.1    58   267    2267    (-,-) 
  u_IDCT/bdeg/mult_e_mixed_mult_1_12/g38662/Z          -       A->Z   F     CLKBUF_X1      1  2.0    21   116    2383    (-,-) 
  u_IDCT/bdeg/mult_e_mixed_mult_1_12/g38751/Z          -       A->Z   F     CLKBUF_X1      1  2.8    24   100    2482    (-,-) 
  u_IDCT/bdeg/mult_e_mixed_mult_1_12/g38818/ZN         -       A->ZN  R     INV_X1         3  8.2    75    99    2581    (-,-) 
  u_IDCT/bdeg/mult_e_mixed_mult_1_12/g38124/ZN         -       A1->ZN F     NOR2_X1        1  2.1    21    39    2620    (-,-) 
  u_IDCT/bdeg/mult_e_mixed_mult_1_12/g38584/ZN         -       A1->ZN F     OR2_X1         1  2.7    33   175    2795    (-,-) 
  u_IDCT/bdeg/mult_e_mixed_mult_1_12/g38105/ZN         -       A->ZN  R     OAI21_X1       2  5.1   130   103    2898    (-,-) 
  u_IDCT/bdeg/mult_e_mixed_mult_1_12/g38039/ZN         -       A1->ZN F     NOR2_X1        2  4.9    41    66    2964    (-,-) 
  u_IDCT/bdeg/mult_e_mixed_mult_1_12/g38037/ZN         -       A->ZN  R     INV_X1         1  2.9    33    63    3027    (-,-) 
  u_IDCT/bdeg/mult_e_mixed_mult_1_12/g38015/ZN         -       A1->ZN F     NAND2_X1       1  3.4    24    47    3074    (-,-) 
  u_IDCT/bdeg/mult_e_mixed_mult_1_12/g37999/ZN         -       A->ZN  F     XNOR2_X1       1  2.0    26   122    3196    (-,-) 
  u_IDCT/bdeg/mult_e_mixed_mult_1_12/g38837/Z          -       A->Z   F     CLKBUF_X1      2  4.8    32   115    3311    (-,-) 
  u_IDCT/bdeg/mult_e_mixed_mult_1_12/g37920/ZN         -       A2->ZN R     NAND2_X1       1  2.9    42    72    3383    (-,-) 
  u_IDCT/bdeg/mult_e_mixed_mult_1_12/g38839/ZN         -       A->ZN  F     INV_X1         1  3.9    16    36    3419    (-,-) 
  u_IDCT/bdeg/mult_e_mixed_mult_1_12/g37907/CO         -       CI->CO F     FA_X1          1  3.9    53   272    3691    (-,-) 
  u_IDCT/bdeg/mult_e_mixed_mult_1_12/g37906/CO         -       CI->CO F     FA_X1          1  3.9    53   287    3978    (-,-) 
  u_IDCT/bdeg/mult_e_mixed_mult_1_12/g37905/CO         -       CI->CO F     FA_X1          1  3.9    53   287    4265    (-,-) 
  u_IDCT/bdeg/mult_e_mixed_mult_1_12/g37904/CO         -       CI->CO F     FA_X1          1  3.9    53   287    4552    (-,-) 
  u_IDCT/bdeg/mult_e_mixed_mult_1_12/g37903/CO         -       CI->CO F     FA_X1          1  3.9    53   287    4840    (-,-) 
  u_IDCT/bdeg/mult_e_mixed_mult_1_12/g37902/CO         -       CI->CO F     FA_X1          1  3.9    53   287    5127    (-,-) 
  u_IDCT/bdeg/mult_e_mixed_mult_1_12/g37901/CO         -       CI->CO F     FA_X1          1  3.9    53   287    5414    (-,-) 
  u_IDCT/bdeg/mult_e_mixed_mult_1_12/g37900/CO         -       CI->CO F     FA_X1          1  3.9    53   287    5702    (-,-) 
  u_IDCT/bdeg/mult_e_mixed_mult_1_12/g37899/CO         -       CI->CO F     FA_X1          1  3.9    53   287    5989    (-,-) 
  u_IDCT/bdeg/mult_e_mixed_mult_1_12/g37898/CO         -       CI->CO F     FA_X1          1  3.9    53   287    6276    (-,-) 
  u_IDCT/bdeg/mult_e_mixed_mult_1_12/g37897/CO         -       CI->CO F     FA_X1          1  3.9    53   287    6564    (-,-) 
  u_IDCT/bdeg/mult_e_mixed_mult_1_12/g37896/CO         -       CI->CO F     FA_X1          1  3.9    53   287    6851    (-,-) 
  u_IDCT/bdeg/mult_e_mixed_mult_1_12/g37895/CO         -       CI->CO F     FA_X1          1  3.9    53   287    7138    (-,-) 
  u_IDCT/bdeg/mult_e_mixed_mult_1_12/g37894/CO         -       CI->CO F     FA_X1          1  3.9    53   287    7426    (-,-) 
  u_IDCT/bdeg/mult_e_mixed_mult_1_12/g37893/CO         -       CI->CO F     FA_X1          1  3.9    53   287    7713    (-,-) 
  u_IDCT/bdeg/mult_e_mixed_mult_1_12/g37892/CO         -       CI->CO F     FA_X1          1  3.9    53   287    8000    (-,-) 
  u_IDCT/bdeg/mult_e_mixed_mult_1_12/g37891/CO         -       CI->CO F     FA_X1          1  3.9    53   287    8287    (-,-) 
  u_IDCT/bdeg/mult_e_mixed_mult_1_12/g37890/CO         -       CI->CO F     FA_X1          1  3.9    53   287    8575    (-,-) 
  u_IDCT/bdeg/mult_e_mixed_mult_1_12/g37889/CO         -       CI->CO F     FA_X1          1  2.3    46   273    8848    (-,-) 
  u_IDCT/bdeg/mult_e_mixed_mult_1_12/retime_s1_6_reg/D -       -      F     SDFF_X1        1    -     -     0    8848    (-,-) 
#------------------------------------------------------------------------------------------------------------------------------



Path 50: MET (386 ps) Setup Check with Pin u_DCT/bdeg/mult_e_mixed_mult_1_12/retime_s1_6_reg/CK->D
           Mode: func_mode
          Group: CLK1
     Startpoint: (R) u_DCT/DRU/ToBDEG_reg[6]/CK
          Clock: (R) CLK1
       Endpoint: (F) u_DCT/bdeg/mult_e_mixed_mult_1_12/retime_s1_6_reg/D
          Clock: (R) CLK1

                     Capture       Launch     
        Clock Edge:+    8000            0     
       Src Latency:+       0            0     
       Net Latency:+    2000 (I)     2000 (I) 
           Arrival:=   10000         2000     
                                              
             Setup:-     266                  
       Uncertainty:-     500                  
     Required Time:=    9234                  
      Launch Clock:-    2000                  
         Data Path:-    6848                  
             Slack:=     386                  

#-----------------------------------------------------------------------------------------------------------------------------
#                    Timing Point                     Flags    Arc   Edge   Cell     Fanout Load Trans Delay Arrival Instance 
#                                                                                           (fF)  (ps)  (ps)   (ps)  Location 
#-----------------------------------------------------------------------------------------------------------------------------
  u_DCT/DRU/ToBDEG_reg[6]/CK                          -       -      R     (arrival)     37    -     0     -    2000    (-,-) 
  u_DCT/DRU/ToBDEG_reg[6]/Q                           -       CK->Q  F     SDFF_X1        4  8.1    58   267    2267    (-,-) 
  u_DCT/bdeg/mult_e_mixed_mult_1_12/g38662/Z          -       A->Z   F     CLKBUF_X1      1  2.0    21   116    2383    (-,-) 
  u_DCT/bdeg/mult_e_mixed_mult_1_12/g38751/Z          -       A->Z   F     CLKBUF_X1      1  2.8    24   100    2482    (-,-) 
  u_DCT/bdeg/mult_e_mixed_mult_1_12/g38818/ZN         -       A->ZN  R     INV_X1         3  8.2    75    99    2581    (-,-) 
  u_DCT/bdeg/mult_e_mixed_mult_1_12/g38124/ZN         -       A1->ZN F     NOR2_X1        1  2.1    21    39    2620    (-,-) 
  u_DCT/bdeg/mult_e_mixed_mult_1_12/g38584/ZN         -       A1->ZN F     OR2_X1         1  2.7    33   175    2795    (-,-) 
  u_DCT/bdeg/mult_e_mixed_mult_1_12/g38105/ZN         -       A->ZN  R     OAI21_X1       2  5.1   130   103    2898    (-,-) 
  u_DCT/bdeg/mult_e_mixed_mult_1_12/g38039/ZN         -       A1->ZN F     NOR2_X1        2  4.9    41    66    2964    (-,-) 
  u_DCT/bdeg/mult_e_mixed_mult_1_12/g38037/ZN         -       A->ZN  R     INV_X1         1  2.9    33    63    3027    (-,-) 
  u_DCT/bdeg/mult_e_mixed_mult_1_12/g38015/ZN         -       A1->ZN F     NAND2_X1       1  3.4    24    47    3074    (-,-) 
  u_DCT/bdeg/mult_e_mixed_mult_1_12/g37999/ZN         -       A->ZN  F     XNOR2_X1       1  2.0    26   122    3196    (-,-) 
  u_DCT/bdeg/mult_e_mixed_mult_1_12/g38837/Z          -       A->Z   F     CLKBUF_X1      2  4.8    32   115    3311    (-,-) 
  u_DCT/bdeg/mult_e_mixed_mult_1_12/g37920/ZN         -       A2->ZN R     NAND2_X1       1  2.9    42    72    3383    (-,-) 
  u_DCT/bdeg/mult_e_mixed_mult_1_12/g38839/ZN         -       A->ZN  F     INV_X1         1  3.9    16    36    3419    (-,-) 
  u_DCT/bdeg/mult_e_mixed_mult_1_12/g37907/CO         -       CI->CO F     FA_X1          1  3.9    53   272    3691    (-,-) 
  u_DCT/bdeg/mult_e_mixed_mult_1_12/g37906/CO         -       CI->CO F     FA_X1          1  3.9    53   287    3978    (-,-) 
  u_DCT/bdeg/mult_e_mixed_mult_1_12/g37905/CO         -       CI->CO F     FA_X1          1  3.9    53   287    4265    (-,-) 
  u_DCT/bdeg/mult_e_mixed_mult_1_12/g37904/CO         -       CI->CO F     FA_X1          1  3.9    53   287    4552    (-,-) 
  u_DCT/bdeg/mult_e_mixed_mult_1_12/g37903/CO         -       CI->CO F     FA_X1          1  3.9    53   287    4840    (-,-) 
  u_DCT/bdeg/mult_e_mixed_mult_1_12/g37902/CO         -       CI->CO F     FA_X1          1  3.9    53   287    5127    (-,-) 
  u_DCT/bdeg/mult_e_mixed_mult_1_12/g37901/CO         -       CI->CO F     FA_X1          1  3.9    53   287    5414    (-,-) 
  u_DCT/bdeg/mult_e_mixed_mult_1_12/g37900/CO         -       CI->CO F     FA_X1          1  3.9    53   287    5702    (-,-) 
  u_DCT/bdeg/mult_e_mixed_mult_1_12/g37899/CO         -       CI->CO F     FA_X1          1  3.9    53   287    5989    (-,-) 
  u_DCT/bdeg/mult_e_mixed_mult_1_12/g37898/CO         -       CI->CO F     FA_X1          1  3.9    53   287    6276    (-,-) 
  u_DCT/bdeg/mult_e_mixed_mult_1_12/g37897/CO         -       CI->CO F     FA_X1          1  3.9    53   287    6564    (-,-) 
  u_DCT/bdeg/mult_e_mixed_mult_1_12/g37896/CO         -       CI->CO F     FA_X1          1  3.9    53   287    6851    (-,-) 
  u_DCT/bdeg/mult_e_mixed_mult_1_12/g37895/CO         -       CI->CO F     FA_X1          1  3.9    53   287    7138    (-,-) 
  u_DCT/bdeg/mult_e_mixed_mult_1_12/g37894/CO         -       CI->CO F     FA_X1          1  3.9    53   287    7426    (-,-) 
  u_DCT/bdeg/mult_e_mixed_mult_1_12/g37893/CO         -       CI->CO F     FA_X1          1  3.9    53   287    7713    (-,-) 
  u_DCT/bdeg/mult_e_mixed_mult_1_12/g37892/CO         -       CI->CO F     FA_X1          1  3.9    53   287    8000    (-,-) 
  u_DCT/bdeg/mult_e_mixed_mult_1_12/g37891/CO         -       CI->CO F     FA_X1          1  3.9    53   287    8287    (-,-) 
  u_DCT/bdeg/mult_e_mixed_mult_1_12/g37890/CO         -       CI->CO F     FA_X1          1  3.9    53   287    8575    (-,-) 
  u_DCT/bdeg/mult_e_mixed_mult_1_12/g37889/CO         -       CI->CO F     FA_X1          1  2.3    46   273    8848    (-,-) 
  u_DCT/bdeg/mult_e_mixed_mult_1_12/retime_s1_6_reg/D -       -      F     SDFF_X1        1    -     -     0    8848    (-,-) 
#-----------------------------------------------------------------------------------------------------------------------------


