============================================================
  Generated by:           Genus(TM) Synthesis Solution 19.10-p002_1
  Generated on:           Jun 03 2020  11:46:56 am
  Module:                 CHIP
  Operating conditions:   slow 
  Interconnect mode:      global
  Area mode:              physical library
============================================================


Path 1: MET (39721 ps) Setup Check with Pin u_IDCT/tposemem_Bisted_RF_2P_ADV64x16_RF_2P_ADV64x16_u0_SRAM_i0/CLKA->CLKB
           Mode: scan_mode
          Group: I2C_scan_mode
     Startpoint: (F) CLK
          Clock: (F) CLK1
       Endpoint: (R) u_IDCT/tposemem_Bisted_RF_2P_ADV64x16_RF_2P_ADV64x16_u0_SRAM_i0/CLKB
          Clock: (R) CLK1

                     Capture       Launch     
        Clock Edge:+  100000        50000     
        Drv Adjust:+       0        10000     
       Src Latency:+       0            0     
       Net Latency:+    2000 (I)        0 (I) 
           Arrival:=  102000        60000     
                                              
             Setup:-     564                  
       Uncertainty:-     500                  
     Required Time:=  100936                  
      Launch Clock:-   60000                  
       Input Delay:-       0                  
         Data Path:-    1215                  
             Slack:=   39721                  

Exceptions/Constraints:
  input_delay              0              create_clock_delay_domain_1_CLK1_F_0_1 

#-----------------------------------------------------------------------------------------------------------------------------------------------
#                            Timing Point                              Flags    Arc   Edge   Cell     Fanout  Load Trans Delay Arrival Instance 
#                                                                                                             (fF)  (ps)  (ps)   (ps)  Location 
#-----------------------------------------------------------------------------------------------------------------------------------------------
  CLK                                                                  -       -      F     (arrival)      1 100.0 10000     0   60000    (-,-) 
  ipad_CLK/C                                                           (i,P)   PAD->C F     PADIN        670   0.0     0  1200   61200    (-,-) 
  u_IDCT/g3872/ZN                                                      (i)     A->ZN  R     INV_X1         6   0.0     0    15   61215    (-,-) 
  u_IDCT/tposemem_Bisted_RF_2P_ADV64x16_RF_2P_ADV64x16_u0_SRAM_i0/CLKB (P)     -      R     rf_2p_hse      6     -     -     0   61215    (-,-) 
#-----------------------------------------------------------------------------------------------------------------------------------------------

(P) : Instance is preserved
(i) : Net is ideal.



Path 2: MET (39721 ps) Setup Check with Pin u_DCT/tposemem_Bisted_RF_2P_ADV64x16_RF_2P_ADV64x16_u0_SRAM_i0/CLKA->CLKB
           Mode: scan_mode
          Group: I2C_scan_mode
     Startpoint: (F) CLK
          Clock: (F) CLK1
       Endpoint: (R) u_DCT/tposemem_Bisted_RF_2P_ADV64x16_RF_2P_ADV64x16_u0_SRAM_i0/CLKB
          Clock: (R) CLK1

                     Capture       Launch     
        Clock Edge:+  100000        50000     
        Drv Adjust:+       0        10000     
       Src Latency:+       0            0     
       Net Latency:+    2000 (I)        0 (I) 
           Arrival:=  102000        60000     
                                              
             Setup:-     564                  
       Uncertainty:-     500                  
     Required Time:=  100936                  
      Launch Clock:-   60000                  
       Input Delay:-       0                  
         Data Path:-    1215                  
             Slack:=   39721                  

Exceptions/Constraints:
  input_delay              0              create_clock_delay_domain_1_CLK1_F_0_1 

#----------------------------------------------------------------------------------------------------------------------------------------------
#                            Timing Point                             Flags    Arc   Edge   Cell     Fanout  Load Trans Delay Arrival Instance 
#                                                                                                            (fF)  (ps)  (ps)   (ps)  Location 
#----------------------------------------------------------------------------------------------------------------------------------------------
  CLK                                                                 -       -      F     (arrival)      1 100.0 10000     0   60000    (-,-) 
  ipad_CLK/C                                                          (i,P)   PAD->C F     PADIN        670   0.0     0  1200   61200    (-,-) 
  u_DCT/g3872/ZN                                                      (i)     A->ZN  R     INV_X1         6   0.0     0    15   61215    (-,-) 
  u_DCT/tposemem_Bisted_RF_2P_ADV64x16_RF_2P_ADV64x16_u0_SRAM_i0/CLKB (P)     -      R     rf_2p_hse      6     -     -     0   61215    (-,-) 
#----------------------------------------------------------------------------------------------------------------------------------------------

(P) : Instance is preserved
(i) : Net is ideal.



Path 3: MET (39814 ps) Setup Check with Pin u_IDCT/tposemem_Bisted_RF_2P_ADV64x16_RF_2P_ADV64x16_u0_SRAM_i0/CLKB->CLKA
           Mode: scan_mode
          Group: I2C_scan_mode
     Startpoint: (R) CLK
          Clock: (R) CLK1
       Endpoint: (R) u_IDCT/tposemem_Bisted_RF_2P_ADV64x16_RF_2P_ADV64x16_u0_SRAM_i0/CLKA
          Clock: (F) CLK1

                     Capture       Launch     
        Clock Edge:+   50000            0     
        Drv Adjust:+       0        10000     
       Src Latency:+       0            0     
       Net Latency:+    2000 (I)        0 (I) 
           Arrival:=   52000        10000     
                                              
             Setup:-     486                  
       Uncertainty:-     500                  
     Required Time:=   51014                  
      Launch Clock:-   10000                  
       Input Delay:-       0                  
         Data Path:-    1200                  
             Slack:=   39814                  

Exceptions/Constraints:
  input_delay              0              create_clock_delay_domain_1_CLK1_R_0_1 

#-----------------------------------------------------------------------------------------------------------------------------------------------
#                            Timing Point                              Flags    Arc   Edge   Cell     Fanout  Load Trans Delay Arrival Instance 
#                                                                                                             (fF)  (ps)  (ps)   (ps)  Location 
#-----------------------------------------------------------------------------------------------------------------------------------------------
  CLK                                                                  -       -      R     (arrival)      1 100.0 10000     0   10000    (-,-) 
  ipad_CLK/C                                                           (i,P)   PAD->C R     PADIN        670   0.0     0  1200   11200    (-,-) 
  u_IDCT/tposemem_Bisted_RF_2P_ADV64x16_RF_2P_ADV64x16_u0_SRAM_i0/CLKA (P)     -      R     rf_2p_hse    670     -     -     0   11200    (-,-) 
#-----------------------------------------------------------------------------------------------------------------------------------------------

(P) : Instance is preserved
(i) : Net is ideal.



Path 4: MET (39814 ps) Setup Check with Pin u_DCT/tposemem_Bisted_RF_2P_ADV64x16_RF_2P_ADV64x16_u0_SRAM_i0/CLKB->CLKA
           Mode: scan_mode
          Group: I2C_scan_mode
     Startpoint: (R) CLK
          Clock: (R) CLK1
       Endpoint: (R) u_DCT/tposemem_Bisted_RF_2P_ADV64x16_RF_2P_ADV64x16_u0_SRAM_i0/CLKA
          Clock: (F) CLK1

                     Capture       Launch     
        Clock Edge:+   50000            0     
        Drv Adjust:+       0        10000     
       Src Latency:+       0            0     
       Net Latency:+    2000 (I)        0 (I) 
           Arrival:=   52000        10000     
                                              
             Setup:-     486                  
       Uncertainty:-     500                  
     Required Time:=   51014                  
      Launch Clock:-   10000                  
       Input Delay:-       0                  
         Data Path:-    1200                  
             Slack:=   39814                  

Exceptions/Constraints:
  input_delay              0              create_clock_delay_domain_1_CLK1_R_0_1 

#----------------------------------------------------------------------------------------------------------------------------------------------
#                            Timing Point                             Flags    Arc   Edge   Cell     Fanout  Load Trans Delay Arrival Instance 
#                                                                                                            (fF)  (ps)  (ps)   (ps)  Location 
#----------------------------------------------------------------------------------------------------------------------------------------------
  CLK                                                                 -       -      R     (arrival)      1 100.0 10000     0   10000    (-,-) 
  ipad_CLK/C                                                          (i,P)   PAD->C R     PADIN        670   0.0     0  1200   11200    (-,-) 
  u_DCT/tposemem_Bisted_RF_2P_ADV64x16_RF_2P_ADV64x16_u0_SRAM_i0/CLKA (P)     -      R     rf_2p_hse    670     -     -     0   11200    (-,-) 
#----------------------------------------------------------------------------------------------------------------------------------------------

(P) : Instance is preserved
(i) : Net is ideal.



Path 5: MET (46000 ps) Setup Check with Pin u_DCT/tposemem_Bisted_RF_2P_ADV64x16_RF_2P_ADV64x16_u0_SRAM_i0/CLKB->DB[15]
           Mode: scan_mode
          Group: C2C_scan_mode
     Startpoint: (R) u_DCT/IDRU8/Count_reg[0]/CK
          Clock: (R) CLK1
       Endpoint: (R) u_DCT/tposemem_Bisted_RF_2P_ADV64x16_RF_2P_ADV64x16_u0_SRAM_i0/DB[15]
          Clock: (F) CLK1

                     Capture       Launch     
        Clock Edge:+   50000            0     
       Src Latency:+       0            0     
       Net Latency:+    2000 (I)     2000 (I) 
           Arrival:=   52000         2000     
                                              
             Setup:-     252                  
       Uncertainty:-     500                  
     Required Time:=   51248                  
      Launch Clock:-    2000                  
         Data Path:-    3248                  
             Slack:=   46000                  

#-----------------------------------------------------------------------------------------------------------------------------------------------
#                             Timing Point                              Flags    Arc   Edge   Cell     Fanout Load Trans Delay Arrival Instance 
#                                                                                                             (fF)  (ps)  (ps)   (ps)  Location 
#-----------------------------------------------------------------------------------------------------------------------------------------------
  u_DCT/IDRU8/Count_reg[0]/CK                                           -       -      R     (arrival)     23    -     0     -    2000    (-,-) 
  u_DCT/IDRU8/Count_reg[0]/Q                                            -       CK->Q  F     SDFF_X2        3 10.2    78   360    2360    (-,-) 
  u_DCT/IDRU8/g5849/ZN                                                  -       A->ZN  R     INV_X4         4 11.9    41    85    2444    (-,-) 
  u_DCT/IDRU8/g5847/ZN                                                  -       A->ZN  F     INV_X2         4 19.3    25    52    2497    (-,-) 
  u_DCT/IDRU8/g5815__7344/ZN                                            -       A1->ZN F     AND3_X2        3  9.5    26   114    2611    (-,-) 
  u_DCT/IDRU8/g5807/ZN                                                  -       A->ZN  R     INV_X2         1  7.4    39    62    2672    (-,-) 
  u_DCT/IDRU8/g5805/ZN                                                  -       A->ZN  F     INV_X4        30 64.4    36    66    2739    (-,-) 
  u_DCT/IDRU8/g5712__6083/ZN                                            -       A1->ZN R     AOI22_X1       1  2.9   114   145    2883    (-,-) 
  u_DCT/IDRU8/g5619__7118/ZN                                            -       A2->ZN F     NAND4_X1       4 10.2   113   199    3083    (-,-) 
  u_DCT/IDRU8/add_86_45_g743__8780/ZN                                   -       A1->ZN F     OR2_X1         2  4.8    38   235    3318    (-,-) 
  u_DCT/IDRU8/add_86_45_g686__1309/ZN                                   -       A2->ZN R     NAND2_X1       1  4.3    53    87    3405    (-,-) 
  u_DCT/IDRU8/add_86_45_g684__9682/ZN                                   -       A1->ZN F     NAND2_X2       3  7.6    28    58    3463    (-,-) 
  u_DCT/IDRU8/add_86_45_g680__4296/ZN                                   -       A1->ZN R     NAND3_X1       1  4.2    60    77    3540    (-,-) 
  u_DCT/IDRU8/add_86_45_g679__8780/ZN                                   -       A1->ZN F     NAND3_X2       2  5.5    37    72    3612    (-,-) 
  u_DCT/IDRU8/add_86_45_g677__1857/ZN                                   -       A1->ZN R     NAND2_X1       1  4.3    53    79    3691    (-,-) 
  u_DCT/IDRU8/add_86_45_g675__1840/ZN                                   -       A1->ZN F     NAND2_X2       2  5.5    24    52    3743    (-,-) 
  u_DCT/IDRU8/add_86_45_g674__7344/ZN                                   -       A1->ZN R     NAND2_X1       1  2.9    42    60    3802    (-,-) 
  u_DCT/IDRU8/add_86_45_g672__2703/ZN                                   -       A1->ZN F     NAND2_X1       2  4.8    30    58    3861    (-,-) 
  u_DCT/IDRU8/add_86_45_g671__6083/ZN                                   -       A1->ZN F     AND2_X1        3  6.2    28   119    3980    (-,-) 
  u_DCT/IDRU8/add_86_45_g669__5266/ZN                                   -       A1->ZN R     NAND2_X1       1  4.6    56    76    4056    (-,-) 
  u_DCT/IDRU8/add_86_45_g666__5953/ZN                                   -       A->ZN  F     OAI211_X2      2  6.8    71    97    4153    (-,-) 
  u_DCT/IDRU8/add_86_45_g664__8757/ZN                                   -       A1->ZN R     NAND2_X2       2  6.8    47    92    4244    (-,-) 
  u_DCT/IDRU8/add_86_45_g659__6877/ZN                                   -       B1->ZN F     OAI221_X2      3  7.4    77   100    4344    (-,-) 
  u_DCT/IDRU8/add_86_45_g654__1474/ZN                                   -       B1->ZN R     AOI21_X1       1  2.9   103   146    4491    (-,-) 
  u_DCT/IDRU8/add_86_45_g653__3772/ZN                                   -       B1->ZN F     OAI21_X1       1  3.9    46    80    4571    (-,-) 
  u_DCT/IDRU8/add_86_45_g651__8780/CO                                   -       CI->CO F     FA_X1          1  3.4    51   280    4850    (-,-) 
  u_DCT/IDRU8/add_86_45_g650__9906/ZN                                   -       A->ZN  R     XNOR2_X1       1  2.9    93   137    4987    (-,-) 
  u_DCT/IDRU8/g5247__6877/ZN                                            -       A1->ZN F     NAND2_X1       1  2.8    41    65    5052    (-,-) 
  u_DCT/IDRU8/g5122__7675/ZN                                            -       A1->ZN R     NAND2_X1       1  2.9    46    69    5121    (-,-) 
  u_DCT/g3865/ZN                                                        -       A->ZN  F     INV_X1         1  3.9    17    38    5159    (-,-) 
  u_DCT/g3765/ZN                                                        -       B1->ZN R     OAI21_X2       1  2.6    63    89    5248    (-,-) 
  u_DCT/tposemem_Bisted_RF_2P_ADV64x16_RF_2P_ADV64x16_u0_SRAM_i0/DB[15] (P)     -      R     rf_2p_hse      1    -     -     0    5248    (-,-) 
#-----------------------------------------------------------------------------------------------------------------------------------------------

(P) : Instance is preserved



Path 6: MET (46001 ps) Setup Check with Pin u_DCT/tposemem_Bisted_RF_2P_ADV64x16_RF_2P_ADV64x16_u0_SRAM_i0/CLKB->DB[14]
           Mode: scan_mode
          Group: C2C_scan_mode
     Startpoint: (R) u_DCT/IDRU8/Count_reg[0]/CK
          Clock: (R) CLK1
       Endpoint: (F) u_DCT/tposemem_Bisted_RF_2P_ADV64x16_RF_2P_ADV64x16_u0_SRAM_i0/DB[14]
          Clock: (F) CLK1

                     Capture       Launch     
        Clock Edge:+   50000            0     
       Src Latency:+       0            0     
       Net Latency:+    2000 (I)     2000 (I) 
           Arrival:=   52000         2000     
                                              
             Setup:-     236                  
       Uncertainty:-     500                  
     Required Time:=   51264                  
      Launch Clock:-    2000                  
         Data Path:-    3263                  
             Slack:=   46001                  

#-----------------------------------------------------------------------------------------------------------------------------------------------
#                             Timing Point                              Flags    Arc   Edge   Cell     Fanout Load Trans Delay Arrival Instance 
#                                                                                                             (fF)  (ps)  (ps)   (ps)  Location 
#-----------------------------------------------------------------------------------------------------------------------------------------------
  u_DCT/IDRU8/Count_reg[0]/CK                                           -       -      R     (arrival)     23    -     0     -    2000    (-,-) 
  u_DCT/IDRU8/Count_reg[0]/Q                                            -       CK->Q  F     SDFF_X2        3 10.2    78   360    2360    (-,-) 
  u_DCT/IDRU8/g5849/ZN                                                  -       A->ZN  R     INV_X4         4 11.9    41    85    2444    (-,-) 
  u_DCT/IDRU8/g5834__1840/ZN                                            -       A2->ZN R     AND2_X2        7 18.8    87   164    2608    (-,-) 
  u_DCT/IDRU8/g5833/ZN                                                  -       A->ZN  F     INV_X2         7 14.5    32    65    2673    (-,-) 
  u_DCT/IDRU8/g5728__4547/ZN                                            -       B1->ZN R     OAI22_X1       1  2.9   128   169    2842    (-,-) 
  u_DCT/IDRU8/g5872/ZN                                                  -       A->ZN  F     AOI21_X1       1  2.8    38    70    2912    (-,-) 
  u_DCT/IDRU8/g2/ZN                                                     -       A1->ZN R     NAND2_X1       2  6.8    74   100    3013    (-,-) 
  u_DCT/IDRU8/add_86_45_g704__5019/ZN                                   -       A->ZN  F     OAI211_X2      1  4.1    48    94    3107    (-,-) 
  u_DCT/IDRU8/add_86_45_g694__5953/ZN                                   -       A1->ZN R     NAND2_X2       2  5.7    42    73    3180    (-,-) 
  u_DCT/IDRU8/add_86_45_g691__7118/ZN                                   -       A1->ZN F     NAND2_X1       1  4.1    26    55    3235    (-,-) 
  u_DCT/IDRU8/add_86_45_g688__2900/ZN                                   -       A1->ZN R     NAND2_X2       2  5.7    42    60    3295    (-,-) 
  u_DCT/IDRU8/add_86_45_g686__1309/ZN                                   -       A1->ZN F     NAND2_X1       1  4.1    26    55    3350    (-,-) 
  u_DCT/IDRU8/add_86_45_g684__9682/ZN                                   -       A1->ZN R     NAND2_X2       3  7.9    51    70    3420    (-,-) 
  u_DCT/IDRU8/add_86_45_g680__4296/ZN                                   -       A1->ZN F     NAND3_X1       1  4.1    43    77    3497    (-,-) 
  u_DCT/IDRU8/add_86_45_g679__8780/ZN                                   -       A1->ZN R     NAND3_X2       2  5.7    52    76    3573    (-,-) 
  u_DCT/IDRU8/add_86_45_g677__1857/ZN                                   -       A1->ZN F     NAND2_X1       1  4.1    28    59    3631    (-,-) 
  u_DCT/IDRU8/add_86_45_g675__1840/ZN                                   -       A1->ZN R     NAND2_X2       2  5.7    44    62    3693    (-,-) 
  u_DCT/IDRU8/add_86_45_g674__7344/ZN                                   -       A1->ZN F     NAND2_X1       1  2.8    22    49    3742    (-,-) 
  u_DCT/IDRU8/add_86_45_g672__2703/ZN                                   -       A1->ZN R     NAND2_X1       2  5.0    61    76    3818    (-,-) 
  u_DCT/IDRU8/add_86_45_g671__6083/ZN                                   -       A1->ZN R     AND2_X1        3  6.6    64   150    3968    (-,-) 
  u_DCT/IDRU8/add_86_45_g669__5266/ZN                                   -       A1->ZN F     NAND2_X1       1  4.3    38    65    4033    (-,-) 
  u_DCT/IDRU8/add_86_45_g666__5953/ZN                                   -       A->ZN  R     OAI211_X2      2  7.1   114    97    4130    (-,-) 
  u_DCT/IDRU8/add_86_45_g664__8757/ZN                                   -       A1->ZN F     NAND2_X2       2  6.3    40    73    4203    (-,-) 
  u_DCT/IDRU8/add_86_45_g659__6877/ZN                                   -       B1->ZN R     OAI221_X2      3  7.9   172   228    4431    (-,-) 
  u_DCT/IDRU8/add_86_45_g654__1474/ZN                                   -       B1->ZN F     AOI21_X1       1  2.7    52    83    4514    (-,-) 
  u_DCT/IDRU8/add_86_45_g653__3772/ZN                                   -       B1->ZN R     OAI21_X1       1  4.0   111   158    4672    (-,-) 
  u_DCT/IDRU8/add_86_45_g651__8780/S                                    -       CI->S  F     FA_X1          1  2.8    57   344    5016    (-,-) 
  u_DCT/IDRU8/g5266__1857/ZN                                            -       A1->ZN R     NAND2_X1       1  2.9    48    78    5095    (-,-) 
  u_DCT/IDRU8/g5123__7118/ZN                                            -       A1->ZN F     NAND2_X1       1  2.8    40    50    5145    (-,-) 
  u_DCT/g3864/ZN                                                        -       A->ZN  R     INV_X1         1  4.3    43    75    5220    (-,-) 
  u_DCT/g3745/ZN                                                        -       B1->ZN F     OAI21_X2       1  2.6    26    43    5263    (-,-) 
  u_DCT/tposemem_Bisted_RF_2P_ADV64x16_RF_2P_ADV64x16_u0_SRAM_i0/DB[14] (P)     -      F     rf_2p_hse      1    -     -     0    5263    (-,-) 
#-----------------------------------------------------------------------------------------------------------------------------------------------

(P) : Instance is preserved



Path 7: MET (46002 ps) Setup Check with Pin u_IDCT/tposemem_Bisted_RF_2P_ADV64x16_RF_2P_ADV64x16_u0_SRAM_i0/CLKB->DB[15]
           Mode: scan_mode
          Group: C2C_scan_mode
     Startpoint: (R) u_IDCT/IDRU8/Count_reg[0]/CK
          Clock: (R) CLK1
       Endpoint: (R) u_IDCT/tposemem_Bisted_RF_2P_ADV64x16_RF_2P_ADV64x16_u0_SRAM_i0/DB[15]
          Clock: (F) CLK1

                     Capture       Launch     
        Clock Edge:+   50000            0     
       Src Latency:+       0            0     
       Net Latency:+    2000 (I)     2000 (I) 
           Arrival:=   52000         2000     
                                              
             Setup:-     263                  
       Uncertainty:-     500                  
     Required Time:=   51237                  
      Launch Clock:-    2000                  
         Data Path:-    3235                  
             Slack:=   46002                  

#------------------------------------------------------------------------------------------------------------------------------------------------
#                             Timing Point                               Flags    Arc   Edge   Cell     Fanout Load Trans Delay Arrival Instance 
#                                                                                                              (fF)  (ps)  (ps)   (ps)  Location 
#------------------------------------------------------------------------------------------------------------------------------------------------
  u_IDCT/IDRU8/Count_reg[0]/CK                                           -       -      R     (arrival)     23    -     0     -    2000    (-,-) 
  u_IDCT/IDRU8/Count_reg[0]/Q                                            -       CK->Q  F     SDFF_X1        4 15.6    73   303    2303    (-,-) 
  u_IDCT/IDRU8/g5740/ZN                                                  -       A->ZN  R     INV_X4         3 20.5    55   102    2405    (-,-) 
  u_IDCT/IDRU8/g5725/ZN                                                  -       A2->ZN F     NAND2_X4       4 18.0    31    64    2469    (-,-) 
  u_IDCT/IDRU8/g5723/ZN                                                  -       A->ZN  R     INV_X8        19 42.7    52    79    2548    (-,-) 
  u_IDCT/IDRU8/g5762/ZN                                                  -       A1->ZN R     AND2_X4       18 40.7    93   172    2720    (-,-) 
  u_IDCT/IDRU8/g5700/ZN                                                  -       A1->ZN F     NAND2_X1       1  2.1    32    59    2779    (-,-) 
  u_IDCT/IDRU8/g5609/ZN                                                  -       A1->ZN F     AND3_X1        1  2.8    22   115    2894    (-,-) 
  u_IDCT/IDRU8/g5576/ZN                                                  -       A1->ZN R     NAND3_X1       4  8.2    93   108    3002    (-,-) 
  u_IDCT/IDRU8/add_86_45_g754/ZN                                         -       A2->ZN R     OR2_X1         2  5.1    52   130    3133    (-,-) 
  u_IDCT/IDRU8/add_86_45_g694/ZN                                         -       A2->ZN F     NAND2_X1       1  4.1    26    60    3193    (-,-) 
  u_IDCT/IDRU8/add_86_45_g692/ZN                                         -       A1->ZN R     NAND2_X2       2  5.7    43    60    3254    (-,-) 
  u_IDCT/IDRU8/add_86_45_g689/ZN                                         -       A1->ZN F     NAND2_X1       1  4.1    26    55    3309    (-,-) 
  u_IDCT/IDRU8/add_86_45_g687/ZN                                         -       A1->ZN R     NAND2_X2       3  7.9    52    70    3379    (-,-) 
  u_IDCT/IDRU8/add_86_45_g683/ZN                                         -       A1->ZN F     NAND3_X1       1  2.8    35    67    3446    (-,-) 
  u_IDCT/IDRU8/add_86_45_g682/ZN                                         -       A1->ZN R     NAND2_X1       2  5.7    65    90    3536    (-,-) 
  u_IDCT/IDRU8/add_86_45_g680/ZN                                         -       A1->ZN F     NAND2_X1       1  2.8    27    56    3591    (-,-) 
  u_IDCT/IDRU8/add_86_45_g678/ZN                                         -       A1->ZN R     NAND2_X1       2  5.7    65    85    3676    (-,-) 
  u_IDCT/IDRU8/add_86_45_g677/ZN                                         -       A1->ZN F     NAND2_X1       1  2.8    27    56    3732    (-,-) 
  u_IDCT/IDRU8/add_86_45_g675/ZN                                         -       A1->ZN R     NAND2_X1       2  5.0    61    79    3811    (-,-) 
  u_IDCT/IDRU8/add_86_45_g674/ZN                                         -       A1->ZN R     AND2_X1        3  6.6    64   150    3961    (-,-) 
  u_IDCT/IDRU8/add_86_45_g672/ZN                                         -       A1->ZN F     NAND2_X1       1  4.1    37    64    4024    (-,-) 
  u_IDCT/IDRU8/add_86_45_g669/ZN                                         -       B->ZN  R     OAI211_X2      2  5.7   102    98    4122    (-,-) 
  u_IDCT/IDRU8/add_86_45_g667/ZN                                         -       A1->ZN F     NAND2_X1       2  4.8    42    83    4205    (-,-) 
  u_IDCT/IDRU8/add_86_45_g663/ZN                                         -       A1->ZN R     NOR2_X1        2  6.6   146   191    4396    (-,-) 
  u_IDCT/IDRU8/add_86_45_g660/ZN                                         -       A1->ZN F     NOR2_X2        1  2.7    35    41    4437    (-,-) 
  u_IDCT/IDRU8/add_86_45_g657/ZN                                         -       B1->ZN R     OAI21_X1       1  2.9    92   128    4565    (-,-) 
  u_IDCT/IDRU8/add_86_45_g654/ZN                                         -       B1->ZN F     AOI21_X1       2  5.4    42    86    4651    (-,-) 
  u_IDCT/IDRU8/add_86_45_g651/ZN                                         -       B1->ZN R     OAI21_X1       1  3.5   102   143    4794    (-,-) 
  u_IDCT/IDRU8/add_86_45_g650/ZN                                         -       A->ZN  R     XNOR2_X1       1  2.9    93   156    4950    (-,-) 
  u_IDCT/IDRU8/g5069/ZN                                                  -       C1->ZN F     AOI221_X1      1  2.8    54    72    5023    (-,-) 
  u_IDCT/IDRU8/g5067/ZN                                                  -       A->ZN  R     INV_X1         1  2.9    35    70    5093    (-,-) 
  u_IDCT/g3865/ZN                                                        -       A->ZN  F     INV_X1         1  2.7    13    29    5122    (-,-) 
  u_IDCT/g3766/ZN                                                        -       B1->ZN R     OAI21_X1       1  2.6    86   113    5235    (-,-) 
  u_IDCT/tposemem_Bisted_RF_2P_ADV64x16_RF_2P_ADV64x16_u0_SRAM_i0/DB[15] (P)     -      R     rf_2p_hse      1    -     -     0    5235    (-,-) 
#------------------------------------------------------------------------------------------------------------------------------------------------

(P) : Instance is preserved



Path 8: MET (46002 ps) Setup Check with Pin u_IDCT/tposemem_Bisted_RF_2P_ADV64x16_RF_2P_ADV64x16_u0_SRAM_i0/CLKB->DB[13]
           Mode: scan_mode
          Group: C2C_scan_mode
     Startpoint: (R) d_DoDCT_reg/CK
          Clock: (R) CLK1
       Endpoint: (F) u_IDCT/tposemem_Bisted_RF_2P_ADV64x16_RF_2P_ADV64x16_u0_SRAM_i0/DB[13]
          Clock: (F) CLK1

                     Capture       Launch     
        Clock Edge:+   50000            0     
       Src Latency:+       0            0     
       Net Latency:+    2000 (I)     2000 (I) 
           Arrival:=   52000         2000     
                                              
             Setup:-     238                  
       Uncertainty:-     500                  
     Required Time:=   51262                  
      Launch Clock:-    2000                  
         Data Path:-    3260                  
             Slack:=   46002                  

#------------------------------------------------------------------------------------------------------------------------------------------------
#                             Timing Point                               Flags    Arc   Edge   Cell     Fanout Load Trans Delay Arrival Instance 
#                                                                                                              (fF)  (ps)  (ps)   (ps)  Location 
#------------------------------------------------------------------------------------------------------------------------------------------------
  d_DoDCT_reg/CK                                                         -       -      R     (arrival)    670    -     0     -    2000    (-,-) 
  d_DoDCT_reg/Q                                                          -       CK->Q  F     SDFF_X1        1  4.1    48   242    2242    (-,-) 
  g546/Z                                                                 -       A->Z   F     BUF_X4        11 36.6    30   122    2363    (-,-) 
  g375/ZN                                                                -       A->ZN  R     INV_X8         7 25.1    35    60    2423    (-,-) 
  u_IDCT/IDRU8/g5749/ZN                                                  -       A->ZN  F     INV_X4         4 18.7    16    35    2459    (-,-) 
  u_IDCT/IDRU8/g5721/ZN                                                  -       A3->ZN R     NAND3_X4       2 11.0    50    73    2532    (-,-) 
  u_IDCT/IDRU8/g5715/ZN                                                  -       A->ZN  F     INV_X4        18 37.6    26    56    2588    (-,-) 
  u_IDCT/IDRU8/g5682/ZN                                                  -       A1->ZN R     AOI22_X1       1  2.2   101   127    2714    (-,-) 
  u_IDCT/IDRU8/g5612/ZN                                                  -       A1->ZN R     AND2_X1        1  2.9    37   136    2850    (-,-) 
  u_IDCT/IDRU8/g5573/ZN                                                  -       A2->ZN F     NAND3_X1       4 10.4    85   124    2974    (-,-) 
  u_IDCT/IDRU8/add_86_45_g754/ZN                                         -       A1->ZN F     OR2_X1         2  4.8    38   220    3193    (-,-) 
  u_IDCT/IDRU8/add_86_45_g694/ZN                                         -       A2->ZN R     NAND2_X1       1  4.3    53    87    3280    (-,-) 
  u_IDCT/IDRU8/add_86_45_g692/ZN                                         -       A1->ZN F     NAND2_X2       2  5.5    24    52    3332    (-,-) 
  u_IDCT/IDRU8/add_86_45_g689/ZN                                         -       A1->ZN R     NAND2_X1       1  4.3    53    72    3404    (-,-) 
  u_IDCT/IDRU8/add_86_45_g687/ZN                                         -       A1->ZN F     NAND2_X2       3  7.6    28    58    3462    (-,-) 
  u_IDCT/IDRU8/add_86_45_g683/ZN                                         -       A1->ZN R     NAND3_X1       1  2.9    50    66    3528    (-,-) 
  u_IDCT/IDRU8/add_86_45_g682/ZN                                         -       A1->ZN F     NAND2_X1       2  5.5    37    65    3593    (-,-) 
  u_IDCT/IDRU8/add_86_45_g680/ZN                                         -       A1->ZN R     NAND2_X1       1  2.9    42    67    3660    (-,-) 
  u_IDCT/IDRU8/add_86_45_g678/ZN                                         -       A1->ZN F     NAND2_X1       2  5.5    33    62    3721    (-,-) 
  u_IDCT/IDRU8/add_86_45_g677/ZN                                         -       A1->ZN R     NAND2_X1       1  2.9    42    64    3785    (-,-) 
  u_IDCT/IDRU8/add_86_45_g675/ZN                                         -       A1->ZN F     NAND2_X1       2  4.8    30    58    3844    (-,-) 
  u_IDCT/IDRU8/add_86_45_g674/ZN                                         -       A1->ZN F     AND2_X1        3  6.2    28   119    3963    (-,-) 
  u_IDCT/IDRU8/add_86_45_g672/ZN                                         -       A1->ZN R     NAND2_X1       1  4.4    54    74    4037    (-,-) 
  u_IDCT/IDRU8/add_86_45_g669/ZN                                         -       B->ZN  F     OAI211_X2      2  5.5    68    91    4128    (-,-) 
  u_IDCT/IDRU8/add_86_45_g667/ZN                                         -       A1->ZN R     NAND2_X1       2  5.1    60   104    4232    (-,-) 
  u_IDCT/IDRU8/add_86_45_g663/ZN                                         -       A1->ZN F     NOR2_X1        2  5.9    46    51    4283    (-,-) 
  u_IDCT/IDRU8/add_86_45_g661/ZN                                         -       A1->ZN R     NOR2_X1        2  5.7   130   175    4458    (-,-) 
  u_IDCT/IDRU8/add_86_45_g655/ZN                                         -       B1->ZN F     OAI21_X1       1  3.4    52    82    4540    (-,-) 
  u_IDCT/IDRU8/add_86_45_g653/ZN                                         -       A->ZN  F     XNOR2_X1       1  2.2    36   139    4679    (-,-) 
  u_IDCT/IDRU8/g5182/Z                                                   -       A->Z   F     MUX2_X1        2  3.7    40   242    4922    (-,-) 
  u_IDCT/IDRU8/g5059/Z                                                   -       A->Z   F     MUX2_X1        1  4.1    40   247    5169    (-,-) 
  u_IDCT/g3861/ZN                                                        -       A->ZN  R     INV_X2         1  2.9    24    51    5220    (-,-) 
  u_IDCT/g3746/ZN                                                        -       B1->ZN F     OAI21_X1       1  2.6    30    40    5260    (-,-) 
  u_IDCT/tposemem_Bisted_RF_2P_ADV64x16_RF_2P_ADV64x16_u0_SRAM_i0/DB[13] (P)     -      F     rf_2p_hse      1    -     -     0    5260    (-,-) 
#------------------------------------------------------------------------------------------------------------------------------------------------

(P) : Instance is preserved



Path 9: MET (46011 ps) Setup Check with Pin u_DCT/tposemem_Bisted_RF_2P_ADV64x16_RF_2P_ADV64x16_u0_SRAM_i0/CLKB->DB[13]
           Mode: scan_mode
          Group: C2C_scan_mode
     Startpoint: (R) u_DCT/IDRU8/Count_reg[0]/CK
          Clock: (R) CLK1
       Endpoint: (F) u_DCT/tposemem_Bisted_RF_2P_ADV64x16_RF_2P_ADV64x16_u0_SRAM_i0/DB[13]
          Clock: (F) CLK1

                     Capture       Launch     
        Clock Edge:+   50000            0     
       Src Latency:+       0            0     
       Net Latency:+    2000 (I)     2000 (I) 
           Arrival:=   52000         2000     
                                              
             Setup:-     238                  
       Uncertainty:-     500                  
     Required Time:=   51262                  
      Launch Clock:-    2000                  
         Data Path:-    3251                  
             Slack:=   46011                  

#-----------------------------------------------------------------------------------------------------------------------------------------------
#                             Timing Point                              Flags    Arc   Edge   Cell     Fanout Load Trans Delay Arrival Instance 
#                                                                                                             (fF)  (ps)  (ps)   (ps)  Location 
#-----------------------------------------------------------------------------------------------------------------------------------------------
  u_DCT/IDRU8/Count_reg[0]/CK                                           -       -      R     (arrival)     23    -     0     -    2000    (-,-) 
  u_DCT/IDRU8/Count_reg[0]/Q                                            -       CK->Q  F     SDFF_X2        3 10.2    78   360    2360    (-,-) 
  u_DCT/IDRU8/g5849/ZN                                                  -       A->ZN  R     INV_X4         4 11.9    41    85    2444    (-,-) 
  u_DCT/IDRU8/g5834__1840/ZN                                            -       A2->ZN R     AND2_X2        7 18.8    87   164    2608    (-,-) 
  u_DCT/IDRU8/g5833/ZN                                                  -       A->ZN  F     INV_X2         7 14.5    32    65    2673    (-,-) 
  u_DCT/IDRU8/g5728__4547/ZN                                            -       B1->ZN R     OAI22_X1       1  2.9   128   169    2842    (-,-) 
  u_DCT/IDRU8/g5872/ZN                                                  -       A->ZN  F     AOI21_X1       1  2.8    38    70    2912    (-,-) 
  u_DCT/IDRU8/g2/ZN                                                     -       A1->ZN R     NAND2_X1       2  6.8    74   100    3013    (-,-) 
  u_DCT/IDRU8/add_86_45_g704__5019/ZN                                   -       A->ZN  F     OAI211_X2      1  4.1    48    94    3107    (-,-) 
  u_DCT/IDRU8/add_86_45_g694__5953/ZN                                   -       A1->ZN R     NAND2_X2       2  5.7    42    73    3180    (-,-) 
  u_DCT/IDRU8/add_86_45_g691__7118/ZN                                   -       A1->ZN F     NAND2_X1       1  4.1    26    55    3235    (-,-) 
  u_DCT/IDRU8/add_86_45_g688__2900/ZN                                   -       A1->ZN R     NAND2_X2       2  5.7    42    60    3295    (-,-) 
  u_DCT/IDRU8/add_86_45_g686__1309/ZN                                   -       A1->ZN F     NAND2_X1       1  4.1    26    55    3350    (-,-) 
  u_DCT/IDRU8/add_86_45_g684__9682/ZN                                   -       A1->ZN R     NAND2_X2       3  7.9    51    70    3420    (-,-) 
  u_DCT/IDRU8/add_86_45_g680__4296/ZN                                   -       A1->ZN F     NAND3_X1       1  4.1    43    77    3497    (-,-) 
  u_DCT/IDRU8/add_86_45_g679__8780/ZN                                   -       A1->ZN R     NAND3_X2       2  5.7    52    76    3573    (-,-) 
  u_DCT/IDRU8/add_86_45_g677__1857/ZN                                   -       A1->ZN F     NAND2_X1       1  4.1    28    59    3631    (-,-) 
  u_DCT/IDRU8/add_86_45_g675__1840/ZN                                   -       A1->ZN R     NAND2_X2       2  5.7    44    62    3693    (-,-) 
  u_DCT/IDRU8/add_86_45_g674__7344/ZN                                   -       A1->ZN F     NAND2_X1       1  2.8    22    49    3742    (-,-) 
  u_DCT/IDRU8/add_86_45_g672__2703/ZN                                   -       A1->ZN R     NAND2_X1       2  5.0    61    76    3818    (-,-) 
  u_DCT/IDRU8/add_86_45_g671__6083/ZN                                   -       A1->ZN R     AND2_X1        3  6.6    64   150    3968    (-,-) 
  u_DCT/IDRU8/add_86_45_g669__5266/ZN                                   -       A1->ZN F     NAND2_X1       1  4.3    38    65    4033    (-,-) 
  u_DCT/IDRU8/add_86_45_g666__5953/ZN                                   -       A->ZN  R     OAI211_X2      2  7.1   114    97    4130    (-,-) 
  u_DCT/IDRU8/add_86_45_g664__8757/ZN                                   -       A1->ZN F     NAND2_X2       2  6.3    40    73    4203    (-,-) 
  u_DCT/IDRU8/add_86_45_g659__6877/ZN                                   -       B1->ZN R     OAI221_X2      3  7.9   172   228    4431    (-,-) 
  u_DCT/IDRU8/add_86_45_g655__4547/ZN                                   -       B1->ZN F     AOI21_X1       1  3.4    54    91    4522    (-,-) 
  u_DCT/IDRU8/add_86_45_g652__4296/ZN                                   -       A->ZN  F     XNOR2_X1       1  2.2    38   141    4663    (-,-) 
  u_DCT/IDRU8/g5271__1474/Z                                             -       A->Z   F     MUX2_X1        2  3.7    40   244    4907    (-,-) 
  u_DCT/IDRU8/g5121__2391/Z                                             -       A->Z   F     MUX2_X1        1  2.8    37   238    5145    (-,-) 
  u_DCT/g3861/ZN                                                        -       A->ZN  R     INV_X1         1  2.9    33    61    5206    (-,-) 
  u_DCT/g3746/ZN                                                        -       B1->ZN F     OAI21_X1       1  2.6    30    45    5250    (-,-) 
  u_DCT/tposemem_Bisted_RF_2P_ADV64x16_RF_2P_ADV64x16_u0_SRAM_i0/DB[13] (P)     -      F     rf_2p_hse      1    -     -     0    5251    (-,-) 
#-----------------------------------------------------------------------------------------------------------------------------------------------

(P) : Instance is preserved



Path 10: MET (46015 ps) Setup Check with Pin u_IDCT/DRU/ToACF_reg[14]/CK->D
           Mode: scan_mode
          Group: C2C_scan_mode
     Startpoint: (R) u_IDCT/tposemem_Bisted_RF_2P_ADV64x16_BistCtrl_i0_S44_Finish_reg/CK
          Clock: (F) CLK1
       Endpoint: (F) u_IDCT/DRU/ToACF_reg[14]/D
          Clock: (R) CLK1

                     Capture       Launch     
        Clock Edge:+  100000        50000     
       Src Latency:+       0            0     
       Net Latency:+    2000 (I)     2000 (I) 
           Arrival:=  102000        52000     
                                              
             Setup:-     266                  
       Uncertainty:-     500                  
     Required Time:=  101234                  
      Launch Clock:-   52000                  
         Data Path:-    3220                  
             Slack:=   46015                  

#---------------------------------------------------------------------------------------------------------------------------------------------
#                            Timing Point                             Flags    Arc   Edge   Cell     Fanout Load Trans Delay Arrival Instance 
#                                                                                                           (fF)  (ps)  (ps)   (ps)  Location 
#---------------------------------------------------------------------------------------------------------------------------------------------
  u_IDCT/tposemem_Bisted_RF_2P_ADV64x16_BistCtrl_i0_S44_Finish_reg/CK -       -      R     (arrival)      6    -     0     -   52000    (-,-) 
  u_IDCT/tposemem_Bisted_RF_2P_ADV64x16_BistCtrl_i0_S44_Finish_reg/Q  -       CK->Q  R     SDFF_X1        1  2.9    38   189   52189    (-,-) 
  u_IDCT/g3780/ZN                                                     -       A2->ZN F     NAND2_X1       2  4.7    33    58   52247    (-,-) 
  u_IDCT/g3770/ZN                                                     -       A2->ZN R     NAND2_X1       2  3.7    48    79   52326    (-,-) 
  u_IDCT/DRU/g2757/ZN                                                 -       A1->ZN R     AND2_X1        6 13.3   119   201   52527    (-,-) 
  u_IDCT/DRU/add_58_47_g1148/ZN                                       -       A2->ZN R     OR2_X1         2  5.1    55   139   52666    (-,-) 
  u_IDCT/DRU/add_58_47_g1126/ZN                                       -       A2->ZN F     NAND2_X1       1  2.8    27    54   52720    (-,-) 
  u_IDCT/DRU/add_58_47_g1125/ZN                                       -       A1->ZN R     NAND2_X1       2  5.7    68    85   52805    (-,-) 
  u_IDCT/DRU/add_58_47_g1123/ZN                                       -       A1->ZN F     NAND2_X1       1  2.8    28    56   52862    (-,-) 
  u_IDCT/DRU/add_58_47_g1121/ZN                                       -       A1->ZN R     NAND2_X1       2  6.0    70    88   52950    (-,-) 
  u_IDCT/DRU/add_58_47_g1120/ZN                                       -       A2->ZN F     NAND2_X1       1  2.7    25    59   53008    (-,-) 
  u_IDCT/DRU/add_58_47_g1118/ZN                                       -       A2->ZN R     NAND2_X1       2  6.0    67    94   53102    (-,-) 
  u_IDCT/DRU/add_58_47_g1117/ZN                                       -       A1->ZN F     NAND2_X1       1  2.8    28    56   53159    (-,-) 
  u_IDCT/DRU/add_58_47_g1115/ZN                                       -       A1->ZN R     NAND2_X1       2  5.7    68    86   53244    (-,-) 
  u_IDCT/DRU/add_58_47_g1114/ZN                                       -       A1->ZN F     NAND2_X1       1  2.8    28    56   53301    (-,-) 
  u_IDCT/DRU/add_58_47_g1112/ZN                                       -       A1->ZN R     NAND2_X1       2  5.7    68    86   53386    (-,-) 
  u_IDCT/DRU/add_58_47_g1111/ZN                                       -       A1->ZN F     NAND2_X1       1  2.8    28    56   53443    (-,-) 
  u_IDCT/DRU/add_58_47_g1109/ZN                                       -       A1->ZN R     NAND2_X1       2  5.7    68    86   53528    (-,-) 
  u_IDCT/DRU/add_58_47_g1108/ZN                                       -       A1->ZN F     NAND2_X1       1  2.8    28    56   53585    (-,-) 
  u_IDCT/DRU/add_58_47_g1106/ZN                                       -       A1->ZN R     NAND2_X1       2  5.7    68    86   53671    (-,-) 
  u_IDCT/DRU/add_58_47_g1105/ZN                                       -       A1->ZN F     NAND2_X1       2  4.8    34    69   53739    (-,-) 
  u_IDCT/DRU/add_58_47_g1102/ZN                                       -       C1->ZN R     OAI211_X1      2  5.7   150   193   53933    (-,-) 
  u_IDCT/DRU/add_58_47_g1100/ZN                                       -       A1->ZN F     NAND2_X1       1  2.8    46    76   54008    (-,-) 
  u_IDCT/DRU/add_58_47_g1098/ZN                                       -       A1->ZN R     NAND2_X1       2  5.7    68    96   54104    (-,-) 
  u_IDCT/DRU/add_58_47_g1097/ZN                                       -       A1->ZN F     NAND2_X1       1  2.8    28    56   54161    (-,-) 
  u_IDCT/DRU/add_58_47_g1095/ZN                                       -       A1->ZN R     NAND2_X1       2  5.7    68    86   54246    (-,-) 
  u_IDCT/DRU/add_58_47_g1094/ZN                                       -       A1->ZN F     NAND2_X1       1  2.8    28    56   54303    (-,-) 
  u_IDCT/DRU/add_58_47_g1092/ZN                                       -       A1->ZN R     NAND2_X1       2  5.7    68    86   54388    (-,-) 
  u_IDCT/DRU/add_58_47_g1091/ZN                                       -       A->ZN  F     INV_X1         1  2.7    20    37   54426    (-,-) 
  u_IDCT/DRU/add_58_47_g1089/ZN                                       -       B1->ZN R     OAI21_X1       1  4.0   111   144   54570    (-,-) 
  u_IDCT/DRU/add_58_47_g1088/S                                        -       CI->S  F     FA_X1          1  2.7    57   343   54913    (-,-) 
  u_IDCT/DRU/g2426/ZN                                                 -       A1->ZN R     AOI222_X1      1  2.9   216   256   55169    (-,-) 
  u_IDCT/DRU/g2409/ZN                                                 -       A->ZN  F     INV_X1         1  2.3    46    50   55220    (-,-) 
  u_IDCT/DRU/ToACF_reg[14]/D                                          -       -      F     SDFF_X1        1    -     -     0   55220    (-,-) 
#---------------------------------------------------------------------------------------------------------------------------------------------



Path 11: MET (46017 ps) Setup Check with Pin u_DCT/DRU/ToACF_reg[14]/CK->D
           Mode: scan_mode
          Group: C2C_scan_mode
     Startpoint: (R) u_DCT/tposemem_Bisted_RF_2P_ADV64x16_BistCtrl_i0_S44_Finish_reg/CK
          Clock: (F) CLK1
       Endpoint: (F) u_DCT/DRU/ToACF_reg[14]/D
          Clock: (R) CLK1

                     Capture       Launch     
        Clock Edge:+  100000        50000     
       Src Latency:+       0            0     
       Net Latency:+    2000 (I)     2000 (I) 
           Arrival:=  102000        52000     
                                              
             Setup:-     266                  
       Uncertainty:-     500                  
     Required Time:=  101234                  
      Launch Clock:-   52000                  
         Data Path:-    3218                  
             Slack:=   46017                  

#--------------------------------------------------------------------------------------------------------------------------------------------
#                           Timing Point                             Flags    Arc   Edge   Cell     Fanout Load Trans Delay Arrival Instance 
#                                                                                                          (fF)  (ps)  (ps)   (ps)  Location 
#--------------------------------------------------------------------------------------------------------------------------------------------
  u_DCT/tposemem_Bisted_RF_2P_ADV64x16_BistCtrl_i0_S44_Finish_reg/CK -       -      R     (arrival)      6    -     0     -   52000    (-,-) 
  u_DCT/tposemem_Bisted_RF_2P_ADV64x16_BistCtrl_i0_S44_Finish_reg/Q  -       CK->Q  R     SDFF_X1        1  2.9    38   189   52189    (-,-) 
  u_DCT/g3780/ZN                                                     -       A2->ZN F     NAND2_X1       2  4.7    33    58   52247    (-,-) 
  u_DCT/g3770/ZN                                                     -       A2->ZN R     NAND2_X1       2  3.7    48    79   52326    (-,-) 
  u_DCT/DRU/g2757__8757/ZN                                           -       A1->ZN R     AND2_X1        6 13.1   118   200   52525    (-,-) 
  u_DCT/DRU/add_58_47_g1148__5266/ZN                                 -       A2->ZN R     OR2_X1         2  5.1    55   138   52664    (-,-) 
  u_DCT/DRU/add_58_47_g1126__5019/ZN                                 -       A2->ZN F     NAND2_X1       1  2.8    27    54   52718    (-,-) 
  u_DCT/DRU/add_58_47_g1125__1840/ZN                                 -       A1->ZN R     NAND2_X1       2  5.7    68    85   52803    (-,-) 
  u_DCT/DRU/add_58_47_g1123__5795/ZN                                 -       A1->ZN F     NAND2_X1       1  2.8    28    56   52860    (-,-) 
  u_DCT/DRU/add_58_47_g1121__6083/ZN                                 -       A1->ZN R     NAND2_X1       2  6.0    70    88   52948    (-,-) 
  u_DCT/DRU/add_58_47_g1120__2250/ZN                                 -       A2->ZN F     NAND2_X1       1  2.7    25    59   53006    (-,-) 
  u_DCT/DRU/add_58_47_g1118__7114/ZN                                 -       A2->ZN R     NAND2_X1       2  6.0    67    94   53100    (-,-) 
  u_DCT/DRU/add_58_47_g1117__5703/ZN                                 -       A1->ZN F     NAND2_X1       1  2.8    28    56   53157    (-,-) 
  u_DCT/DRU/add_58_47_g1115__1786/ZN                                 -       A1->ZN R     NAND2_X1       2  5.7    68    86   53242    (-,-) 
  u_DCT/DRU/add_58_47_g1114__8757/ZN                                 -       A1->ZN F     NAND2_X1       1  2.8    28    56   53299    (-,-) 
  u_DCT/DRU/add_58_47_g1112__7675/ZN                                 -       A1->ZN R     NAND2_X1       2  5.7    68    86   53384    (-,-) 
  u_DCT/DRU/add_58_47_g1111__2391/ZN                                 -       A1->ZN F     NAND2_X1       1  2.8    28    56   53441    (-,-) 
  u_DCT/DRU/add_58_47_g1109__6877/ZN                                 -       A1->ZN R     NAND2_X1       2  5.7    68    86   53526    (-,-) 
  u_DCT/DRU/add_58_47_g1108__1309/ZN                                 -       A1->ZN F     NAND2_X1       1  2.8    28    56   53583    (-,-) 
  u_DCT/DRU/add_58_47_g1106__9682/ZN                                 -       A1->ZN R     NAND2_X1       2  5.7    68    86   53668    (-,-) 
  u_DCT/DRU/add_58_47_g1105__4547/ZN                                 -       A1->ZN F     NAND2_X1       2  4.8    34    69   53737    (-,-) 
  u_DCT/DRU/add_58_47_g1102__4296/ZN                                 -       C1->ZN R     OAI211_X1      2  5.7   150   193   53930    (-,-) 
  u_DCT/DRU/add_58_47_g1100__9906/ZN                                 -       A1->ZN F     NAND2_X1       1  2.8    46    76   54006    (-,-) 
  u_DCT/DRU/add_58_47_g1098__5019/ZN                                 -       A1->ZN R     NAND2_X1       2  5.7    68    96   54102    (-,-) 
  u_DCT/DRU/add_58_47_g1097__1840/ZN                                 -       A1->ZN F     NAND2_X1       1  2.8    28    56   54158    (-,-) 
  u_DCT/DRU/add_58_47_g1095__5795/ZN                                 -       A1->ZN R     NAND2_X1       2  5.7    68    86   54244    (-,-) 
  u_DCT/DRU/add_58_47_g1094__2703/ZN                                 -       A1->ZN F     NAND2_X1       1  2.8    28    56   54301    (-,-) 
  u_DCT/DRU/add_58_47_g1092__2250/ZN                                 -       A1->ZN R     NAND2_X1       2  5.7    68    86   54386    (-,-) 
  u_DCT/DRU/add_58_47_g1091/ZN                                       -       A->ZN  F     INV_X1         1  2.7    20    37   54424    (-,-) 
  u_DCT/DRU/add_58_47_g1089__7114/ZN                                 -       B1->ZN R     OAI21_X1       1  4.0   111   144   54568    (-,-) 
  u_DCT/DRU/add_58_47_g1088__5703/S                                  -       CI->S  F     FA_X1          1  2.7    57   343   54911    (-,-) 
  u_DCT/DRU/g2426__4547/ZN                                           -       A1->ZN R     AOI222_X1      1  2.9   216   256   55167    (-,-) 
  u_DCT/DRU/g2409/ZN                                                 -       A->ZN  F     INV_X1         1  2.3    46    50   55217    (-,-) 
  u_DCT/DRU/ToACF_reg[14]/D                                          -       -      F     SDFF_X1        1    -     -     0   55218    (-,-) 
#--------------------------------------------------------------------------------------------------------------------------------------------



Path 12: MET (46044 ps) Setup Check with Pin u_IDCT/DRU/ToACF_reg[16]/CK->D
           Mode: scan_mode
          Group: C2C_scan_mode
     Startpoint: (R) u_IDCT/tposemem_Bisted_RF_2P_ADV64x16_BistCtrl_i0_S44_Finish_reg/CK
          Clock: (F) CLK1
       Endpoint: (R) u_IDCT/DRU/ToACF_reg[16]/D
          Clock: (R) CLK1

                     Capture       Launch     
        Clock Edge:+  100000        50000     
       Src Latency:+       0            0     
       Net Latency:+    2000 (I)     2000 (I) 
           Arrival:=  102000        52000     
                                              
             Setup:-     270                  
       Uncertainty:-     500                  
     Required Time:=  101230                  
      Launch Clock:-   52000                  
         Data Path:-    3186                  
             Slack:=   46044                  

#---------------------------------------------------------------------------------------------------------------------------------------------
#                            Timing Point                             Flags    Arc   Edge   Cell     Fanout Load Trans Delay Arrival Instance 
#                                                                                                           (fF)  (ps)  (ps)   (ps)  Location 
#---------------------------------------------------------------------------------------------------------------------------------------------
  u_IDCT/tposemem_Bisted_RF_2P_ADV64x16_BistCtrl_i0_S44_Finish_reg/CK -       -      R     (arrival)      6    -     0     -   52000    (-,-) 
  u_IDCT/tposemem_Bisted_RF_2P_ADV64x16_BistCtrl_i0_S44_Finish_reg/Q  -       CK->Q  F     SDFF_X1        1  2.7    43   230   52230    (-,-) 
  u_IDCT/g3780/ZN                                                     -       A2->ZN R     NAND2_X1       2  5.1    60    97   52327    (-,-) 
  u_IDCT/g3770/ZN                                                     -       A2->ZN F     NAND2_X1       2  3.5    25    60   52387    (-,-) 
  u_IDCT/DRU/g2757/ZN                                                 -       A1->ZN F     AND2_X1        6 12.5    40   136   52523    (-,-) 
  u_IDCT/DRU/add_58_47_g1148/ZN                                       -       A2->ZN F     OR2_X1         2  4.8    39   215   52738    (-,-) 
  u_IDCT/DRU/add_58_47_g1126/ZN                                       -       A2->ZN R     NAND2_X1       1  2.9    42    75   52814    (-,-) 
  u_IDCT/DRU/add_58_47_g1125/ZN                                       -       A1->ZN F     NAND2_X1       2  5.5    34    62   52875    (-,-) 
  u_IDCT/DRU/add_58_47_g1123/ZN                                       -       A1->ZN R     NAND2_X1       1  2.9    42    65   52940    (-,-) 
  u_IDCT/DRU/add_58_47_g1121/ZN                                       -       A1->ZN F     NAND2_X1       2  5.6    34    62   53002    (-,-) 
  u_IDCT/DRU/add_58_47_g1120/ZN                                       -       A2->ZN R     NAND2_X1       1  2.9    42    73   53075    (-,-) 
  u_IDCT/DRU/add_58_47_g1118/ZN                                       -       A2->ZN F     NAND2_X1       2  5.7    38    64   53139    (-,-) 
  u_IDCT/DRU/add_58_47_g1117/ZN                                       -       A1->ZN R     NAND2_X1       1  2.9    42    67   53206    (-,-) 
  u_IDCT/DRU/add_58_47_g1115/ZN                                       -       A1->ZN F     NAND2_X1       2  5.5    34    62   53268    (-,-) 
  u_IDCT/DRU/add_58_47_g1114/ZN                                       -       A1->ZN R     NAND2_X1       1  2.9    42    65   53333    (-,-) 
  u_IDCT/DRU/add_58_47_g1112/ZN                                       -       A1->ZN F     NAND2_X1       2  5.5    34    62   53394    (-,-) 
  u_IDCT/DRU/add_58_47_g1111/ZN                                       -       A1->ZN R     NAND2_X1       1  2.9    42    65   53459    (-,-) 
  u_IDCT/DRU/add_58_47_g1109/ZN                                       -       A1->ZN F     NAND2_X1       2  5.5    34    62   53520    (-,-) 
  u_IDCT/DRU/add_58_47_g1108/ZN                                       -       A1->ZN R     NAND2_X1       1  2.9    42    65   53585    (-,-) 
  u_IDCT/DRU/add_58_47_g1106/ZN                                       -       A1->ZN F     NAND2_X1       2  5.5    34    62   53647    (-,-) 
  u_IDCT/DRU/add_58_47_g1105/ZN                                       -       A1->ZN R     NAND2_X1       2  5.1    60    84   53730    (-,-) 
  u_IDCT/DRU/add_58_47_g1102/ZN                                       -       C1->ZN F     OAI211_X1      2  5.5    72    94   53824    (-,-) 
  u_IDCT/DRU/add_58_47_g1100/ZN                                       -       A1->ZN R     NAND2_X1       1  2.9    44    87   53911    (-,-) 
  u_IDCT/DRU/add_58_47_g1098/ZN                                       -       A1->ZN F     NAND2_X1       2  5.5    34    62   53973    (-,-) 
  u_IDCT/DRU/add_58_47_g1097/ZN                                       -       A1->ZN R     NAND2_X1       1  2.9    42    65   54038    (-,-) 
  u_IDCT/DRU/add_58_47_g1095/ZN                                       -       A1->ZN F     NAND2_X1       2  5.5    34    62   54100    (-,-) 
  u_IDCT/DRU/add_58_47_g1094/ZN                                       -       A1->ZN R     NAND2_X1       1  2.9    42    65   54164    (-,-) 
  u_IDCT/DRU/add_58_47_g1092/ZN                                       -       A1->ZN F     NAND2_X1       2  5.5    34    62   54226    (-,-) 
  u_IDCT/DRU/add_58_47_g1091/ZN                                       -       A->ZN  R     INV_X1         1  2.9    33    59   54285    (-,-) 
  u_IDCT/DRU/add_58_47_g1089/ZN                                       -       B1->ZN F     OAI21_X1       1  3.9    47    51   54336    (-,-) 
  u_IDCT/DRU/add_58_47_g1088/CO                                       -       CI->CO F     FA_X1          1  3.9    53   284   54620    (-,-) 
  u_IDCT/DRU/add_58_47_g1087/CO                                       -       CI->CO F     FA_X1          1  3.4    51   283   54903    (-,-) 
  u_IDCT/DRU/add_58_47_g1086/ZN                                       -       A->ZN  R     XNOR2_X1       1  2.9    93   137   55040    (-,-) 
  u_IDCT/DRU/g2477/ZN                                                 -       A1->ZN F     NAND2_X1       1  2.8    70    65   55105    (-,-) 
  u_IDCT/DRU/g2422/ZN                                                 -       A1->ZN R     NAND2_X1       1  2.4    40    81   55186    (-,-) 
  u_IDCT/DRU/ToACF_reg[16]/D                                          -       -      R     SDFF_X1        1    -     -     0   55186    (-,-) 
#---------------------------------------------------------------------------------------------------------------------------------------------



Path 13: MET (46044 ps) Setup Check with Pin u_DCT/DRU/ToACF_reg[15]/CK->D
           Mode: scan_mode
          Group: C2C_scan_mode
     Startpoint: (R) u_DCT/tposemem_Bisted_RF_2P_ADV64x16_BistCtrl_i0_S44_Finish_reg/CK
          Clock: (F) CLK1
       Endpoint: (F) u_DCT/DRU/ToACF_reg[15]/D
          Clock: (R) CLK1

                     Capture       Launch     
        Clock Edge:+  100000        50000     
       Src Latency:+       0            0     
       Net Latency:+    2000 (I)     2000 (I) 
           Arrival:=  102000        52000     
                                              
             Setup:-     255                  
       Uncertainty:-     500                  
     Required Time:=  101245                  
      Launch Clock:-   52000                  
         Data Path:-    3201                  
             Slack:=   46044                  

#--------------------------------------------------------------------------------------------------------------------------------------------
#                           Timing Point                             Flags    Arc   Edge   Cell     Fanout Load Trans Delay Arrival Instance 
#                                                                                                          (fF)  (ps)  (ps)   (ps)  Location 
#--------------------------------------------------------------------------------------------------------------------------------------------
  u_DCT/tposemem_Bisted_RF_2P_ADV64x16_BistCtrl_i0_S44_Finish_reg/CK -       -      R     (arrival)      6    -     0     -   52000    (-,-) 
  u_DCT/tposemem_Bisted_RF_2P_ADV64x16_BistCtrl_i0_S44_Finish_reg/Q  -       CK->Q  R     SDFF_X1        1  2.9    38   189   52189    (-,-) 
  u_DCT/g3780/ZN                                                     -       A2->ZN F     NAND2_X1       2  4.7    33    58   52247    (-,-) 
  u_DCT/g3770/ZN                                                     -       A2->ZN R     NAND2_X1       2  3.7    48    79   52326    (-,-) 
  u_DCT/DRU/g2757__8757/ZN                                           -       A1->ZN R     AND2_X1        6 13.1   118   200   52525    (-,-) 
  u_DCT/DRU/add_58_47_g1148__5266/ZN                                 -       A2->ZN R     OR2_X1         2  5.1    55   138   52664    (-,-) 
  u_DCT/DRU/add_58_47_g1126__5019/ZN                                 -       A2->ZN F     NAND2_X1       1  2.8    27    54   52718    (-,-) 
  u_DCT/DRU/add_58_47_g1125__1840/ZN                                 -       A1->ZN R     NAND2_X1       2  5.7    68    85   52803    (-,-) 
  u_DCT/DRU/add_58_47_g1123__5795/ZN                                 -       A1->ZN F     NAND2_X1       1  2.8    28    56   52860    (-,-) 
  u_DCT/DRU/add_58_47_g1121__6083/ZN                                 -       A1->ZN R     NAND2_X1       2  6.0    70    88   52948    (-,-) 
  u_DCT/DRU/add_58_47_g1120__2250/ZN                                 -       A2->ZN F     NAND2_X1       1  2.7    25    59   53006    (-,-) 
  u_DCT/DRU/add_58_47_g1118__7114/ZN                                 -       A2->ZN R     NAND2_X1       2  6.0    67    94   53100    (-,-) 
  u_DCT/DRU/add_58_47_g1117__5703/ZN                                 -       A1->ZN F     NAND2_X1       1  2.8    28    56   53157    (-,-) 
  u_DCT/DRU/add_58_47_g1115__1786/ZN                                 -       A1->ZN R     NAND2_X1       2  5.7    68    86   53242    (-,-) 
  u_DCT/DRU/add_58_47_g1114__8757/ZN                                 -       A1->ZN F     NAND2_X1       1  2.8    28    56   53299    (-,-) 
  u_DCT/DRU/add_58_47_g1112__7675/ZN                                 -       A1->ZN R     NAND2_X1       2  5.7    68    86   53384    (-,-) 
  u_DCT/DRU/add_58_47_g1111__2391/ZN                                 -       A1->ZN F     NAND2_X1       1  2.8    28    56   53441    (-,-) 
  u_DCT/DRU/add_58_47_g1109__6877/ZN                                 -       A1->ZN R     NAND2_X1       2  5.7    68    86   53526    (-,-) 
  u_DCT/DRU/add_58_47_g1108__1309/ZN                                 -       A1->ZN F     NAND2_X1       1  2.8    28    56   53583    (-,-) 
  u_DCT/DRU/add_58_47_g1106__9682/ZN                                 -       A1->ZN R     NAND2_X1       2  5.7    68    86   53668    (-,-) 
  u_DCT/DRU/add_58_47_g1105__4547/ZN                                 -       A1->ZN F     NAND2_X1       2  4.8    34    69   53737    (-,-) 
  u_DCT/DRU/add_58_47_g1102__4296/ZN                                 -       C1->ZN R     OAI211_X1      2  5.7   150   193   53930    (-,-) 
  u_DCT/DRU/add_58_47_g1100__9906/ZN                                 -       A1->ZN F     NAND2_X1       1  2.8    46    76   54006    (-,-) 
  u_DCT/DRU/add_58_47_g1098__5019/ZN                                 -       A1->ZN R     NAND2_X1       2  5.7    68    96   54102    (-,-) 
  u_DCT/DRU/add_58_47_g1097__1840/ZN                                 -       A1->ZN F     NAND2_X1       1  2.8    28    56   54158    (-,-) 
  u_DCT/DRU/add_58_47_g1095__5795/ZN                                 -       A1->ZN R     NAND2_X1       2  5.7    68    86   54244    (-,-) 
  u_DCT/DRU/add_58_47_g1094__2703/ZN                                 -       A1->ZN F     NAND2_X1       1  2.8    28    56   54301    (-,-) 
  u_DCT/DRU/add_58_47_g1092__2250/ZN                                 -       A1->ZN R     NAND2_X1       2  5.7    68    86   54386    (-,-) 
  u_DCT/DRU/add_58_47_g1091/ZN                                       -       A->ZN  F     INV_X1         1  2.7    20    37   54424    (-,-) 
  u_DCT/DRU/add_58_47_g1089__7114/ZN                                 -       B1->ZN R     OAI21_X1       1  4.0   111   144   54568    (-,-) 
  u_DCT/DRU/add_58_47_g1088__5703/CO                                 -       CI->CO R     FA_X1          1  4.0    54   184   54752    (-,-) 
  u_DCT/DRU/add_58_47_g1087__5953/S                                  -       CI->S  F     FA_X1          1  2.8    57   318   55070    (-,-) 
  u_DCT/DRU/g2479__7118/ZN                                           -       A1->ZN R     NAND2_X1       1  2.9    66    78   55148    (-,-) 
  u_DCT/DRU/g2424__3772/ZN                                           -       A1->ZN F     NAND2_X1       1  2.3    26    52   55201    (-,-) 
  u_DCT/DRU/ToACF_reg[15]/D                                          -       -      F     SDFF_X1        1    -     -     0   55201    (-,-) 
#--------------------------------------------------------------------------------------------------------------------------------------------



Path 14: MET (46048 ps) Setup Check with Pin u_IDCT/DRU/ToACF_reg[15]/CK->D
           Mode: scan_mode
          Group: C2C_scan_mode
     Startpoint: (R) u_IDCT/tposemem_Bisted_RF_2P_ADV64x16_BistCtrl_i0_S44_Finish_reg/CK
          Clock: (F) CLK1
       Endpoint: (F) u_IDCT/DRU/ToACF_reg[15]/D
          Clock: (R) CLK1

                     Capture       Launch     
        Clock Edge:+  100000        50000     
       Src Latency:+       0            0     
       Net Latency:+    2000 (I)     2000 (I) 
           Arrival:=  102000        52000     
                                              
             Setup:-     253                  
       Uncertainty:-     500                  
     Required Time:=  101247                  
      Launch Clock:-   52000                  
         Data Path:-    3198                  
             Slack:=   46048                  

#---------------------------------------------------------------------------------------------------------------------------------------------
#                            Timing Point                             Flags    Arc   Edge   Cell     Fanout Load Trans Delay Arrival Instance 
#                                                                                                           (fF)  (ps)  (ps)   (ps)  Location 
#---------------------------------------------------------------------------------------------------------------------------------------------
  u_IDCT/tposemem_Bisted_RF_2P_ADV64x16_BistCtrl_i0_S44_Finish_reg/CK -       -      R     (arrival)      6    -     0     -   52000    (-,-) 
  u_IDCT/tposemem_Bisted_RF_2P_ADV64x16_BistCtrl_i0_S44_Finish_reg/Q  -       CK->Q  R     SDFF_X1        1  2.9    38   189   52189    (-,-) 
  u_IDCT/g3780/ZN                                                     -       A2->ZN F     NAND2_X1       2  4.7    33    58   52247    (-,-) 
  u_IDCT/g3770/ZN                                                     -       A2->ZN R     NAND2_X1       2  3.7    48    79   52326    (-,-) 
  u_IDCT/DRU/g2757/ZN                                                 -       A1->ZN R     AND2_X1        6 13.3   119   201   52527    (-,-) 
  u_IDCT/DRU/add_58_47_g1148/ZN                                       -       A2->ZN R     OR2_X1         2  5.1    55   139   52666    (-,-) 
  u_IDCT/DRU/add_58_47_g1126/ZN                                       -       A2->ZN F     NAND2_X1       1  2.8    27    54   52720    (-,-) 
  u_IDCT/DRU/add_58_47_g1125/ZN                                       -       A1->ZN R     NAND2_X1       2  5.7    68    85   52805    (-,-) 
  u_IDCT/DRU/add_58_47_g1123/ZN                                       -       A1->ZN F     NAND2_X1       1  2.8    28    56   52862    (-,-) 
  u_IDCT/DRU/add_58_47_g1121/ZN                                       -       A1->ZN R     NAND2_X1       2  6.0    70    88   52950    (-,-) 
  u_IDCT/DRU/add_58_47_g1120/ZN                                       -       A2->ZN F     NAND2_X1       1  2.7    25    59   53008    (-,-) 
  u_IDCT/DRU/add_58_47_g1118/ZN                                       -       A2->ZN R     NAND2_X1       2  6.0    67    94   53102    (-,-) 
  u_IDCT/DRU/add_58_47_g1117/ZN                                       -       A1->ZN F     NAND2_X1       1  2.8    28    56   53159    (-,-) 
  u_IDCT/DRU/add_58_47_g1115/ZN                                       -       A1->ZN R     NAND2_X1       2  5.7    68    86   53244    (-,-) 
  u_IDCT/DRU/add_58_47_g1114/ZN                                       -       A1->ZN F     NAND2_X1       1  2.8    28    56   53301    (-,-) 
  u_IDCT/DRU/add_58_47_g1112/ZN                                       -       A1->ZN R     NAND2_X1       2  5.7    68    86   53386    (-,-) 
  u_IDCT/DRU/add_58_47_g1111/ZN                                       -       A1->ZN F     NAND2_X1       1  2.8    28    56   53443    (-,-) 
  u_IDCT/DRU/add_58_47_g1109/ZN                                       -       A1->ZN R     NAND2_X1       2  5.7    68    86   53528    (-,-) 
  u_IDCT/DRU/add_58_47_g1108/ZN                                       -       A1->ZN F     NAND2_X1       1  2.8    28    56   53585    (-,-) 
  u_IDCT/DRU/add_58_47_g1106/ZN                                       -       A1->ZN R     NAND2_X1       2  5.7    68    86   53671    (-,-) 
  u_IDCT/DRU/add_58_47_g1105/ZN                                       -       A1->ZN F     NAND2_X1       2  4.8    34    69   53739    (-,-) 
  u_IDCT/DRU/add_58_47_g1102/ZN                                       -       C1->ZN R     OAI211_X1      2  5.7   150   193   53933    (-,-) 
  u_IDCT/DRU/add_58_47_g1100/ZN                                       -       A1->ZN F     NAND2_X1       1  2.8    46    76   54008    (-,-) 
  u_IDCT/DRU/add_58_47_g1098/ZN                                       -       A1->ZN R     NAND2_X1       2  5.7    68    96   54104    (-,-) 
  u_IDCT/DRU/add_58_47_g1097/ZN                                       -       A1->ZN F     NAND2_X1       1  2.8    28    56   54161    (-,-) 
  u_IDCT/DRU/add_58_47_g1095/ZN                                       -       A1->ZN R     NAND2_X1       2  5.7    68    86   54246    (-,-) 
  u_IDCT/DRU/add_58_47_g1094/ZN                                       -       A1->ZN F     NAND2_X1       1  2.8    28    56   54303    (-,-) 
  u_IDCT/DRU/add_58_47_g1092/ZN                                       -       A1->ZN R     NAND2_X1       2  5.7    68    86   54388    (-,-) 
  u_IDCT/DRU/add_58_47_g1091/ZN                                       -       A->ZN  F     INV_X1         1  2.7    20    37   54426    (-,-) 
  u_IDCT/DRU/add_58_47_g1089/ZN                                       -       B1->ZN R     OAI21_X1       1  4.0   111   144   54570    (-,-) 
  u_IDCT/DRU/add_58_47_g1088/CO                                       -       CI->CO R     FA_X1          1  4.0    54   184   54754    (-,-) 
  u_IDCT/DRU/add_58_47_g1087/S                                        -       CI->S  F     FA_X1          1  2.8    57   318   55072    (-,-) 
  u_IDCT/DRU/g2479/ZN                                                 -       A1->ZN R     NAND2_X1       1  2.9    50    78   55150    (-,-) 
  u_IDCT/DRU/g2424/ZN                                                 -       A1->ZN F     NAND2_X1       1  2.3    22    48   55198    (-,-) 
  u_IDCT/DRU/ToACF_reg[15]/D                                          -       -      F     SDFF_X1        1    -     -     0   55198    (-,-) 
#---------------------------------------------------------------------------------------------------------------------------------------------



Path 15: MET (46050 ps) Setup Check with Pin u_DCT/DRU/ToACF_reg[16]/CK->D
           Mode: scan_mode
          Group: C2C_scan_mode
     Startpoint: (R) u_DCT/tposemem_Bisted_RF_2P_ADV64x16_BistCtrl_i0_S44_Finish_reg/CK
          Clock: (F) CLK1
       Endpoint: (R) u_DCT/DRU/ToACF_reg[16]/D
          Clock: (R) CLK1

                     Capture       Launch     
        Clock Edge:+  100000        50000     
       Src Latency:+       0            0     
       Net Latency:+    2000 (I)     2000 (I) 
           Arrival:=  102000        52000     
                                              
             Setup:-     270                  
       Uncertainty:-     500                  
     Required Time:=  101230                  
      Launch Clock:-   52000                  
         Data Path:-    3181                  
             Slack:=   46050                  

#--------------------------------------------------------------------------------------------------------------------------------------------
#                           Timing Point                             Flags    Arc   Edge   Cell     Fanout Load Trans Delay Arrival Instance 
#                                                                                                          (fF)  (ps)  (ps)   (ps)  Location 
#--------------------------------------------------------------------------------------------------------------------------------------------
  u_DCT/tposemem_Bisted_RF_2P_ADV64x16_BistCtrl_i0_S44_Finish_reg/CK -       -      R     (arrival)      6    -     0     -   52000    (-,-) 
  u_DCT/tposemem_Bisted_RF_2P_ADV64x16_BistCtrl_i0_S44_Finish_reg/Q  -       CK->Q  F     SDFF_X1        1  2.7    43   230   52230    (-,-) 
  u_DCT/g3780/ZN                                                     -       A2->ZN R     NAND2_X1       2  5.1    60    97   52327    (-,-) 
  u_DCT/g3770/ZN                                                     -       A2->ZN F     NAND2_X1       2  3.6    26    61   52387    (-,-) 
  u_DCT/DRU/g2757__8757/ZN                                           -       A1->ZN F     AND2_X1        6 12.5    42   136   52524    (-,-) 
  u_DCT/DRU/add_58_47_g1148__5266/ZN                                 -       A2->ZN F     OR2_X1         2  4.8    39   216   52740    (-,-) 
  u_DCT/DRU/add_58_47_g1126__5019/ZN                                 -       A2->ZN R     NAND2_X1       1  2.9    42    75   52816    (-,-) 
  u_DCT/DRU/add_58_47_g1125__1840/ZN                                 -       A1->ZN F     NAND2_X1       2  5.5    34    62   52877    (-,-) 
  u_DCT/DRU/add_58_47_g1123__5795/ZN                                 -       A1->ZN R     NAND2_X1       1  2.9    42    65   52942    (-,-) 
  u_DCT/DRU/add_58_47_g1121__6083/ZN                                 -       A1->ZN F     NAND2_X1       2  5.6    34    62   53004    (-,-) 
  u_DCT/DRU/add_58_47_g1120__2250/ZN                                 -       A2->ZN R     NAND2_X1       1  2.9    42    73   53076    (-,-) 
  u_DCT/DRU/add_58_47_g1118__7114/ZN                                 -       A2->ZN F     NAND2_X1       2  5.7    38    64   53141    (-,-) 
  u_DCT/DRU/add_58_47_g1117__5703/ZN                                 -       A1->ZN R     NAND2_X1       1  2.9    42    67   53208    (-,-) 
  u_DCT/DRU/add_58_47_g1115__1786/ZN                                 -       A1->ZN F     NAND2_X1       2  5.5    34    62   53270    (-,-) 
  u_DCT/DRU/add_58_47_g1114__8757/ZN                                 -       A1->ZN R     NAND2_X1       1  2.9    42    65   53334    (-,-) 
  u_DCT/DRU/add_58_47_g1112__7675/ZN                                 -       A1->ZN F     NAND2_X1       2  5.5    34    62   53396    (-,-) 
  u_DCT/DRU/add_58_47_g1111__2391/ZN                                 -       A1->ZN R     NAND2_X1       1  2.9    42    65   53461    (-,-) 
  u_DCT/DRU/add_58_47_g1109__6877/ZN                                 -       A1->ZN F     NAND2_X1       2  5.5    34    62   53522    (-,-) 
  u_DCT/DRU/add_58_47_g1108__1309/ZN                                 -       A1->ZN R     NAND2_X1       1  2.9    42    65   53587    (-,-) 
  u_DCT/DRU/add_58_47_g1106__9682/ZN                                 -       A1->ZN F     NAND2_X1       2  5.5    34    62   53649    (-,-) 
  u_DCT/DRU/add_58_47_g1105__4547/ZN                                 -       A1->ZN R     NAND2_X1       2  5.1    60    84   53732    (-,-) 
  u_DCT/DRU/add_58_47_g1102__4296/ZN                                 -       C1->ZN F     OAI211_X1      2  5.5    72    94   53826    (-,-) 
  u_DCT/DRU/add_58_47_g1100__9906/ZN                                 -       A1->ZN R     NAND2_X1       1  2.9    44    87   53913    (-,-) 
  u_DCT/DRU/add_58_47_g1098__5019/ZN                                 -       A1->ZN F     NAND2_X1       2  5.5    34    62   53975    (-,-) 
  u_DCT/DRU/add_58_47_g1097__1840/ZN                                 -       A1->ZN R     NAND2_X1       1  2.9    42    65   54040    (-,-) 
  u_DCT/DRU/add_58_47_g1095__5795/ZN                                 -       A1->ZN F     NAND2_X1       2  5.5    34    62   54101    (-,-) 
  u_DCT/DRU/add_58_47_g1094__2703/ZN                                 -       A1->ZN R     NAND2_X1       1  2.9    42    65   54166    (-,-) 
  u_DCT/DRU/add_58_47_g1092__2250/ZN                                 -       A1->ZN F     NAND2_X1       2  5.5    34    62   54228    (-,-) 
  u_DCT/DRU/add_58_47_g1091/ZN                                       -       A->ZN  R     INV_X1         1  2.9    33    59   54287    (-,-) 
  u_DCT/DRU/add_58_47_g1089__7114/ZN                                 -       B1->ZN F     OAI21_X1       1  3.9    47    51   54338    (-,-) 
  u_DCT/DRU/add_58_47_g1088__5703/CO                                 -       CI->CO F     FA_X1          1  3.9    53   284   54622    (-,-) 
  u_DCT/DRU/add_58_47_g1087__5953/CO                                 -       CI->CO F     FA_X1          1  3.4    51   283   54905    (-,-) 
  u_DCT/DRU/add_58_47_g1086__1786/ZN                                 -       A->ZN  R     XNOR2_X1       1  2.9    93   137   55042    (-,-) 
  u_DCT/DRU/g2477__2391/ZN                                           -       A1->ZN F     NAND2_X1       1  2.8    59    65   55106    (-,-) 
  u_DCT/DRU/g2422__8780/ZN                                           -       A1->ZN R     NAND2_X1       1  2.4    38    74   55181    (-,-) 
  u_DCT/DRU/ToACF_reg[16]/D                                          -       -      R     SDFF_X1        1    -     -     0   55181    (-,-) 
#--------------------------------------------------------------------------------------------------------------------------------------------



Path 16: MET (46059 ps) Setup Check with Pin u_DCT/DRU/ToBDEG_reg[14]/CK->D
           Mode: scan_mode
          Group: C2C_scan_mode
     Startpoint: (R) u_DCT/tposemem_Bisted_RF_2P_ADV64x16_BistCtrl_i0_ST_MAL_i0_S17_reg/CK
          Clock: (F) CLK1
       Endpoint: (F) u_DCT/DRU/ToBDEG_reg[14]/D
          Clock: (R) CLK1

                     Capture       Launch     
        Clock Edge:+  100000        50000     
       Src Latency:+       0            0     
       Net Latency:+    2000 (I)     2000 (I) 
           Arrival:=  102000        52000     
                                              
             Setup:-     266                  
       Uncertainty:-     500                  
     Required Time:=  101234                  
      Launch Clock:-   52000                  
         Data Path:-    3175                  
             Slack:=   46059                  

#-----------------------------------------------------------------------------------------------------------------------------------------------
#                             Timing Point                              Flags    Arc   Edge   Cell     Fanout Load Trans Delay Arrival Instance 
#                                                                                                             (fF)  (ps)  (ps)   (ps)  Location 
#-----------------------------------------------------------------------------------------------------------------------------------------------
  u_DCT/tposemem_Bisted_RF_2P_ADV64x16_BistCtrl_i0_ST_MAL_i0_S17_reg/CK -       -      R     (arrival)      6    -     0     -   52000    (-,-) 
  u_DCT/tposemem_Bisted_RF_2P_ADV64x16_BistCtrl_i0_ST_MAL_i0_S17_reg/Q  -       CK->Q  F     SDFF_X1        2  4.2    48   242   52242    (-,-) 
  u_DCT/g3832/ZN                                                        -       A2->ZN R     NAND2_X1       2  5.1    60   100   52342    (-,-) 
  u_DCT/g3811/ZN                                                        -       A2->ZN F     NAND2_X1       2  4.3    28    64   52406    (-,-) 
  u_DCT/DRU/g2758__1786/ZN                                              -       A1->ZN F     AND2_X2        6 13.5    31   114   52520    (-,-) 
  u_DCT/DRU/sub_60_47_g1238__1857/ZN                                    -       A2->ZN R     NAND2_X1       3  8.2    85   116   52636    (-,-) 
  u_DCT/DRU/sub_60_47_g1206__5019/ZN                                    -       A1->ZN F     NAND2_X1       1  2.8    32    62   52699    (-,-) 
  u_DCT/DRU/sub_60_47_g1205__1840/ZN                                    -       A1->ZN R     NAND2_X1       2  6.0    70    90   52789    (-,-) 
  u_DCT/DRU/sub_60_47_g1203__7344/ZN                                    -       A1->ZN F     NAND2_X1       1  2.8    28    57   52846    (-,-) 
  u_DCT/DRU/sub_60_47_g1201__2703/ZN                                    -       A1->ZN R     NAND2_X1       2  6.0    70    88   52935    (-,-) 
  u_DCT/DRU/sub_60_47_g1200__6083/ZN                                    -       A2->ZN F     NAND2_X1       1  2.7    26    59   52994    (-,-) 
  u_DCT/DRU/sub_60_47_g1198__5266/ZN                                    -       A2->ZN R     NAND2_X1       2  6.0    67    95   53088    (-,-) 
  u_DCT/DRU/sub_60_47_g1197__7114/ZN                                    -       A2->ZN F     NAND2_X1       1  2.8    26    58   53147    (-,-) 
  u_DCT/DRU/sub_60_47_g1195__5953/ZN                                    -       A1->ZN R     NAND2_X1       2  5.7    68    85   53232    (-,-) 
  u_DCT/DRU/sub_60_47_g1194__1786/ZN                                    -       A1->ZN F     NAND2_X1       1  2.8    28    56   53288    (-,-) 
  u_DCT/DRU/sub_60_47_g1192__7118/ZN                                    -       A1->ZN R     NAND2_X1       2  5.7    68    86   53374    (-,-) 
  u_DCT/DRU/sub_60_47_g1191__7675/ZN                                    -       A1->ZN F     NAND2_X1       1  2.8    28    56   53430    (-,-) 
  u_DCT/DRU/sub_60_47_g1189__2900/ZN                                    -       A1->ZN R     NAND2_X1       2  5.7    68    86   53516    (-,-) 
  u_DCT/DRU/sub_60_47_g1188__6877/ZN                                    -       A1->ZN F     NAND2_X1       1  2.8    28    56   53572    (-,-) 
  u_DCT/DRU/sub_60_47_g1186__2683/ZN                                    -       A1->ZN R     NAND2_X1       2  5.0    63    80   53652    (-,-) 
  u_DCT/DRU/sub_60_47_g1185__9682/ZN                                    -       A1->ZN R     AND2_X1        2  4.4    47   131   53783    (-,-) 
  u_DCT/DRU/sub_60_47_g1182__3772/ZN                                    -       B1->ZN F     AOI21_X1       2  5.4    35    66   53849    (-,-) 
  u_DCT/DRU/sub_60_47_g1179__9906/ZN                                    -       B1->ZN R     OAI21_X1       2  5.7   141   183   54032    (-,-) 
  u_DCT/DRU/sub_60_47_g1178__1857/ZN                                    -       A1->ZN F     NAND2_X1       1  2.8    44    74   54107    (-,-) 
  u_DCT/DRU/sub_60_47_g1176__1840/ZN                                    -       A1->ZN R     NAND2_X1       2  5.7    68    95   54202    (-,-) 
  u_DCT/DRU/sub_60_47_g1175__7344/ZN                                    -       A1->ZN F     NAND2_X1       1  2.8    28    56   54258    (-,-) 
  u_DCT/DRU/sub_60_47_g1173__2703/ZN                                    -       A1->ZN R     NAND2_X1       2  5.7    68    86   54344    (-,-) 
  u_DCT/DRU/sub_60_47_g1172/ZN                                          -       A->ZN  F     INV_X1         1  2.7    20    37   54381    (-,-) 
  u_DCT/DRU/sub_60_47_g1170__2250/ZN                                    -       B1->ZN R     OAI21_X1       1  4.0   111   144   54525    (-,-) 
  u_DCT/DRU/sub_60_47_g1169__5266/S                                     -       CI->S  F     FA_X1          1  2.7    57   343   54868    (-,-) 
  u_DCT/DRU/g2427__9682/ZN                                              -       A1->ZN R     AOI222_X1      1  2.9   216   256   55124    (-,-) 
  u_DCT/DRU/g2410/ZN                                                    -       A->ZN  F     INV_X1         1  2.3    46    50   55175    (-,-) 
  u_DCT/DRU/ToBDEG_reg[14]/D                                            -       -      F     SDFF_X1        1    -     -     0   55175    (-,-) 
#-----------------------------------------------------------------------------------------------------------------------------------------------



Path 17: MET (46066 ps) Setup Check with Pin u_IDCT/tposemem_Bisted_RF_2P_ADV64x16_RF_2P_ADV64x16_u0_SRAM_i0/CLKB->DB[12]
           Mode: scan_mode
          Group: C2C_scan_mode
     Startpoint: (R) u_IDCT/IDRU8/Count_reg[0]/CK
          Clock: (R) CLK1
       Endpoint: (F) u_IDCT/tposemem_Bisted_RF_2P_ADV64x16_RF_2P_ADV64x16_u0_SRAM_i0/DB[12]
          Clock: (F) CLK1

                     Capture       Launch     
        Clock Edge:+   50000            0     
       Src Latency:+       0            0     
       Net Latency:+    2000 (I)     2000 (I) 
           Arrival:=   52000         2000     
                                              
             Setup:-     238                  
       Uncertainty:-     500                  
     Required Time:=   51262                  
      Launch Clock:-    2000                  
         Data Path:-    3196                  
             Slack:=   46066                  

#------------------------------------------------------------------------------------------------------------------------------------------------
#                             Timing Point                               Flags    Arc   Edge   Cell     Fanout Load Trans Delay Arrival Instance 
#                                                                                                              (fF)  (ps)  (ps)   (ps)  Location 
#------------------------------------------------------------------------------------------------------------------------------------------------
  u_IDCT/IDRU8/Count_reg[0]/CK                                           -       -      R     (arrival)     23    -     0     -    2000    (-,-) 
  u_IDCT/IDRU8/Count_reg[0]/Q                                            -       CK->Q  F     SDFF_X1        4 15.6    73   303    2303    (-,-) 
  u_IDCT/IDRU8/g5740/ZN                                                  -       A->ZN  R     INV_X4         3 20.5    55   102    2405    (-,-) 
  u_IDCT/IDRU8/g5725/ZN                                                  -       A2->ZN F     NAND2_X4       4 18.0    31    64    2469    (-,-) 
  u_IDCT/IDRU8/g5723/ZN                                                  -       A->ZN  R     INV_X8        19 42.7    52    79    2548    (-,-) 
  u_IDCT/IDRU8/g5762/ZN                                                  -       A1->ZN R     AND2_X4       18 40.7    93   172    2720    (-,-) 
  u_IDCT/IDRU8/g5700/ZN                                                  -       A1->ZN F     NAND2_X1       1  2.1    32    59    2779    (-,-) 
  u_IDCT/IDRU8/g5609/ZN                                                  -       A1->ZN F     AND3_X1        1  2.8    22   115    2894    (-,-) 
  u_IDCT/IDRU8/g5576/ZN                                                  -       A1->ZN R     NAND3_X1       4  8.2    93   108    3002    (-,-) 
  u_IDCT/IDRU8/add_86_45_g754/ZN                                         -       A2->ZN R     OR2_X1         2  5.1    52   130    3133    (-,-) 
  u_IDCT/IDRU8/add_86_45_g694/ZN                                         -       A2->ZN F     NAND2_X1       1  4.1    26    60    3193    (-,-) 
  u_IDCT/IDRU8/add_86_45_g692/ZN                                         -       A1->ZN R     NAND2_X2       2  5.7    43    60    3254    (-,-) 
  u_IDCT/IDRU8/add_86_45_g689/ZN                                         -       A1->ZN F     NAND2_X1       1  4.1    26    55    3309    (-,-) 
  u_IDCT/IDRU8/add_86_45_g687/ZN                                         -       A1->ZN R     NAND2_X2       3  7.9    52    70    3379    (-,-) 
  u_IDCT/IDRU8/add_86_45_g683/ZN                                         -       A1->ZN F     NAND3_X1       1  2.8    35    67    3446    (-,-) 
  u_IDCT/IDRU8/add_86_45_g682/ZN                                         -       A1->ZN R     NAND2_X1       2  5.7    65    90    3536    (-,-) 
  u_IDCT/IDRU8/add_86_45_g680/ZN                                         -       A1->ZN F     NAND2_X1       1  2.8    27    56    3591    (-,-) 
  u_IDCT/IDRU8/add_86_45_g678/ZN                                         -       A1->ZN R     NAND2_X1       2  5.7    65    85    3676    (-,-) 
  u_IDCT/IDRU8/add_86_45_g677/ZN                                         -       A1->ZN F     NAND2_X1       1  2.8    27    56    3732    (-,-) 
  u_IDCT/IDRU8/add_86_45_g675/ZN                                         -       A1->ZN R     NAND2_X1       2  5.0    61    79    3811    (-,-) 
  u_IDCT/IDRU8/add_86_45_g674/ZN                                         -       A1->ZN R     AND2_X1        3  6.6    64   150    3961    (-,-) 
  u_IDCT/IDRU8/add_86_45_g672/ZN                                         -       A1->ZN F     NAND2_X1       1  4.1    37    64    4024    (-,-) 
  u_IDCT/IDRU8/add_86_45_g669/ZN                                         -       B->ZN  R     OAI211_X2      2  5.7   102    98    4122    (-,-) 
  u_IDCT/IDRU8/add_86_45_g667/ZN                                         -       A1->ZN F     NAND2_X1       2  4.8    42    83    4205    (-,-) 
  u_IDCT/IDRU8/add_86_45_g663/ZN                                         -       A1->ZN R     NOR2_X1        2  6.6   146   191    4396    (-,-) 
  u_IDCT/IDRU8/add_86_45_g661/ZN                                         -       A1->ZN F     NOR2_X1        2  5.4    45    72    4468    (-,-) 
  u_IDCT/IDRU8/add_86_45_g656/ZN                                         -       A->ZN  F     XNOR2_X1       1  2.2    41   135    4602    (-,-) 
  u_IDCT/IDRU8/g5181/Z                                                   -       A->Z   F     MUX2_X1        2  4.3    41   249    4852    (-,-) 
  u_IDCT/IDRU8/g5052/Z                                                   -       A->Z   F     MUX2_X1        1  2.8    37   239    5090    (-,-) 
  u_IDCT/g3863/ZN                                                        -       A->ZN  R     INV_X1         1  2.9    33    61    5152    (-,-) 
  u_IDCT/g3732/ZN                                                        -       B1->ZN F     OAI21_X1       1  2.6    30    45    5196    (-,-) 
  u_IDCT/tposemem_Bisted_RF_2P_ADV64x16_RF_2P_ADV64x16_u0_SRAM_i0/DB[12] (P)     -      F     rf_2p_hse      1    -     -     0    5196    (-,-) 
#------------------------------------------------------------------------------------------------------------------------------------------------

(P) : Instance is preserved



Path 18: MET (46082 ps) Setup Check with Pin u_IDCT/tposemem_Bisted_RF_2P_ADV64x16_RF_2P_ADV64x16_u0_SRAM_i0/CLKB->DB[14]
           Mode: scan_mode
          Group: C2C_scan_mode
     Startpoint: (R) u_IDCT/IDRU8/Count_reg[0]/CK
          Clock: (R) CLK1
       Endpoint: (F) u_IDCT/tposemem_Bisted_RF_2P_ADV64x16_RF_2P_ADV64x16_u0_SRAM_i0/DB[14]
          Clock: (F) CLK1

                     Capture       Launch     
        Clock Edge:+   50000            0     
       Src Latency:+       0            0     
       Net Latency:+    2000 (I)     2000 (I) 
           Arrival:=   52000         2000     
                                              
             Setup:-     238                  
       Uncertainty:-     500                  
     Required Time:=   51262                  
      Launch Clock:-    2000                  
         Data Path:-    3180                  
             Slack:=   46082                  

#------------------------------------------------------------------------------------------------------------------------------------------------
#                             Timing Point                               Flags    Arc   Edge   Cell     Fanout Load Trans Delay Arrival Instance 
#                                                                                                              (fF)  (ps)  (ps)   (ps)  Location 
#------------------------------------------------------------------------------------------------------------------------------------------------
  u_IDCT/IDRU8/Count_reg[0]/CK                                           -       -      R     (arrival)     23    -     0     -    2000    (-,-) 
  u_IDCT/IDRU8/Count_reg[0]/Q                                            -       CK->Q  F     SDFF_X1        4 15.6    73   303    2303    (-,-) 
  u_IDCT/IDRU8/g5740/ZN                                                  -       A->ZN  R     INV_X4         3 20.5    55   102    2405    (-,-) 
  u_IDCT/IDRU8/g5725/ZN                                                  -       A2->ZN F     NAND2_X4       4 18.0    31    64    2469    (-,-) 
  u_IDCT/IDRU8/g5723/ZN                                                  -       A->ZN  R     INV_X8        19 42.7    52    79    2548    (-,-) 
  u_IDCT/IDRU8/g5762/ZN                                                  -       A1->ZN R     AND2_X4       18 40.7    93   172    2720    (-,-) 
  u_IDCT/IDRU8/g5700/ZN                                                  -       A1->ZN F     NAND2_X1       1  2.1    32    59    2779    (-,-) 
  u_IDCT/IDRU8/g5609/ZN                                                  -       A1->ZN F     AND3_X1        1  2.8    22   115    2894    (-,-) 
  u_IDCT/IDRU8/g5576/ZN                                                  -       A1->ZN R     NAND3_X1       4  8.2    93   108    3002    (-,-) 
  u_IDCT/IDRU8/add_86_45_g754/ZN                                         -       A2->ZN R     OR2_X1         2  5.1    52   130    3133    (-,-) 
  u_IDCT/IDRU8/add_86_45_g694/ZN                                         -       A2->ZN F     NAND2_X1       1  4.1    26    60    3193    (-,-) 
  u_IDCT/IDRU8/add_86_45_g692/ZN                                         -       A1->ZN R     NAND2_X2       2  5.7    43    60    3254    (-,-) 
  u_IDCT/IDRU8/add_86_45_g689/ZN                                         -       A1->ZN F     NAND2_X1       1  4.1    26    55    3309    (-,-) 
  u_IDCT/IDRU8/add_86_45_g687/ZN                                         -       A1->ZN R     NAND2_X2       3  7.9    52    70    3379    (-,-) 
  u_IDCT/IDRU8/add_86_45_g683/ZN                                         -       A1->ZN F     NAND3_X1       1  2.8    35    67    3446    (-,-) 
  u_IDCT/IDRU8/add_86_45_g682/ZN                                         -       A1->ZN R     NAND2_X1       2  5.7    65    90    3536    (-,-) 
  u_IDCT/IDRU8/add_86_45_g680/ZN                                         -       A1->ZN F     NAND2_X1       1  2.8    27    56    3591    (-,-) 
  u_IDCT/IDRU8/add_86_45_g678/ZN                                         -       A1->ZN R     NAND2_X1       2  5.7    65    85    3676    (-,-) 
  u_IDCT/IDRU8/add_86_45_g677/ZN                                         -       A1->ZN F     NAND2_X1       1  2.8    27    56    3732    (-,-) 
  u_IDCT/IDRU8/add_86_45_g675/ZN                                         -       A1->ZN R     NAND2_X1       2  5.0    61    79    3811    (-,-) 
  u_IDCT/IDRU8/add_86_45_g674/ZN                                         -       A1->ZN R     AND2_X1        3  6.6    64   150    3961    (-,-) 
  u_IDCT/IDRU8/add_86_45_g672/ZN                                         -       A1->ZN F     NAND2_X1       1  4.1    37    64    4024    (-,-) 
  u_IDCT/IDRU8/add_86_45_g669/ZN                                         -       B->ZN  R     OAI211_X2      2  5.7   102    98    4122    (-,-) 
  u_IDCT/IDRU8/add_86_45_g667/ZN                                         -       A1->ZN F     NAND2_X1       2  4.8    42    83    4205    (-,-) 
  u_IDCT/IDRU8/add_86_45_g663/ZN                                         -       A1->ZN R     NOR2_X1        2  6.6   146   191    4396    (-,-) 
  u_IDCT/IDRU8/add_86_45_g660/ZN                                         -       A1->ZN F     NOR2_X2        1  2.7    35    41    4437    (-,-) 
  u_IDCT/IDRU8/add_86_45_g657/ZN                                         -       B1->ZN R     OAI21_X1       1  2.9    92   128    4565    (-,-) 
  u_IDCT/IDRU8/add_86_45_g654/ZN                                         -       B1->ZN F     AOI21_X1       2  5.4    42    86    4651    (-,-) 
  u_IDCT/IDRU8/add_86_45_g652/ZN                                         -       A->ZN  F     XNOR2_X1       1  2.7    48   136    4787    (-,-) 
  u_IDCT/IDRU8/g5070/ZN                                                  -       C1->ZN R     AOI221_X1      1  2.9   195   227    5014    (-,-) 
  u_IDCT/IDRU8/g5068/ZN                                                  -       A->ZN  F     INV_X1         1  2.8    44    55    5070    (-,-) 
  u_IDCT/g3864/ZN                                                        -       A->ZN  R     INV_X1         1  2.9    33    65    5135    (-,-) 
  u_IDCT/g3745/ZN                                                        -       B1->ZN F     OAI21_X1       1  2.6    30    45    5180    (-,-) 
  u_IDCT/tposemem_Bisted_RF_2P_ADV64x16_RF_2P_ADV64x16_u0_SRAM_i0/DB[14] (P)     -      F     rf_2p_hse      1    -     -     0    5180    (-,-) 
#------------------------------------------------------------------------------------------------------------------------------------------------

(P) : Instance is preserved



Path 19: MET (46087 ps) Setup Check with Pin u_DCT/DRU/ToBDEG_reg[15]/CK->D
           Mode: scan_mode
          Group: C2C_scan_mode
     Startpoint: (R) u_DCT/tposemem_Bisted_RF_2P_ADV64x16_BistCtrl_i0_ST_MAL_i0_S17_reg/CK
          Clock: (F) CLK1
       Endpoint: (F) u_DCT/DRU/ToBDEG_reg[15]/D
          Clock: (R) CLK1

                     Capture       Launch     
        Clock Edge:+  100000        50000     
       Src Latency:+       0            0     
       Net Latency:+    2000 (I)     2000 (I) 
           Arrival:=  102000        52000     
                                              
             Setup:-     255                  
       Uncertainty:-     500                  
     Required Time:=  101245                  
      Launch Clock:-   52000                  
         Data Path:-    3158                  
             Slack:=   46087                  

#-----------------------------------------------------------------------------------------------------------------------------------------------
#                             Timing Point                              Flags    Arc   Edge   Cell     Fanout Load Trans Delay Arrival Instance 
#                                                                                                             (fF)  (ps)  (ps)   (ps)  Location 
#-----------------------------------------------------------------------------------------------------------------------------------------------
  u_DCT/tposemem_Bisted_RF_2P_ADV64x16_BistCtrl_i0_ST_MAL_i0_S17_reg/CK -       -      R     (arrival)      6    -     0     -   52000    (-,-) 
  u_DCT/tposemem_Bisted_RF_2P_ADV64x16_BistCtrl_i0_ST_MAL_i0_S17_reg/Q  -       CK->Q  F     SDFF_X1        2  4.2    48   242   52242    (-,-) 
  u_DCT/g3832/ZN                                                        -       A2->ZN R     NAND2_X1       2  5.1    60   100   52342    (-,-) 
  u_DCT/g3811/ZN                                                        -       A2->ZN F     NAND2_X1       2  4.3    28    64   52406    (-,-) 
  u_DCT/DRU/g2758__1786/ZN                                              -       A1->ZN F     AND2_X2        6 13.5    31   114   52520    (-,-) 
  u_DCT/DRU/sub_60_47_g1238__1857/ZN                                    -       A2->ZN R     NAND2_X1       3  8.2    85   116   52636    (-,-) 
  u_DCT/DRU/sub_60_47_g1206__5019/ZN                                    -       A1->ZN F     NAND2_X1       1  2.8    32    62   52699    (-,-) 
  u_DCT/DRU/sub_60_47_g1205__1840/ZN                                    -       A1->ZN R     NAND2_X1       2  6.0    70    90   52789    (-,-) 
  u_DCT/DRU/sub_60_47_g1203__7344/ZN                                    -       A1->ZN F     NAND2_X1       1  2.8    28    57   52846    (-,-) 
  u_DCT/DRU/sub_60_47_g1201__2703/ZN                                    -       A1->ZN R     NAND2_X1       2  6.0    70    88   52935    (-,-) 
  u_DCT/DRU/sub_60_47_g1200__6083/ZN                                    -       A2->ZN F     NAND2_X1       1  2.7    26    59   52994    (-,-) 
  u_DCT/DRU/sub_60_47_g1198__5266/ZN                                    -       A2->ZN R     NAND2_X1       2  6.0    67    95   53088    (-,-) 
  u_DCT/DRU/sub_60_47_g1197__7114/ZN                                    -       A2->ZN F     NAND2_X1       1  2.8    26    58   53147    (-,-) 
  u_DCT/DRU/sub_60_47_g1195__5953/ZN                                    -       A1->ZN R     NAND2_X1       2  5.7    68    85   53232    (-,-) 
  u_DCT/DRU/sub_60_47_g1194__1786/ZN                                    -       A1->ZN F     NAND2_X1       1  2.8    28    56   53288    (-,-) 
  u_DCT/DRU/sub_60_47_g1192__7118/ZN                                    -       A1->ZN R     NAND2_X1       2  5.7    68    86   53374    (-,-) 
  u_DCT/DRU/sub_60_47_g1191__7675/ZN                                    -       A1->ZN F     NAND2_X1       1  2.8    28    56   53430    (-,-) 
  u_DCT/DRU/sub_60_47_g1189__2900/ZN                                    -       A1->ZN R     NAND2_X1       2  5.7    68    86   53516    (-,-) 
  u_DCT/DRU/sub_60_47_g1188__6877/ZN                                    -       A1->ZN F     NAND2_X1       1  2.8    28    56   53572    (-,-) 
  u_DCT/DRU/sub_60_47_g1186__2683/ZN                                    -       A1->ZN R     NAND2_X1       2  5.0    63    80   53652    (-,-) 
  u_DCT/DRU/sub_60_47_g1185__9682/ZN                                    -       A1->ZN R     AND2_X1        2  4.4    47   131   53783    (-,-) 
  u_DCT/DRU/sub_60_47_g1182__3772/ZN                                    -       B1->ZN F     AOI21_X1       2  5.4    35    66   53849    (-,-) 
  u_DCT/DRU/sub_60_47_g1179__9906/ZN                                    -       B1->ZN R     OAI21_X1       2  5.7   141   183   54032    (-,-) 
  u_DCT/DRU/sub_60_47_g1178__1857/ZN                                    -       A1->ZN F     NAND2_X1       1  2.8    44    74   54107    (-,-) 
  u_DCT/DRU/sub_60_47_g1176__1840/ZN                                    -       A1->ZN R     NAND2_X1       2  5.7    68    95   54202    (-,-) 
  u_DCT/DRU/sub_60_47_g1175__7344/ZN                                    -       A1->ZN F     NAND2_X1       1  2.8    28    56   54258    (-,-) 
  u_DCT/DRU/sub_60_47_g1173__2703/ZN                                    -       A1->ZN R     NAND2_X1       2  5.7    68    86   54344    (-,-) 
  u_DCT/DRU/sub_60_47_g1172/ZN                                          -       A->ZN  F     INV_X1         1  2.7    20    37   54381    (-,-) 
  u_DCT/DRU/sub_60_47_g1170__2250/ZN                                    -       B1->ZN R     OAI21_X1       1  4.0   111   144   54525    (-,-) 
  u_DCT/DRU/sub_60_47_g1169__5266/CO                                    -       CI->CO R     FA_X1          1  4.0    54   184   54709    (-,-) 
  u_DCT/DRU/sub_60_47_g1168__7114/S                                     -       CI->S  F     FA_X1          1  2.8    57   318   55027    (-,-) 
  u_DCT/DRU/g2480__8757/ZN                                              -       A1->ZN R     NAND2_X1       1  2.9    66    78   55106    (-,-) 
  u_DCT/DRU/g2425__1474/ZN                                              -       A1->ZN F     NAND2_X1       1  2.3    26    52   55158    (-,-) 
  u_DCT/DRU/ToBDEG_reg[15]/D                                            -       -      F     SDFF_X1        1    -     -     0   55158    (-,-) 
#-----------------------------------------------------------------------------------------------------------------------------------------------



Path 20: MET (46097 ps) Setup Check with Pin u_IDCT/DRU/ToBDEG_reg[14]/CK->D
           Mode: scan_mode
          Group: C2C_scan_mode
     Startpoint: (R) u_IDCT/tposemem_Bisted_RF_2P_ADV64x16_BistCtrl_i0_ST_MAL_i0_S17_reg/CK
          Clock: (F) CLK1
       Endpoint: (F) u_IDCT/DRU/ToBDEG_reg[14]/D
          Clock: (R) CLK1

                     Capture       Launch     
        Clock Edge:+  100000        50000     
       Src Latency:+       0            0     
       Net Latency:+    2000 (I)     2000 (I) 
           Arrival:=  102000        52000     
                                              
             Setup:-     266                  
       Uncertainty:-     500                  
     Required Time:=  101234                  
      Launch Clock:-   52000                  
         Data Path:-    3137                  
             Slack:=   46097                  

#------------------------------------------------------------------------------------------------------------------------------------------------
#                             Timing Point                               Flags    Arc   Edge   Cell     Fanout Load Trans Delay Arrival Instance 
#                                                                                                              (fF)  (ps)  (ps)   (ps)  Location 
#------------------------------------------------------------------------------------------------------------------------------------------------
  u_IDCT/tposemem_Bisted_RF_2P_ADV64x16_BistCtrl_i0_ST_MAL_i0_S17_reg/CK -       -      R     (arrival)      6    -     0     -   52000    (-,-) 
  u_IDCT/tposemem_Bisted_RF_2P_ADV64x16_BistCtrl_i0_ST_MAL_i0_S17_reg/Q  -       CK->Q  F     SDFF_X1        2  4.3    48   243   52243    (-,-) 
  u_IDCT/g3832/ZN                                                        -       A1->ZN R     NAND2_X1       2  5.1    60    92   52335    (-,-) 
  u_IDCT/g3811/ZN                                                        -       A1->ZN F     NAND2_X1       2  4.2    30    62   52397    (-,-) 
  u_IDCT/DRU/g2758/ZN                                                    -       A1->ZN F     AND2_X2        6 13.5    28   115   52513    (-,-) 
  u_IDCT/DRU/sub_60_47_g1238/ZN                                          -       A1->ZN R     NAND2_X1       3  8.2    86   107   52620    (-,-) 
  u_IDCT/DRU/sub_60_47_g1206/ZN                                          -       A2->ZN F     NAND2_X1       1  2.8    26    65   52684    (-,-) 
  u_IDCT/DRU/sub_60_47_g1205/ZN                                          -       A1->ZN R     NAND2_X1       2  5.7    66    85   52769    (-,-) 
  u_IDCT/DRU/sub_60_47_g1203/ZN                                          -       A1->ZN F     NAND2_X1       1  2.8    28    56   52825    (-,-) 
  u_IDCT/DRU/sub_60_47_g1201/ZN                                          -       A1->ZN R     NAND2_X1       2  5.7    66    85   52910    (-,-) 
  u_IDCT/DRU/sub_60_47_g1200/ZN                                          -       A1->ZN F     NAND2_X1       1  2.8    28    56   52966    (-,-) 
  u_IDCT/DRU/sub_60_47_g1198/ZN                                          -       A1->ZN R     NAND2_X1       2  5.7    68    85   53052    (-,-) 
  u_IDCT/DRU/sub_60_47_g1197/ZN                                          -       A1->ZN F     NAND2_X1       1  2.8    28    56   53108    (-,-) 
  u_IDCT/DRU/sub_60_47_g1195/ZN                                          -       A1->ZN R     NAND2_X1       2  5.7    68    86   53194    (-,-) 
  u_IDCT/DRU/sub_60_47_g1194/ZN                                          -       A1->ZN F     NAND2_X1       1  2.8    28    56   53250    (-,-) 
  u_IDCT/DRU/sub_60_47_g1192/ZN                                          -       A1->ZN R     NAND2_X1       2  5.7    68    86   53336    (-,-) 
  u_IDCT/DRU/sub_60_47_g1191/ZN                                          -       A1->ZN F     NAND2_X1       1  2.8    28    56   53392    (-,-) 
  u_IDCT/DRU/sub_60_47_g1189/ZN                                          -       A1->ZN R     NAND2_X1       2  5.7    68    86   53478    (-,-) 
  u_IDCT/DRU/sub_60_47_g1188/ZN                                          -       A1->ZN F     NAND2_X1       1  2.8    28    56   53535    (-,-) 
  u_IDCT/DRU/sub_60_47_g1186/ZN                                          -       A1->ZN R     NAND2_X1       2  5.0    63    80   53614    (-,-) 
  u_IDCT/DRU/sub_60_47_g1185/ZN                                          -       A1->ZN R     AND2_X1        2  4.4    47   131   53746    (-,-) 
  u_IDCT/DRU/sub_60_47_g1182/ZN                                          -       B1->ZN F     AOI21_X1       2  5.4    35    66   53811    (-,-) 
  u_IDCT/DRU/sub_60_47_g1179/ZN                                          -       B1->ZN R     OAI21_X1       2  5.7   141   183   53995    (-,-) 
  u_IDCT/DRU/sub_60_47_g1178/ZN                                          -       A1->ZN F     NAND2_X1       1  2.8    44    74   54069    (-,-) 
  u_IDCT/DRU/sub_60_47_g1176/ZN                                          -       A1->ZN R     NAND2_X1       2  5.7    68    95   54164    (-,-) 
  u_IDCT/DRU/sub_60_47_g1175/ZN                                          -       A1->ZN F     NAND2_X1       1  2.8    28    56   54220    (-,-) 
  u_IDCT/DRU/sub_60_47_g1173/ZN                                          -       A1->ZN R     NAND2_X1       2  5.7    68    86   54306    (-,-) 
  u_IDCT/DRU/sub_60_47_g1172/ZN                                          -       A->ZN  F     INV_X1         1  2.7    20    37   54343    (-,-) 
  u_IDCT/DRU/sub_60_47_g1170/ZN                                          -       B1->ZN R     OAI21_X1       1  4.0   111   144   54487    (-,-) 
  u_IDCT/DRU/sub_60_47_g1169/S                                           -       CI->S  F     FA_X1          1  2.7    57   343   54831    (-,-) 
  u_IDCT/DRU/g2427/ZN                                                    -       A1->ZN R     AOI222_X1      1  2.9   216   256   55087    (-,-) 
  u_IDCT/DRU/g2410/ZN                                                    -       A->ZN  F     INV_X1         1  2.3    46    50   55137    (-,-) 
  u_IDCT/DRU/ToBDEG_reg[14]/D                                            -       -      F     SDFF_X1        1    -     -     0   55137    (-,-) 
#------------------------------------------------------------------------------------------------------------------------------------------------



Path 21: MET (46098 ps) Setup Check with Pin u_DCT/DRU/ToBDEG_reg[16]/CK->D
           Mode: scan_mode
          Group: C2C_scan_mode
     Startpoint: (R) u_DCT/tposemem_Bisted_RF_2P_ADV64x16_BistCtrl_i0_ST_MAL_i0_S17_reg/CK
          Clock: (F) CLK1
       Endpoint: (R) u_DCT/DRU/ToBDEG_reg[16]/D
          Clock: (R) CLK1

                     Capture       Launch     
        Clock Edge:+  100000        50000     
       Src Latency:+       0            0     
       Net Latency:+    2000 (I)     2000 (I) 
           Arrival:=  102000        52000     
                                              
             Setup:-     270                  
       Uncertainty:-     500                  
     Required Time:=  101230                  
      Launch Clock:-   52000                  
         Data Path:-    3132                  
             Slack:=   46098                  

#-----------------------------------------------------------------------------------------------------------------------------------------------
#                             Timing Point                              Flags    Arc   Edge   Cell     Fanout Load Trans Delay Arrival Instance 
#                                                                                                             (fF)  (ps)  (ps)   (ps)  Location 
#-----------------------------------------------------------------------------------------------------------------------------------------------
  u_DCT/tposemem_Bisted_RF_2P_ADV64x16_BistCtrl_i0_ST_MAL_i0_S17_reg/CK -       -      R     (arrival)      6    -     0     -   52000    (-,-) 
  u_DCT/tposemem_Bisted_RF_2P_ADV64x16_BistCtrl_i0_ST_MAL_i0_S17_reg/Q  -       CK->Q  F     SDFF_X1        2  4.2    48   242   52242    (-,-) 
  u_DCT/g3832/ZN                                                        -       A2->ZN R     NAND2_X1       2  5.1    60   100   52342    (-,-) 
  u_DCT/g3811/ZN                                                        -       A2->ZN F     NAND2_X1       2  4.3    28    64   52406    (-,-) 
  u_DCT/DRU/g2758__1786/ZN                                              -       A1->ZN F     AND2_X2        6 13.5    31   114   52520    (-,-) 
  u_DCT/DRU/sub_60_47_g1238__1857/ZN                                    -       A2->ZN R     NAND2_X1       3  8.2    85   116   52636    (-,-) 
  u_DCT/DRU/sub_60_47_g1206__5019/ZN                                    -       A1->ZN F     NAND2_X1       1  2.8    32    62   52699    (-,-) 
  u_DCT/DRU/sub_60_47_g1205__1840/ZN                                    -       A1->ZN R     NAND2_X1       2  6.0    70    90   52789    (-,-) 
  u_DCT/DRU/sub_60_47_g1203__7344/ZN                                    -       A1->ZN F     NAND2_X1       1  2.8    28    57   52846    (-,-) 
  u_DCT/DRU/sub_60_47_g1201__2703/ZN                                    -       A1->ZN R     NAND2_X1       2  6.0    70    88   52935    (-,-) 
  u_DCT/DRU/sub_60_47_g1200__6083/ZN                                    -       A2->ZN F     NAND2_X1       1  2.7    26    59   52994    (-,-) 
  u_DCT/DRU/sub_60_47_g1198__5266/ZN                                    -       A2->ZN R     NAND2_X1       2  6.0    67    95   53088    (-,-) 
  u_DCT/DRU/sub_60_47_g1197__7114/ZN                                    -       A2->ZN F     NAND2_X1       1  2.8    26    58   53147    (-,-) 
  u_DCT/DRU/sub_60_47_g1195__5953/ZN                                    -       A1->ZN R     NAND2_X1       2  5.7    68    85   53232    (-,-) 
  u_DCT/DRU/sub_60_47_g1194__1786/ZN                                    -       A1->ZN F     NAND2_X1       1  2.8    28    56   53288    (-,-) 
  u_DCT/DRU/sub_60_47_g1192__7118/ZN                                    -       A1->ZN R     NAND2_X1       2  5.7    68    86   53374    (-,-) 
  u_DCT/DRU/sub_60_47_g1191__7675/ZN                                    -       A1->ZN F     NAND2_X1       1  2.8    28    56   53430    (-,-) 
  u_DCT/DRU/sub_60_47_g1189__2900/ZN                                    -       A1->ZN R     NAND2_X1       2  5.7    68    86   53516    (-,-) 
  u_DCT/DRU/sub_60_47_g1188__6877/ZN                                    -       A1->ZN F     NAND2_X1       1  2.8    28    56   53572    (-,-) 
  u_DCT/DRU/sub_60_47_g1186__2683/ZN                                    -       A1->ZN R     NAND2_X1       2  5.0    63    80   53652    (-,-) 
  u_DCT/DRU/sub_60_47_g1185__9682/ZN                                    -       A1->ZN R     AND2_X1        2  4.4    47   131   53783    (-,-) 
  u_DCT/DRU/sub_60_47_g1182__3772/ZN                                    -       B1->ZN F     AOI21_X1       2  5.4    35    66   53849    (-,-) 
  u_DCT/DRU/sub_60_47_g1179__9906/ZN                                    -       B1->ZN R     OAI21_X1       2  5.7   141   183   54032    (-,-) 
  u_DCT/DRU/sub_60_47_g1178__1857/ZN                                    -       A1->ZN F     NAND2_X1       1  2.8    44    74   54107    (-,-) 
  u_DCT/DRU/sub_60_47_g1176__1840/ZN                                    -       A1->ZN R     NAND2_X1       2  5.7    68    95   54202    (-,-) 
  u_DCT/DRU/sub_60_47_g1175__7344/ZN                                    -       A1->ZN F     NAND2_X1       1  2.8    28    56   54258    (-,-) 
  u_DCT/DRU/sub_60_47_g1173__2703/ZN                                    -       A1->ZN R     NAND2_X1       2  5.7    68    86   54344    (-,-) 
  u_DCT/DRU/sub_60_47_g1172/ZN                                          -       A->ZN  F     INV_X1         1  2.7    20    37   54381    (-,-) 
  u_DCT/DRU/sub_60_47_g1170__2250/ZN                                    -       B1->ZN R     OAI21_X1       1  4.0   111   144   54525    (-,-) 
  u_DCT/DRU/sub_60_47_g1169__5266/CO                                    -       CI->CO R     FA_X1          1  4.0    54   184   54709    (-,-) 
  u_DCT/DRU/sub_60_47_g1168__7114/CO                                    -       CI->CO R     FA_X1          1  3.5    50   150   54859    (-,-) 
  u_DCT/DRU/sub_60_47_g1167__5703/ZN                                    -       A->ZN  R     XNOR2_X1       1  2.9    93   134   54993    (-,-) 
  u_DCT/DRU/g2478__7675/ZN                                              -       A1->ZN F     NAND2_X1       1  2.8    59    65   55058    (-,-) 
  u_DCT/DRU/g2423__4296/ZN                                              -       A1->ZN R     NAND2_X1       1  2.4    38    74   55132    (-,-) 
  u_DCT/DRU/ToBDEG_reg[16]/D                                            -       -      R     SDFF_X1        1    -     -     0   55132    (-,-) 
#-----------------------------------------------------------------------------------------------------------------------------------------------



Path 22: MET (46115 ps) Setup Check with Pin u_IDCT/DRU/ToBDEG_reg[16]/CK->D
           Mode: scan_mode
          Group: C2C_scan_mode
     Startpoint: (R) u_IDCT/tposemem_Bisted_RF_2P_ADV64x16_BistCtrl_i0_S44_Finish_reg/CK
          Clock: (F) CLK1
       Endpoint: (R) u_IDCT/DRU/ToBDEG_reg[16]/D
          Clock: (R) CLK1

                     Capture       Launch     
        Clock Edge:+  100000        50000     
       Src Latency:+       0            0     
       Net Latency:+    2000 (I)     2000 (I) 
           Arrival:=  102000        52000     
                                              
             Setup:-     270                  
       Uncertainty:-     500                  
     Required Time:=  101230                  
      Launch Clock:-   52000                  
         Data Path:-    3115                  
             Slack:=   46115                  

#---------------------------------------------------------------------------------------------------------------------------------------------
#                            Timing Point                             Flags    Arc   Edge   Cell     Fanout Load Trans Delay Arrival Instance 
#                                                                                                           (fF)  (ps)  (ps)   (ps)  Location 
#---------------------------------------------------------------------------------------------------------------------------------------------
  u_IDCT/tposemem_Bisted_RF_2P_ADV64x16_BistCtrl_i0_S44_Finish_reg/CK -       -      R     (arrival)      6    -     0     -   52000    (-,-) 
  u_IDCT/tposemem_Bisted_RF_2P_ADV64x16_BistCtrl_i0_S44_Finish_reg/Q  -       CK->Q  R     SDFF_X1        1  2.9    38   189   52189    (-,-) 
  u_IDCT/g3780/ZN                                                     -       A2->ZN F     NAND2_X1       2  4.7    33    58   52247    (-,-) 
  u_IDCT/g3770/ZN                                                     -       A2->ZN R     NAND2_X1       2  3.7    48    79   52326    (-,-) 
  u_IDCT/DRU/g2757/ZN                                                 -       A1->ZN R     AND2_X1        6 13.3   119   201   52527    (-,-) 
  u_IDCT/DRU/sub_60_47_g1227/ZN                                       -       A1->ZN F     NAND2_X1       2  4.8    46    87   52614    (-,-) 
  u_IDCT/DRU/sub_60_47_g1206/ZN                                       -       A1->ZN R     NAND2_X1       1  2.9    42    72   52686    (-,-) 
  u_IDCT/DRU/sub_60_47_g1205/ZN                                       -       A1->ZN F     NAND2_X1       2  5.5    34    62   52747    (-,-) 
  u_IDCT/DRU/sub_60_47_g1203/ZN                                       -       A1->ZN R     NAND2_X1       1  2.9    43    65   52812    (-,-) 
  u_IDCT/DRU/sub_60_47_g1201/ZN                                       -       A1->ZN F     NAND2_X1       2  5.5    34    62   52874    (-,-) 
  u_IDCT/DRU/sub_60_47_g1200/ZN                                       -       A1->ZN R     NAND2_X1       1  2.9    42    65   52939    (-,-) 
  u_IDCT/DRU/sub_60_47_g1198/ZN                                       -       A1->ZN F     NAND2_X1       2  5.5    34    62   53001    (-,-) 
  u_IDCT/DRU/sub_60_47_g1197/ZN                                       -       A1->ZN R     NAND2_X1       1  2.9    42    65   53065    (-,-) 
  u_IDCT/DRU/sub_60_47_g1195/ZN                                       -       A1->ZN F     NAND2_X1       2  5.5    34    62   53127    (-,-) 
  u_IDCT/DRU/sub_60_47_g1194/ZN                                       -       A1->ZN R     NAND2_X1       1  2.9    42    65   53192    (-,-) 
  u_IDCT/DRU/sub_60_47_g1192/ZN                                       -       A1->ZN F     NAND2_X1       2  5.5    34    62   53253    (-,-) 
  u_IDCT/DRU/sub_60_47_g1191/ZN                                       -       A1->ZN R     NAND2_X1       1  2.9    42    65   53318    (-,-) 
  u_IDCT/DRU/sub_60_47_g1189/ZN                                       -       A1->ZN F     NAND2_X1       2  5.5    34    62   53380    (-,-) 
  u_IDCT/DRU/sub_60_47_g1188/ZN                                       -       A1->ZN R     NAND2_X1       1  2.9    42    65   53444    (-,-) 
  u_IDCT/DRU/sub_60_47_g1186/ZN                                       -       A1->ZN F     NAND2_X1       2  4.8    31    58   53502    (-,-) 
  u_IDCT/DRU/sub_60_47_g1185/ZN                                       -       A1->ZN F     AND2_X1        2  4.1    23   112   53614    (-,-) 
  u_IDCT/DRU/sub_60_47_g1182/ZN                                       -       B1->ZN R     AOI21_X1       2  5.7   153   176   53790    (-,-) 
  u_IDCT/DRU/sub_60_47_g1179/ZN                                       -       B1->ZN F     OAI21_X1       2  5.5    57   105   53895    (-,-) 
  u_IDCT/DRU/sub_60_47_g1178/ZN                                       -       A1->ZN R     NAND2_X1       1  2.9    42    78   53973    (-,-) 
  u_IDCT/DRU/sub_60_47_g1176/ZN                                       -       A1->ZN F     NAND2_X1       2  5.5    34    62   54035    (-,-) 
  u_IDCT/DRU/sub_60_47_g1175/ZN                                       -       A1->ZN R     NAND2_X1       1  2.9    42    65   54100    (-,-) 
  u_IDCT/DRU/sub_60_47_g1173/ZN                                       -       A1->ZN F     NAND2_X1       2  5.5    34    62   54161    (-,-) 
  u_IDCT/DRU/sub_60_47_g1172/ZN                                       -       A->ZN  R     INV_X1         1  2.9    33    59   54220    (-,-) 
  u_IDCT/DRU/sub_60_47_g1170/ZN                                       -       B1->ZN F     OAI21_X1       1  3.9    32    51   54271    (-,-) 
  u_IDCT/DRU/sub_60_47_g1169/CO                                       -       CI->CO F     FA_X1          1  3.9    53   278   54549    (-,-) 
  u_IDCT/DRU/sub_60_47_g1168/CO                                       -       CI->CO F     FA_X1          1  3.4    51   283   54832    (-,-) 
  u_IDCT/DRU/sub_60_47_g1167/ZN                                       -       A->ZN  R     XNOR2_X1       1  2.9    93   137   54969    (-,-) 
  u_IDCT/DRU/g2478/ZN                                                 -       A1->ZN F     NAND2_X1       1  2.8    70    65   55034    (-,-) 
  u_IDCT/DRU/g2423/ZN                                                 -       A1->ZN R     NAND2_X1       1  2.4    40    81   55114    (-,-) 
  u_IDCT/DRU/ToBDEG_reg[16]/D                                         -       -      R     SDFF_X1        1    -     -     0   55115    (-,-) 
#---------------------------------------------------------------------------------------------------------------------------------------------



Path 23: MET (46130 ps) Setup Check with Pin u_IDCT/DRU/ToBDEG_reg[15]/CK->D
           Mode: scan_mode
          Group: C2C_scan_mode
     Startpoint: (R) u_IDCT/tposemem_Bisted_RF_2P_ADV64x16_BistCtrl_i0_S44_Finish_reg/CK
          Clock: (F) CLK1
       Endpoint: (R) u_IDCT/DRU/ToBDEG_reg[15]/D
          Clock: (R) CLK1

                     Capture       Launch     
        Clock Edge:+  100000        50000     
       Src Latency:+       0            0     
       Net Latency:+    2000 (I)     2000 (I) 
           Arrival:=  102000        52000     
                                              
             Setup:-     270                  
       Uncertainty:-     500                  
     Required Time:=  101230                  
      Launch Clock:-   52000                  
         Data Path:-    3100                  
             Slack:=   46130                  

#---------------------------------------------------------------------------------------------------------------------------------------------
#                            Timing Point                             Flags    Arc   Edge   Cell     Fanout Load Trans Delay Arrival Instance 
#                                                                                                           (fF)  (ps)  (ps)   (ps)  Location 
#---------------------------------------------------------------------------------------------------------------------------------------------
  u_IDCT/tposemem_Bisted_RF_2P_ADV64x16_BistCtrl_i0_S44_Finish_reg/CK -       -      R     (arrival)      6    -     0     -   52000    (-,-) 
  u_IDCT/tposemem_Bisted_RF_2P_ADV64x16_BistCtrl_i0_S44_Finish_reg/Q  -       CK->Q  R     SDFF_X1        1  2.9    38   189   52189    (-,-) 
  u_IDCT/g3780/ZN                                                     -       A2->ZN F     NAND2_X1       2  4.7    33    58   52247    (-,-) 
  u_IDCT/g3770/ZN                                                     -       A2->ZN R     NAND2_X1       2  3.7    48    79   52326    (-,-) 
  u_IDCT/DRU/g2757/ZN                                                 -       A1->ZN R     AND2_X1        6 13.3   119   201   52527    (-,-) 
  u_IDCT/DRU/sub_60_47_g1227/ZN                                       -       A1->ZN F     NAND2_X1       2  4.8    46    87   52614    (-,-) 
  u_IDCT/DRU/sub_60_47_g1206/ZN                                       -       A1->ZN R     NAND2_X1       1  2.9    42    72   52686    (-,-) 
  u_IDCT/DRU/sub_60_47_g1205/ZN                                       -       A1->ZN F     NAND2_X1       2  5.5    34    62   52747    (-,-) 
  u_IDCT/DRU/sub_60_47_g1203/ZN                                       -       A1->ZN R     NAND2_X1       1  2.9    43    65   52812    (-,-) 
  u_IDCT/DRU/sub_60_47_g1201/ZN                                       -       A1->ZN F     NAND2_X1       2  5.5    34    62   52874    (-,-) 
  u_IDCT/DRU/sub_60_47_g1200/ZN                                       -       A1->ZN R     NAND2_X1       1  2.9    42    65   52939    (-,-) 
  u_IDCT/DRU/sub_60_47_g1198/ZN                                       -       A1->ZN F     NAND2_X1       2  5.5    34    62   53001    (-,-) 
  u_IDCT/DRU/sub_60_47_g1197/ZN                                       -       A1->ZN R     NAND2_X1       1  2.9    42    65   53065    (-,-) 
  u_IDCT/DRU/sub_60_47_g1195/ZN                                       -       A1->ZN F     NAND2_X1       2  5.5    34    62   53127    (-,-) 
  u_IDCT/DRU/sub_60_47_g1194/ZN                                       -       A1->ZN R     NAND2_X1       1  2.9    42    65   53192    (-,-) 
  u_IDCT/DRU/sub_60_47_g1192/ZN                                       -       A1->ZN F     NAND2_X1       2  5.5    34    62   53253    (-,-) 
  u_IDCT/DRU/sub_60_47_g1191/ZN                                       -       A1->ZN R     NAND2_X1       1  2.9    42    65   53318    (-,-) 
  u_IDCT/DRU/sub_60_47_g1189/ZN                                       -       A1->ZN F     NAND2_X1       2  5.5    34    62   53380    (-,-) 
  u_IDCT/DRU/sub_60_47_g1188/ZN                                       -       A1->ZN R     NAND2_X1       1  2.9    42    65   53444    (-,-) 
  u_IDCT/DRU/sub_60_47_g1186/ZN                                       -       A1->ZN F     NAND2_X1       2  4.8    31    58   53502    (-,-) 
  u_IDCT/DRU/sub_60_47_g1185/ZN                                       -       A1->ZN F     AND2_X1        2  4.1    23   112   53614    (-,-) 
  u_IDCT/DRU/sub_60_47_g1182/ZN                                       -       B1->ZN R     AOI21_X1       2  5.7   153   176   53790    (-,-) 
  u_IDCT/DRU/sub_60_47_g1179/ZN                                       -       B1->ZN F     OAI21_X1       2  5.5    57   105   53895    (-,-) 
  u_IDCT/DRU/sub_60_47_g1178/ZN                                       -       A1->ZN R     NAND2_X1       1  2.9    42    78   53973    (-,-) 
  u_IDCT/DRU/sub_60_47_g1176/ZN                                       -       A1->ZN F     NAND2_X1       2  5.5    34    62   54035    (-,-) 
  u_IDCT/DRU/sub_60_47_g1175/ZN                                       -       A1->ZN R     NAND2_X1       1  2.9    42    65   54100    (-,-) 
  u_IDCT/DRU/sub_60_47_g1173/ZN                                       -       A1->ZN F     NAND2_X1       2  5.5    34    62   54161    (-,-) 
  u_IDCT/DRU/sub_60_47_g1172/ZN                                       -       A->ZN  R     INV_X1         1  2.9    33    59   54220    (-,-) 
  u_IDCT/DRU/sub_60_47_g1170/ZN                                       -       B1->ZN F     OAI21_X1       1  3.9    32    51   54271    (-,-) 
  u_IDCT/DRU/sub_60_47_g1169/CO                                       -       CI->CO F     FA_X1          1  3.9    53   278   54549    (-,-) 
  u_IDCT/DRU/sub_60_47_g1168/S                                        -       CI->S  R     FA_X1          1  2.9    45   420   54970    (-,-) 
  u_IDCT/DRU/g2480/ZN                                                 -       A1->ZN F     NAND2_X1       1  2.8    70    49   55019    (-,-) 
  u_IDCT/DRU/g2425/ZN                                                 -       A1->ZN R     NAND2_X1       1  2.4    40    81   55099    (-,-) 
  u_IDCT/DRU/ToBDEG_reg[15]/D                                         -       -      R     SDFF_X1        1    -     -     0   55100    (-,-) 
#---------------------------------------------------------------------------------------------------------------------------------------------



Path 24: MET (46154 ps) Setup Check with Pin u_DCT/tposemem_Bisted_RF_2P_ADV64x16_RF_2P_ADV64x16_u0_SRAM_i0/CLKB->DB[12]
           Mode: scan_mode
          Group: C2C_scan_mode
     Startpoint: (R) u_DCT/IDRU8/Count_reg[0]/CK
          Clock: (R) CLK1
       Endpoint: (F) u_DCT/tposemem_Bisted_RF_2P_ADV64x16_RF_2P_ADV64x16_u0_SRAM_i0/DB[12]
          Clock: (F) CLK1

                     Capture       Launch     
        Clock Edge:+   50000            0     
       Src Latency:+       0            0     
       Net Latency:+    2000 (I)     2000 (I) 
           Arrival:=   52000         2000     
                                              
             Setup:-     238                  
       Uncertainty:-     500                  
     Required Time:=   51262                  
      Launch Clock:-    2000                  
         Data Path:-    3108                  
             Slack:=   46154                  

#-----------------------------------------------------------------------------------------------------------------------------------------------
#                             Timing Point                              Flags    Arc   Edge   Cell     Fanout Load Trans Delay Arrival Instance 
#                                                                                                             (fF)  (ps)  (ps)   (ps)  Location 
#-----------------------------------------------------------------------------------------------------------------------------------------------
  u_DCT/IDRU8/Count_reg[0]/CK                                           -       -      R     (arrival)     23    -     0     -    2000    (-,-) 
  u_DCT/IDRU8/Count_reg[0]/Q                                            -       CK->Q  F     SDFF_X2        3 10.2    78   360    2360    (-,-) 
  u_DCT/IDRU8/g5849/ZN                                                  -       A->ZN  R     INV_X4         4 11.9    41    85    2444    (-,-) 
  u_DCT/IDRU8/g5834__1840/ZN                                            -       A2->ZN R     AND2_X2        7 18.8    87   164    2608    (-,-) 
  u_DCT/IDRU8/g5833/ZN                                                  -       A->ZN  F     INV_X2         7 14.5    32    65    2673    (-,-) 
  u_DCT/IDRU8/g5728__4547/ZN                                            -       B1->ZN R     OAI22_X1       1  2.9   128   169    2842    (-,-) 
  u_DCT/IDRU8/g5872/ZN                                                  -       A->ZN  F     AOI21_X1       1  2.8    38    70    2912    (-,-) 
  u_DCT/IDRU8/g2/ZN                                                     -       A1->ZN R     NAND2_X1       2  6.8    74   100    3013    (-,-) 
  u_DCT/IDRU8/add_86_45_g704__5019/ZN                                   -       A->ZN  F     OAI211_X2      1  4.1    48    94    3107    (-,-) 
  u_DCT/IDRU8/add_86_45_g694__5953/ZN                                   -       A1->ZN R     NAND2_X2       2  5.7    42    73    3180    (-,-) 
  u_DCT/IDRU8/add_86_45_g691__7118/ZN                                   -       A1->ZN F     NAND2_X1       1  4.1    26    55    3235    (-,-) 
  u_DCT/IDRU8/add_86_45_g688__2900/ZN                                   -       A1->ZN R     NAND2_X2       2  5.7    42    60    3295    (-,-) 
  u_DCT/IDRU8/add_86_45_g686__1309/ZN                                   -       A1->ZN F     NAND2_X1       1  4.1    26    55    3350    (-,-) 
  u_DCT/IDRU8/add_86_45_g684__9682/ZN                                   -       A1->ZN R     NAND2_X2       3  7.9    51    70    3420    (-,-) 
  u_DCT/IDRU8/add_86_45_g680__4296/ZN                                   -       A1->ZN F     NAND3_X1       1  4.1    43    77    3497    (-,-) 
  u_DCT/IDRU8/add_86_45_g679__8780/ZN                                   -       A1->ZN R     NAND3_X2       2  5.7    52    76    3573    (-,-) 
  u_DCT/IDRU8/add_86_45_g677__1857/ZN                                   -       A1->ZN F     NAND2_X1       1  4.1    28    59    3631    (-,-) 
  u_DCT/IDRU8/add_86_45_g675__1840/ZN                                   -       A1->ZN R     NAND2_X2       2  5.7    44    62    3693    (-,-) 
  u_DCT/IDRU8/add_86_45_g674__7344/ZN                                   -       A1->ZN F     NAND2_X1       1  2.8    22    49    3742    (-,-) 
  u_DCT/IDRU8/add_86_45_g672__2703/ZN                                   -       A1->ZN R     NAND2_X1       2  5.0    61    76    3818    (-,-) 
  u_DCT/IDRU8/add_86_45_g671__6083/ZN                                   -       A1->ZN R     AND2_X1        3  6.6    64   150    3968    (-,-) 
  u_DCT/IDRU8/add_86_45_g669__5266/ZN                                   -       A1->ZN F     NAND2_X1       1  4.3    38    65    4033    (-,-) 
  u_DCT/IDRU8/add_86_45_g666__5953/ZN                                   -       A->ZN  R     OAI211_X2      2  7.1   114    97    4130    (-,-) 
  u_DCT/IDRU8/add_86_45_g664__8757/ZN                                   -       A1->ZN F     NAND2_X2       2  6.3    40    73    4203    (-,-) 
  u_DCT/IDRU8/add_86_45_g659__6877/ZN                                   -       B1->ZN R     OAI221_X2      3  7.9   172   228    4431    (-,-) 
  u_DCT/IDRU8/add_86_45_g656__9682/ZN                                   -       A->ZN  F     XNOR2_X1       1  2.2    50    78    4509    (-,-) 
  u_DCT/IDRU8/g5250__7675/Z                                             -       A->Z   F     MUX2_X1        2  4.3    41   254    4763    (-,-) 
  u_DCT/IDRU8/g5113__3772/Z                                             -       A->Z   F     MUX2_X1        1  2.8    37   239    5002    (-,-) 
  u_DCT/g3863/ZN                                                        -       A->ZN  R     INV_X1         1  2.9    33    61    5063    (-,-) 
  u_DCT/g3732/ZN                                                        -       B1->ZN F     OAI21_X1       1  2.6    30    45    5108    (-,-) 
  u_DCT/tposemem_Bisted_RF_2P_ADV64x16_RF_2P_ADV64x16_u0_SRAM_i0/DB[12] (P)     -      F     rf_2p_hse      1    -     -     0    5108    (-,-) 
#-----------------------------------------------------------------------------------------------------------------------------------------------

(P) : Instance is preserved



Path 25: MET (46253 ps) Setup Check with Pin u_DCT/tposemem_Bisted_RF_2P_ADV64x16_RF_2P_ADV64x16_u0_SRAM_i0/CLKB->DB[11]
           Mode: scan_mode
          Group: C2C_scan_mode
     Startpoint: (R) u_DCT/IDRU8/Count_reg[0]/CK
          Clock: (R) CLK1
       Endpoint: (F) u_DCT/tposemem_Bisted_RF_2P_ADV64x16_RF_2P_ADV64x16_u0_SRAM_i0/DB[11]
          Clock: (F) CLK1

                     Capture       Launch     
        Clock Edge:+   50000            0     
       Src Latency:+       0            0     
       Net Latency:+    2000 (I)     2000 (I) 
           Arrival:=   52000         2000     
                                              
             Setup:-     238                  
       Uncertainty:-     500                  
     Required Time:=   51262                  
      Launch Clock:-    2000                  
         Data Path:-    3009                  
             Slack:=   46253                  

#-----------------------------------------------------------------------------------------------------------------------------------------------
#                             Timing Point                              Flags    Arc   Edge   Cell     Fanout Load Trans Delay Arrival Instance 
#                                                                                                             (fF)  (ps)  (ps)   (ps)  Location 
#-----------------------------------------------------------------------------------------------------------------------------------------------
  u_DCT/IDRU8/Count_reg[0]/CK                                           -       -      R     (arrival)     23    -     0     -    2000    (-,-) 
  u_DCT/IDRU8/Count_reg[0]/Q                                            -       CK->Q  F     SDFF_X2        3 10.2    78   360    2360    (-,-) 
  u_DCT/IDRU8/g5849/ZN                                                  -       A->ZN  R     INV_X4         4 11.9    41    85    2444    (-,-) 
  u_DCT/IDRU8/g5847/ZN                                                  -       A->ZN  F     INV_X2         4 19.3    25    52    2497    (-,-) 
  u_DCT/IDRU8/g5815__7344/ZN                                            -       A1->ZN F     AND3_X2        3  9.5    26   114    2611    (-,-) 
  u_DCT/IDRU8/g5807/ZN                                                  -       A->ZN  R     INV_X2         1  7.4    39    62    2672    (-,-) 
  u_DCT/IDRU8/g5805/ZN                                                  -       A->ZN  F     INV_X4        30 64.4    36    66    2739    (-,-) 
  u_DCT/IDRU8/g5712__6083/ZN                                            -       A1->ZN R     AOI22_X1       1  2.9   114   145    2883    (-,-) 
  u_DCT/IDRU8/g5619__7118/ZN                                            -       A2->ZN F     NAND4_X1       4 10.2   113   199    3083    (-,-) 
  u_DCT/IDRU8/add_86_45_g743__8780/ZN                                   -       A1->ZN F     OR2_X1         2  4.8    38   235    3318    (-,-) 
  u_DCT/IDRU8/add_86_45_g686__1309/ZN                                   -       A2->ZN R     NAND2_X1       1  4.3    53    87    3405    (-,-) 
  u_DCT/IDRU8/add_86_45_g684__9682/ZN                                   -       A1->ZN F     NAND2_X2       3  7.6    28    58    3463    (-,-) 
  u_DCT/IDRU8/add_86_45_g680__4296/ZN                                   -       A1->ZN R     NAND3_X1       1  4.2    60    77    3540    (-,-) 
  u_DCT/IDRU8/add_86_45_g679__8780/ZN                                   -       A1->ZN F     NAND3_X2       2  5.5    37    72    3612    (-,-) 
  u_DCT/IDRU8/add_86_45_g677__1857/ZN                                   -       A1->ZN R     NAND2_X1       1  4.3    53    79    3691    (-,-) 
  u_DCT/IDRU8/add_86_45_g675__1840/ZN                                   -       A1->ZN F     NAND2_X2       2  5.5    24    52    3743    (-,-) 
  u_DCT/IDRU8/add_86_45_g674__7344/ZN                                   -       A1->ZN R     NAND2_X1       1  2.9    42    60    3802    (-,-) 
  u_DCT/IDRU8/add_86_45_g672__2703/ZN                                   -       A1->ZN F     NAND2_X1       2  4.8    30    58    3861    (-,-) 
  u_DCT/IDRU8/add_86_45_g671__6083/ZN                                   -       A1->ZN F     AND2_X1        3  6.2    28   119    3980    (-,-) 
  u_DCT/IDRU8/add_86_45_g669__5266/ZN                                   -       A1->ZN R     NAND2_X1       1  4.6    56    76    4056    (-,-) 
  u_DCT/IDRU8/add_86_45_g666__5953/ZN                                   -       A->ZN  F     OAI211_X2      2  6.8    71    97    4153    (-,-) 
  u_DCT/IDRU8/add_86_45_g664__8757/ZN                                   -       A1->ZN R     NAND2_X2       2  6.8    47    92    4244    (-,-) 
  u_DCT/IDRU8/add_86_45_g660__2900/ZN                                   -       A1->ZN F     NAND2_X1       1  3.4    28    53    4298    (-,-) 
  u_DCT/IDRU8/add_86_45_g657__2683/ZN                                   -       A->ZN  F     XNOR2_X1       1  2.2    27   125    4423    (-,-) 
  u_DCT/IDRU8/g5253__1786/Z                                             -       A->Z   F     MUX2_X1        2  4.3    41   241    4664    (-,-) 
  u_DCT/IDRU8/g5115__4547/Z                                             -       A->Z   F     MUX2_X1        1  2.8    37   239    4903    (-,-) 
  u_DCT/g3862/ZN                                                        -       A->ZN  R     INV_X1         1  2.9    33    61    4964    (-,-) 
  u_DCT/g3742/ZN                                                        -       B1->ZN F     OAI21_X1       1  2.6    30    45    5009    (-,-) 
  u_DCT/tposemem_Bisted_RF_2P_ADV64x16_RF_2P_ADV64x16_u0_SRAM_i0/DB[11] (P)     -      F     rf_2p_hse      1    -     -     0    5009    (-,-) 
#-----------------------------------------------------------------------------------------------------------------------------------------------

(P) : Instance is preserved



Path 26: MET (46291 ps) Setup Check with Pin u_DCT/tposemem_Bisted_RF_2P_ADV64x16_RF_2P_ADV64x16_u0_SRAM_i0/CLKB->DB[9]
           Mode: scan_mode
          Group: C2C_scan_mode
     Startpoint: (R) u_DCT/IDRU8/Count_reg[0]/CK
          Clock: (R) CLK1
       Endpoint: (F) u_DCT/tposemem_Bisted_RF_2P_ADV64x16_RF_2P_ADV64x16_u0_SRAM_i0/DB[9]
          Clock: (F) CLK1

                     Capture       Launch     
        Clock Edge:+   50000            0     
       Src Latency:+       0            0     
       Net Latency:+    2000 (I)     2000 (I) 
           Arrival:=   52000         2000     
                                              
             Setup:-     238                  
       Uncertainty:-     500                  
     Required Time:=   51262                  
      Launch Clock:-    2000                  
         Data Path:-    2971                  
             Slack:=   46291                  

#----------------------------------------------------------------------------------------------------------------------------------------------
#                            Timing Point                              Flags    Arc   Edge   Cell     Fanout Load Trans Delay Arrival Instance 
#                                                                                                            (fF)  (ps)  (ps)   (ps)  Location 
#----------------------------------------------------------------------------------------------------------------------------------------------
  u_DCT/IDRU8/Count_reg[0]/CK                                          -       -      R     (arrival)     23    -     0     -    2000    (-,-) 
  u_DCT/IDRU8/Count_reg[0]/Q                                           -       CK->Q  F     SDFF_X2        3 10.2    78   360    2360    (-,-) 
  u_DCT/IDRU8/g5849/ZN                                                 -       A->ZN  R     INV_X4         4 11.9    41    85    2444    (-,-) 
  u_DCT/IDRU8/g5847/ZN                                                 -       A->ZN  F     INV_X2         4 19.3    25    52    2497    (-,-) 
  u_DCT/IDRU8/g5815__7344/ZN                                           -       A1->ZN F     AND3_X2        3  9.5    26   114    2611    (-,-) 
  u_DCT/IDRU8/g5807/ZN                                                 -       A->ZN  R     INV_X2         1  7.4    39    62    2672    (-,-) 
  u_DCT/IDRU8/g5805/ZN                                                 -       A->ZN  F     INV_X4        30 64.4    36    66    2739    (-,-) 
  u_DCT/IDRU8/g5712__6083/ZN                                           -       A1->ZN R     AOI22_X1       1  2.9   114   145    2883    (-,-) 
  u_DCT/IDRU8/g5619__7118/ZN                                           -       A2->ZN F     NAND4_X1       4 10.2   113   199    3083    (-,-) 
  u_DCT/IDRU8/add_86_45_g743__8780/ZN                                  -       A1->ZN F     OR2_X1         2  4.8    38   235    3318    (-,-) 
  u_DCT/IDRU8/add_86_45_g686__1309/ZN                                  -       A2->ZN R     NAND2_X1       1  4.3    53    87    3405    (-,-) 
  u_DCT/IDRU8/add_86_45_g684__9682/ZN                                  -       A1->ZN F     NAND2_X2       3  7.6    28    58    3463    (-,-) 
  u_DCT/IDRU8/add_86_45_g680__4296/ZN                                  -       A1->ZN R     NAND3_X1       1  4.2    60    77    3540    (-,-) 
  u_DCT/IDRU8/add_86_45_g679__8780/ZN                                  -       A1->ZN F     NAND3_X2       2  5.5    37    72    3612    (-,-) 
  u_DCT/IDRU8/add_86_45_g677__1857/ZN                                  -       A1->ZN R     NAND2_X1       1  4.3    53    79    3691    (-,-) 
  u_DCT/IDRU8/add_86_45_g675__1840/ZN                                  -       A1->ZN F     NAND2_X2       2  5.5    24    52    3743    (-,-) 
  u_DCT/IDRU8/add_86_45_g674__7344/ZN                                  -       A1->ZN R     NAND2_X1       1  2.9    42    60    3802    (-,-) 
  u_DCT/IDRU8/add_86_45_g672__2703/ZN                                  -       A1->ZN F     NAND2_X1       2  4.8    30    58    3861    (-,-) 
  u_DCT/IDRU8/add_86_45_g671__6083/ZN                                  -       A1->ZN F     AND2_X1        3  6.2    28   119    3980    (-,-) 
  u_DCT/IDRU8/add_86_45_g667__5703/ZN                                  -       B1->ZN R     AOI21_X1       2  5.7   153   178    4158    (-,-) 
  u_DCT/IDRU8/add_86_45_g661__2391/ZN                                  -       B1->ZN F     OAI21_X1       1  3.4    53    87    4245    (-,-) 
  u_DCT/IDRU8/add_86_45_g658__1309/ZN                                  -       A->ZN  F     XNOR2_X1       1  2.2    36   140    4384    (-,-) 
  u_DCT/IDRU8/g5249__2391/Z                                            -       A->Z   F     MUX2_X1        2  3.7    40   243    4627    (-,-) 
  u_DCT/IDRU8/g5111__8780/Z                                            -       A->Z   F     MUX2_X1        1  2.8    37   238    4865    (-,-) 
  u_DCT/g3857/ZN                                                       -       A->ZN  R     INV_X1         1  2.9    33    61    4926    (-,-) 
  u_DCT/g3743/ZN                                                       -       B1->ZN F     OAI21_X1       1  2.6    30    45    4971    (-,-) 
  u_DCT/tposemem_Bisted_RF_2P_ADV64x16_RF_2P_ADV64x16_u0_SRAM_i0/DB[9] (P)     -      F     rf_2p_hse      1    -     -     0    4971    (-,-) 
#----------------------------------------------------------------------------------------------------------------------------------------------

(P) : Instance is preserved



Path 27: MET (46308 ps) Setup Check with Pin u_IDCT/tposemem_Bisted_RF_2P_ADV64x16_RF_2P_ADV64x16_u0_SRAM_i0/CLKB->DB[9]
           Mode: scan_mode
          Group: C2C_scan_mode
     Startpoint: (R) d_DoDCT_reg/CK
          Clock: (R) CLK1
       Endpoint: (F) u_IDCT/tposemem_Bisted_RF_2P_ADV64x16_RF_2P_ADV64x16_u0_SRAM_i0/DB[9]
          Clock: (F) CLK1

                     Capture       Launch     
        Clock Edge:+   50000            0     
       Src Latency:+       0            0     
       Net Latency:+    2000 (I)     2000 (I) 
           Arrival:=   52000         2000     
                                              
             Setup:-     238                  
       Uncertainty:-     500                  
     Required Time:=   51262                  
      Launch Clock:-    2000                  
         Data Path:-    2954                  
             Slack:=   46308                  

#-----------------------------------------------------------------------------------------------------------------------------------------------
#                             Timing Point                              Flags    Arc   Edge   Cell     Fanout Load Trans Delay Arrival Instance 
#                                                                                                             (fF)  (ps)  (ps)   (ps)  Location 
#-----------------------------------------------------------------------------------------------------------------------------------------------
  d_DoDCT_reg/CK                                                        -       -      R     (arrival)    670    -     0     -    2000    (-,-) 
  d_DoDCT_reg/Q                                                         -       CK->Q  F     SDFF_X1        1  4.1    48   242    2242    (-,-) 
  g546/Z                                                                -       A->Z   F     BUF_X4        11 36.6    30   122    2363    (-,-) 
  g375/ZN                                                               -       A->ZN  R     INV_X8         7 25.1    35    60    2423    (-,-) 
  u_IDCT/IDRU8/g5749/ZN                                                 -       A->ZN  F     INV_X4         4 18.7    16    35    2459    (-,-) 
  u_IDCT/IDRU8/g5721/ZN                                                 -       A3->ZN R     NAND3_X4       2 11.0    50    73    2532    (-,-) 
  u_IDCT/IDRU8/g5715/ZN                                                 -       A->ZN  F     INV_X4        18 37.6    26    56    2588    (-,-) 
  u_IDCT/IDRU8/g5682/ZN                                                 -       A1->ZN R     AOI22_X1       1  2.2   101   127    2714    (-,-) 
  u_IDCT/IDRU8/g5612/ZN                                                 -       A1->ZN R     AND2_X1        1  2.9    37   136    2850    (-,-) 
  u_IDCT/IDRU8/g5573/ZN                                                 -       A2->ZN F     NAND3_X1       4 10.4    85   124    2974    (-,-) 
  u_IDCT/IDRU8/add_86_45_g754/ZN                                        -       A1->ZN F     OR2_X1         2  4.8    38   220    3193    (-,-) 
  u_IDCT/IDRU8/add_86_45_g694/ZN                                        -       A2->ZN R     NAND2_X1       1  4.3    53    87    3280    (-,-) 
  u_IDCT/IDRU8/add_86_45_g692/ZN                                        -       A1->ZN F     NAND2_X2       2  5.5    24    52    3332    (-,-) 
  u_IDCT/IDRU8/add_86_45_g689/ZN                                        -       A1->ZN R     NAND2_X1       1  4.3    53    72    3404    (-,-) 
  u_IDCT/IDRU8/add_86_45_g687/ZN                                        -       A1->ZN F     NAND2_X2       3  7.6    28    58    3462    (-,-) 
  u_IDCT/IDRU8/add_86_45_g683/ZN                                        -       A1->ZN R     NAND3_X1       1  2.9    50    66    3528    (-,-) 
  u_IDCT/IDRU8/add_86_45_g682/ZN                                        -       A1->ZN F     NAND2_X1       2  5.5    37    65    3593    (-,-) 
  u_IDCT/IDRU8/add_86_45_g680/ZN                                        -       A1->ZN R     NAND2_X1       1  2.9    42    67    3660    (-,-) 
  u_IDCT/IDRU8/add_86_45_g678/ZN                                        -       A1->ZN F     NAND2_X1       2  5.5    33    62    3721    (-,-) 
  u_IDCT/IDRU8/add_86_45_g677/ZN                                        -       A1->ZN R     NAND2_X1       1  2.9    42    64    3785    (-,-) 
  u_IDCT/IDRU8/add_86_45_g675/ZN                                        -       A1->ZN F     NAND2_X1       2  4.8    30    58    3844    (-,-) 
  u_IDCT/IDRU8/add_86_45_g674/ZN                                        -       A1->ZN F     AND2_X1        3  6.2    28   119    3963    (-,-) 
  u_IDCT/IDRU8/add_86_45_g670/ZN                                        -       B1->ZN R     AOI21_X1       2  5.7   153   178    4140    (-,-) 
  u_IDCT/IDRU8/add_86_45_g664/ZN                                        -       B1->ZN F     OAI21_X1       1  3.4    53    87    4227    (-,-) 
  u_IDCT/IDRU8/add_86_45_g659/ZN                                        -       A->ZN  F     XNOR2_X1       1  2.2    36   140    4367    (-,-) 
  u_IDCT/IDRU8/g5183/Z                                                  -       A->Z   F     MUX2_X1        2  3.7    40   243    4610    (-,-) 
  u_IDCT/IDRU8/g5050/Z                                                  -       A->Z   F     MUX2_X1        1  2.8    37   238    4848    (-,-) 
  u_IDCT/g3857/ZN                                                       -       A->ZN  R     INV_X1         1  2.9    33    61    4909    (-,-) 
  u_IDCT/g3743/ZN                                                       -       B1->ZN F     OAI21_X1       1  2.6    30    45    4954    (-,-) 
  u_IDCT/tposemem_Bisted_RF_2P_ADV64x16_RF_2P_ADV64x16_u0_SRAM_i0/DB[9] (P)     -      F     rf_2p_hse      1    -     -     0    4954    (-,-) 
#-----------------------------------------------------------------------------------------------------------------------------------------------

(P) : Instance is preserved



Path 28: MET (46366 ps) Setup Check with Pin u_DCT/tposemem_Bisted_RF_2P_ADV64x16_RF_2P_ADV64x16_u0_SRAM_i0/CLKB->DB[10]
           Mode: scan_mode
          Group: C2C_scan_mode
     Startpoint: (R) u_DCT/IDRU8/Count_reg[0]/CK
          Clock: (R) CLK1
       Endpoint: (F) u_DCT/tposemem_Bisted_RF_2P_ADV64x16_RF_2P_ADV64x16_u0_SRAM_i0/DB[10]
          Clock: (F) CLK1

                     Capture       Launch     
        Clock Edge:+   50000            0     
       Src Latency:+       0            0     
       Net Latency:+    2000 (I)     2000 (I) 
           Arrival:=   52000         2000     
                                              
             Setup:-     238                  
       Uncertainty:-     500                  
     Required Time:=   51262                  
      Launch Clock:-    2000                  
         Data Path:-    2896                  
             Slack:=   46366                  

#-----------------------------------------------------------------------------------------------------------------------------------------------
#                             Timing Point                              Flags    Arc   Edge   Cell     Fanout Load Trans Delay Arrival Instance 
#                                                                                                             (fF)  (ps)  (ps)   (ps)  Location 
#-----------------------------------------------------------------------------------------------------------------------------------------------
  u_DCT/IDRU8/Count_reg[0]/CK                                           -       -      R     (arrival)     23    -     0     -    2000    (-,-) 
  u_DCT/IDRU8/Count_reg[0]/Q                                            -       CK->Q  F     SDFF_X2        3 10.2    78   360    2360    (-,-) 
  u_DCT/IDRU8/g5849/ZN                                                  -       A->ZN  R     INV_X4         4 11.9    41    85    2444    (-,-) 
  u_DCT/IDRU8/g5847/ZN                                                  -       A->ZN  F     INV_X2         4 19.3    25    52    2497    (-,-) 
  u_DCT/IDRU8/g5815__7344/ZN                                            -       A1->ZN F     AND3_X2        3  9.5    26   114    2611    (-,-) 
  u_DCT/IDRU8/g5807/ZN                                                  -       A->ZN  R     INV_X2         1  7.4    39    62    2672    (-,-) 
  u_DCT/IDRU8/g5805/ZN                                                  -       A->ZN  F     INV_X4        30 64.4    36    66    2739    (-,-) 
  u_DCT/IDRU8/g5712__6083/ZN                                            -       A1->ZN R     AOI22_X1       1  2.9   114   145    2883    (-,-) 
  u_DCT/IDRU8/g5619__7118/ZN                                            -       A2->ZN F     NAND4_X1       4 10.2   113   199    3083    (-,-) 
  u_DCT/IDRU8/add_86_45_g743__8780/ZN                                   -       A1->ZN F     OR2_X1         2  4.8    38   235    3318    (-,-) 
  u_DCT/IDRU8/add_86_45_g686__1309/ZN                                   -       A2->ZN R     NAND2_X1       1  4.3    53    87    3405    (-,-) 
  u_DCT/IDRU8/add_86_45_g684__9682/ZN                                   -       A1->ZN F     NAND2_X2       3  7.6    28    58    3463    (-,-) 
  u_DCT/IDRU8/add_86_45_g680__4296/ZN                                   -       A1->ZN R     NAND3_X1       1  4.2    60    77    3540    (-,-) 
  u_DCT/IDRU8/add_86_45_g679__8780/ZN                                   -       A1->ZN F     NAND3_X2       2  5.5    37    72    3612    (-,-) 
  u_DCT/IDRU8/add_86_45_g677__1857/ZN                                   -       A1->ZN R     NAND2_X1       1  4.3    53    79    3691    (-,-) 
  u_DCT/IDRU8/add_86_45_g675__1840/ZN                                   -       A1->ZN F     NAND2_X2       2  5.5    24    52    3743    (-,-) 
  u_DCT/IDRU8/add_86_45_g674__7344/ZN                                   -       A1->ZN R     NAND2_X1       1  2.9    42    60    3802    (-,-) 
  u_DCT/IDRU8/add_86_45_g672__2703/ZN                                   -       A1->ZN F     NAND2_X1       2  4.8    30    58    3861    (-,-) 
  u_DCT/IDRU8/add_86_45_g671__6083/ZN                                   -       A1->ZN F     AND2_X1        3  6.2    28   119    3980    (-,-) 
  u_DCT/IDRU8/add_86_45_g669__5266/ZN                                   -       A1->ZN R     NAND2_X1       1  4.6    56    76    4056    (-,-) 
  u_DCT/IDRU8/add_86_45_g666__5953/ZN                                   -       A->ZN  F     OAI211_X2      2  6.8    71    97    4153    (-,-) 
  u_DCT/IDRU8/add_86_45_g662__7675/ZN                                   -       A->ZN  F     XNOR2_X1       1  2.2    38   151    4304    (-,-) 
  u_DCT/IDRU8/g5248__2900/Z                                             -       A->Z   F     MUX2_X1        2  4.3    41   248    4552    (-,-) 
  u_DCT/IDRU8/g5110__9906/Z                                             -       A->Z   F     MUX2_X1        1  2.8    37   239    4790    (-,-) 
  u_DCT/g3858/ZN                                                        -       A->ZN  R     INV_X1         1  2.9    33    61    4852    (-,-) 
  u_DCT/g3741/ZN                                                        -       B1->ZN F     OAI21_X1       1  2.6    30    45    4896    (-,-) 
  u_DCT/tposemem_Bisted_RF_2P_ADV64x16_RF_2P_ADV64x16_u0_SRAM_i0/DB[10] (P)     -      F     rf_2p_hse      1    -     -     0    4896    (-,-) 
#-----------------------------------------------------------------------------------------------------------------------------------------------

(P) : Instance is preserved



Path 29: MET (46384 ps) Setup Check with Pin u_IDCT/tposemem_Bisted_RF_2P_ADV64x16_RF_2P_ADV64x16_u0_SRAM_i0/CLKB->DB[11]
           Mode: scan_mode
          Group: C2C_scan_mode
     Startpoint: (R) d_DoDCT_reg/CK
          Clock: (R) CLK1
       Endpoint: (R) u_IDCT/tposemem_Bisted_RF_2P_ADV64x16_RF_2P_ADV64x16_u0_SRAM_i0/DB[11]
          Clock: (F) CLK1

                     Capture       Launch     
        Clock Edge:+   50000            0     
       Src Latency:+       0            0     
       Net Latency:+    2000 (I)     2000 (I) 
           Arrival:=   52000         2000     
                                              
             Setup:-     263                  
       Uncertainty:-     500                  
     Required Time:=   51237                  
      Launch Clock:-    2000                  
         Data Path:-    2853                  
             Slack:=   46384                  

#------------------------------------------------------------------------------------------------------------------------------------------------
#                             Timing Point                               Flags    Arc   Edge   Cell     Fanout Load Trans Delay Arrival Instance 
#                                                                                                              (fF)  (ps)  (ps)   (ps)  Location 
#------------------------------------------------------------------------------------------------------------------------------------------------
  d_DoDCT_reg/CK                                                         -       -      R     (arrival)    670    -     0     -    2000    (-,-) 
  d_DoDCT_reg/Q                                                          -       CK->Q  F     SDFF_X1        1  4.1    48   242    2242    (-,-) 
  g546/Z                                                                 -       A->Z   F     BUF_X4        11 36.6    30   122    2363    (-,-) 
  g375/ZN                                                                -       A->ZN  R     INV_X8         7 25.1    35    60    2423    (-,-) 
  u_IDCT/IDRU8/g5749/ZN                                                  -       A->ZN  F     INV_X4         4 18.7    16    35    2459    (-,-) 
  u_IDCT/IDRU8/g5721/ZN                                                  -       A3->ZN R     NAND3_X4       2 11.0    50    73    2532    (-,-) 
  u_IDCT/IDRU8/g5715/ZN                                                  -       A->ZN  F     INV_X4        18 37.6    26    56    2588    (-,-) 
  u_IDCT/IDRU8/g5682/ZN                                                  -       A1->ZN R     AOI22_X1       1  2.2   101   127    2714    (-,-) 
  u_IDCT/IDRU8/g5612/ZN                                                  -       A1->ZN R     AND2_X1        1  2.9    37   136    2850    (-,-) 
  u_IDCT/IDRU8/g5573/ZN                                                  -       A2->ZN F     NAND3_X1       4 10.4    85   124    2974    (-,-) 
  u_IDCT/IDRU8/add_86_45_g754/ZN                                         -       A1->ZN F     OR2_X1         2  4.8    38   220    3193    (-,-) 
  u_IDCT/IDRU8/add_86_45_g694/ZN                                         -       A2->ZN R     NAND2_X1       1  4.3    53    87    3280    (-,-) 
  u_IDCT/IDRU8/add_86_45_g692/ZN                                         -       A1->ZN F     NAND2_X2       2  5.5    24    52    3332    (-,-) 
  u_IDCT/IDRU8/add_86_45_g689/ZN                                         -       A1->ZN R     NAND2_X1       1  4.3    53    72    3404    (-,-) 
  u_IDCT/IDRU8/add_86_45_g687/ZN                                         -       A1->ZN F     NAND2_X2       3  7.6    28    58    3462    (-,-) 
  u_IDCT/IDRU8/add_86_45_g683/ZN                                         -       A1->ZN R     NAND3_X1       1  2.9    50    66    3528    (-,-) 
  u_IDCT/IDRU8/add_86_45_g682/ZN                                         -       A1->ZN F     NAND2_X1       2  5.5    37    65    3593    (-,-) 
  u_IDCT/IDRU8/add_86_45_g680/ZN                                         -       A1->ZN R     NAND2_X1       1  2.9    42    67    3660    (-,-) 
  u_IDCT/IDRU8/add_86_45_g678/ZN                                         -       A1->ZN F     NAND2_X1       2  5.5    33    62    3721    (-,-) 
  u_IDCT/IDRU8/add_86_45_g677/ZN                                         -       A1->ZN R     NAND2_X1       1  2.9    42    64    3785    (-,-) 
  u_IDCT/IDRU8/add_86_45_g675/ZN                                         -       A1->ZN F     NAND2_X1       2  4.8    30    58    3844    (-,-) 
  u_IDCT/IDRU8/add_86_45_g674/ZN                                         -       A1->ZN F     AND2_X1        3  6.2    28   119    3963    (-,-) 
  u_IDCT/IDRU8/add_86_45_g672/ZN                                         -       A1->ZN R     NAND2_X1       1  4.4    54    74    4037    (-,-) 
  u_IDCT/IDRU8/add_86_45_g669/ZN                                         -       B->ZN  F     OAI211_X2      2  5.5    68    91    4128    (-,-) 
  u_IDCT/IDRU8/add_86_45_g667/ZN                                         -       A1->ZN R     NAND2_X1       2  5.1    60   104    4232    (-,-) 
  u_IDCT/IDRU8/add_86_45_g662/ZN                                         -       A1->ZN F     NAND2_X1       1  3.4    28    58    4290    (-,-) 
  u_IDCT/IDRU8/add_86_45_g658/ZN                                         -       A->ZN  R     XNOR2_X1       1  2.9    93   127    4416    (-,-) 
  u_IDCT/IDRU8/g5201/ZN                                                  -       A1->ZN F     AOI22_X1       2  4.2    72    79    4495    (-,-) 
  u_IDCT/IDRU8/g5060/ZN                                                  -       B1->ZN R     OAI22_X1       1  2.9   128   189    4684    (-,-) 
  u_IDCT/g3862/ZN                                                        -       A->ZN  F     INV_X1         1  2.7    32    48    4732    (-,-) 
  u_IDCT/g3742/ZN                                                        -       B1->ZN R     OAI21_X1       1  2.6    86   121    4853    (-,-) 
  u_IDCT/tposemem_Bisted_RF_2P_ADV64x16_RF_2P_ADV64x16_u0_SRAM_i0/DB[11] (P)     -      R     rf_2p_hse      1    -     -     0    4853    (-,-) 
#------------------------------------------------------------------------------------------------------------------------------------------------

(P) : Instance is preserved



Path 30: MET (46385 ps) Setup Check with Pin u_DCT/tposemem_Bisted_RF_2P_ADV64x16_RF_2P_ADV64x16_u0_SRAM_i0/CLKB->DB[7]
           Mode: scan_mode
          Group: C2C_scan_mode
     Startpoint: (R) u_DCT/IDRU8/Count_reg[0]/CK
          Clock: (R) CLK1
       Endpoint: (F) u_DCT/tposemem_Bisted_RF_2P_ADV64x16_RF_2P_ADV64x16_u0_SRAM_i0/DB[7]
          Clock: (F) CLK1

                     Capture       Launch     
        Clock Edge:+   50000            0     
       Src Latency:+       0            0     
       Net Latency:+    2000 (I)     2000 (I) 
           Arrival:=   52000         2000     
                                              
             Setup:-     238                  
       Uncertainty:-     500                  
     Required Time:=   51262                  
      Launch Clock:-    2000                  
         Data Path:-    2877                  
             Slack:=   46385                  

#----------------------------------------------------------------------------------------------------------------------------------------------
#                            Timing Point                              Flags    Arc   Edge   Cell     Fanout Load Trans Delay Arrival Instance 
#                                                                                                            (fF)  (ps)  (ps)   (ps)  Location 
#----------------------------------------------------------------------------------------------------------------------------------------------
  u_DCT/IDRU8/Count_reg[0]/CK                                          -       -      R     (arrival)     23    -     0     -    2000    (-,-) 
  u_DCT/IDRU8/Count_reg[0]/Q                                           -       CK->Q  F     SDFF_X2        3 10.2    78   360    2360    (-,-) 
  u_DCT/IDRU8/g5849/ZN                                                 -       A->ZN  R     INV_X4         4 11.9    41    85    2444    (-,-) 
  u_DCT/IDRU8/g5847/ZN                                                 -       A->ZN  F     INV_X2         4 19.3    25    52    2497    (-,-) 
  u_DCT/IDRU8/g5815__7344/ZN                                           -       A1->ZN F     AND3_X2        3  9.5    26   114    2611    (-,-) 
  u_DCT/IDRU8/g5807/ZN                                                 -       A->ZN  R     INV_X2         1  7.4    39    62    2672    (-,-) 
  u_DCT/IDRU8/g5805/ZN                                                 -       A->ZN  F     INV_X4        30 64.4    36    66    2739    (-,-) 
  u_DCT/IDRU8/g5712__6083/ZN                                           -       A1->ZN R     AOI22_X1       1  2.9   114   145    2883    (-,-) 
  u_DCT/IDRU8/g5619__7118/ZN                                           -       A2->ZN F     NAND4_X1       4 10.2   113   199    3083    (-,-) 
  u_DCT/IDRU8/add_86_45_g743__8780/ZN                                  -       A1->ZN F     OR2_X1         2  4.8    38   235    3318    (-,-) 
  u_DCT/IDRU8/add_86_45_g686__1309/ZN                                  -       A2->ZN R     NAND2_X1       1  4.3    53    87    3405    (-,-) 
  u_DCT/IDRU8/add_86_45_g684__9682/ZN                                  -       A1->ZN F     NAND2_X2       3  7.6    28    58    3463    (-,-) 
  u_DCT/IDRU8/add_86_45_g680__4296/ZN                                  -       A1->ZN R     NAND3_X1       1  4.2    60    77    3540    (-,-) 
  u_DCT/IDRU8/add_86_45_g679__8780/ZN                                  -       A1->ZN F     NAND3_X2       2  5.5    37    72    3612    (-,-) 
  u_DCT/IDRU8/add_86_45_g677__1857/ZN                                  -       A1->ZN R     NAND2_X1       1  4.3    53    79    3691    (-,-) 
  u_DCT/IDRU8/add_86_45_g675__1840/ZN                                  -       A1->ZN F     NAND2_X2       2  5.5    24    52    3743    (-,-) 
  u_DCT/IDRU8/add_86_45_g674__7344/ZN                                  -       A1->ZN R     NAND2_X1       1  2.9    42    60    3802    (-,-) 
  u_DCT/IDRU8/add_86_45_g672__2703/ZN                                  -       A1->ZN F     NAND2_X1       2  4.8    30    58    3861    (-,-) 
  u_DCT/IDRU8/add_86_45_g671__6083/ZN                                  -       A1->ZN F     AND2_X1        3  6.2    28   119    3980    (-,-) 
  u_DCT/IDRU8/add_86_45_g668__7114/ZN                                  -       A1->ZN F     OR2_X1         1  3.4    35   182    4162    (-,-) 
  u_DCT/IDRU8/add_86_45_g665__1786/ZN                                  -       A->ZN  F     XNOR2_X1       1  2.2    27   129    4291    (-,-) 
  u_DCT/IDRU8/g5251__7118/Z                                            -       A->Z   F     MUX2_X1        2  4.3    41   241    4533    (-,-) 
  u_DCT/IDRU8/g5114__1474/Z                                            -       A->Z   F     MUX2_X1        1  2.8    37   239    4771    (-,-) 
  u_DCT/g3860/ZN                                                       -       A->ZN  R     INV_X1         1  2.9    33    61    4833    (-,-) 
  u_DCT/g3766/ZN                                                       -       B1->ZN F     OAI21_X1       1  2.6    30    45    4877    (-,-) 
  u_DCT/tposemem_Bisted_RF_2P_ADV64x16_RF_2P_ADV64x16_u0_SRAM_i0/DB[7] (P)     -      F     rf_2p_hse      1    -     -     0    4877    (-,-) 
#----------------------------------------------------------------------------------------------------------------------------------------------

(P) : Instance is preserved



Path 31: MET (46394 ps) Setup Check with Pin u_IDCT/tposemem_Bisted_RF_2P_ADV64x16_RF_2P_ADV64x16_u0_SRAM_i0/CLKB->DB[10]
           Mode: scan_mode
          Group: C2C_scan_mode
     Startpoint: (R) d_DoDCT_reg/CK
          Clock: (R) CLK1
       Endpoint: (F) u_IDCT/tposemem_Bisted_RF_2P_ADV64x16_RF_2P_ADV64x16_u0_SRAM_i0/DB[10]
          Clock: (F) CLK1

                     Capture       Launch     
        Clock Edge:+   50000            0     
       Src Latency:+       0            0     
       Net Latency:+    2000 (I)     2000 (I) 
           Arrival:=   52000         2000     
                                              
             Setup:-     238                  
       Uncertainty:-     500                  
     Required Time:=   51262                  
      Launch Clock:-    2000                  
         Data Path:-    2868                  
             Slack:=   46394                  

#------------------------------------------------------------------------------------------------------------------------------------------------
#                             Timing Point                               Flags    Arc   Edge   Cell     Fanout Load Trans Delay Arrival Instance 
#                                                                                                              (fF)  (ps)  (ps)   (ps)  Location 
#------------------------------------------------------------------------------------------------------------------------------------------------
  d_DoDCT_reg/CK                                                         -       -      R     (arrival)    670    -     0     -    2000    (-,-) 
  d_DoDCT_reg/Q                                                          -       CK->Q  F     SDFF_X1        1  4.1    48   242    2242    (-,-) 
  g546/Z                                                                 -       A->Z   F     BUF_X4        11 36.6    30   122    2363    (-,-) 
  g375/ZN                                                                -       A->ZN  R     INV_X8         7 25.1    35    60    2423    (-,-) 
  u_IDCT/IDRU8/g5749/ZN                                                  -       A->ZN  F     INV_X4         4 18.7    16    35    2459    (-,-) 
  u_IDCT/IDRU8/g5721/ZN                                                  -       A3->ZN R     NAND3_X4       2 11.0    50    73    2532    (-,-) 
  u_IDCT/IDRU8/g5715/ZN                                                  -       A->ZN  F     INV_X4        18 37.6    26    56    2588    (-,-) 
  u_IDCT/IDRU8/g5682/ZN                                                  -       A1->ZN R     AOI22_X1       1  2.2   101   127    2714    (-,-) 
  u_IDCT/IDRU8/g5612/ZN                                                  -       A1->ZN R     AND2_X1        1  2.9    37   136    2850    (-,-) 
  u_IDCT/IDRU8/g5573/ZN                                                  -       A2->ZN F     NAND3_X1       4 10.4    85   124    2974    (-,-) 
  u_IDCT/IDRU8/add_86_45_g754/ZN                                         -       A1->ZN F     OR2_X1         2  4.8    38   220    3193    (-,-) 
  u_IDCT/IDRU8/add_86_45_g694/ZN                                         -       A2->ZN R     NAND2_X1       1  4.3    53    87    3280    (-,-) 
  u_IDCT/IDRU8/add_86_45_g692/ZN                                         -       A1->ZN F     NAND2_X2       2  5.5    24    52    3332    (-,-) 
  u_IDCT/IDRU8/add_86_45_g689/ZN                                         -       A1->ZN R     NAND2_X1       1  4.3    53    72    3404    (-,-) 
  u_IDCT/IDRU8/add_86_45_g687/ZN                                         -       A1->ZN F     NAND2_X2       3  7.6    28    58    3462    (-,-) 
  u_IDCT/IDRU8/add_86_45_g683/ZN                                         -       A1->ZN R     NAND3_X1       1  2.9    50    66    3528    (-,-) 
  u_IDCT/IDRU8/add_86_45_g682/ZN                                         -       A1->ZN F     NAND2_X1       2  5.5    37    65    3593    (-,-) 
  u_IDCT/IDRU8/add_86_45_g680/ZN                                         -       A1->ZN R     NAND2_X1       1  2.9    42    67    3660    (-,-) 
  u_IDCT/IDRU8/add_86_45_g678/ZN                                         -       A1->ZN F     NAND2_X1       2  5.5    33    62    3721    (-,-) 
  u_IDCT/IDRU8/add_86_45_g677/ZN                                         -       A1->ZN R     NAND2_X1       1  2.9    42    64    3785    (-,-) 
  u_IDCT/IDRU8/add_86_45_g675/ZN                                         -       A1->ZN F     NAND2_X1       2  4.8    30    58    3844    (-,-) 
  u_IDCT/IDRU8/add_86_45_g674/ZN                                         -       A1->ZN F     AND2_X1        3  6.2    28   119    3963    (-,-) 
  u_IDCT/IDRU8/add_86_45_g672/ZN                                         -       A1->ZN R     NAND2_X1       1  4.4    54    74    4037    (-,-) 
  u_IDCT/IDRU8/add_86_45_g669/ZN                                         -       B->ZN  F     OAI211_X2      2  5.5    68    91    4128    (-,-) 
  u_IDCT/IDRU8/add_86_45_g665/ZN                                         -       A->ZN  F     XNOR2_X1       1  2.2    35   149    4277    (-,-) 
  u_IDCT/IDRU8/g5184/Z                                                   -       A->Z   F     MUX2_X1        2  4.3    41   246    4523    (-,-) 
  u_IDCT/IDRU8/g5053/Z                                                   -       A->Z   F     MUX2_X1        1  2.8    37   239    4762    (-,-) 
  u_IDCT/g3858/ZN                                                        -       A->ZN  R     INV_X1         1  2.9    33    61    4823    (-,-) 
  u_IDCT/g3741/ZN                                                        -       B1->ZN F     OAI21_X1       1  2.6    30    45    4868    (-,-) 
  u_IDCT/tposemem_Bisted_RF_2P_ADV64x16_RF_2P_ADV64x16_u0_SRAM_i0/DB[10] (P)     -      F     rf_2p_hse      1    -     -     0    4868    (-,-) 
#------------------------------------------------------------------------------------------------------------------------------------------------

(P) : Instance is preserved



Path 32: MET (46402 ps) Setup Check with Pin u_IDCT/tposemem_Bisted_RF_2P_ADV64x16_RF_2P_ADV64x16_u0_SRAM_i0/CLKB->DB[7]
           Mode: scan_mode
          Group: C2C_scan_mode
     Startpoint: (R) d_DoDCT_reg/CK
          Clock: (R) CLK1
       Endpoint: (F) u_IDCT/tposemem_Bisted_RF_2P_ADV64x16_RF_2P_ADV64x16_u0_SRAM_i0/DB[7]
          Clock: (F) CLK1

                     Capture       Launch     
        Clock Edge:+   50000            0     
       Src Latency:+       0            0     
       Net Latency:+    2000 (I)     2000 (I) 
           Arrival:=   52000         2000     
                                              
             Setup:-     238                  
       Uncertainty:-     500                  
     Required Time:=   51262                  
      Launch Clock:-    2000                  
         Data Path:-    2860                  
             Slack:=   46402                  

#-----------------------------------------------------------------------------------------------------------------------------------------------
#                             Timing Point                              Flags    Arc   Edge   Cell     Fanout Load Trans Delay Arrival Instance 
#                                                                                                             (fF)  (ps)  (ps)   (ps)  Location 
#-----------------------------------------------------------------------------------------------------------------------------------------------
  d_DoDCT_reg/CK                                                        -       -      R     (arrival)    670    -     0     -    2000    (-,-) 
  d_DoDCT_reg/Q                                                         -       CK->Q  F     SDFF_X1        1  4.1    48   242    2242    (-,-) 
  g546/Z                                                                -       A->Z   F     BUF_X4        11 36.6    30   122    2363    (-,-) 
  g375/ZN                                                               -       A->ZN  R     INV_X8         7 25.1    35    60    2423    (-,-) 
  u_IDCT/IDRU8/g5749/ZN                                                 -       A->ZN  F     INV_X4         4 18.7    16    35    2459    (-,-) 
  u_IDCT/IDRU8/g5721/ZN                                                 -       A3->ZN R     NAND3_X4       2 11.0    50    73    2532    (-,-) 
  u_IDCT/IDRU8/g5715/ZN                                                 -       A->ZN  F     INV_X4        18 37.6    26    56    2588    (-,-) 
  u_IDCT/IDRU8/g5682/ZN                                                 -       A1->ZN R     AOI22_X1       1  2.2   101   127    2714    (-,-) 
  u_IDCT/IDRU8/g5612/ZN                                                 -       A1->ZN R     AND2_X1        1  2.9    37   136    2850    (-,-) 
  u_IDCT/IDRU8/g5573/ZN                                                 -       A2->ZN F     NAND3_X1       4 10.4    85   124    2974    (-,-) 
  u_IDCT/IDRU8/add_86_45_g754/ZN                                        -       A1->ZN F     OR2_X1         2  4.8    38   220    3193    (-,-) 
  u_IDCT/IDRU8/add_86_45_g694/ZN                                        -       A2->ZN R     NAND2_X1       1  4.3    53    87    3280    (-,-) 
  u_IDCT/IDRU8/add_86_45_g692/ZN                                        -       A1->ZN F     NAND2_X2       2  5.5    24    52    3332    (-,-) 
  u_IDCT/IDRU8/add_86_45_g689/ZN                                        -       A1->ZN R     NAND2_X1       1  4.3    53    72    3404    (-,-) 
  u_IDCT/IDRU8/add_86_45_g687/ZN                                        -       A1->ZN F     NAND2_X2       3  7.6    28    58    3462    (-,-) 
  u_IDCT/IDRU8/add_86_45_g683/ZN                                        -       A1->ZN R     NAND3_X1       1  2.9    50    66    3528    (-,-) 
  u_IDCT/IDRU8/add_86_45_g682/ZN                                        -       A1->ZN F     NAND2_X1       2  5.5    37    65    3593    (-,-) 
  u_IDCT/IDRU8/add_86_45_g680/ZN                                        -       A1->ZN R     NAND2_X1       1  2.9    42    67    3660    (-,-) 
  u_IDCT/IDRU8/add_86_45_g678/ZN                                        -       A1->ZN F     NAND2_X1       2  5.5    33    62    3721    (-,-) 
  u_IDCT/IDRU8/add_86_45_g677/ZN                                        -       A1->ZN R     NAND2_X1       1  2.9    42    64    3785    (-,-) 
  u_IDCT/IDRU8/add_86_45_g675/ZN                                        -       A1->ZN F     NAND2_X1       2  4.8    30    58    3844    (-,-) 
  u_IDCT/IDRU8/add_86_45_g674/ZN                                        -       A1->ZN F     AND2_X1        3  6.2    28   119    3963    (-,-) 
  u_IDCT/IDRU8/add_86_45_g671/ZN                                        -       A1->ZN F     OR2_X1         1  3.4    35   182    4145    (-,-) 
  u_IDCT/IDRU8/add_86_45_g668/ZN                                        -       A->ZN  F     XNOR2_X1       1  2.2    27   129    4274    (-,-) 
  u_IDCT/IDRU8/g5202/Z                                                  -       A->Z   F     MUX2_X1        2  4.3    41   241    4515    (-,-) 
  u_IDCT/IDRU8/g5049/Z                                                  -       A->Z   F     MUX2_X1        1  2.8    37   239    4754    (-,-) 
  u_IDCT/g3860/ZN                                                       -       A->ZN  R     INV_X1         1  2.9    33    61    4815    (-,-) 
  u_IDCT/g3765/ZN                                                       -       B1->ZN F     OAI21_X1       1  2.6    30    45    4860    (-,-) 
  u_IDCT/tposemem_Bisted_RF_2P_ADV64x16_RF_2P_ADV64x16_u0_SRAM_i0/DB[7] (P)     -      F     rf_2p_hse      1    -     -     0    4860    (-,-) 
#-----------------------------------------------------------------------------------------------------------------------------------------------

(P) : Instance is preserved



Path 33: MET (46433 ps) Setup Check with Pin u_DCT/tposemem_Bisted_RF_2P_ADV64x16_RF_2P_ADV64x16_u0_SRAM_i0/CLKB->DB[8]
           Mode: scan_mode
          Group: C2C_scan_mode
     Startpoint: (R) u_DCT/IDRU8/Count_reg[0]/CK
          Clock: (R) CLK1
       Endpoint: (F) u_DCT/tposemem_Bisted_RF_2P_ADV64x16_RF_2P_ADV64x16_u0_SRAM_i0/DB[8]
          Clock: (F) CLK1

                     Capture       Launch     
        Clock Edge:+   50000            0     
       Src Latency:+       0            0     
       Net Latency:+    2000 (I)     2000 (I) 
           Arrival:=   52000         2000     
                                              
             Setup:-     238                  
       Uncertainty:-     500                  
     Required Time:=   51262                  
      Launch Clock:-    2000                  
         Data Path:-    2829                  
             Slack:=   46433                  

#----------------------------------------------------------------------------------------------------------------------------------------------
#                            Timing Point                              Flags    Arc   Edge   Cell     Fanout Load Trans Delay Arrival Instance 
#                                                                                                            (fF)  (ps)  (ps)   (ps)  Location 
#----------------------------------------------------------------------------------------------------------------------------------------------
  u_DCT/IDRU8/Count_reg[0]/CK                                          -       -      R     (arrival)     23    -     0     -    2000    (-,-) 
  u_DCT/IDRU8/Count_reg[0]/Q                                           -       CK->Q  F     SDFF_X2        3 10.2    78   360    2360    (-,-) 
  u_DCT/IDRU8/g5849/ZN                                                 -       A->ZN  R     INV_X4         4 11.9    41    85    2444    (-,-) 
  u_DCT/IDRU8/g5847/ZN                                                 -       A->ZN  F     INV_X2         4 19.3    25    52    2497    (-,-) 
  u_DCT/IDRU8/g5815__7344/ZN                                           -       A1->ZN F     AND3_X2        3  9.5    26   114    2611    (-,-) 
  u_DCT/IDRU8/g5807/ZN                                                 -       A->ZN  R     INV_X2         1  7.4    39    62    2672    (-,-) 
  u_DCT/IDRU8/g5805/ZN                                                 -       A->ZN  F     INV_X4        30 64.4    36    66    2739    (-,-) 
  u_DCT/IDRU8/g5712__6083/ZN                                           -       A1->ZN R     AOI22_X1       1  2.9   114   145    2883    (-,-) 
  u_DCT/IDRU8/g5619__7118/ZN                                           -       A2->ZN F     NAND4_X1       4 10.2   113   199    3083    (-,-) 
  u_DCT/IDRU8/add_86_45_g743__8780/ZN                                  -       A1->ZN F     OR2_X1         2  4.8    38   235    3318    (-,-) 
  u_DCT/IDRU8/add_86_45_g686__1309/ZN                                  -       A2->ZN R     NAND2_X1       1  4.3    53    87    3405    (-,-) 
  u_DCT/IDRU8/add_86_45_g684__9682/ZN                                  -       A1->ZN F     NAND2_X2       3  7.6    28    58    3463    (-,-) 
  u_DCT/IDRU8/add_86_45_g680__4296/ZN                                  -       A1->ZN R     NAND3_X1       1  4.2    60    77    3540    (-,-) 
  u_DCT/IDRU8/add_86_45_g679__8780/ZN                                  -       A1->ZN F     NAND3_X2       2  5.5    37    72    3612    (-,-) 
  u_DCT/IDRU8/add_86_45_g677__1857/ZN                                  -       A1->ZN R     NAND2_X1       1  4.3    53    79    3691    (-,-) 
  u_DCT/IDRU8/add_86_45_g675__1840/ZN                                  -       A1->ZN F     NAND2_X2       2  5.5    24    52    3743    (-,-) 
  u_DCT/IDRU8/add_86_45_g674__7344/ZN                                  -       A1->ZN R     NAND2_X1       1  2.9    42    60    3802    (-,-) 
  u_DCT/IDRU8/add_86_45_g672__2703/ZN                                  -       A1->ZN F     NAND2_X1       2  4.8    30    58    3861    (-,-) 
  u_DCT/IDRU8/add_86_45_g671__6083/ZN                                  -       A1->ZN F     AND2_X1        3  6.2    28   119    3980    (-,-) 
  u_DCT/IDRU8/add_86_45_g667__5703/ZN                                  -       B1->ZN R     AOI21_X1       2  5.7   153   178    4158    (-,-) 
  u_DCT/IDRU8/add_86_45_g663__7118/ZN                                  -       A->ZN  F     XNOR2_X1       1  2.2    46    75    4233    (-,-) 
  u_DCT/IDRU8/g5252__8757/Z                                            -       A->Z   F     MUX2_X1        2  4.3    41   252    4485    (-,-) 
  u_DCT/IDRU8/g5112__4296/Z                                            -       A->Z   F     MUX2_X1        1  2.8    37   239    4723    (-,-) 
  u_DCT/g3859/ZN                                                       -       A->ZN  R     INV_X1         1  2.9    33    61    4785    (-,-) 
  u_DCT/g3744/ZN                                                       -       B1->ZN F     OAI21_X1       1  2.6    30    45    4829    (-,-) 
  u_DCT/tposemem_Bisted_RF_2P_ADV64x16_RF_2P_ADV64x16_u0_SRAM_i0/DB[8] (P)     -      F     rf_2p_hse      1    -     -     0    4829    (-,-) 
#----------------------------------------------------------------------------------------------------------------------------------------------

(P) : Instance is preserved



Path 34: MET (46450 ps) Setup Check with Pin u_IDCT/tposemem_Bisted_RF_2P_ADV64x16_RF_2P_ADV64x16_u0_SRAM_i0/CLKB->DB[8]
           Mode: scan_mode
          Group: C2C_scan_mode
     Startpoint: (R) d_DoDCT_reg/CK
          Clock: (R) CLK1
       Endpoint: (F) u_IDCT/tposemem_Bisted_RF_2P_ADV64x16_RF_2P_ADV64x16_u0_SRAM_i0/DB[8]
          Clock: (F) CLK1

                     Capture       Launch     
        Clock Edge:+   50000            0     
       Src Latency:+       0            0     
       Net Latency:+    2000 (I)     2000 (I) 
           Arrival:=   52000         2000     
                                              
             Setup:-     238                  
       Uncertainty:-     500                  
     Required Time:=   51262                  
      Launch Clock:-    2000                  
         Data Path:-    2812                  
             Slack:=   46450                  

#-----------------------------------------------------------------------------------------------------------------------------------------------
#                             Timing Point                              Flags    Arc   Edge   Cell     Fanout Load Trans Delay Arrival Instance 
#                                                                                                             (fF)  (ps)  (ps)   (ps)  Location 
#-----------------------------------------------------------------------------------------------------------------------------------------------
  d_DoDCT_reg/CK                                                        -       -      R     (arrival)    670    -     0     -    2000    (-,-) 
  d_DoDCT_reg/Q                                                         -       CK->Q  F     SDFF_X1        1  4.1    48   242    2242    (-,-) 
  g546/Z                                                                -       A->Z   F     BUF_X4        11 36.6    30   122    2363    (-,-) 
  g375/ZN                                                               -       A->ZN  R     INV_X8         7 25.1    35    60    2423    (-,-) 
  u_IDCT/IDRU8/g5749/ZN                                                 -       A->ZN  F     INV_X4         4 18.7    16    35    2459    (-,-) 
  u_IDCT/IDRU8/g5721/ZN                                                 -       A3->ZN R     NAND3_X4       2 11.0    50    73    2532    (-,-) 
  u_IDCT/IDRU8/g5715/ZN                                                 -       A->ZN  F     INV_X4        18 37.6    26    56    2588    (-,-) 
  u_IDCT/IDRU8/g5682/ZN                                                 -       A1->ZN R     AOI22_X1       1  2.2   101   127    2714    (-,-) 
  u_IDCT/IDRU8/g5612/ZN                                                 -       A1->ZN R     AND2_X1        1  2.9    37   136    2850    (-,-) 
  u_IDCT/IDRU8/g5573/ZN                                                 -       A2->ZN F     NAND3_X1       4 10.4    85   124    2974    (-,-) 
  u_IDCT/IDRU8/add_86_45_g754/ZN                                        -       A1->ZN F     OR2_X1         2  4.8    38   220    3193    (-,-) 
  u_IDCT/IDRU8/add_86_45_g694/ZN                                        -       A2->ZN R     NAND2_X1       1  4.3    53    87    3280    (-,-) 
  u_IDCT/IDRU8/add_86_45_g692/ZN                                        -       A1->ZN F     NAND2_X2       2  5.5    24    52    3332    (-,-) 
  u_IDCT/IDRU8/add_86_45_g689/ZN                                        -       A1->ZN R     NAND2_X1       1  4.3    53    72    3404    (-,-) 
  u_IDCT/IDRU8/add_86_45_g687/ZN                                        -       A1->ZN F     NAND2_X2       3  7.6    28    58    3462    (-,-) 
  u_IDCT/IDRU8/add_86_45_g683/ZN                                        -       A1->ZN R     NAND3_X1       1  2.9    50    66    3528    (-,-) 
  u_IDCT/IDRU8/add_86_45_g682/ZN                                        -       A1->ZN F     NAND2_X1       2  5.5    37    65    3593    (-,-) 
  u_IDCT/IDRU8/add_86_45_g680/ZN                                        -       A1->ZN R     NAND2_X1       1  2.9    42    67    3660    (-,-) 
  u_IDCT/IDRU8/add_86_45_g678/ZN                                        -       A1->ZN F     NAND2_X1       2  5.5    33    62    3721    (-,-) 
  u_IDCT/IDRU8/add_86_45_g677/ZN                                        -       A1->ZN R     NAND2_X1       1  2.9    42    64    3785    (-,-) 
  u_IDCT/IDRU8/add_86_45_g675/ZN                                        -       A1->ZN F     NAND2_X1       2  4.8    30    58    3844    (-,-) 
  u_IDCT/IDRU8/add_86_45_g674/ZN                                        -       A1->ZN F     AND2_X1        3  6.2    28   119    3963    (-,-) 
  u_IDCT/IDRU8/add_86_45_g670/ZN                                        -       B1->ZN R     AOI21_X1       2  5.7   153   178    4140    (-,-) 
  u_IDCT/IDRU8/add_86_45_g666/ZN                                        -       A->ZN  F     XNOR2_X1       1  2.2    46    75    4216    (-,-) 
  u_IDCT/IDRU8/g5185/Z                                                  -       A->Z   F     MUX2_X1        2  4.3    41   252    4467    (-,-) 
  u_IDCT/IDRU8/g5051/Z                                                  -       A->Z   F     MUX2_X1        1  2.8    37   239    4706    (-,-) 
  u_IDCT/g3859/ZN                                                       -       A->ZN  R     INV_X1         1  2.9    33    61    4767    (-,-) 
  u_IDCT/g3744/ZN                                                       -       B1->ZN F     OAI21_X1       1  2.6    30    45    4812    (-,-) 
  u_IDCT/tposemem_Bisted_RF_2P_ADV64x16_RF_2P_ADV64x16_u0_SRAM_i0/DB[8] (P)     -      F     rf_2p_hse      1    -     -     0    4812    (-,-) 
#-----------------------------------------------------------------------------------------------------------------------------------------------

(P) : Instance is preserved



Path 35: MET (46490 ps) Setup Check with Pin u_IDCT/DRU/ToACF_reg[13]/CK->D
           Mode: scan_mode
          Group: C2C_scan_mode
     Startpoint: (R) u_IDCT/tposemem_Bisted_RF_2P_ADV64x16_BistCtrl_i0_S44_Finish_reg/CK
          Clock: (F) CLK1
       Endpoint: (F) u_IDCT/DRU/ToACF_reg[13]/D
          Clock: (R) CLK1

                     Capture       Launch     
        Clock Edge:+  100000        50000     
       Src Latency:+       0            0     
       Net Latency:+    2000 (I)     2000 (I) 
           Arrival:=  102000        52000     
                                              
             Setup:-     266                  
       Uncertainty:-     500                  
     Required Time:=  101234                  
      Launch Clock:-   52000                  
         Data Path:-    2744                  
             Slack:=   46490                  

#---------------------------------------------------------------------------------------------------------------------------------------------
#                            Timing Point                             Flags    Arc   Edge   Cell     Fanout Load Trans Delay Arrival Instance 
#                                                                                                           (fF)  (ps)  (ps)   (ps)  Location 
#---------------------------------------------------------------------------------------------------------------------------------------------
  u_IDCT/tposemem_Bisted_RF_2P_ADV64x16_BistCtrl_i0_S44_Finish_reg/CK -       -      R     (arrival)      6    -     0     -   52000    (-,-) 
  u_IDCT/tposemem_Bisted_RF_2P_ADV64x16_BistCtrl_i0_S44_Finish_reg/Q  -       CK->Q  R     SDFF_X1        1  2.9    38   189   52189    (-,-) 
  u_IDCT/g3780/ZN                                                     -       A2->ZN F     NAND2_X1       2  4.7    33    58   52247    (-,-) 
  u_IDCT/g3770/ZN                                                     -       A2->ZN R     NAND2_X1       2  3.7    48    79   52326    (-,-) 
  u_IDCT/DRU/g2757/ZN                                                 -       A1->ZN R     AND2_X1        6 13.3   119   201   52527    (-,-) 
  u_IDCT/DRU/add_58_47_g1148/ZN                                       -       A2->ZN R     OR2_X1         2  5.1    55   139   52666    (-,-) 
  u_IDCT/DRU/add_58_47_g1126/ZN                                       -       A2->ZN F     NAND2_X1       1  2.8    27    54   52720    (-,-) 
  u_IDCT/DRU/add_58_47_g1125/ZN                                       -       A1->ZN R     NAND2_X1       2  5.7    68    85   52805    (-,-) 
  u_IDCT/DRU/add_58_47_g1123/ZN                                       -       A1->ZN F     NAND2_X1       1  2.8    28    56   52862    (-,-) 
  u_IDCT/DRU/add_58_47_g1121/ZN                                       -       A1->ZN R     NAND2_X1       2  6.0    70    88   52950    (-,-) 
  u_IDCT/DRU/add_58_47_g1120/ZN                                       -       A2->ZN F     NAND2_X1       1  2.7    25    59   53008    (-,-) 
  u_IDCT/DRU/add_58_47_g1118/ZN                                       -       A2->ZN R     NAND2_X1       2  6.0    67    94   53102    (-,-) 
  u_IDCT/DRU/add_58_47_g1117/ZN                                       -       A1->ZN F     NAND2_X1       1  2.8    28    56   53159    (-,-) 
  u_IDCT/DRU/add_58_47_g1115/ZN                                       -       A1->ZN R     NAND2_X1       2  5.7    68    86   53244    (-,-) 
  u_IDCT/DRU/add_58_47_g1114/ZN                                       -       A1->ZN F     NAND2_X1       1  2.8    28    56   53301    (-,-) 
  u_IDCT/DRU/add_58_47_g1112/ZN                                       -       A1->ZN R     NAND2_X1       2  5.7    68    86   53386    (-,-) 
  u_IDCT/DRU/add_58_47_g1111/ZN                                       -       A1->ZN F     NAND2_X1       1  2.8    28    56   53443    (-,-) 
  u_IDCT/DRU/add_58_47_g1109/ZN                                       -       A1->ZN R     NAND2_X1       2  5.7    68    86   53528    (-,-) 
  u_IDCT/DRU/add_58_47_g1108/ZN                                       -       A1->ZN F     NAND2_X1       1  2.8    28    56   53585    (-,-) 
  u_IDCT/DRU/add_58_47_g1106/ZN                                       -       A1->ZN R     NAND2_X1       2  5.7    68    86   53671    (-,-) 
  u_IDCT/DRU/add_58_47_g1105/ZN                                       -       A1->ZN F     NAND2_X1       2  4.8    34    69   53739    (-,-) 
  u_IDCT/DRU/add_58_47_g1102/ZN                                       -       C1->ZN R     OAI211_X1      2  5.7   150   193   53933    (-,-) 
  u_IDCT/DRU/add_58_47_g1100/ZN                                       -       A1->ZN F     NAND2_X1       1  2.8    46    76   54008    (-,-) 
  u_IDCT/DRU/add_58_47_g1098/ZN                                       -       A1->ZN R     NAND2_X1       2  5.7    68    96   54104    (-,-) 
  u_IDCT/DRU/add_58_47_g1097/ZN                                       -       A1->ZN F     NAND2_X1       1  2.8    28    56   54161    (-,-) 
  u_IDCT/DRU/add_58_47_g1095/ZN                                       -       A1->ZN R     NAND2_X1       2  5.7    68    86   54246    (-,-) 
  u_IDCT/DRU/add_58_47_g1094/ZN                                       -       A1->ZN F     NAND2_X1       1  2.8    28    56   54303    (-,-) 
  u_IDCT/DRU/add_58_47_g1092/ZN                                       -       A1->ZN R     NAND2_X1       2  5.7    68    86   54388    (-,-) 
  u_IDCT/DRU/add_58_47_g1090/ZN                                       -       A->ZN  F     XNOR2_X1       1  2.7    33    59   54448    (-,-) 
  u_IDCT/DRU/g2428/ZN                                                 -       A1->ZN R     AOI222_X1      1  2.9   216   247   54694    (-,-) 
  u_IDCT/DRU/g2411/ZN                                                 -       A->ZN  F     INV_X1         1  2.3    46    50   54744    (-,-) 
  u_IDCT/DRU/ToACF_reg[13]/D                                          -       -      F     SDFF_X1        1    -     -     0   54744    (-,-) 
#---------------------------------------------------------------------------------------------------------------------------------------------



Path 36: MET (46492 ps) Setup Check with Pin u_DCT/DRU/ToACF_reg[13]/CK->D
           Mode: scan_mode
          Group: C2C_scan_mode
     Startpoint: (R) u_DCT/tposemem_Bisted_RF_2P_ADV64x16_BistCtrl_i0_S44_Finish_reg/CK
          Clock: (F) CLK1
       Endpoint: (F) u_DCT/DRU/ToACF_reg[13]/D
          Clock: (R) CLK1

                     Capture       Launch     
        Clock Edge:+  100000        50000     
       Src Latency:+       0            0     
       Net Latency:+    2000 (I)     2000 (I) 
           Arrival:=  102000        52000     
                                              
             Setup:-     266                  
       Uncertainty:-     500                  
     Required Time:=  101234                  
      Launch Clock:-   52000                  
         Data Path:-    2742                  
             Slack:=   46492                  

#--------------------------------------------------------------------------------------------------------------------------------------------
#                           Timing Point                             Flags    Arc   Edge   Cell     Fanout Load Trans Delay Arrival Instance 
#                                                                                                          (fF)  (ps)  (ps)   (ps)  Location 
#--------------------------------------------------------------------------------------------------------------------------------------------
  u_DCT/tposemem_Bisted_RF_2P_ADV64x16_BistCtrl_i0_S44_Finish_reg/CK -       -      R     (arrival)      6    -     0     -   52000    (-,-) 
  u_DCT/tposemem_Bisted_RF_2P_ADV64x16_BistCtrl_i0_S44_Finish_reg/Q  -       CK->Q  R     SDFF_X1        1  2.9    38   189   52189    (-,-) 
  u_DCT/g3780/ZN                                                     -       A2->ZN F     NAND2_X1       2  4.7    33    58   52247    (-,-) 
  u_DCT/g3770/ZN                                                     -       A2->ZN R     NAND2_X1       2  3.7    48    79   52326    (-,-) 
  u_DCT/DRU/g2757__8757/ZN                                           -       A1->ZN R     AND2_X1        6 13.1   118   200   52525    (-,-) 
  u_DCT/DRU/add_58_47_g1148__5266/ZN                                 -       A2->ZN R     OR2_X1         2  5.1    55   138   52664    (-,-) 
  u_DCT/DRU/add_58_47_g1126__5019/ZN                                 -       A2->ZN F     NAND2_X1       1  2.8    27    54   52718    (-,-) 
  u_DCT/DRU/add_58_47_g1125__1840/ZN                                 -       A1->ZN R     NAND2_X1       2  5.7    68    85   52803    (-,-) 
  u_DCT/DRU/add_58_47_g1123__5795/ZN                                 -       A1->ZN F     NAND2_X1       1  2.8    28    56   52860    (-,-) 
  u_DCT/DRU/add_58_47_g1121__6083/ZN                                 -       A1->ZN R     NAND2_X1       2  6.0    70    88   52948    (-,-) 
  u_DCT/DRU/add_58_47_g1120__2250/ZN                                 -       A2->ZN F     NAND2_X1       1  2.7    25    59   53006    (-,-) 
  u_DCT/DRU/add_58_47_g1118__7114/ZN                                 -       A2->ZN R     NAND2_X1       2  6.0    67    94   53100    (-,-) 
  u_DCT/DRU/add_58_47_g1117__5703/ZN                                 -       A1->ZN F     NAND2_X1       1  2.8    28    56   53157    (-,-) 
  u_DCT/DRU/add_58_47_g1115__1786/ZN                                 -       A1->ZN R     NAND2_X1       2  5.7    68    86   53242    (-,-) 
  u_DCT/DRU/add_58_47_g1114__8757/ZN                                 -       A1->ZN F     NAND2_X1       1  2.8    28    56   53299    (-,-) 
  u_DCT/DRU/add_58_47_g1112__7675/ZN                                 -       A1->ZN R     NAND2_X1       2  5.7    68    86   53384    (-,-) 
  u_DCT/DRU/add_58_47_g1111__2391/ZN                                 -       A1->ZN F     NAND2_X1       1  2.8    28    56   53441    (-,-) 
  u_DCT/DRU/add_58_47_g1109__6877/ZN                                 -       A1->ZN R     NAND2_X1       2  5.7    68    86   53526    (-,-) 
  u_DCT/DRU/add_58_47_g1108__1309/ZN                                 -       A1->ZN F     NAND2_X1       1  2.8    28    56   53583    (-,-) 
  u_DCT/DRU/add_58_47_g1106__9682/ZN                                 -       A1->ZN R     NAND2_X1       2  5.7    68    86   53668    (-,-) 
  u_DCT/DRU/add_58_47_g1105__4547/ZN                                 -       A1->ZN F     NAND2_X1       2  4.8    34    69   53737    (-,-) 
  u_DCT/DRU/add_58_47_g1102__4296/ZN                                 -       C1->ZN R     OAI211_X1      2  5.7   150   193   53930    (-,-) 
  u_DCT/DRU/add_58_47_g1100__9906/ZN                                 -       A1->ZN F     NAND2_X1       1  2.8    46    76   54006    (-,-) 
  u_DCT/DRU/add_58_47_g1098__5019/ZN                                 -       A1->ZN R     NAND2_X1       2  5.7    68    96   54102    (-,-) 
  u_DCT/DRU/add_58_47_g1097__1840/ZN                                 -       A1->ZN F     NAND2_X1       1  2.8    28    56   54158    (-,-) 
  u_DCT/DRU/add_58_47_g1095__5795/ZN                                 -       A1->ZN R     NAND2_X1       2  5.7    68    86   54244    (-,-) 
  u_DCT/DRU/add_58_47_g1094__2703/ZN                                 -       A1->ZN F     NAND2_X1       1  2.8    28    56   54301    (-,-) 
  u_DCT/DRU/add_58_47_g1092__2250/ZN                                 -       A1->ZN R     NAND2_X1       2  5.7    68    86   54386    (-,-) 
  u_DCT/DRU/add_58_47_g1090__5266/ZN                                 -       A->ZN  F     XNOR2_X1       1  2.7    33    59   54445    (-,-) 
  u_DCT/DRU/g2428__2683/ZN                                           -       A1->ZN R     AOI222_X1      1  2.9   216   247   54692    (-,-) 
  u_DCT/DRU/g2411/ZN                                                 -       A->ZN  F     INV_X1         1  2.3    46    50   54742    (-,-) 
  u_DCT/DRU/ToACF_reg[13]/D                                          -       -      F     SDFF_X1        1    -     -     0   54742    (-,-) 
#--------------------------------------------------------------------------------------------------------------------------------------------



Path 37: MET (46534 ps) Setup Check with Pin u_DCT/DRU/ToBDEG_reg[13]/CK->D
           Mode: scan_mode
          Group: C2C_scan_mode
     Startpoint: (R) u_DCT/tposemem_Bisted_RF_2P_ADV64x16_BistCtrl_i0_ST_MAL_i0_S17_reg/CK
          Clock: (F) CLK1
       Endpoint: (F) u_DCT/DRU/ToBDEG_reg[13]/D
          Clock: (R) CLK1

                     Capture       Launch     
        Clock Edge:+  100000        50000     
       Src Latency:+       0            0     
       Net Latency:+    2000 (I)     2000 (I) 
           Arrival:=  102000        52000     
                                              
             Setup:-     266                  
       Uncertainty:-     500                  
     Required Time:=  101234                  
      Launch Clock:-   52000                  
         Data Path:-    2700                  
             Slack:=   46534                  

#-----------------------------------------------------------------------------------------------------------------------------------------------
#                             Timing Point                              Flags    Arc   Edge   Cell     Fanout Load Trans Delay Arrival Instance 
#                                                                                                             (fF)  (ps)  (ps)   (ps)  Location 
#-----------------------------------------------------------------------------------------------------------------------------------------------
  u_DCT/tposemem_Bisted_RF_2P_ADV64x16_BistCtrl_i0_ST_MAL_i0_S17_reg/CK -       -      R     (arrival)      6    -     0     -   52000    (-,-) 
  u_DCT/tposemem_Bisted_RF_2P_ADV64x16_BistCtrl_i0_ST_MAL_i0_S17_reg/Q  -       CK->Q  F     SDFF_X1        2  4.2    48   242   52242    (-,-) 
  u_DCT/g3832/ZN                                                        -       A2->ZN R     NAND2_X1       2  5.1    60   100   52342    (-,-) 
  u_DCT/g3811/ZN                                                        -       A2->ZN F     NAND2_X1       2  4.3    28    64   52406    (-,-) 
  u_DCT/DRU/g2758__1786/ZN                                              -       A1->ZN F     AND2_X2        6 13.5    31   114   52520    (-,-) 
  u_DCT/DRU/sub_60_47_g1238__1857/ZN                                    -       A2->ZN R     NAND2_X1       3  8.2    85   116   52636    (-,-) 
  u_DCT/DRU/sub_60_47_g1206__5019/ZN                                    -       A1->ZN F     NAND2_X1       1  2.8    32    62   52699    (-,-) 
  u_DCT/DRU/sub_60_47_g1205__1840/ZN                                    -       A1->ZN R     NAND2_X1       2  6.0    70    90   52789    (-,-) 
  u_DCT/DRU/sub_60_47_g1203__7344/ZN                                    -       A1->ZN F     NAND2_X1       1  2.8    28    57   52846    (-,-) 
  u_DCT/DRU/sub_60_47_g1201__2703/ZN                                    -       A1->ZN R     NAND2_X1       2  6.0    70    88   52935    (-,-) 
  u_DCT/DRU/sub_60_47_g1200__6083/ZN                                    -       A2->ZN F     NAND2_X1       1  2.7    26    59   52994    (-,-) 
  u_DCT/DRU/sub_60_47_g1198__5266/ZN                                    -       A2->ZN R     NAND2_X1       2  6.0    67    95   53088    (-,-) 
  u_DCT/DRU/sub_60_47_g1197__7114/ZN                                    -       A2->ZN F     NAND2_X1       1  2.8    26    58   53147    (-,-) 
  u_DCT/DRU/sub_60_47_g1195__5953/ZN                                    -       A1->ZN R     NAND2_X1       2  5.7    68    85   53232    (-,-) 
  u_DCT/DRU/sub_60_47_g1194__1786/ZN                                    -       A1->ZN F     NAND2_X1       1  2.8    28    56   53288    (-,-) 
  u_DCT/DRU/sub_60_47_g1192__7118/ZN                                    -       A1->ZN R     NAND2_X1       2  5.7    68    86   53374    (-,-) 
  u_DCT/DRU/sub_60_47_g1191__7675/ZN                                    -       A1->ZN F     NAND2_X1       1  2.8    28    56   53430    (-,-) 
  u_DCT/DRU/sub_60_47_g1189__2900/ZN                                    -       A1->ZN R     NAND2_X1       2  5.7    68    86   53516    (-,-) 
  u_DCT/DRU/sub_60_47_g1188__6877/ZN                                    -       A1->ZN F     NAND2_X1       1  2.8    28    56   53572    (-,-) 
  u_DCT/DRU/sub_60_47_g1186__2683/ZN                                    -       A1->ZN R     NAND2_X1       2  5.0    63    80   53652    (-,-) 
  u_DCT/DRU/sub_60_47_g1185__9682/ZN                                    -       A1->ZN R     AND2_X1        2  4.4    47   131   53783    (-,-) 
  u_DCT/DRU/sub_60_47_g1182__3772/ZN                                    -       B1->ZN F     AOI21_X1       2  5.4    35    66   53849    (-,-) 
  u_DCT/DRU/sub_60_47_g1179__9906/ZN                                    -       B1->ZN R     OAI21_X1       2  5.7   141   183   54032    (-,-) 
  u_DCT/DRU/sub_60_47_g1178__1857/ZN                                    -       A1->ZN F     NAND2_X1       1  2.8    44    74   54107    (-,-) 
  u_DCT/DRU/sub_60_47_g1176__1840/ZN                                    -       A1->ZN R     NAND2_X1       2  5.7    68    95   54202    (-,-) 
  u_DCT/DRU/sub_60_47_g1175__7344/ZN                                    -       A1->ZN F     NAND2_X1       1  2.8    28    56   54258    (-,-) 
  u_DCT/DRU/sub_60_47_g1173__2703/ZN                                    -       A1->ZN R     NAND2_X1       2  5.7    68    86   54344    (-,-) 
  u_DCT/DRU/sub_60_47_g1171__6083/ZN                                    -       A->ZN  F     XNOR2_X1       1  2.7    33    59   54403    (-,-) 
  u_DCT/DRU/g2429__1309/ZN                                              -       A1->ZN R     AOI222_X1      1  2.9   216   247   54649    (-,-) 
  u_DCT/DRU/g2412/ZN                                                    -       A->ZN  F     INV_X1         1  2.3    46    50   54700    (-,-) 
  u_DCT/DRU/ToBDEG_reg[13]/D                                            -       -      F     SDFF_X1        1    -     -     0   54700    (-,-) 
#-----------------------------------------------------------------------------------------------------------------------------------------------



Path 38: MET (46572 ps) Setup Check with Pin u_IDCT/DRU/ToBDEG_reg[13]/CK->D
           Mode: scan_mode
          Group: C2C_scan_mode
     Startpoint: (R) u_IDCT/tposemem_Bisted_RF_2P_ADV64x16_BistCtrl_i0_ST_MAL_i0_S17_reg/CK
          Clock: (F) CLK1
       Endpoint: (F) u_IDCT/DRU/ToBDEG_reg[13]/D
          Clock: (R) CLK1

                     Capture       Launch     
        Clock Edge:+  100000        50000     
       Src Latency:+       0            0     
       Net Latency:+    2000 (I)     2000 (I) 
           Arrival:=  102000        52000     
                                              
             Setup:-     266                  
       Uncertainty:-     500                  
     Required Time:=  101234                  
      Launch Clock:-   52000                  
         Data Path:-    2662                  
             Slack:=   46572                  

#------------------------------------------------------------------------------------------------------------------------------------------------
#                             Timing Point                               Flags    Arc   Edge   Cell     Fanout Load Trans Delay Arrival Instance 
#                                                                                                              (fF)  (ps)  (ps)   (ps)  Location 
#------------------------------------------------------------------------------------------------------------------------------------------------
  u_IDCT/tposemem_Bisted_RF_2P_ADV64x16_BistCtrl_i0_ST_MAL_i0_S17_reg/CK -       -      R     (arrival)      6    -     0     -   52000    (-,-) 
  u_IDCT/tposemem_Bisted_RF_2P_ADV64x16_BistCtrl_i0_ST_MAL_i0_S17_reg/Q  -       CK->Q  F     SDFF_X1        2  4.3    48   243   52243    (-,-) 
  u_IDCT/g3832/ZN                                                        -       A1->ZN R     NAND2_X1       2  5.1    60    92   52335    (-,-) 
  u_IDCT/g3811/ZN                                                        -       A1->ZN F     NAND2_X1       2  4.2    30    62   52397    (-,-) 
  u_IDCT/DRU/g2758/ZN                                                    -       A1->ZN F     AND2_X2        6 13.5    28   115   52513    (-,-) 
  u_IDCT/DRU/sub_60_47_g1238/ZN                                          -       A1->ZN R     NAND2_X1       3  8.2    86   107   52620    (-,-) 
  u_IDCT/DRU/sub_60_47_g1206/ZN                                          -       A2->ZN F     NAND2_X1       1  2.8    26    65   52684    (-,-) 
  u_IDCT/DRU/sub_60_47_g1205/ZN                                          -       A1->ZN R     NAND2_X1       2  5.7    66    85   52769    (-,-) 
  u_IDCT/DRU/sub_60_47_g1203/ZN                                          -       A1->ZN F     NAND2_X1       1  2.8    28    56   52825    (-,-) 
  u_IDCT/DRU/sub_60_47_g1201/ZN                                          -       A1->ZN R     NAND2_X1       2  5.7    66    85   52910    (-,-) 
  u_IDCT/DRU/sub_60_47_g1200/ZN                                          -       A1->ZN F     NAND2_X1       1  2.8    28    56   52966    (-,-) 
  u_IDCT/DRU/sub_60_47_g1198/ZN                                          -       A1->ZN R     NAND2_X1       2  5.7    68    85   53052    (-,-) 
  u_IDCT/DRU/sub_60_47_g1197/ZN                                          -       A1->ZN F     NAND2_X1       1  2.8    28    56   53108    (-,-) 
  u_IDCT/DRU/sub_60_47_g1195/ZN                                          -       A1->ZN R     NAND2_X1       2  5.7    68    86   53194    (-,-) 
  u_IDCT/DRU/sub_60_47_g1194/ZN                                          -       A1->ZN F     NAND2_X1       1  2.8    28    56   53250    (-,-) 
  u_IDCT/DRU/sub_60_47_g1192/ZN                                          -       A1->ZN R     NAND2_X1       2  5.7    68    86   53336    (-,-) 
  u_IDCT/DRU/sub_60_47_g1191/ZN                                          -       A1->ZN F     NAND2_X1       1  2.8    28    56   53392    (-,-) 
  u_IDCT/DRU/sub_60_47_g1189/ZN                                          -       A1->ZN R     NAND2_X1       2  5.7    68    86   53478    (-,-) 
  u_IDCT/DRU/sub_60_47_g1188/ZN                                          -       A1->ZN F     NAND2_X1       1  2.8    28    56   53535    (-,-) 
  u_IDCT/DRU/sub_60_47_g1186/ZN                                          -       A1->ZN R     NAND2_X1       2  5.0    63    80   53614    (-,-) 
  u_IDCT/DRU/sub_60_47_g1185/ZN                                          -       A1->ZN R     AND2_X1        2  4.4    47   131   53746    (-,-) 
  u_IDCT/DRU/sub_60_47_g1182/ZN                                          -       B1->ZN F     AOI21_X1       2  5.4    35    66   53811    (-,-) 
  u_IDCT/DRU/sub_60_47_g1179/ZN                                          -       B1->ZN R     OAI21_X1       2  5.7   141   183   53995    (-,-) 
  u_IDCT/DRU/sub_60_47_g1178/ZN                                          -       A1->ZN F     NAND2_X1       1  2.8    44    74   54069    (-,-) 
  u_IDCT/DRU/sub_60_47_g1176/ZN                                          -       A1->ZN R     NAND2_X1       2  5.7    68    95   54164    (-,-) 
  u_IDCT/DRU/sub_60_47_g1175/ZN                                          -       A1->ZN F     NAND2_X1       1  2.8    28    56   54220    (-,-) 
  u_IDCT/DRU/sub_60_47_g1173/ZN                                          -       A1->ZN R     NAND2_X1       2  5.7    68    86   54306    (-,-) 
  u_IDCT/DRU/sub_60_47_g1171/ZN                                          -       A->ZN  F     XNOR2_X1       1  2.7    33    59   54365    (-,-) 
  u_IDCT/DRU/g2429/ZN                                                    -       A1->ZN R     AOI222_X1      1  2.9   216   247   54612    (-,-) 
  u_IDCT/DRU/g2412/ZN                                                    -       A->ZN  F     INV_X1         1  2.3    46    50   54662    (-,-) 
  u_IDCT/DRU/ToBDEG_reg[13]/D                                            -       -      F     SDFF_X1        1    -     -     0   54662    (-,-) 
#------------------------------------------------------------------------------------------------------------------------------------------------



Path 39: MET (46633 ps) Setup Check with Pin u_IDCT/DRU/ToACF_reg[12]/CK->D
           Mode: scan_mode
          Group: C2C_scan_mode
     Startpoint: (R) u_IDCT/tposemem_Bisted_RF_2P_ADV64x16_BistCtrl_i0_S44_Finish_reg/CK
          Clock: (F) CLK1
       Endpoint: (F) u_IDCT/DRU/ToACF_reg[12]/D
          Clock: (R) CLK1

                     Capture       Launch     
        Clock Edge:+  100000        50000     
       Src Latency:+       0            0     
       Net Latency:+    2000 (I)     2000 (I) 
           Arrival:=  102000        52000     
                                              
             Setup:-     266                  
       Uncertainty:-     500                  
     Required Time:=  101234                  
      Launch Clock:-   52000                  
         Data Path:-    2601                  
             Slack:=   46633                  

#---------------------------------------------------------------------------------------------------------------------------------------------
#                            Timing Point                             Flags    Arc   Edge   Cell     Fanout Load Trans Delay Arrival Instance 
#                                                                                                           (fF)  (ps)  (ps)   (ps)  Location 
#---------------------------------------------------------------------------------------------------------------------------------------------
  u_IDCT/tposemem_Bisted_RF_2P_ADV64x16_BistCtrl_i0_S44_Finish_reg/CK -       -      R     (arrival)      6    -     0     -   52000    (-,-) 
  u_IDCT/tposemem_Bisted_RF_2P_ADV64x16_BistCtrl_i0_S44_Finish_reg/Q  -       CK->Q  R     SDFF_X1        1  2.9    38   189   52189    (-,-) 
  u_IDCT/g3780/ZN                                                     -       A2->ZN F     NAND2_X1       2  4.7    33    58   52247    (-,-) 
  u_IDCT/g3770/ZN                                                     -       A2->ZN R     NAND2_X1       2  3.7    48    79   52326    (-,-) 
  u_IDCT/DRU/g2757/ZN                                                 -       A1->ZN R     AND2_X1        6 13.3   119   201   52527    (-,-) 
  u_IDCT/DRU/add_58_47_g1148/ZN                                       -       A2->ZN R     OR2_X1         2  5.1    55   139   52666    (-,-) 
  u_IDCT/DRU/add_58_47_g1126/ZN                                       -       A2->ZN F     NAND2_X1       1  2.8    27    54   52720    (-,-) 
  u_IDCT/DRU/add_58_47_g1125/ZN                                       -       A1->ZN R     NAND2_X1       2  5.7    68    85   52805    (-,-) 
  u_IDCT/DRU/add_58_47_g1123/ZN                                       -       A1->ZN F     NAND2_X1       1  2.8    28    56   52862    (-,-) 
  u_IDCT/DRU/add_58_47_g1121/ZN                                       -       A1->ZN R     NAND2_X1       2  6.0    70    88   52950    (-,-) 
  u_IDCT/DRU/add_58_47_g1120/ZN                                       -       A2->ZN F     NAND2_X1       1  2.7    25    59   53008    (-,-) 
  u_IDCT/DRU/add_58_47_g1118/ZN                                       -       A2->ZN R     NAND2_X1       2  6.0    67    94   53102    (-,-) 
  u_IDCT/DRU/add_58_47_g1117/ZN                                       -       A1->ZN F     NAND2_X1       1  2.8    28    56   53159    (-,-) 
  u_IDCT/DRU/add_58_47_g1115/ZN                                       -       A1->ZN R     NAND2_X1       2  5.7    68    86   53244    (-,-) 
  u_IDCT/DRU/add_58_47_g1114/ZN                                       -       A1->ZN F     NAND2_X1       1  2.8    28    56   53301    (-,-) 
  u_IDCT/DRU/add_58_47_g1112/ZN                                       -       A1->ZN R     NAND2_X1       2  5.7    68    86   53386    (-,-) 
  u_IDCT/DRU/add_58_47_g1111/ZN                                       -       A1->ZN F     NAND2_X1       1  2.8    28    56   53443    (-,-) 
  u_IDCT/DRU/add_58_47_g1109/ZN                                       -       A1->ZN R     NAND2_X1       2  5.7    68    86   53528    (-,-) 
  u_IDCT/DRU/add_58_47_g1108/ZN                                       -       A1->ZN F     NAND2_X1       1  2.8    28    56   53585    (-,-) 
  u_IDCT/DRU/add_58_47_g1106/ZN                                       -       A1->ZN R     NAND2_X1       2  5.7    68    86   53671    (-,-) 
  u_IDCT/DRU/add_58_47_g1105/ZN                                       -       A1->ZN F     NAND2_X1       2  4.8    34    69   53739    (-,-) 
  u_IDCT/DRU/add_58_47_g1102/ZN                                       -       C1->ZN R     OAI211_X1      2  5.7   150   193   53933    (-,-) 
  u_IDCT/DRU/add_58_47_g1100/ZN                                       -       A1->ZN F     NAND2_X1       1  2.8    46    76   54008    (-,-) 
  u_IDCT/DRU/add_58_47_g1098/ZN                                       -       A1->ZN R     NAND2_X1       2  5.7    68    96   54104    (-,-) 
  u_IDCT/DRU/add_58_47_g1097/ZN                                       -       A1->ZN F     NAND2_X1       1  2.8    28    56   54161    (-,-) 
  u_IDCT/DRU/add_58_47_g1095/ZN                                       -       A1->ZN R     NAND2_X1       2  5.7    68    86   54246    (-,-) 
  u_IDCT/DRU/add_58_47_g1093/ZN                                       -       A->ZN  F     XNOR2_X1       1  2.7    29    59   54306    (-,-) 
  u_IDCT/DRU/g2432/ZN                                                 -       A1->ZN R     AOI222_X1      1  2.9   216   245   54551    (-,-) 
  u_IDCT/DRU/g2415/ZN                                                 -       A->ZN  F     INV_X1         1  2.3    46    50   54601    (-,-) 
  u_IDCT/DRU/ToACF_reg[12]/D                                          -       -      F     SDFF_X1        1    -     -     0   54601    (-,-) 
#---------------------------------------------------------------------------------------------------------------------------------------------



Path 40: MET (46635 ps) Setup Check with Pin u_DCT/DRU/ToACF_reg[12]/CK->D
           Mode: scan_mode
          Group: C2C_scan_mode
     Startpoint: (R) u_DCT/tposemem_Bisted_RF_2P_ADV64x16_BistCtrl_i0_S44_Finish_reg/CK
          Clock: (F) CLK1
       Endpoint: (F) u_DCT/DRU/ToACF_reg[12]/D
          Clock: (R) CLK1

                     Capture       Launch     
        Clock Edge:+  100000        50000     
       Src Latency:+       0            0     
       Net Latency:+    2000 (I)     2000 (I) 
           Arrival:=  102000        52000     
                                              
             Setup:-     266                  
       Uncertainty:-     500                  
     Required Time:=  101234                  
      Launch Clock:-   52000                  
         Data Path:-    2599                  
             Slack:=   46635                  

#--------------------------------------------------------------------------------------------------------------------------------------------
#                           Timing Point                             Flags    Arc   Edge   Cell     Fanout Load Trans Delay Arrival Instance 
#                                                                                                          (fF)  (ps)  (ps)   (ps)  Location 
#--------------------------------------------------------------------------------------------------------------------------------------------
  u_DCT/tposemem_Bisted_RF_2P_ADV64x16_BistCtrl_i0_S44_Finish_reg/CK -       -      R     (arrival)      6    -     0     -   52000    (-,-) 
  u_DCT/tposemem_Bisted_RF_2P_ADV64x16_BistCtrl_i0_S44_Finish_reg/Q  -       CK->Q  R     SDFF_X1        1  2.9    38   189   52189    (-,-) 
  u_DCT/g3780/ZN                                                     -       A2->ZN F     NAND2_X1       2  4.7    33    58   52247    (-,-) 
  u_DCT/g3770/ZN                                                     -       A2->ZN R     NAND2_X1       2  3.7    48    79   52326    (-,-) 
  u_DCT/DRU/g2757__8757/ZN                                           -       A1->ZN R     AND2_X1        6 13.1   118   200   52525    (-,-) 
  u_DCT/DRU/add_58_47_g1148__5266/ZN                                 -       A2->ZN R     OR2_X1         2  5.1    55   138   52664    (-,-) 
  u_DCT/DRU/add_58_47_g1126__5019/ZN                                 -       A2->ZN F     NAND2_X1       1  2.8    27    54   52718    (-,-) 
  u_DCT/DRU/add_58_47_g1125__1840/ZN                                 -       A1->ZN R     NAND2_X1       2  5.7    68    85   52803    (-,-) 
  u_DCT/DRU/add_58_47_g1123__5795/ZN                                 -       A1->ZN F     NAND2_X1       1  2.8    28    56   52860    (-,-) 
  u_DCT/DRU/add_58_47_g1121__6083/ZN                                 -       A1->ZN R     NAND2_X1       2  6.0    70    88   52948    (-,-) 
  u_DCT/DRU/add_58_47_g1120__2250/ZN                                 -       A2->ZN F     NAND2_X1       1  2.7    25    59   53006    (-,-) 
  u_DCT/DRU/add_58_47_g1118__7114/ZN                                 -       A2->ZN R     NAND2_X1       2  6.0    67    94   53100    (-,-) 
  u_DCT/DRU/add_58_47_g1117__5703/ZN                                 -       A1->ZN F     NAND2_X1       1  2.8    28    56   53157    (-,-) 
  u_DCT/DRU/add_58_47_g1115__1786/ZN                                 -       A1->ZN R     NAND2_X1       2  5.7    68    86   53242    (-,-) 
  u_DCT/DRU/add_58_47_g1114__8757/ZN                                 -       A1->ZN F     NAND2_X1       1  2.8    28    56   53299    (-,-) 
  u_DCT/DRU/add_58_47_g1112__7675/ZN                                 -       A1->ZN R     NAND2_X1       2  5.7    68    86   53384    (-,-) 
  u_DCT/DRU/add_58_47_g1111__2391/ZN                                 -       A1->ZN F     NAND2_X1       1  2.8    28    56   53441    (-,-) 
  u_DCT/DRU/add_58_47_g1109__6877/ZN                                 -       A1->ZN R     NAND2_X1       2  5.7    68    86   53526    (-,-) 
  u_DCT/DRU/add_58_47_g1108__1309/ZN                                 -       A1->ZN F     NAND2_X1       1  2.8    28    56   53583    (-,-) 
  u_DCT/DRU/add_58_47_g1106__9682/ZN                                 -       A1->ZN R     NAND2_X1       2  5.7    68    86   53668    (-,-) 
  u_DCT/DRU/add_58_47_g1105__4547/ZN                                 -       A1->ZN F     NAND2_X1       2  4.8    34    69   53737    (-,-) 
  u_DCT/DRU/add_58_47_g1102__4296/ZN                                 -       C1->ZN R     OAI211_X1      2  5.7   150   193   53930    (-,-) 
  u_DCT/DRU/add_58_47_g1100__9906/ZN                                 -       A1->ZN F     NAND2_X1       1  2.8    46    76   54006    (-,-) 
  u_DCT/DRU/add_58_47_g1098__5019/ZN                                 -       A1->ZN R     NAND2_X1       2  5.7    68    96   54102    (-,-) 
  u_DCT/DRU/add_58_47_g1097__1840/ZN                                 -       A1->ZN F     NAND2_X1       1  2.8    28    56   54158    (-,-) 
  u_DCT/DRU/add_58_47_g1095__5795/ZN                                 -       A1->ZN R     NAND2_X1       2  5.7    68    86   54244    (-,-) 
  u_DCT/DRU/add_58_47_g1093__6083/ZN                                 -       A->ZN  F     XNOR2_X1       1  2.7    29    59   54303    (-,-) 
  u_DCT/DRU/g2432__2391/ZN                                           -       A1->ZN R     AOI222_X1      1  2.9   216   245   54549    (-,-) 
  u_DCT/DRU/g2415/ZN                                                 -       A->ZN  F     INV_X1         1  2.3    46    50   54599    (-,-) 
  u_DCT/DRU/ToACF_reg[12]/D                                          -       -      F     SDFF_X1        1    -     -     0   54599    (-,-) 
#--------------------------------------------------------------------------------------------------------------------------------------------



Path 41: MET (46678 ps) Setup Check with Pin u_DCT/DRU/ToBDEG_reg[12]/CK->D
           Mode: scan_mode
          Group: C2C_scan_mode
     Startpoint: (R) u_DCT/tposemem_Bisted_RF_2P_ADV64x16_BistCtrl_i0_ST_MAL_i0_S17_reg/CK
          Clock: (F) CLK1
       Endpoint: (F) u_DCT/DRU/ToBDEG_reg[12]/D
          Clock: (R) CLK1

                     Capture       Launch     
        Clock Edge:+  100000        50000     
       Src Latency:+       0            0     
       Net Latency:+    2000 (I)     2000 (I) 
           Arrival:=  102000        52000     
                                              
             Setup:-     266                  
       Uncertainty:-     500                  
     Required Time:=  101234                  
      Launch Clock:-   52000                  
         Data Path:-    2556                  
             Slack:=   46678                  

#-----------------------------------------------------------------------------------------------------------------------------------------------
#                             Timing Point                              Flags    Arc   Edge   Cell     Fanout Load Trans Delay Arrival Instance 
#                                                                                                             (fF)  (ps)  (ps)   (ps)  Location 
#-----------------------------------------------------------------------------------------------------------------------------------------------
  u_DCT/tposemem_Bisted_RF_2P_ADV64x16_BistCtrl_i0_ST_MAL_i0_S17_reg/CK -       -      R     (arrival)      6    -     0     -   52000    (-,-) 
  u_DCT/tposemem_Bisted_RF_2P_ADV64x16_BistCtrl_i0_ST_MAL_i0_S17_reg/Q  -       CK->Q  F     SDFF_X1        2  4.2    48   242   52242    (-,-) 
  u_DCT/g3832/ZN                                                        -       A2->ZN R     NAND2_X1       2  5.1    60   100   52342    (-,-) 
  u_DCT/g3811/ZN                                                        -       A2->ZN F     NAND2_X1       2  4.3    28    64   52406    (-,-) 
  u_DCT/DRU/g2758__1786/ZN                                              -       A1->ZN F     AND2_X2        6 13.5    31   114   52520    (-,-) 
  u_DCT/DRU/sub_60_47_g1238__1857/ZN                                    -       A2->ZN R     NAND2_X1       3  8.2    85   116   52636    (-,-) 
  u_DCT/DRU/sub_60_47_g1206__5019/ZN                                    -       A1->ZN F     NAND2_X1       1  2.8    32    62   52699    (-,-) 
  u_DCT/DRU/sub_60_47_g1205__1840/ZN                                    -       A1->ZN R     NAND2_X1       2  6.0    70    90   52789    (-,-) 
  u_DCT/DRU/sub_60_47_g1203__7344/ZN                                    -       A1->ZN F     NAND2_X1       1  2.8    28    57   52846    (-,-) 
  u_DCT/DRU/sub_60_47_g1201__2703/ZN                                    -       A1->ZN R     NAND2_X1       2  6.0    70    88   52935    (-,-) 
  u_DCT/DRU/sub_60_47_g1200__6083/ZN                                    -       A2->ZN F     NAND2_X1       1  2.7    26    59   52994    (-,-) 
  u_DCT/DRU/sub_60_47_g1198__5266/ZN                                    -       A2->ZN R     NAND2_X1       2  6.0    67    95   53088    (-,-) 
  u_DCT/DRU/sub_60_47_g1197__7114/ZN                                    -       A2->ZN F     NAND2_X1       1  2.8    26    58   53147    (-,-) 
  u_DCT/DRU/sub_60_47_g1195__5953/ZN                                    -       A1->ZN R     NAND2_X1       2  5.7    68    85   53232    (-,-) 
  u_DCT/DRU/sub_60_47_g1194__1786/ZN                                    -       A1->ZN F     NAND2_X1       1  2.8    28    56   53288    (-,-) 
  u_DCT/DRU/sub_60_47_g1192__7118/ZN                                    -       A1->ZN R     NAND2_X1       2  5.7    68    86   53374    (-,-) 
  u_DCT/DRU/sub_60_47_g1191__7675/ZN                                    -       A1->ZN F     NAND2_X1       1  2.8    28    56   53430    (-,-) 
  u_DCT/DRU/sub_60_47_g1189__2900/ZN                                    -       A1->ZN R     NAND2_X1       2  5.7    68    86   53516    (-,-) 
  u_DCT/DRU/sub_60_47_g1188__6877/ZN                                    -       A1->ZN F     NAND2_X1       1  2.8    28    56   53572    (-,-) 
  u_DCT/DRU/sub_60_47_g1186__2683/ZN                                    -       A1->ZN R     NAND2_X1       2  5.0    63    80   53652    (-,-) 
  u_DCT/DRU/sub_60_47_g1185__9682/ZN                                    -       A1->ZN R     AND2_X1        2  4.4    47   131   53783    (-,-) 
  u_DCT/DRU/sub_60_47_g1182__3772/ZN                                    -       B1->ZN F     AOI21_X1       2  5.4    35    66   53849    (-,-) 
  u_DCT/DRU/sub_60_47_g1179__9906/ZN                                    -       B1->ZN R     OAI21_X1       2  5.7   141   183   54032    (-,-) 
  u_DCT/DRU/sub_60_47_g1178__1857/ZN                                    -       A1->ZN F     NAND2_X1       1  2.8    44    74   54107    (-,-) 
  u_DCT/DRU/sub_60_47_g1176__1840/ZN                                    -       A1->ZN R     NAND2_X1       2  5.7    68    95   54202    (-,-) 
  u_DCT/DRU/sub_60_47_g1174__5795/ZN                                    -       A->ZN  F     XNOR2_X1       1  2.7    29    59   54261    (-,-) 
  u_DCT/DRU/g2433__7675/ZN                                              -       A1->ZN R     AOI222_X1      1  2.9   216   245   54506    (-,-) 
  u_DCT/DRU/g2416/ZN                                                    -       A->ZN  F     INV_X1         1  2.3    46    50   54556    (-,-) 
  u_DCT/DRU/ToBDEG_reg[12]/D                                            -       -      F     SDFF_X1        1    -     -     0   54556    (-,-) 
#-----------------------------------------------------------------------------------------------------------------------------------------------



Path 42: MET (46689 ps) Setup Check with Pin u_DCT/tposemem_Bisted_RF_2P_ADV64x16_RF_2P_ADV64x16_u0_SRAM_i0/CLKB->DB[6]
           Mode: scan_mode
          Group: C2C_scan_mode
     Startpoint: (R) u_DCT/IDRU8/Count_reg[0]/CK
          Clock: (R) CLK1
       Endpoint: (F) u_DCT/tposemem_Bisted_RF_2P_ADV64x16_RF_2P_ADV64x16_u0_SRAM_i0/DB[6]
          Clock: (F) CLK1

                     Capture       Launch     
        Clock Edge:+   50000            0     
       Src Latency:+       0            0     
       Net Latency:+    2000 (I)     2000 (I) 
           Arrival:=   52000         2000     
                                              
             Setup:-     238                  
       Uncertainty:-     500                  
     Required Time:=   51262                  
      Launch Clock:-    2000                  
         Data Path:-    2573                  
             Slack:=   46689                  

#----------------------------------------------------------------------------------------------------------------------------------------------
#                            Timing Point                              Flags    Arc   Edge   Cell     Fanout Load Trans Delay Arrival Instance 
#                                                                                                            (fF)  (ps)  (ps)   (ps)  Location 
#----------------------------------------------------------------------------------------------------------------------------------------------
  u_DCT/IDRU8/Count_reg[0]/CK                                          -       -      R     (arrival)     23    -     0     -    2000    (-,-) 
  u_DCT/IDRU8/Count_reg[0]/Q                                           -       CK->Q  F     SDFF_X2        3 10.2    78   360    2360    (-,-) 
  u_DCT/IDRU8/g5849/ZN                                                 -       A->ZN  R     INV_X4         4 11.9    41    85    2444    (-,-) 
  u_DCT/IDRU8/g5847/ZN                                                 -       A->ZN  F     INV_X2         4 19.3    25    52    2497    (-,-) 
  u_DCT/IDRU8/g5815__7344/ZN                                           -       A1->ZN F     AND3_X2        3  9.5    26   114    2611    (-,-) 
  u_DCT/IDRU8/g5807/ZN                                                 -       A->ZN  R     INV_X2         1  7.4    39    62    2672    (-,-) 
  u_DCT/IDRU8/g5805/ZN                                                 -       A->ZN  F     INV_X4        30 64.4    36    66    2739    (-,-) 
  u_DCT/IDRU8/g5712__6083/ZN                                           -       A1->ZN R     AOI22_X1       1  2.9   114   145    2883    (-,-) 
  u_DCT/IDRU8/g5619__7118/ZN                                           -       A2->ZN F     NAND4_X1       4 10.2   113   199    3083    (-,-) 
  u_DCT/IDRU8/add_86_45_g743__8780/ZN                                  -       A1->ZN F     OR2_X1         2  4.8    38   235    3318    (-,-) 
  u_DCT/IDRU8/add_86_45_g686__1309/ZN                                  -       A2->ZN R     NAND2_X1       1  4.3    53    87    3405    (-,-) 
  u_DCT/IDRU8/add_86_45_g684__9682/ZN                                  -       A1->ZN F     NAND2_X2       3  7.6    28    58    3463    (-,-) 
  u_DCT/IDRU8/add_86_45_g680__4296/ZN                                  -       A1->ZN R     NAND3_X1       1  4.2    60    77    3540    (-,-) 
  u_DCT/IDRU8/add_86_45_g679__8780/ZN                                  -       A1->ZN F     NAND3_X2       2  5.5    37    72    3612    (-,-) 
  u_DCT/IDRU8/add_86_45_g677__1857/ZN                                  -       A1->ZN R     NAND2_X1       1  4.3    53    79    3691    (-,-) 
  u_DCT/IDRU8/add_86_45_g675__1840/ZN                                  -       A1->ZN F     NAND2_X2       2  5.5    24    52    3743    (-,-) 
  u_DCT/IDRU8/add_86_45_g674__7344/ZN                                  -       A1->ZN R     NAND2_X1       1  2.9    42    60    3802    (-,-) 
  u_DCT/IDRU8/add_86_45_g672__2703/ZN                                  -       A1->ZN F     NAND2_X1       2  4.8    30    58    3861    (-,-) 
  u_DCT/IDRU8/add_86_45_g670__2250/ZN                                  -       A->ZN  F     XNOR2_X1       1  2.2    27   126    3987    (-,-) 
  u_DCT/IDRU8/g5273__9682/Z                                            -       A->Z   F     MUX2_X1        2  4.3    41   241    4228    (-,-) 
  u_DCT/IDRU8/g5124__8757/Z                                            -       A->Z   F     MUX2_X1        1  2.8    37   239    4467    (-,-) 
  u_DCT/g3856/ZN                                                       -       A->ZN  R     INV_X1         1  2.9    33    61    4528    (-,-) 
  u_DCT/g3740/ZN                                                       -       B1->ZN F     OAI21_X1       1  2.6    30    45    4573    (-,-) 
  u_DCT/tposemem_Bisted_RF_2P_ADV64x16_RF_2P_ADV64x16_u0_SRAM_i0/DB[6] (P)     -      F     rf_2p_hse      1    -     -     0    4573    (-,-) 
#----------------------------------------------------------------------------------------------------------------------------------------------

(P) : Instance is preserved



Path 43: MET (46706 ps) Setup Check with Pin u_IDCT/tposemem_Bisted_RF_2P_ADV64x16_RF_2P_ADV64x16_u0_SRAM_i0/CLKB->DB[6]
           Mode: scan_mode
          Group: C2C_scan_mode
     Startpoint: (R) d_DoDCT_reg/CK
          Clock: (R) CLK1
       Endpoint: (F) u_IDCT/tposemem_Bisted_RF_2P_ADV64x16_RF_2P_ADV64x16_u0_SRAM_i0/DB[6]
          Clock: (F) CLK1

                     Capture       Launch     
        Clock Edge:+   50000            0     
       Src Latency:+       0            0     
       Net Latency:+    2000 (I)     2000 (I) 
           Arrival:=   52000         2000     
                                              
             Setup:-     238                  
       Uncertainty:-     500                  
     Required Time:=   51262                  
      Launch Clock:-    2000                  
         Data Path:-    2556                  
             Slack:=   46706                  

#-----------------------------------------------------------------------------------------------------------------------------------------------
#                             Timing Point                              Flags    Arc   Edge   Cell     Fanout Load Trans Delay Arrival Instance 
#                                                                                                             (fF)  (ps)  (ps)   (ps)  Location 
#-----------------------------------------------------------------------------------------------------------------------------------------------
  d_DoDCT_reg/CK                                                        -       -      R     (arrival)    670    -     0     -    2000    (-,-) 
  d_DoDCT_reg/Q                                                         -       CK->Q  F     SDFF_X1        1  4.1    48   242    2242    (-,-) 
  g546/Z                                                                -       A->Z   F     BUF_X4        11 36.6    30   122    2363    (-,-) 
  g375/ZN                                                               -       A->ZN  R     INV_X8         7 25.1    35    60    2423    (-,-) 
  u_IDCT/IDRU8/g5749/ZN                                                 -       A->ZN  F     INV_X4         4 18.7    16    35    2459    (-,-) 
  u_IDCT/IDRU8/g5721/ZN                                                 -       A3->ZN R     NAND3_X4       2 11.0    50    73    2532    (-,-) 
  u_IDCT/IDRU8/g5715/ZN                                                 -       A->ZN  F     INV_X4        18 37.6    26    56    2588    (-,-) 
  u_IDCT/IDRU8/g5682/ZN                                                 -       A1->ZN R     AOI22_X1       1  2.2   101   127    2714    (-,-) 
  u_IDCT/IDRU8/g5612/ZN                                                 -       A1->ZN R     AND2_X1        1  2.9    37   136    2850    (-,-) 
  u_IDCT/IDRU8/g5573/ZN                                                 -       A2->ZN F     NAND3_X1       4 10.4    85   124    2974    (-,-) 
  u_IDCT/IDRU8/add_86_45_g754/ZN                                        -       A1->ZN F     OR2_X1         2  4.8    38   220    3193    (-,-) 
  u_IDCT/IDRU8/add_86_45_g694/ZN                                        -       A2->ZN R     NAND2_X1       1  4.3    53    87    3280    (-,-) 
  u_IDCT/IDRU8/add_86_45_g692/ZN                                        -       A1->ZN F     NAND2_X2       2  5.5    24    52    3332    (-,-) 
  u_IDCT/IDRU8/add_86_45_g689/ZN                                        -       A1->ZN R     NAND2_X1       1  4.3    53    72    3404    (-,-) 
  u_IDCT/IDRU8/add_86_45_g687/ZN                                        -       A1->ZN F     NAND2_X2       3  7.6    28    58    3462    (-,-) 
  u_IDCT/IDRU8/add_86_45_g683/ZN                                        -       A1->ZN R     NAND3_X1       1  2.9    50    66    3528    (-,-) 
  u_IDCT/IDRU8/add_86_45_g682/ZN                                        -       A1->ZN F     NAND2_X1       2  5.5    37    65    3593    (-,-) 
  u_IDCT/IDRU8/add_86_45_g680/ZN                                        -       A1->ZN R     NAND2_X1       1  2.9    42    67    3660    (-,-) 
  u_IDCT/IDRU8/add_86_45_g678/ZN                                        -       A1->ZN F     NAND2_X1       2  5.5    33    62    3721    (-,-) 
  u_IDCT/IDRU8/add_86_45_g677/ZN                                        -       A1->ZN R     NAND2_X1       1  2.9    42    64    3785    (-,-) 
  u_IDCT/IDRU8/add_86_45_g675/ZN                                        -       A1->ZN F     NAND2_X1       2  4.8    30    58    3844    (-,-) 
  u_IDCT/IDRU8/add_86_45_g673/ZN                                        -       A->ZN  F     XNOR2_X1       1  2.2    27   126    3970    (-,-) 
  u_IDCT/IDRU8/g5204/Z                                                  -       A->Z   F     MUX2_X1        2  4.3    41   241    4211    (-,-) 
  u_IDCT/IDRU8/g5062/Z                                                  -       A->Z   F     MUX2_X1        1  2.8    37   239    4450    (-,-) 
  u_IDCT/g3856/ZN                                                       -       A->ZN  R     INV_X1         1  2.9    33    61    4511    (-,-) 
  u_IDCT/g3740/ZN                                                       -       B1->ZN F     OAI21_X1       1  2.6    30    45    4556    (-,-) 
  u_IDCT/tposemem_Bisted_RF_2P_ADV64x16_RF_2P_ADV64x16_u0_SRAM_i0/DB[6] (P)     -      F     rf_2p_hse      1    -     -     0    4556    (-,-) 
#-----------------------------------------------------------------------------------------------------------------------------------------------

(P) : Instance is preserved



Path 44: MET (46715 ps) Setup Check with Pin u_IDCT/DRU/ToBDEG_reg[12]/CK->D
           Mode: scan_mode
          Group: C2C_scan_mode
     Startpoint: (R) u_IDCT/tposemem_Bisted_RF_2P_ADV64x16_BistCtrl_i0_ST_MAL_i0_S17_reg/CK
          Clock: (F) CLK1
       Endpoint: (F) u_IDCT/DRU/ToBDEG_reg[12]/D
          Clock: (R) CLK1

                     Capture       Launch     
        Clock Edge:+  100000        50000     
       Src Latency:+       0            0     
       Net Latency:+    2000 (I)     2000 (I) 
           Arrival:=  102000        52000     
                                              
             Setup:-     266                  
       Uncertainty:-     500                  
     Required Time:=  101234                  
      Launch Clock:-   52000                  
         Data Path:-    2519                  
             Slack:=   46715                  

#------------------------------------------------------------------------------------------------------------------------------------------------
#                             Timing Point                               Flags    Arc   Edge   Cell     Fanout Load Trans Delay Arrival Instance 
#                                                                                                              (fF)  (ps)  (ps)   (ps)  Location 
#------------------------------------------------------------------------------------------------------------------------------------------------
  u_IDCT/tposemem_Bisted_RF_2P_ADV64x16_BistCtrl_i0_ST_MAL_i0_S17_reg/CK -       -      R     (arrival)      6    -     0     -   52000    (-,-) 
  u_IDCT/tposemem_Bisted_RF_2P_ADV64x16_BistCtrl_i0_ST_MAL_i0_S17_reg/Q  -       CK->Q  F     SDFF_X1        2  4.3    48   243   52243    (-,-) 
  u_IDCT/g3832/ZN                                                        -       A1->ZN R     NAND2_X1       2  5.1    60    92   52335    (-,-) 
  u_IDCT/g3811/ZN                                                        -       A1->ZN F     NAND2_X1       2  4.2    30    62   52397    (-,-) 
  u_IDCT/DRU/g2758/ZN                                                    -       A1->ZN F     AND2_X2        6 13.5    28   115   52513    (-,-) 
  u_IDCT/DRU/sub_60_47_g1238/ZN                                          -       A1->ZN R     NAND2_X1       3  8.2    86   107   52620    (-,-) 
  u_IDCT/DRU/sub_60_47_g1206/ZN                                          -       A2->ZN F     NAND2_X1       1  2.8    26    65   52684    (-,-) 
  u_IDCT/DRU/sub_60_47_g1205/ZN                                          -       A1->ZN R     NAND2_X1       2  5.7    66    85   52769    (-,-) 
  u_IDCT/DRU/sub_60_47_g1203/ZN                                          -       A1->ZN F     NAND2_X1       1  2.8    28    56   52825    (-,-) 
  u_IDCT/DRU/sub_60_47_g1201/ZN                                          -       A1->ZN R     NAND2_X1       2  5.7    66    85   52910    (-,-) 
  u_IDCT/DRU/sub_60_47_g1200/ZN                                          -       A1->ZN F     NAND2_X1       1  2.8    28    56   52966    (-,-) 
  u_IDCT/DRU/sub_60_47_g1198/ZN                                          -       A1->ZN R     NAND2_X1       2  5.7    68    85   53052    (-,-) 
  u_IDCT/DRU/sub_60_47_g1197/ZN                                          -       A1->ZN F     NAND2_X1       1  2.8    28    56   53108    (-,-) 
  u_IDCT/DRU/sub_60_47_g1195/ZN                                          -       A1->ZN R     NAND2_X1       2  5.7    68    86   53194    (-,-) 
  u_IDCT/DRU/sub_60_47_g1194/ZN                                          -       A1->ZN F     NAND2_X1       1  2.8    28    56   53250    (-,-) 
  u_IDCT/DRU/sub_60_47_g1192/ZN                                          -       A1->ZN R     NAND2_X1       2  5.7    68    86   53336    (-,-) 
  u_IDCT/DRU/sub_60_47_g1191/ZN                                          -       A1->ZN F     NAND2_X1       1  2.8    28    56   53392    (-,-) 
  u_IDCT/DRU/sub_60_47_g1189/ZN                                          -       A1->ZN R     NAND2_X1       2  5.7    68    86   53478    (-,-) 
  u_IDCT/DRU/sub_60_47_g1188/ZN                                          -       A1->ZN F     NAND2_X1       1  2.8    28    56   53535    (-,-) 
  u_IDCT/DRU/sub_60_47_g1186/ZN                                          -       A1->ZN R     NAND2_X1       2  5.0    63    80   53614    (-,-) 
  u_IDCT/DRU/sub_60_47_g1185/ZN                                          -       A1->ZN R     AND2_X1        2  4.4    47   131   53746    (-,-) 
  u_IDCT/DRU/sub_60_47_g1182/ZN                                          -       B1->ZN F     AOI21_X1       2  5.4    35    66   53811    (-,-) 
  u_IDCT/DRU/sub_60_47_g1179/ZN                                          -       B1->ZN R     OAI21_X1       2  5.7   141   183   53995    (-,-) 
  u_IDCT/DRU/sub_60_47_g1178/ZN                                          -       A1->ZN F     NAND2_X1       1  2.8    44    74   54069    (-,-) 
  u_IDCT/DRU/sub_60_47_g1176/ZN                                          -       A1->ZN R     NAND2_X1       2  5.7    68    95   54164    (-,-) 
  u_IDCT/DRU/sub_60_47_g1174/ZN                                          -       A->ZN  F     XNOR2_X1       1  2.7    29    59   54223    (-,-) 
  u_IDCT/DRU/g2433/ZN                                                    -       A1->ZN R     AOI222_X1      1  2.9   216   245   54468    (-,-) 
  u_IDCT/DRU/g2416/ZN                                                    -       A->ZN  F     INV_X1         1  2.3    46    50   54519    (-,-) 
  u_IDCT/DRU/ToBDEG_reg[12]/D                                            -       -      F     SDFF_X1        1    -     -     0   54519    (-,-) 
#------------------------------------------------------------------------------------------------------------------------------------------------



Path 45: MET (46775 ps) Setup Check with Pin u_IDCT/DRU/ToACF_reg[11]/CK->D
           Mode: scan_mode
          Group: C2C_scan_mode
     Startpoint: (R) u_IDCT/tposemem_Bisted_RF_2P_ADV64x16_BistCtrl_i0_S44_Finish_reg/CK
          Clock: (F) CLK1
       Endpoint: (F) u_IDCT/DRU/ToACF_reg[11]/D
          Clock: (R) CLK1

                     Capture       Launch     
        Clock Edge:+  100000        50000     
       Src Latency:+       0            0     
       Net Latency:+    2000 (I)     2000 (I) 
           Arrival:=  102000        52000     
                                              
             Setup:-     266                  
       Uncertainty:-     500                  
     Required Time:=  101234                  
      Launch Clock:-   52000                  
         Data Path:-    2459                  
             Slack:=   46775                  

#---------------------------------------------------------------------------------------------------------------------------------------------
#                            Timing Point                             Flags    Arc   Edge   Cell     Fanout Load Trans Delay Arrival Instance 
#                                                                                                           (fF)  (ps)  (ps)   (ps)  Location 
#---------------------------------------------------------------------------------------------------------------------------------------------
  u_IDCT/tposemem_Bisted_RF_2P_ADV64x16_BistCtrl_i0_S44_Finish_reg/CK -       -      R     (arrival)      6    -     0     -   52000    (-,-) 
  u_IDCT/tposemem_Bisted_RF_2P_ADV64x16_BistCtrl_i0_S44_Finish_reg/Q  -       CK->Q  R     SDFF_X1        1  2.9    38   189   52189    (-,-) 
  u_IDCT/g3780/ZN                                                     -       A2->ZN F     NAND2_X1       2  4.7    33    58   52247    (-,-) 
  u_IDCT/g3770/ZN                                                     -       A2->ZN R     NAND2_X1       2  3.7    48    79   52326    (-,-) 
  u_IDCT/DRU/g2757/ZN                                                 -       A1->ZN R     AND2_X1        6 13.3   119   201   52527    (-,-) 
  u_IDCT/DRU/add_58_47_g1148/ZN                                       -       A2->ZN R     OR2_X1         2  5.1    55   139   52666    (-,-) 
  u_IDCT/DRU/add_58_47_g1126/ZN                                       -       A2->ZN F     NAND2_X1       1  2.8    27    54   52720    (-,-) 
  u_IDCT/DRU/add_58_47_g1125/ZN                                       -       A1->ZN R     NAND2_X1       2  5.7    68    85   52805    (-,-) 
  u_IDCT/DRU/add_58_47_g1123/ZN                                       -       A1->ZN F     NAND2_X1       1  2.8    28    56   52862    (-,-) 
  u_IDCT/DRU/add_58_47_g1121/ZN                                       -       A1->ZN R     NAND2_X1       2  6.0    70    88   52950    (-,-) 
  u_IDCT/DRU/add_58_47_g1120/ZN                                       -       A2->ZN F     NAND2_X1       1  2.7    25    59   53008    (-,-) 
  u_IDCT/DRU/add_58_47_g1118/ZN                                       -       A2->ZN R     NAND2_X1       2  6.0    67    94   53102    (-,-) 
  u_IDCT/DRU/add_58_47_g1117/ZN                                       -       A1->ZN F     NAND2_X1       1  2.8    28    56   53159    (-,-) 
  u_IDCT/DRU/add_58_47_g1115/ZN                                       -       A1->ZN R     NAND2_X1       2  5.7    68    86   53244    (-,-) 
  u_IDCT/DRU/add_58_47_g1114/ZN                                       -       A1->ZN F     NAND2_X1       1  2.8    28    56   53301    (-,-) 
  u_IDCT/DRU/add_58_47_g1112/ZN                                       -       A1->ZN R     NAND2_X1       2  5.7    68    86   53386    (-,-) 
  u_IDCT/DRU/add_58_47_g1111/ZN                                       -       A1->ZN F     NAND2_X1       1  2.8    28    56   53443    (-,-) 
  u_IDCT/DRU/add_58_47_g1109/ZN                                       -       A1->ZN R     NAND2_X1       2  5.7    68    86   53528    (-,-) 
  u_IDCT/DRU/add_58_47_g1108/ZN                                       -       A1->ZN F     NAND2_X1       1  2.8    28    56   53585    (-,-) 
  u_IDCT/DRU/add_58_47_g1106/ZN                                       -       A1->ZN R     NAND2_X1       2  5.7    68    86   53671    (-,-) 
  u_IDCT/DRU/add_58_47_g1105/ZN                                       -       A1->ZN F     NAND2_X1       2  4.8    34    69   53739    (-,-) 
  u_IDCT/DRU/add_58_47_g1102/ZN                                       -       C1->ZN R     OAI211_X1      2  5.7   150   193   53933    (-,-) 
  u_IDCT/DRU/add_58_47_g1100/ZN                                       -       A1->ZN F     NAND2_X1       1  2.8    46    76   54008    (-,-) 
  u_IDCT/DRU/add_58_47_g1098/ZN                                       -       A1->ZN R     NAND2_X1       2  5.7    68    96   54104    (-,-) 
  u_IDCT/DRU/add_58_47_g1096/ZN                                       -       A->ZN  F     XNOR2_X1       1  2.7    29    59   54163    (-,-) 
  u_IDCT/DRU/g2430/ZN                                                 -       A1->ZN R     AOI222_X1      1  2.9   216   245   54409    (-,-) 
  u_IDCT/DRU/g2413/ZN                                                 -       A->ZN  F     INV_X1         1  2.3    46    50   54459    (-,-) 
  u_IDCT/DRU/ToACF_reg[11]/D                                          -       -      F     SDFF_X1        1    -     -     0   54459    (-,-) 
#---------------------------------------------------------------------------------------------------------------------------------------------



Path 46: MET (46777 ps) Setup Check with Pin u_DCT/DRU/ToACF_reg[11]/CK->D
           Mode: scan_mode
          Group: C2C_scan_mode
     Startpoint: (R) u_DCT/tposemem_Bisted_RF_2P_ADV64x16_BistCtrl_i0_S44_Finish_reg/CK
          Clock: (F) CLK1
       Endpoint: (F) u_DCT/DRU/ToACF_reg[11]/D
          Clock: (R) CLK1

                     Capture       Launch     
        Clock Edge:+  100000        50000     
       Src Latency:+       0            0     
       Net Latency:+    2000 (I)     2000 (I) 
           Arrival:=  102000        52000     
                                              
             Setup:-     266                  
       Uncertainty:-     500                  
     Required Time:=  101234                  
      Launch Clock:-   52000                  
         Data Path:-    2457                  
             Slack:=   46777                  

#--------------------------------------------------------------------------------------------------------------------------------------------
#                           Timing Point                             Flags    Arc   Edge   Cell     Fanout Load Trans Delay Arrival Instance 
#                                                                                                          (fF)  (ps)  (ps)   (ps)  Location 
#--------------------------------------------------------------------------------------------------------------------------------------------
  u_DCT/tposemem_Bisted_RF_2P_ADV64x16_BistCtrl_i0_S44_Finish_reg/CK -       -      R     (arrival)      6    -     0     -   52000    (-,-) 
  u_DCT/tposemem_Bisted_RF_2P_ADV64x16_BistCtrl_i0_S44_Finish_reg/Q  -       CK->Q  R     SDFF_X1        1  2.9    38   189   52189    (-,-) 
  u_DCT/g3780/ZN                                                     -       A2->ZN F     NAND2_X1       2  4.7    33    58   52247    (-,-) 
  u_DCT/g3770/ZN                                                     -       A2->ZN R     NAND2_X1       2  3.7    48    79   52326    (-,-) 
  u_DCT/DRU/g2757__8757/ZN                                           -       A1->ZN R     AND2_X1        6 13.1   118   200   52525    (-,-) 
  u_DCT/DRU/add_58_47_g1148__5266/ZN                                 -       A2->ZN R     OR2_X1         2  5.1    55   138   52664    (-,-) 
  u_DCT/DRU/add_58_47_g1126__5019/ZN                                 -       A2->ZN F     NAND2_X1       1  2.8    27    54   52718    (-,-) 
  u_DCT/DRU/add_58_47_g1125__1840/ZN                                 -       A1->ZN R     NAND2_X1       2  5.7    68    85   52803    (-,-) 
  u_DCT/DRU/add_58_47_g1123__5795/ZN                                 -       A1->ZN F     NAND2_X1       1  2.8    28    56   52860    (-,-) 
  u_DCT/DRU/add_58_47_g1121__6083/ZN                                 -       A1->ZN R     NAND2_X1       2  6.0    70    88   52948    (-,-) 
  u_DCT/DRU/add_58_47_g1120__2250/ZN                                 -       A2->ZN F     NAND2_X1       1  2.7    25    59   53006    (-,-) 
  u_DCT/DRU/add_58_47_g1118__7114/ZN                                 -       A2->ZN R     NAND2_X1       2  6.0    67    94   53100    (-,-) 
  u_DCT/DRU/add_58_47_g1117__5703/ZN                                 -       A1->ZN F     NAND2_X1       1  2.8    28    56   53157    (-,-) 
  u_DCT/DRU/add_58_47_g1115__1786/ZN                                 -       A1->ZN R     NAND2_X1       2  5.7    68    86   53242    (-,-) 
  u_DCT/DRU/add_58_47_g1114__8757/ZN                                 -       A1->ZN F     NAND2_X1       1  2.8    28    56   53299    (-,-) 
  u_DCT/DRU/add_58_47_g1112__7675/ZN                                 -       A1->ZN R     NAND2_X1       2  5.7    68    86   53384    (-,-) 
  u_DCT/DRU/add_58_47_g1111__2391/ZN                                 -       A1->ZN F     NAND2_X1       1  2.8    28    56   53441    (-,-) 
  u_DCT/DRU/add_58_47_g1109__6877/ZN                                 -       A1->ZN R     NAND2_X1       2  5.7    68    86   53526    (-,-) 
  u_DCT/DRU/add_58_47_g1108__1309/ZN                                 -       A1->ZN F     NAND2_X1       1  2.8    28    56   53583    (-,-) 
  u_DCT/DRU/add_58_47_g1106__9682/ZN                                 -       A1->ZN R     NAND2_X1       2  5.7    68    86   53668    (-,-) 
  u_DCT/DRU/add_58_47_g1105__4547/ZN                                 -       A1->ZN F     NAND2_X1       2  4.8    34    69   53737    (-,-) 
  u_DCT/DRU/add_58_47_g1102__4296/ZN                                 -       C1->ZN R     OAI211_X1      2  5.7   150   193   53930    (-,-) 
  u_DCT/DRU/add_58_47_g1100__9906/ZN                                 -       A1->ZN F     NAND2_X1       1  2.8    46    76   54006    (-,-) 
  u_DCT/DRU/add_58_47_g1098__5019/ZN                                 -       A1->ZN R     NAND2_X1       2  5.7    68    96   54102    (-,-) 
  u_DCT/DRU/add_58_47_g1096__7344/ZN                                 -       A->ZN  F     XNOR2_X1       1  2.7    29    59   54161    (-,-) 
  u_DCT/DRU/g2430__6877/ZN                                           -       A1->ZN R     AOI222_X1      1  2.9   216   245   54407    (-,-) 
  u_DCT/DRU/g2413/ZN                                                 -       A->ZN  F     INV_X1         1  2.3    46    50   54457    (-,-) 
  u_DCT/DRU/ToACF_reg[11]/D                                          -       -      F     SDFF_X1        1    -     -     0   54457    (-,-) 
#--------------------------------------------------------------------------------------------------------------------------------------------



Path 47: MET (46810 ps) Setup Check with Pin u_DCT/tposemem_Bisted_RF_2P_ADV64x16_RF_2P_ADV64x16_u0_SRAM_i0/CLKB->DB[5]
           Mode: scan_mode
          Group: C2C_scan_mode
     Startpoint: (R) u_DCT/IDRU8/Count_reg[0]/CK
          Clock: (R) CLK1
       Endpoint: (F) u_DCT/tposemem_Bisted_RF_2P_ADV64x16_RF_2P_ADV64x16_u0_SRAM_i0/DB[5]
          Clock: (F) CLK1

                     Capture       Launch     
        Clock Edge:+   50000            0     
       Src Latency:+       0            0     
       Net Latency:+    2000 (I)     2000 (I) 
           Arrival:=   52000         2000     
                                              
             Setup:-     238                  
       Uncertainty:-     500                  
     Required Time:=   51262                  
      Launch Clock:-    2000                  
         Data Path:-    2452                  
             Slack:=   46810                  

#----------------------------------------------------------------------------------------------------------------------------------------------
#                            Timing Point                              Flags    Arc   Edge   Cell     Fanout Load Trans Delay Arrival Instance 
#                                                                                                            (fF)  (ps)  (ps)   (ps)  Location 
#----------------------------------------------------------------------------------------------------------------------------------------------
  u_DCT/IDRU8/Count_reg[0]/CK                                          -       -      R     (arrival)     23    -     0     -    2000    (-,-) 
  u_DCT/IDRU8/Count_reg[0]/Q                                           -       CK->Q  F     SDFF_X2        3 10.2    78   360    2360    (-,-) 
  u_DCT/IDRU8/g5849/ZN                                                 -       A->ZN  R     INV_X4         4 11.9    41    85    2444    (-,-) 
  u_DCT/IDRU8/g5847/ZN                                                 -       A->ZN  F     INV_X2         4 19.3    25    52    2497    (-,-) 
  u_DCT/IDRU8/g5815__7344/ZN                                           -       A1->ZN F     AND3_X2        3  9.5    26   114    2611    (-,-) 
  u_DCT/IDRU8/g5807/ZN                                                 -       A->ZN  R     INV_X2         1  7.4    39    62    2672    (-,-) 
  u_DCT/IDRU8/g5805/ZN                                                 -       A->ZN  F     INV_X4        30 64.4    36    66    2739    (-,-) 
  u_DCT/IDRU8/g5712__6083/ZN                                           -       A1->ZN R     AOI22_X1       1  2.9   114   145    2883    (-,-) 
  u_DCT/IDRU8/g5619__7118/ZN                                           -       A2->ZN F     NAND4_X1       4 10.2   113   199    3083    (-,-) 
  u_DCT/IDRU8/add_86_45_g743__8780/ZN                                  -       A1->ZN F     OR2_X1         2  4.8    38   235    3318    (-,-) 
  u_DCT/IDRU8/add_86_45_g686__1309/ZN                                  -       A2->ZN R     NAND2_X1       1  4.3    53    87    3405    (-,-) 
  u_DCT/IDRU8/add_86_45_g684__9682/ZN                                  -       A1->ZN F     NAND2_X2       3  7.6    28    58    3463    (-,-) 
  u_DCT/IDRU8/add_86_45_g680__4296/ZN                                  -       A1->ZN R     NAND3_X1       1  4.2    60    77    3540    (-,-) 
  u_DCT/IDRU8/add_86_45_g679__8780/ZN                                  -       A1->ZN F     NAND3_X2       2  5.5    37    72    3612    (-,-) 
  u_DCT/IDRU8/add_86_45_g677__1857/ZN                                  -       A1->ZN R     NAND2_X1       1  4.3    53    79    3691    (-,-) 
  u_DCT/IDRU8/add_86_45_g675__1840/ZN                                  -       A1->ZN F     NAND2_X2       2  5.5    24    52    3743    (-,-) 
  u_DCT/IDRU8/add_86_45_g673__5795/ZN                                  -       A->ZN  F     XNOR2_X1       1  2.2    27   123    3866    (-,-) 
  u_DCT/IDRU8/g5269__4296/Z                                            -       A->Z   F     MUX2_X1        2  4.3    41   241    4107    (-,-) 
  u_DCT/IDRU8/g5126__5953/Z                                            -       A->Z   F     MUX2_X1        1  2.8    37   239    4346    (-,-) 
  u_DCT/g3867/ZN                                                       -       A->ZN  R     INV_X1         1  2.9    33    61    4407    (-,-) 
  u_DCT/g3751/ZN                                                       -       B1->ZN F     OAI21_X1       1  2.6    30    45    4452    (-,-) 
  u_DCT/tposemem_Bisted_RF_2P_ADV64x16_RF_2P_ADV64x16_u0_SRAM_i0/DB[5] (P)     -      F     rf_2p_hse      1    -     -     0    4452    (-,-) 
#----------------------------------------------------------------------------------------------------------------------------------------------

(P) : Instance is preserved



Path 48: MET (46822 ps) Setup Check with Pin u_DCT/DRU/ToBDEG_reg[11]/CK->D
           Mode: scan_mode
          Group: C2C_scan_mode
     Startpoint: (R) u_DCT/tposemem_Bisted_RF_2P_ADV64x16_BistCtrl_i0_ST_MAL_i0_S17_reg/CK
          Clock: (F) CLK1
       Endpoint: (F) u_DCT/DRU/ToBDEG_reg[11]/D
          Clock: (R) CLK1

                     Capture       Launch     
        Clock Edge:+  100000        50000     
       Src Latency:+       0            0     
       Net Latency:+    2000 (I)     2000 (I) 
           Arrival:=  102000        52000     
                                              
             Setup:-     266                  
       Uncertainty:-     500                  
     Required Time:=  101234                  
      Launch Clock:-   52000                  
         Data Path:-    2412                  
             Slack:=   46822                  

#-----------------------------------------------------------------------------------------------------------------------------------------------
#                             Timing Point                              Flags    Arc   Edge   Cell     Fanout Load Trans Delay Arrival Instance 
#                                                                                                             (fF)  (ps)  (ps)   (ps)  Location 
#-----------------------------------------------------------------------------------------------------------------------------------------------
  u_DCT/tposemem_Bisted_RF_2P_ADV64x16_BistCtrl_i0_ST_MAL_i0_S17_reg/CK -       -      R     (arrival)      6    -     0     -   52000    (-,-) 
  u_DCT/tposemem_Bisted_RF_2P_ADV64x16_BistCtrl_i0_ST_MAL_i0_S17_reg/Q  -       CK->Q  F     SDFF_X1        2  4.2    48   242   52242    (-,-) 
  u_DCT/g3832/ZN                                                        -       A2->ZN R     NAND2_X1       2  5.1    60   100   52342    (-,-) 
  u_DCT/g3811/ZN                                                        -       A2->ZN F     NAND2_X1       2  4.3    28    64   52406    (-,-) 
  u_DCT/DRU/g2758__1786/ZN                                              -       A1->ZN F     AND2_X2        6 13.5    31   114   52520    (-,-) 
  u_DCT/DRU/sub_60_47_g1238__1857/ZN                                    -       A2->ZN R     NAND2_X1       3  8.2    85   116   52636    (-,-) 
  u_DCT/DRU/sub_60_47_g1206__5019/ZN                                    -       A1->ZN F     NAND2_X1       1  2.8    32    62   52699    (-,-) 
  u_DCT/DRU/sub_60_47_g1205__1840/ZN                                    -       A1->ZN R     NAND2_X1       2  6.0    70    90   52789    (-,-) 
  u_DCT/DRU/sub_60_47_g1203__7344/ZN                                    -       A1->ZN F     NAND2_X1       1  2.8    28    57   52846    (-,-) 
  u_DCT/DRU/sub_60_47_g1201__2703/ZN                                    -       A1->ZN R     NAND2_X1       2  6.0    70    88   52935    (-,-) 
  u_DCT/DRU/sub_60_47_g1200__6083/ZN                                    -       A2->ZN F     NAND2_X1       1  2.7    26    59   52994    (-,-) 
  u_DCT/DRU/sub_60_47_g1198__5266/ZN                                    -       A2->ZN R     NAND2_X1       2  6.0    67    95   53088    (-,-) 
  u_DCT/DRU/sub_60_47_g1197__7114/ZN                                    -       A2->ZN F     NAND2_X1       1  2.8    26    58   53147    (-,-) 
  u_DCT/DRU/sub_60_47_g1195__5953/ZN                                    -       A1->ZN R     NAND2_X1       2  5.7    68    85   53232    (-,-) 
  u_DCT/DRU/sub_60_47_g1194__1786/ZN                                    -       A1->ZN F     NAND2_X1       1  2.8    28    56   53288    (-,-) 
  u_DCT/DRU/sub_60_47_g1192__7118/ZN                                    -       A1->ZN R     NAND2_X1       2  5.7    68    86   53374    (-,-) 
  u_DCT/DRU/sub_60_47_g1191__7675/ZN                                    -       A1->ZN F     NAND2_X1       1  2.8    28    56   53430    (-,-) 
  u_DCT/DRU/sub_60_47_g1189__2900/ZN                                    -       A1->ZN R     NAND2_X1       2  5.7    68    86   53516    (-,-) 
  u_DCT/DRU/sub_60_47_g1188__6877/ZN                                    -       A1->ZN F     NAND2_X1       1  2.8    28    56   53572    (-,-) 
  u_DCT/DRU/sub_60_47_g1186__2683/ZN                                    -       A1->ZN R     NAND2_X1       2  5.0    63    80   53652    (-,-) 
  u_DCT/DRU/sub_60_47_g1185__9682/ZN                                    -       A1->ZN R     AND2_X1        2  4.4    47   131   53783    (-,-) 
  u_DCT/DRU/sub_60_47_g1182__3772/ZN                                    -       B1->ZN F     AOI21_X1       2  5.4    35    66   53849    (-,-) 
  u_DCT/DRU/sub_60_47_g1179__9906/ZN                                    -       B1->ZN R     OAI21_X1       2  5.7   141   183   54032    (-,-) 
  u_DCT/DRU/sub_60_47_g1177__5019/ZN                                    -       A->ZN  F     XNOR2_X1       1  2.7    46    78   54111    (-,-) 
  u_DCT/DRU/g2431__2900/ZN                                              -       A1->ZN R     AOI222_X1      1  2.9   216   251   54362    (-,-) 
  u_DCT/DRU/g2414/ZN                                                    -       A->ZN  F     INV_X1         1  2.3    46    50   54412    (-,-) 
  u_DCT/DRU/ToBDEG_reg[11]/D                                            -       -      F     SDFF_X1        1    -     -     0   54412    (-,-) 
#-----------------------------------------------------------------------------------------------------------------------------------------------



Path 49: MET (46827 ps) Setup Check with Pin u_IDCT/tposemem_Bisted_RF_2P_ADV64x16_RF_2P_ADV64x16_u0_SRAM_i0/CLKB->DB[5]
           Mode: scan_mode
          Group: C2C_scan_mode
     Startpoint: (R) d_DoDCT_reg/CK
          Clock: (R) CLK1
       Endpoint: (F) u_IDCT/tposemem_Bisted_RF_2P_ADV64x16_RF_2P_ADV64x16_u0_SRAM_i0/DB[5]
          Clock: (F) CLK1

                     Capture       Launch     
        Clock Edge:+   50000            0     
       Src Latency:+       0            0     
       Net Latency:+    2000 (I)     2000 (I) 
           Arrival:=   52000         2000     
                                              
             Setup:-     238                  
       Uncertainty:-     500                  
     Required Time:=   51262                  
      Launch Clock:-    2000                  
         Data Path:-    2435                  
             Slack:=   46827                  

#-----------------------------------------------------------------------------------------------------------------------------------------------
#                             Timing Point                              Flags    Arc   Edge   Cell     Fanout Load Trans Delay Arrival Instance 
#                                                                                                             (fF)  (ps)  (ps)   (ps)  Location 
#-----------------------------------------------------------------------------------------------------------------------------------------------
  d_DoDCT_reg/CK                                                        -       -      R     (arrival)    670    -     0     -    2000    (-,-) 
  d_DoDCT_reg/Q                                                         -       CK->Q  F     SDFF_X1        1  4.1    48   242    2242    (-,-) 
  g546/Z                                                                -       A->Z   F     BUF_X4        11 36.6    30   122    2363    (-,-) 
  g375/ZN                                                               -       A->ZN  R     INV_X8         7 25.1    35    60    2423    (-,-) 
  u_IDCT/IDRU8/g5749/ZN                                                 -       A->ZN  F     INV_X4         4 18.7    16    35    2459    (-,-) 
  u_IDCT/IDRU8/g5721/ZN                                                 -       A3->ZN R     NAND3_X4       2 11.0    50    73    2532    (-,-) 
  u_IDCT/IDRU8/g5715/ZN                                                 -       A->ZN  F     INV_X4        18 37.6    26    56    2588    (-,-) 
  u_IDCT/IDRU8/g5682/ZN                                                 -       A1->ZN R     AOI22_X1       1  2.2   101   127    2714    (-,-) 
  u_IDCT/IDRU8/g5612/ZN                                                 -       A1->ZN R     AND2_X1        1  2.9    37   136    2850    (-,-) 
  u_IDCT/IDRU8/g5573/ZN                                                 -       A2->ZN F     NAND3_X1       4 10.4    85   124    2974    (-,-) 
  u_IDCT/IDRU8/add_86_45_g754/ZN                                        -       A1->ZN F     OR2_X1         2  4.8    38   220    3193    (-,-) 
  u_IDCT/IDRU8/add_86_45_g694/ZN                                        -       A2->ZN R     NAND2_X1       1  4.3    53    87    3280    (-,-) 
  u_IDCT/IDRU8/add_86_45_g692/ZN                                        -       A1->ZN F     NAND2_X2       2  5.5    24    52    3332    (-,-) 
  u_IDCT/IDRU8/add_86_45_g689/ZN                                        -       A1->ZN R     NAND2_X1       1  4.3    53    72    3404    (-,-) 
  u_IDCT/IDRU8/add_86_45_g687/ZN                                        -       A1->ZN F     NAND2_X2       3  7.6    28    58    3462    (-,-) 
  u_IDCT/IDRU8/add_86_45_g683/ZN                                        -       A1->ZN R     NAND3_X1       1  2.9    50    66    3528    (-,-) 
  u_IDCT/IDRU8/add_86_45_g682/ZN                                        -       A1->ZN F     NAND2_X1       2  5.5    37    65    3593    (-,-) 
  u_IDCT/IDRU8/add_86_45_g680/ZN                                        -       A1->ZN R     NAND2_X1       1  2.9    42    67    3660    (-,-) 
  u_IDCT/IDRU8/add_86_45_g678/ZN                                        -       A1->ZN F     NAND2_X1       2  5.5    33    62    3721    (-,-) 
  u_IDCT/IDRU8/add_86_45_g676/ZN                                        -       A->ZN  F     XNOR2_X1       1  2.2    27   128    3849    (-,-) 
  u_IDCT/IDRU8/g5207/Z                                                  -       A->Z   F     MUX2_X1        2  4.3    41   241    4090    (-,-) 
  u_IDCT/IDRU8/g5064/Z                                                  -       A->Z   F     MUX2_X1        1  2.8    37   239    4329    (-,-) 
  u_IDCT/g3867/ZN                                                       -       A->ZN  R     INV_X1         1  2.9    33    61    4390    (-,-) 
  u_IDCT/g3751/ZN                                                       -       B1->ZN F     OAI21_X1       1  2.6    30    45    4435    (-,-) 
  u_IDCT/tposemem_Bisted_RF_2P_ADV64x16_RF_2P_ADV64x16_u0_SRAM_i0/DB[5] (P)     -      F     rf_2p_hse      1    -     -     0    4435    (-,-) 
#-----------------------------------------------------------------------------------------------------------------------------------------------

(P) : Instance is preserved



Path 50: MET (46860 ps) Setup Check with Pin u_IDCT/DRU/ToBDEG_reg[11]/CK->D
           Mode: scan_mode
          Group: C2C_scan_mode
     Startpoint: (R) u_IDCT/tposemem_Bisted_RF_2P_ADV64x16_BistCtrl_i0_ST_MAL_i0_S17_reg/CK
          Clock: (F) CLK1
       Endpoint: (F) u_IDCT/DRU/ToBDEG_reg[11]/D
          Clock: (R) CLK1

                     Capture       Launch     
        Clock Edge:+  100000        50000     
       Src Latency:+       0            0     
       Net Latency:+    2000 (I)     2000 (I) 
           Arrival:=  102000        52000     
                                              
             Setup:-     266                  
       Uncertainty:-     500                  
     Required Time:=  101234                  
      Launch Clock:-   52000                  
         Data Path:-    2374                  
             Slack:=   46860                  

#------------------------------------------------------------------------------------------------------------------------------------------------
#                             Timing Point                               Flags    Arc   Edge   Cell     Fanout Load Trans Delay Arrival Instance 
#                                                                                                              (fF)  (ps)  (ps)   (ps)  Location 
#------------------------------------------------------------------------------------------------------------------------------------------------
  u_IDCT/tposemem_Bisted_RF_2P_ADV64x16_BistCtrl_i0_ST_MAL_i0_S17_reg/CK -       -      R     (arrival)      6    -     0     -   52000    (-,-) 
  u_IDCT/tposemem_Bisted_RF_2P_ADV64x16_BistCtrl_i0_ST_MAL_i0_S17_reg/Q  -       CK->Q  F     SDFF_X1        2  4.3    48   243   52243    (-,-) 
  u_IDCT/g3832/ZN                                                        -       A1->ZN R     NAND2_X1       2  5.1    60    92   52335    (-,-) 
  u_IDCT/g3811/ZN                                                        -       A1->ZN F     NAND2_X1       2  4.2    30    62   52397    (-,-) 
  u_IDCT/DRU/g2758/ZN                                                    -       A1->ZN F     AND2_X2        6 13.5    28   115   52513    (-,-) 
  u_IDCT/DRU/sub_60_47_g1238/ZN                                          -       A1->ZN R     NAND2_X1       3  8.2    86   107   52620    (-,-) 
  u_IDCT/DRU/sub_60_47_g1206/ZN                                          -       A2->ZN F     NAND2_X1       1  2.8    26    65   52684    (-,-) 
  u_IDCT/DRU/sub_60_47_g1205/ZN                                          -       A1->ZN R     NAND2_X1       2  5.7    66    85   52769    (-,-) 
  u_IDCT/DRU/sub_60_47_g1203/ZN                                          -       A1->ZN F     NAND2_X1       1  2.8    28    56   52825    (-,-) 
  u_IDCT/DRU/sub_60_47_g1201/ZN                                          -       A1->ZN R     NAND2_X1       2  5.7    66    85   52910    (-,-) 
  u_IDCT/DRU/sub_60_47_g1200/ZN                                          -       A1->ZN F     NAND2_X1       1  2.8    28    56   52966    (-,-) 
  u_IDCT/DRU/sub_60_47_g1198/ZN                                          -       A1->ZN R     NAND2_X1       2  5.7    68    85   53052    (-,-) 
  u_IDCT/DRU/sub_60_47_g1197/ZN                                          -       A1->ZN F     NAND2_X1       1  2.8    28    56   53108    (-,-) 
  u_IDCT/DRU/sub_60_47_g1195/ZN                                          -       A1->ZN R     NAND2_X1       2  5.7    68    86   53194    (-,-) 
  u_IDCT/DRU/sub_60_47_g1194/ZN                                          -       A1->ZN F     NAND2_X1       1  2.8    28    56   53250    (-,-) 
  u_IDCT/DRU/sub_60_47_g1192/ZN                                          -       A1->ZN R     NAND2_X1       2  5.7    68    86   53336    (-,-) 
  u_IDCT/DRU/sub_60_47_g1191/ZN                                          -       A1->ZN F     NAND2_X1       1  2.8    28    56   53392    (-,-) 
  u_IDCT/DRU/sub_60_47_g1189/ZN                                          -       A1->ZN R     NAND2_X1       2  5.7    68    86   53478    (-,-) 
  u_IDCT/DRU/sub_60_47_g1188/ZN                                          -       A1->ZN F     NAND2_X1       1  2.8    28    56   53535    (-,-) 
  u_IDCT/DRU/sub_60_47_g1186/ZN                                          -       A1->ZN R     NAND2_X1       2  5.0    63    80   53614    (-,-) 
  u_IDCT/DRU/sub_60_47_g1185/ZN                                          -       A1->ZN R     AND2_X1        2  4.4    47   131   53746    (-,-) 
  u_IDCT/DRU/sub_60_47_g1182/ZN                                          -       B1->ZN F     AOI21_X1       2  5.4    35    66   53811    (-,-) 
  u_IDCT/DRU/sub_60_47_g1179/ZN                                          -       B1->ZN R     OAI21_X1       2  5.7   141   183   53995    (-,-) 
  u_IDCT/DRU/sub_60_47_g1177/ZN                                          -       A->ZN  F     XNOR2_X1       1  2.7    46    78   54073    (-,-) 
  u_IDCT/DRU/g2431/ZN                                                    -       A1->ZN R     AOI222_X1      1  2.9   216   251   54324    (-,-) 
  u_IDCT/DRU/g2414/ZN                                                    -       A->ZN  F     INV_X1         1  2.3    46    50   54374    (-,-) 
  u_IDCT/DRU/ToBDEG_reg[11]/D                                            -       -      F     SDFF_X1        1    -     -     0   54374    (-,-) 
#------------------------------------------------------------------------------------------------------------------------------------------------


