============================================================
  Generated by:           Genus(TM) Synthesis Solution 19.10-p002_1
  Generated on:           Jun 03 2020  11:47:17 am
  Module:                 CHIP
  Operating conditions:   slow 
  Interconnect mode:      global
  Area mode:              physical library
============================================================


Path 1: MET (34876 ps) Setup Check with Pin u_DCT/tposemem_Bisted_RF_2P_ADV64x16_BistCtrl_i0_S43_S5_reg[0]/CK->SI
           Mode: scan_mode
          Group: I2C_scan_mode
     Startpoint: (F) X[1]
          Clock: (R) CLK1
       Endpoint: (F) u_DCT/tposemem_Bisted_RF_2P_ADV64x16_BistCtrl_i0_S43_S5_reg[0]/SI
          Clock: (F) CLK1

                     Capture       Launch     
        Clock Edge:+   50000            0     
        Drv Adjust:+       0        10000     
       Src Latency:+       0            0     
       Net Latency:+    2000 (I)     2000 (I) 
           Arrival:=   52000        12000     
                                              
             Setup:-     309                  
       Uncertainty:-     500                  
     Required Time:=   51191                  
      Launch Clock:-   12000                  
       Input Delay:-    3000                  
         Data Path:-    1314                  
             Slack:=   34876                  

Exceptions/Constraints:
  input_delay             3000            CHIP_scan.sdc_line_11_41_1 

#--------------------------------------------------------------------------------------------------------------------------------------------
#                           Timing Point                            Flags    Arc   Edge   Cell     Fanout  Load Trans Delay Arrival Instance 
#                                                                                                          (fF)  (ps)  (ps)   (ps)  Location 
#--------------------------------------------------------------------------------------------------------------------------------------------
  X[1]                                                              -       -      F     (arrival)      1 100.0 10000     0   15000    (-,-) 
  ipad_X1/C                                                         (P)     PAD->C F     PADIN          2 103.9   123  1314   16314    (-,-) 
  u_DCT/tposemem_Bisted_RF_2P_ADV64x16_BistCtrl_i0_S43_S5_reg[0]/SI -       -      F     SDFF_X1        2     -     -     0   16314    (-,-) 
#--------------------------------------------------------------------------------------------------------------------------------------------

(P) : Instance is preserved



Path 2: MET (39721 ps) Setup Check with Pin u_IDCT/tposemem_Bisted_RF_2P_ADV64x16_RF_2P_ADV64x16_u0_SRAM_i0/CLKA->CLKB
           Mode: scan_mode
          Group: I2C_scan_mode
     Startpoint: (F) CLK
          Clock: (F) CLK1
       Endpoint: (R) u_IDCT/tposemem_Bisted_RF_2P_ADV64x16_RF_2P_ADV64x16_u0_SRAM_i0/CLKB
          Clock: (R) CLK1

                     Capture       Launch     
        Clock Edge:+  100000        50000     
        Drv Adjust:+       0        10000     
       Src Latency:+       0            0     
       Net Latency:+    2000 (I)        0 (I) 
           Arrival:=  102000        60000     
                                              
             Setup:-     564                  
       Uncertainty:-     500                  
     Required Time:=  100936                  
      Launch Clock:-   60000                  
       Input Delay:-       0                  
         Data Path:-    1215                  
             Slack:=   39721                  

Exceptions/Constraints:
  input_delay              0              create_clock_delay_domain_1_CLK1_F_0_1 

#-----------------------------------------------------------------------------------------------------------------------------------------------
#                            Timing Point                              Flags    Arc   Edge   Cell     Fanout  Load Trans Delay Arrival Instance 
#                                                                                                             (fF)  (ps)  (ps)   (ps)  Location 
#-----------------------------------------------------------------------------------------------------------------------------------------------
  CLK                                                                  -       -      F     (arrival)      1 100.0 10000     0   60000    (-,-) 
  ipad_CLK/C                                                           (i,P)   PAD->C F     PADIN        670   0.0     0  1200   61200    (-,-) 
  u_IDCT/g3872/ZN                                                      (i)     A->ZN  R     INV_X1         6   0.0     0    15   61215    (-,-) 
  u_IDCT/tposemem_Bisted_RF_2P_ADV64x16_RF_2P_ADV64x16_u0_SRAM_i0/CLKB (P)     -      R     rf_2p_hse      6     -     -     0   61215    (-,-) 
#-----------------------------------------------------------------------------------------------------------------------------------------------

(P) : Instance is preserved
(i) : Net is ideal.



Path 3: MET (39721 ps) Setup Check with Pin u_DCT/tposemem_Bisted_RF_2P_ADV64x16_RF_2P_ADV64x16_u0_SRAM_i0/CLKA->CLKB
           Mode: scan_mode
          Group: I2C_scan_mode
     Startpoint: (F) CLK
          Clock: (F) CLK1
       Endpoint: (R) u_DCT/tposemem_Bisted_RF_2P_ADV64x16_RF_2P_ADV64x16_u0_SRAM_i0/CLKB
          Clock: (R) CLK1

                     Capture       Launch     
        Clock Edge:+  100000        50000     
        Drv Adjust:+       0        10000     
       Src Latency:+       0            0     
       Net Latency:+    2000 (I)        0 (I) 
           Arrival:=  102000        60000     
                                              
             Setup:-     564                  
       Uncertainty:-     500                  
     Required Time:=  100936                  
      Launch Clock:-   60000                  
       Input Delay:-       0                  
         Data Path:-    1215                  
             Slack:=   39721                  

Exceptions/Constraints:
  input_delay              0              create_clock_delay_domain_1_CLK1_F_0_1 

#----------------------------------------------------------------------------------------------------------------------------------------------
#                            Timing Point                             Flags    Arc   Edge   Cell     Fanout  Load Trans Delay Arrival Instance 
#                                                                                                            (fF)  (ps)  (ps)   (ps)  Location 
#----------------------------------------------------------------------------------------------------------------------------------------------
  CLK                                                                 -       -      F     (arrival)      1 100.0 10000     0   60000    (-,-) 
  ipad_CLK/C                                                          (i,P)   PAD->C F     PADIN        670   0.0     0  1200   61200    (-,-) 
  u_DCT/g3872/ZN                                                      (i)     A->ZN  R     INV_X1         6   0.0     0    15   61215    (-,-) 
  u_DCT/tposemem_Bisted_RF_2P_ADV64x16_RF_2P_ADV64x16_u0_SRAM_i0/CLKB (P)     -      R     rf_2p_hse      6     -     -     0   61215    (-,-) 
#----------------------------------------------------------------------------------------------------------------------------------------------

(P) : Instance is preserved
(i) : Net is ideal.



Path 4: MET (39814 ps) Setup Check with Pin u_IDCT/tposemem_Bisted_RF_2P_ADV64x16_RF_2P_ADV64x16_u0_SRAM_i0/CLKB->CLKA
           Mode: scan_mode
          Group: I2C_scan_mode
     Startpoint: (R) CLK
          Clock: (R) CLK1
       Endpoint: (R) u_IDCT/tposemem_Bisted_RF_2P_ADV64x16_RF_2P_ADV64x16_u0_SRAM_i0/CLKA
          Clock: (F) CLK1

                     Capture       Launch     
        Clock Edge:+   50000            0     
        Drv Adjust:+       0        10000     
       Src Latency:+       0            0     
       Net Latency:+    2000 (I)        0 (I) 
           Arrival:=   52000        10000     
                                              
             Setup:-     486                  
       Uncertainty:-     500                  
     Required Time:=   51014                  
      Launch Clock:-   10000                  
       Input Delay:-       0                  
         Data Path:-    1200                  
             Slack:=   39814                  

Exceptions/Constraints:
  input_delay              0              create_clock_delay_domain_1_CLK1_R_0_1 

#-----------------------------------------------------------------------------------------------------------------------------------------------
#                            Timing Point                              Flags    Arc   Edge   Cell     Fanout  Load Trans Delay Arrival Instance 
#                                                                                                             (fF)  (ps)  (ps)   (ps)  Location 
#-----------------------------------------------------------------------------------------------------------------------------------------------
  CLK                                                                  -       -      R     (arrival)      1 100.0 10000     0   10000    (-,-) 
  ipad_CLK/C                                                           (i,P)   PAD->C R     PADIN        670   0.0     0  1200   11200    (-,-) 
  u_IDCT/tposemem_Bisted_RF_2P_ADV64x16_RF_2P_ADV64x16_u0_SRAM_i0/CLKA (P)     -      R     rf_2p_hse    670     -     -     0   11200    (-,-) 
#-----------------------------------------------------------------------------------------------------------------------------------------------

(P) : Instance is preserved
(i) : Net is ideal.



Path 5: MET (39814 ps) Setup Check with Pin u_DCT/tposemem_Bisted_RF_2P_ADV64x16_RF_2P_ADV64x16_u0_SRAM_i0/CLKB->CLKA
           Mode: scan_mode
          Group: I2C_scan_mode
     Startpoint: (R) CLK
          Clock: (R) CLK1
       Endpoint: (R) u_DCT/tposemem_Bisted_RF_2P_ADV64x16_RF_2P_ADV64x16_u0_SRAM_i0/CLKA
          Clock: (F) CLK1

                     Capture       Launch     
        Clock Edge:+   50000            0     
        Drv Adjust:+       0        10000     
       Src Latency:+       0            0     
       Net Latency:+    2000 (I)        0 (I) 
           Arrival:=   52000        10000     
                                              
             Setup:-     486                  
       Uncertainty:-     500                  
     Required Time:=   51014                  
      Launch Clock:-   10000                  
       Input Delay:-       0                  
         Data Path:-    1200                  
             Slack:=   39814                  

Exceptions/Constraints:
  input_delay              0              create_clock_delay_domain_1_CLK1_R_0_1 

#----------------------------------------------------------------------------------------------------------------------------------------------
#                            Timing Point                             Flags    Arc   Edge   Cell     Fanout  Load Trans Delay Arrival Instance 
#                                                                                                            (fF)  (ps)  (ps)   (ps)  Location 
#----------------------------------------------------------------------------------------------------------------------------------------------
  CLK                                                                 -       -      R     (arrival)      1 100.0 10000     0   10000    (-,-) 
  ipad_CLK/C                                                          (i,P)   PAD->C R     PADIN        670   0.0     0  1200   11200    (-,-) 
  u_DCT/tposemem_Bisted_RF_2P_ADV64x16_RF_2P_ADV64x16_u0_SRAM_i0/CLKA (P)     -      R     rf_2p_hse    670     -     -     0   11200    (-,-) 
#----------------------------------------------------------------------------------------------------------------------------------------------

(P) : Instance is preserved
(i) : Net is ideal.



Path 6: MET (44365 ps) Late External Delay Assertion at pin Z[1]
           Mode: scan_mode
          Group: C2O_scan_mode
     Startpoint: (R) u_IDCT/tposemem_Bisted_RF_2P_ADV64x16_BistCtrl_i0_ST_MAL_i0_S17_reg/CK
          Clock: (F) CLK1
       Endpoint: (R) Z[1]
          Clock: (R) CLK1

                     Capture       Launch     
        Clock Edge:+  100000        50000     
       Src Latency:+       0            0     
       Net Latency:+    2000 (I)     2000 (I) 
           Arrival:=  102000        52000     
                                              
      Output Delay:-    3000                  
       Uncertainty:-     500                  
     Required Time:=   98500                  
      Launch Clock:-   52000                  
         Data Path:-    2135                  
             Slack:=   44365                  

Exceptions/Constraints:
  output_delay             3000            CHIP_scan.sdc_line_12_55_1 

#-------------------------------------------------------------------------------------------------------------------------------------------------
#                             Timing Point                               Flags    Arc   Edge   Cell     Fanout  Load Trans Delay Arrival Instance 
#                                                                                                               (fF)  (ps)  (ps)   (ps)  Location 
#-------------------------------------------------------------------------------------------------------------------------------------------------
  u_IDCT/tposemem_Bisted_RF_2P_ADV64x16_BistCtrl_i0_ST_MAL_i0_S17_reg/CK -       -      R     (arrival)      6     -     0     -   52000    (-,-) 
  u_IDCT/tposemem_Bisted_RF_2P_ADV64x16_BistCtrl_i0_ST_MAL_i0_S17_reg/QN -       CK->QN R     SDFF_X1        1   2.8    38   320   52320    (-,-) 
  DFT_shared_out_mux_4/ZN                                                -       B1->ZN F     AOI22_X1       1   4.1    36    66   52386    (-,-) 
  DFT_shared_out_mux_2/ZN                                                -       A->ZN  R     INV_X2         1 101.3   419   465   52850    (-,-) 
  opad_Z1/PAD                                                            (P)     I->PAD R     PADOUT         1  20.0    38  1285   54135    (-,-) 
  Z[1]                                                                   -       -      R     (port)         -     -     -     0   54135    (-,-) 
#-------------------------------------------------------------------------------------------------------------------------------------------------

(P) : Instance is preserved



Path 7: MET (46000 ps) Setup Check with Pin u_DCT/tposemem_Bisted_RF_2P_ADV64x16_RF_2P_ADV64x16_u0_SRAM_i0/CLKB->DB[15]
           Mode: scan_mode
          Group: C2C_scan_mode
     Startpoint: (R) u_DCT/IDRU8/Count_reg[0]/CK
          Clock: (R) CLK1
       Endpoint: (R) u_DCT/tposemem_Bisted_RF_2P_ADV64x16_RF_2P_ADV64x16_u0_SRAM_i0/DB[15]
          Clock: (F) CLK1

                     Capture       Launch     
        Clock Edge:+   50000            0     
       Src Latency:+       0            0     
       Net Latency:+    2000 (I)     2000 (I) 
           Arrival:=   52000         2000     
                                              
             Setup:-     252                  
       Uncertainty:-     500                  
     Required Time:=   51248                  
      Launch Clock:-    2000                  
         Data Path:-    3248                  
             Slack:=   46000                  

#-----------------------------------------------------------------------------------------------------------------------------------------------
#                             Timing Point                              Flags    Arc   Edge   Cell     Fanout Load Trans Delay Arrival Instance 
#                                                                                                             (fF)  (ps)  (ps)   (ps)  Location 
#-----------------------------------------------------------------------------------------------------------------------------------------------
  u_DCT/IDRU8/Count_reg[0]/CK                                           -       -      R     (arrival)     23    -     0     -    2000    (-,-) 
  u_DCT/IDRU8/Count_reg[0]/Q                                            -       CK->Q  F     SDFF_X2        3 10.2    78   360    2360    (-,-) 
  u_DCT/IDRU8/g5849/ZN                                                  -       A->ZN  R     INV_X4         4 11.9    41    85    2444    (-,-) 
  u_DCT/IDRU8/g5847/ZN                                                  -       A->ZN  F     INV_X2         4 19.3    25    52    2497    (-,-) 
  u_DCT/IDRU8/g5815__7344/ZN                                            -       A1->ZN F     AND3_X2        3  9.5    26   114    2611    (-,-) 
  u_DCT/IDRU8/g5807/ZN                                                  -       A->ZN  R     INV_X2         1  7.4    39    62    2672    (-,-) 
  u_DCT/IDRU8/g5805/ZN                                                  -       A->ZN  F     INV_X4        30 64.4    36    66    2739    (-,-) 
  u_DCT/IDRU8/g5712__6083/ZN                                            -       A1->ZN R     AOI22_X1       1  2.9   114   145    2883    (-,-) 
  u_DCT/IDRU8/g5619__7118/ZN                                            -       A2->ZN F     NAND4_X1       4 10.2   113   199    3083    (-,-) 
  u_DCT/IDRU8/add_86_45_g743__8780/ZN                                   -       A1->ZN F     OR2_X1         2  4.8    38   235    3318    (-,-) 
  u_DCT/IDRU8/add_86_45_g686__1309/ZN                                   -       A2->ZN R     NAND2_X1       1  4.3    53    87    3405    (-,-) 
  u_DCT/IDRU8/add_86_45_g684__9682/ZN                                   -       A1->ZN F     NAND2_X2       3  7.6    28    58    3463    (-,-) 
  u_DCT/IDRU8/add_86_45_g680__4296/ZN                                   -       A1->ZN R     NAND3_X1       1  4.2    60    77    3540    (-,-) 
  u_DCT/IDRU8/add_86_45_g679__8780/ZN                                   -       A1->ZN F     NAND3_X2       2  5.5    37    72    3612    (-,-) 
  u_DCT/IDRU8/add_86_45_g677__1857/ZN                                   -       A1->ZN R     NAND2_X1       1  4.3    53    79    3691    (-,-) 
  u_DCT/IDRU8/add_86_45_g675__1840/ZN                                   -       A1->ZN F     NAND2_X2       2  5.5    24    52    3743    (-,-) 
  u_DCT/IDRU8/add_86_45_g674__7344/ZN                                   -       A1->ZN R     NAND2_X1       1  2.9    42    60    3802    (-,-) 
  u_DCT/IDRU8/add_86_45_g672__2703/ZN                                   -       A1->ZN F     NAND2_X1       2  4.8    30    58    3861    (-,-) 
  u_DCT/IDRU8/add_86_45_g671__6083/ZN                                   -       A1->ZN F     AND2_X1        3  6.2    28   119    3980    (-,-) 
  u_DCT/IDRU8/add_86_45_g669__5266/ZN                                   -       A1->ZN R     NAND2_X1       1  4.6    56    76    4056    (-,-) 
  u_DCT/IDRU8/add_86_45_g666__5953/ZN                                   -       A->ZN  F     OAI211_X2      2  6.8    71    97    4153    (-,-) 
  u_DCT/IDRU8/add_86_45_g664__8757/ZN                                   -       A1->ZN R     NAND2_X2       2  6.8    47    92    4244    (-,-) 
  u_DCT/IDRU8/add_86_45_g659__6877/ZN                                   -       B1->ZN F     OAI221_X2      3  7.4    77   100    4344    (-,-) 
  u_DCT/IDRU8/add_86_45_g654__1474/ZN                                   -       B1->ZN R     AOI21_X1       1  2.9   103   146    4491    (-,-) 
  u_DCT/IDRU8/add_86_45_g653__3772/ZN                                   -       B1->ZN F     OAI21_X1       1  3.9    46    80    4571    (-,-) 
  u_DCT/IDRU8/add_86_45_g651__8780/CO                                   -       CI->CO F     FA_X1          1  3.4    51   280    4850    (-,-) 
  u_DCT/IDRU8/add_86_45_g650__9906/ZN                                   -       A->ZN  R     XNOR2_X1       1  2.9    93   137    4987    (-,-) 
  u_DCT/IDRU8/g5247__6877/ZN                                            -       A1->ZN F     NAND2_X1       1  2.8    41    65    5052    (-,-) 
  u_DCT/IDRU8/g5122__7675/ZN                                            -       A1->ZN R     NAND2_X1       1  2.9    46    69    5121    (-,-) 
  u_DCT/g3865/ZN                                                        -       A->ZN  F     INV_X1         1  3.9    17    38    5159    (-,-) 
  u_DCT/g3765/ZN                                                        -       B1->ZN R     OAI21_X2       1  2.6    63    89    5248    (-,-) 
  u_DCT/tposemem_Bisted_RF_2P_ADV64x16_RF_2P_ADV64x16_u0_SRAM_i0/DB[15] (P)     -      R     rf_2p_hse      1    -     -     0    5248    (-,-) 
#-----------------------------------------------------------------------------------------------------------------------------------------------

(P) : Instance is preserved



Path 8: MET (46001 ps) Setup Check with Pin u_DCT/tposemem_Bisted_RF_2P_ADV64x16_RF_2P_ADV64x16_u0_SRAM_i0/CLKB->DB[14]
           Mode: scan_mode
          Group: C2C_scan_mode
     Startpoint: (R) u_DCT/IDRU8/Count_reg[0]/CK
          Clock: (R) CLK1
       Endpoint: (F) u_DCT/tposemem_Bisted_RF_2P_ADV64x16_RF_2P_ADV64x16_u0_SRAM_i0/DB[14]
          Clock: (F) CLK1

                     Capture       Launch     
        Clock Edge:+   50000            0     
       Src Latency:+       0            0     
       Net Latency:+    2000 (I)     2000 (I) 
           Arrival:=   52000         2000     
                                              
             Setup:-     236                  
       Uncertainty:-     500                  
     Required Time:=   51264                  
      Launch Clock:-    2000                  
         Data Path:-    3263                  
             Slack:=   46001                  

#-----------------------------------------------------------------------------------------------------------------------------------------------
#                             Timing Point                              Flags    Arc   Edge   Cell     Fanout Load Trans Delay Arrival Instance 
#                                                                                                             (fF)  (ps)  (ps)   (ps)  Location 
#-----------------------------------------------------------------------------------------------------------------------------------------------
  u_DCT/IDRU8/Count_reg[0]/CK                                           -       -      R     (arrival)     23    -     0     -    2000    (-,-) 
  u_DCT/IDRU8/Count_reg[0]/Q                                            -       CK->Q  F     SDFF_X2        3 10.2    78   360    2360    (-,-) 
  u_DCT/IDRU8/g5849/ZN                                                  -       A->ZN  R     INV_X4         4 11.9    41    85    2444    (-,-) 
  u_DCT/IDRU8/g5834__1840/ZN                                            -       A2->ZN R     AND2_X2        7 18.8    87   164    2608    (-,-) 
  u_DCT/IDRU8/g5833/ZN                                                  -       A->ZN  F     INV_X2         7 14.5    32    65    2673    (-,-) 
  u_DCT/IDRU8/g5728__4547/ZN                                            -       B1->ZN R     OAI22_X1       1  2.9   128   169    2842    (-,-) 
  u_DCT/IDRU8/g5872/ZN                                                  -       A->ZN  F     AOI21_X1       1  2.8    38    70    2912    (-,-) 
  u_DCT/IDRU8/g2/ZN                                                     -       A1->ZN R     NAND2_X1       2  6.8    74   100    3013    (-,-) 
  u_DCT/IDRU8/add_86_45_g704__5019/ZN                                   -       A->ZN  F     OAI211_X2      1  4.1    48    94    3107    (-,-) 
  u_DCT/IDRU8/add_86_45_g694__5953/ZN                                   -       A1->ZN R     NAND2_X2       2  5.7    42    73    3180    (-,-) 
  u_DCT/IDRU8/add_86_45_g691__7118/ZN                                   -       A1->ZN F     NAND2_X1       1  4.1    26    55    3235    (-,-) 
  u_DCT/IDRU8/add_86_45_g688__2900/ZN                                   -       A1->ZN R     NAND2_X2       2  5.7    42    60    3295    (-,-) 
  u_DCT/IDRU8/add_86_45_g686__1309/ZN                                   -       A1->ZN F     NAND2_X1       1  4.1    26    55    3350    (-,-) 
  u_DCT/IDRU8/add_86_45_g684__9682/ZN                                   -       A1->ZN R     NAND2_X2       3  7.9    51    70    3420    (-,-) 
  u_DCT/IDRU8/add_86_45_g680__4296/ZN                                   -       A1->ZN F     NAND3_X1       1  4.1    43    77    3497    (-,-) 
  u_DCT/IDRU8/add_86_45_g679__8780/ZN                                   -       A1->ZN R     NAND3_X2       2  5.7    52    76    3573    (-,-) 
  u_DCT/IDRU8/add_86_45_g677__1857/ZN                                   -       A1->ZN F     NAND2_X1       1  4.1    28    59    3631    (-,-) 
  u_DCT/IDRU8/add_86_45_g675__1840/ZN                                   -       A1->ZN R     NAND2_X2       2  5.7    44    62    3693    (-,-) 
  u_DCT/IDRU8/add_86_45_g674__7344/ZN                                   -       A1->ZN F     NAND2_X1       1  2.8    22    49    3742    (-,-) 
  u_DCT/IDRU8/add_86_45_g672__2703/ZN                                   -       A1->ZN R     NAND2_X1       2  5.0    61    76    3818    (-,-) 
  u_DCT/IDRU8/add_86_45_g671__6083/ZN                                   -       A1->ZN R     AND2_X1        3  6.6    64   150    3968    (-,-) 
  u_DCT/IDRU8/add_86_45_g669__5266/ZN                                   -       A1->ZN F     NAND2_X1       1  4.3    38    65    4033    (-,-) 
  u_DCT/IDRU8/add_86_45_g666__5953/ZN                                   -       A->ZN  R     OAI211_X2      2  7.1   114    97    4130    (-,-) 
  u_DCT/IDRU8/add_86_45_g664__8757/ZN                                   -       A1->ZN F     NAND2_X2       2  6.3    40    73    4203    (-,-) 
  u_DCT/IDRU8/add_86_45_g659__6877/ZN                                   -       B1->ZN R     OAI221_X2      3  7.9   172   228    4431    (-,-) 
  u_DCT/IDRU8/add_86_45_g654__1474/ZN                                   -       B1->ZN F     AOI21_X1       1  2.7    52    83    4514    (-,-) 
  u_DCT/IDRU8/add_86_45_g653__3772/ZN                                   -       B1->ZN R     OAI21_X1       1  4.0   111   158    4672    (-,-) 
  u_DCT/IDRU8/add_86_45_g651__8780/S                                    -       CI->S  F     FA_X1          1  2.8    57   344    5016    (-,-) 
  u_DCT/IDRU8/g5266__1857/ZN                                            -       A1->ZN R     NAND2_X1       1  2.9    48    78    5095    (-,-) 
  u_DCT/IDRU8/g5123__7118/ZN                                            -       A1->ZN F     NAND2_X1       1  2.8    40    50    5145    (-,-) 
  u_DCT/g3864/ZN                                                        -       A->ZN  R     INV_X1         1  4.3    43    75    5220    (-,-) 
  u_DCT/g3745/ZN                                                        -       B1->ZN F     OAI21_X2       1  2.6    26    43    5263    (-,-) 
  u_DCT/tposemem_Bisted_RF_2P_ADV64x16_RF_2P_ADV64x16_u0_SRAM_i0/DB[14] (P)     -      F     rf_2p_hse      1    -     -     0    5263    (-,-) 
#-----------------------------------------------------------------------------------------------------------------------------------------------

(P) : Instance is preserved



Path 9: MET (46002 ps) Setup Check with Pin u_IDCT/tposemem_Bisted_RF_2P_ADV64x16_RF_2P_ADV64x16_u0_SRAM_i0/CLKB->DB[15]
           Mode: scan_mode
          Group: C2C_scan_mode
     Startpoint: (R) u_IDCT/IDRU8/Count_reg[0]/CK
          Clock: (R) CLK1
       Endpoint: (R) u_IDCT/tposemem_Bisted_RF_2P_ADV64x16_RF_2P_ADV64x16_u0_SRAM_i0/DB[15]
          Clock: (F) CLK1

                     Capture       Launch     
        Clock Edge:+   50000            0     
       Src Latency:+       0            0     
       Net Latency:+    2000 (I)     2000 (I) 
           Arrival:=   52000         2000     
                                              
             Setup:-     263                  
       Uncertainty:-     500                  
     Required Time:=   51237                  
      Launch Clock:-    2000                  
         Data Path:-    3235                  
             Slack:=   46002                  

#------------------------------------------------------------------------------------------------------------------------------------------------
#                             Timing Point                               Flags    Arc   Edge   Cell     Fanout Load Trans Delay Arrival Instance 
#                                                                                                              (fF)  (ps)  (ps)   (ps)  Location 
#------------------------------------------------------------------------------------------------------------------------------------------------
  u_IDCT/IDRU8/Count_reg[0]/CK                                           -       -      R     (arrival)     23    -     0     -    2000    (-,-) 
  u_IDCT/IDRU8/Count_reg[0]/Q                                            -       CK->Q  F     SDFF_X1        4 15.6    73   303    2303    (-,-) 
  u_IDCT/IDRU8/g5740/ZN                                                  -       A->ZN  R     INV_X4         3 20.5    55   102    2405    (-,-) 
  u_IDCT/IDRU8/g5725/ZN                                                  -       A2->ZN F     NAND2_X4       4 18.0    31    64    2469    (-,-) 
  u_IDCT/IDRU8/g5723/ZN                                                  -       A->ZN  R     INV_X8        19 42.7    52    79    2548    (-,-) 
  u_IDCT/IDRU8/g5762/ZN                                                  -       A1->ZN R     AND2_X4       18 40.7    93   172    2720    (-,-) 
  u_IDCT/IDRU8/g5700/ZN                                                  -       A1->ZN F     NAND2_X1       1  2.1    32    59    2779    (-,-) 
  u_IDCT/IDRU8/g5609/ZN                                                  -       A1->ZN F     AND3_X1        1  2.8    22   115    2894    (-,-) 
  u_IDCT/IDRU8/g5576/ZN                                                  -       A1->ZN R     NAND3_X1       4  8.2    93   108    3002    (-,-) 
  u_IDCT/IDRU8/add_86_45_g754/ZN                                         -       A2->ZN R     OR2_X1         2  5.1    52   130    3133    (-,-) 
  u_IDCT/IDRU8/add_86_45_g694/ZN                                         -       A2->ZN F     NAND2_X1       1  4.1    26    60    3193    (-,-) 
  u_IDCT/IDRU8/add_86_45_g692/ZN                                         -       A1->ZN R     NAND2_X2       2  5.7    43    60    3254    (-,-) 
  u_IDCT/IDRU8/add_86_45_g689/ZN                                         -       A1->ZN F     NAND2_X1       1  4.1    26    55    3309    (-,-) 
  u_IDCT/IDRU8/add_86_45_g687/ZN                                         -       A1->ZN R     NAND2_X2       3  7.9    52    70    3379    (-,-) 
  u_IDCT/IDRU8/add_86_45_g683/ZN                                         -       A1->ZN F     NAND3_X1       1  2.8    35    67    3446    (-,-) 
  u_IDCT/IDRU8/add_86_45_g682/ZN                                         -       A1->ZN R     NAND2_X1       2  5.7    65    90    3536    (-,-) 
  u_IDCT/IDRU8/add_86_45_g680/ZN                                         -       A1->ZN F     NAND2_X1       1  2.8    27    56    3591    (-,-) 
  u_IDCT/IDRU8/add_86_45_g678/ZN                                         -       A1->ZN R     NAND2_X1       2  5.7    65    85    3676    (-,-) 
  u_IDCT/IDRU8/add_86_45_g677/ZN                                         -       A1->ZN F     NAND2_X1       1  2.8    27    56    3732    (-,-) 
  u_IDCT/IDRU8/add_86_45_g675/ZN                                         -       A1->ZN R     NAND2_X1       2  5.0    61    79    3811    (-,-) 
  u_IDCT/IDRU8/add_86_45_g674/ZN                                         -       A1->ZN R     AND2_X1        3  6.6    64   150    3961    (-,-) 
  u_IDCT/IDRU8/add_86_45_g672/ZN                                         -       A1->ZN F     NAND2_X1       1  4.1    37    64    4024    (-,-) 
  u_IDCT/IDRU8/add_86_45_g669/ZN                                         -       B->ZN  R     OAI211_X2      2  5.7   102    98    4122    (-,-) 
  u_IDCT/IDRU8/add_86_45_g667/ZN                                         -       A1->ZN F     NAND2_X1       2  4.8    42    83    4205    (-,-) 
  u_IDCT/IDRU8/add_86_45_g663/ZN                                         -       A1->ZN R     NOR2_X1        2  6.6   146   191    4396    (-,-) 
  u_IDCT/IDRU8/add_86_45_g660/ZN                                         -       A1->ZN F     NOR2_X2        1  2.7    35    41    4437    (-,-) 
  u_IDCT/IDRU8/add_86_45_g657/ZN                                         -       B1->ZN R     OAI21_X1       1  2.9    92   128    4565    (-,-) 
  u_IDCT/IDRU8/add_86_45_g654/ZN                                         -       B1->ZN F     AOI21_X1       2  5.4    42    86    4651    (-,-) 
  u_IDCT/IDRU8/add_86_45_g651/ZN                                         -       B1->ZN R     OAI21_X1       1  3.5   102   143    4794    (-,-) 
  u_IDCT/IDRU8/add_86_45_g650/ZN                                         -       A->ZN  R     XNOR2_X1       1  2.9    93   156    4950    (-,-) 
  u_IDCT/IDRU8/g5069/ZN                                                  -       C1->ZN F     AOI221_X1      1  2.8    54    72    5023    (-,-) 
  u_IDCT/IDRU8/g5067/ZN                                                  -       A->ZN  R     INV_X1         1  2.9    35    70    5093    (-,-) 
  u_IDCT/g3865/ZN                                                        -       A->ZN  F     INV_X1         1  2.7    13    29    5122    (-,-) 
  u_IDCT/g3766/ZN                                                        -       B1->ZN R     OAI21_X1       1  2.6    86   113    5235    (-,-) 
  u_IDCT/tposemem_Bisted_RF_2P_ADV64x16_RF_2P_ADV64x16_u0_SRAM_i0/DB[15] (P)     -      R     rf_2p_hse      1    -     -     0    5235    (-,-) 
#------------------------------------------------------------------------------------------------------------------------------------------------

(P) : Instance is preserved



Path 10: MET (46002 ps) Setup Check with Pin u_IDCT/tposemem_Bisted_RF_2P_ADV64x16_RF_2P_ADV64x16_u0_SRAM_i0/CLKB->DB[13]
           Mode: scan_mode
          Group: C2C_scan_mode
     Startpoint: (R) d_DoDCT_reg/CK
          Clock: (R) CLK1
       Endpoint: (F) u_IDCT/tposemem_Bisted_RF_2P_ADV64x16_RF_2P_ADV64x16_u0_SRAM_i0/DB[13]
          Clock: (F) CLK1

                     Capture       Launch     
        Clock Edge:+   50000            0     
       Src Latency:+       0            0     
       Net Latency:+    2000 (I)     2000 (I) 
           Arrival:=   52000         2000     
                                              
             Setup:-     238                  
       Uncertainty:-     500                  
     Required Time:=   51262                  
      Launch Clock:-    2000                  
         Data Path:-    3260                  
             Slack:=   46002                  

#------------------------------------------------------------------------------------------------------------------------------------------------
#                             Timing Point                               Flags    Arc   Edge   Cell     Fanout Load Trans Delay Arrival Instance 
#                                                                                                              (fF)  (ps)  (ps)   (ps)  Location 
#------------------------------------------------------------------------------------------------------------------------------------------------
  d_DoDCT_reg/CK                                                         -       -      R     (arrival)    670    -     0     -    2000    (-,-) 
  d_DoDCT_reg/Q                                                          -       CK->Q  F     SDFF_X1        1  4.1    48   242    2242    (-,-) 
  g546/Z                                                                 -       A->Z   F     BUF_X4        11 36.6    30   122    2363    (-,-) 
  g375/ZN                                                                -       A->ZN  R     INV_X8         7 25.1    35    60    2423    (-,-) 
  u_IDCT/IDRU8/g5749/ZN                                                  -       A->ZN  F     INV_X4         4 18.7    16    35    2459    (-,-) 
  u_IDCT/IDRU8/g5721/ZN                                                  -       A3->ZN R     NAND3_X4       2 11.0    50    73    2532    (-,-) 
  u_IDCT/IDRU8/g5715/ZN                                                  -       A->ZN  F     INV_X4        18 37.6    26    56    2588    (-,-) 
  u_IDCT/IDRU8/g5682/ZN                                                  -       A1->ZN R     AOI22_X1       1  2.2   101   127    2714    (-,-) 
  u_IDCT/IDRU8/g5612/ZN                                                  -       A1->ZN R     AND2_X1        1  2.9    37   136    2850    (-,-) 
  u_IDCT/IDRU8/g5573/ZN                                                  -       A2->ZN F     NAND3_X1       4 10.4    85   124    2974    (-,-) 
  u_IDCT/IDRU8/add_86_45_g754/ZN                                         -       A1->ZN F     OR2_X1         2  4.8    38   220    3193    (-,-) 
  u_IDCT/IDRU8/add_86_45_g694/ZN                                         -       A2->ZN R     NAND2_X1       1  4.3    53    87    3280    (-,-) 
  u_IDCT/IDRU8/add_86_45_g692/ZN                                         -       A1->ZN F     NAND2_X2       2  5.5    24    52    3332    (-,-) 
  u_IDCT/IDRU8/add_86_45_g689/ZN                                         -       A1->ZN R     NAND2_X1       1  4.3    53    72    3404    (-,-) 
  u_IDCT/IDRU8/add_86_45_g687/ZN                                         -       A1->ZN F     NAND2_X2       3  7.6    28    58    3462    (-,-) 
  u_IDCT/IDRU8/add_86_45_g683/ZN                                         -       A1->ZN R     NAND3_X1       1  2.9    50    66    3528    (-,-) 
  u_IDCT/IDRU8/add_86_45_g682/ZN                                         -       A1->ZN F     NAND2_X1       2  5.5    37    65    3593    (-,-) 
  u_IDCT/IDRU8/add_86_45_g680/ZN                                         -       A1->ZN R     NAND2_X1       1  2.9    42    67    3660    (-,-) 
  u_IDCT/IDRU8/add_86_45_g678/ZN                                         -       A1->ZN F     NAND2_X1       2  5.5    33    62    3721    (-,-) 
  u_IDCT/IDRU8/add_86_45_g677/ZN                                         -       A1->ZN R     NAND2_X1       1  2.9    42    64    3785    (-,-) 
  u_IDCT/IDRU8/add_86_45_g675/ZN                                         -       A1->ZN F     NAND2_X1       2  4.8    30    58    3844    (-,-) 
  u_IDCT/IDRU8/add_86_45_g674/ZN                                         -       A1->ZN F     AND2_X1        3  6.2    28   119    3963    (-,-) 
  u_IDCT/IDRU8/add_86_45_g672/ZN                                         -       A1->ZN R     NAND2_X1       1  4.4    54    74    4037    (-,-) 
  u_IDCT/IDRU8/add_86_45_g669/ZN                                         -       B->ZN  F     OAI211_X2      2  5.5    68    91    4128    (-,-) 
  u_IDCT/IDRU8/add_86_45_g667/ZN                                         -       A1->ZN R     NAND2_X1       2  5.1    60   104    4232    (-,-) 
  u_IDCT/IDRU8/add_86_45_g663/ZN                                         -       A1->ZN F     NOR2_X1        2  5.9    46    51    4283    (-,-) 
  u_IDCT/IDRU8/add_86_45_g661/ZN                                         -       A1->ZN R     NOR2_X1        2  5.7   130   175    4458    (-,-) 
  u_IDCT/IDRU8/add_86_45_g655/ZN                                         -       B1->ZN F     OAI21_X1       1  3.4    52    82    4540    (-,-) 
  u_IDCT/IDRU8/add_86_45_g653/ZN                                         -       A->ZN  F     XNOR2_X1       1  2.2    36   139    4679    (-,-) 
  u_IDCT/IDRU8/g5182/Z                                                   -       A->Z   F     MUX2_X1        2  3.7    40   242    4922    (-,-) 
  u_IDCT/IDRU8/g5059/Z                                                   -       A->Z   F     MUX2_X1        1  4.1    40   247    5169    (-,-) 
  u_IDCT/g3861/ZN                                                        -       A->ZN  R     INV_X2         1  2.9    24    51    5220    (-,-) 
  u_IDCT/g3746/ZN                                                        -       B1->ZN F     OAI21_X1       1  2.6    30    40    5260    (-,-) 
  u_IDCT/tposemem_Bisted_RF_2P_ADV64x16_RF_2P_ADV64x16_u0_SRAM_i0/DB[13] (P)     -      F     rf_2p_hse      1    -     -     0    5260    (-,-) 
#------------------------------------------------------------------------------------------------------------------------------------------------

(P) : Instance is preserved



Path 11: MET (46011 ps) Setup Check with Pin u_DCT/tposemem_Bisted_RF_2P_ADV64x16_RF_2P_ADV64x16_u0_SRAM_i0/CLKB->DB[13]
           Mode: scan_mode
          Group: C2C_scan_mode
     Startpoint: (R) u_DCT/IDRU8/Count_reg[0]/CK
          Clock: (R) CLK1
       Endpoint: (F) u_DCT/tposemem_Bisted_RF_2P_ADV64x16_RF_2P_ADV64x16_u0_SRAM_i0/DB[13]
          Clock: (F) CLK1

                     Capture       Launch     
        Clock Edge:+   50000            0     
       Src Latency:+       0            0     
       Net Latency:+    2000 (I)     2000 (I) 
           Arrival:=   52000         2000     
                                              
             Setup:-     238                  
       Uncertainty:-     500                  
     Required Time:=   51262                  
      Launch Clock:-    2000                  
         Data Path:-    3251                  
             Slack:=   46011                  

#-----------------------------------------------------------------------------------------------------------------------------------------------
#                             Timing Point                              Flags    Arc   Edge   Cell     Fanout Load Trans Delay Arrival Instance 
#                                                                                                             (fF)  (ps)  (ps)   (ps)  Location 
#-----------------------------------------------------------------------------------------------------------------------------------------------
  u_DCT/IDRU8/Count_reg[0]/CK                                           -       -      R     (arrival)     23    -     0     -    2000    (-,-) 
  u_DCT/IDRU8/Count_reg[0]/Q                                            -       CK->Q  F     SDFF_X2        3 10.2    78   360    2360    (-,-) 
  u_DCT/IDRU8/g5849/ZN                                                  -       A->ZN  R     INV_X4         4 11.9    41    85    2444    (-,-) 
  u_DCT/IDRU8/g5834__1840/ZN                                            -       A2->ZN R     AND2_X2        7 18.8    87   164    2608    (-,-) 
  u_DCT/IDRU8/g5833/ZN                                                  -       A->ZN  F     INV_X2         7 14.5    32    65    2673    (-,-) 
  u_DCT/IDRU8/g5728__4547/ZN                                            -       B1->ZN R     OAI22_X1       1  2.9   128   169    2842    (-,-) 
  u_DCT/IDRU8/g5872/ZN                                                  -       A->ZN  F     AOI21_X1       1  2.8    38    70    2912    (-,-) 
  u_DCT/IDRU8/g2/ZN                                                     -       A1->ZN R     NAND2_X1       2  6.8    74   100    3013    (-,-) 
  u_DCT/IDRU8/add_86_45_g704__5019/ZN                                   -       A->ZN  F     OAI211_X2      1  4.1    48    94    3107    (-,-) 
  u_DCT/IDRU8/add_86_45_g694__5953/ZN                                   -       A1->ZN R     NAND2_X2       2  5.7    42    73    3180    (-,-) 
  u_DCT/IDRU8/add_86_45_g691__7118/ZN                                   -       A1->ZN F     NAND2_X1       1  4.1    26    55    3235    (-,-) 
  u_DCT/IDRU8/add_86_45_g688__2900/ZN                                   -       A1->ZN R     NAND2_X2       2  5.7    42    60    3295    (-,-) 
  u_DCT/IDRU8/add_86_45_g686__1309/ZN                                   -       A1->ZN F     NAND2_X1       1  4.1    26    55    3350    (-,-) 
  u_DCT/IDRU8/add_86_45_g684__9682/ZN                                   -       A1->ZN R     NAND2_X2       3  7.9    51    70    3420    (-,-) 
  u_DCT/IDRU8/add_86_45_g680__4296/ZN                                   -       A1->ZN F     NAND3_X1       1  4.1    43    77    3497    (-,-) 
  u_DCT/IDRU8/add_86_45_g679__8780/ZN                                   -       A1->ZN R     NAND3_X2       2  5.7    52    76    3573    (-,-) 
  u_DCT/IDRU8/add_86_45_g677__1857/ZN                                   -       A1->ZN F     NAND2_X1       1  4.1    28    59    3631    (-,-) 
  u_DCT/IDRU8/add_86_45_g675__1840/ZN                                   -       A1->ZN R     NAND2_X2       2  5.7    44    62    3693    (-,-) 
  u_DCT/IDRU8/add_86_45_g674__7344/ZN                                   -       A1->ZN F     NAND2_X1       1  2.8    22    49    3742    (-,-) 
  u_DCT/IDRU8/add_86_45_g672__2703/ZN                                   -       A1->ZN R     NAND2_X1       2  5.0    61    76    3818    (-,-) 
  u_DCT/IDRU8/add_86_45_g671__6083/ZN                                   -       A1->ZN R     AND2_X1        3  6.6    64   150    3968    (-,-) 
  u_DCT/IDRU8/add_86_45_g669__5266/ZN                                   -       A1->ZN F     NAND2_X1       1  4.3    38    65    4033    (-,-) 
  u_DCT/IDRU8/add_86_45_g666__5953/ZN                                   -       A->ZN  R     OAI211_X2      2  7.1   114    97    4130    (-,-) 
  u_DCT/IDRU8/add_86_45_g664__8757/ZN                                   -       A1->ZN F     NAND2_X2       2  6.3    40    73    4203    (-,-) 
  u_DCT/IDRU8/add_86_45_g659__6877/ZN                                   -       B1->ZN R     OAI221_X2      3  7.9   172   228    4431    (-,-) 
  u_DCT/IDRU8/add_86_45_g655__4547/ZN                                   -       B1->ZN F     AOI21_X1       1  3.4    54    91    4522    (-,-) 
  u_DCT/IDRU8/add_86_45_g652__4296/ZN                                   -       A->ZN  F     XNOR2_X1       1  2.2    38   141    4663    (-,-) 
  u_DCT/IDRU8/g5271__1474/Z                                             -       A->Z   F     MUX2_X1        2  3.7    40   244    4907    (-,-) 
  u_DCT/IDRU8/g5121__2391/Z                                             -       A->Z   F     MUX2_X1        1  2.8    37   238    5145    (-,-) 
  u_DCT/g3861/ZN                                                        -       A->ZN  R     INV_X1         1  2.9    33    61    5206    (-,-) 
  u_DCT/g3746/ZN                                                        -       B1->ZN F     OAI21_X1       1  2.6    30    45    5250    (-,-) 
  u_DCT/tposemem_Bisted_RF_2P_ADV64x16_RF_2P_ADV64x16_u0_SRAM_i0/DB[13] (P)     -      F     rf_2p_hse      1    -     -     0    5251    (-,-) 
#-----------------------------------------------------------------------------------------------------------------------------------------------

(P) : Instance is preserved



Path 12: MET (46066 ps) Setup Check with Pin u_IDCT/tposemem_Bisted_RF_2P_ADV64x16_RF_2P_ADV64x16_u0_SRAM_i0/CLKB->DB[12]
           Mode: scan_mode
          Group: C2C_scan_mode
     Startpoint: (R) u_IDCT/IDRU8/Count_reg[0]/CK
          Clock: (R) CLK1
       Endpoint: (F) u_IDCT/tposemem_Bisted_RF_2P_ADV64x16_RF_2P_ADV64x16_u0_SRAM_i0/DB[12]
          Clock: (F) CLK1

                     Capture       Launch     
        Clock Edge:+   50000            0     
       Src Latency:+       0            0     
       Net Latency:+    2000 (I)     2000 (I) 
           Arrival:=   52000         2000     
                                              
             Setup:-     238                  
       Uncertainty:-     500                  
     Required Time:=   51262                  
      Launch Clock:-    2000                  
         Data Path:-    3196                  
             Slack:=   46066                  

#------------------------------------------------------------------------------------------------------------------------------------------------
#                             Timing Point                               Flags    Arc   Edge   Cell     Fanout Load Trans Delay Arrival Instance 
#                                                                                                              (fF)  (ps)  (ps)   (ps)  Location 
#------------------------------------------------------------------------------------------------------------------------------------------------
  u_IDCT/IDRU8/Count_reg[0]/CK                                           -       -      R     (arrival)     23    -     0     -    2000    (-,-) 
  u_IDCT/IDRU8/Count_reg[0]/Q                                            -       CK->Q  F     SDFF_X1        4 15.6    73   303    2303    (-,-) 
  u_IDCT/IDRU8/g5740/ZN                                                  -       A->ZN  R     INV_X4         3 20.5    55   102    2405    (-,-) 
  u_IDCT/IDRU8/g5725/ZN                                                  -       A2->ZN F     NAND2_X4       4 18.0    31    64    2469    (-,-) 
  u_IDCT/IDRU8/g5723/ZN                                                  -       A->ZN  R     INV_X8        19 42.7    52    79    2548    (-,-) 
  u_IDCT/IDRU8/g5762/ZN                                                  -       A1->ZN R     AND2_X4       18 40.7    93   172    2720    (-,-) 
  u_IDCT/IDRU8/g5700/ZN                                                  -       A1->ZN F     NAND2_X1       1  2.1    32    59    2779    (-,-) 
  u_IDCT/IDRU8/g5609/ZN                                                  -       A1->ZN F     AND3_X1        1  2.8    22   115    2894    (-,-) 
  u_IDCT/IDRU8/g5576/ZN                                                  -       A1->ZN R     NAND3_X1       4  8.2    93   108    3002    (-,-) 
  u_IDCT/IDRU8/add_86_45_g754/ZN                                         -       A2->ZN R     OR2_X1         2  5.1    52   130    3133    (-,-) 
  u_IDCT/IDRU8/add_86_45_g694/ZN                                         -       A2->ZN F     NAND2_X1       1  4.1    26    60    3193    (-,-) 
  u_IDCT/IDRU8/add_86_45_g692/ZN                                         -       A1->ZN R     NAND2_X2       2  5.7    43    60    3254    (-,-) 
  u_IDCT/IDRU8/add_86_45_g689/ZN                                         -       A1->ZN F     NAND2_X1       1  4.1    26    55    3309    (-,-) 
  u_IDCT/IDRU8/add_86_45_g687/ZN                                         -       A1->ZN R     NAND2_X2       3  7.9    52    70    3379    (-,-) 
  u_IDCT/IDRU8/add_86_45_g683/ZN                                         -       A1->ZN F     NAND3_X1       1  2.8    35    67    3446    (-,-) 
  u_IDCT/IDRU8/add_86_45_g682/ZN                                         -       A1->ZN R     NAND2_X1       2  5.7    65    90    3536    (-,-) 
  u_IDCT/IDRU8/add_86_45_g680/ZN                                         -       A1->ZN F     NAND2_X1       1  2.8    27    56    3591    (-,-) 
  u_IDCT/IDRU8/add_86_45_g678/ZN                                         -       A1->ZN R     NAND2_X1       2  5.7    65    85    3676    (-,-) 
  u_IDCT/IDRU8/add_86_45_g677/ZN                                         -       A1->ZN F     NAND2_X1       1  2.8    27    56    3732    (-,-) 
  u_IDCT/IDRU8/add_86_45_g675/ZN                                         -       A1->ZN R     NAND2_X1       2  5.0    61    79    3811    (-,-) 
  u_IDCT/IDRU8/add_86_45_g674/ZN                                         -       A1->ZN R     AND2_X1        3  6.6    64   150    3961    (-,-) 
  u_IDCT/IDRU8/add_86_45_g672/ZN                                         -       A1->ZN F     NAND2_X1       1  4.1    37    64    4024    (-,-) 
  u_IDCT/IDRU8/add_86_45_g669/ZN                                         -       B->ZN  R     OAI211_X2      2  5.7   102    98    4122    (-,-) 
  u_IDCT/IDRU8/add_86_45_g667/ZN                                         -       A1->ZN F     NAND2_X1       2  4.8    42    83    4205    (-,-) 
  u_IDCT/IDRU8/add_86_45_g663/ZN                                         -       A1->ZN R     NOR2_X1        2  6.6   146   191    4396    (-,-) 
  u_IDCT/IDRU8/add_86_45_g661/ZN                                         -       A1->ZN F     NOR2_X1        2  5.4    45    72    4468    (-,-) 
  u_IDCT/IDRU8/add_86_45_g656/ZN                                         -       A->ZN  F     XNOR2_X1       1  2.2    41   135    4602    (-,-) 
  u_IDCT/IDRU8/g5181/Z                                                   -       A->Z   F     MUX2_X1        2  4.3    41   249    4852    (-,-) 
  u_IDCT/IDRU8/g5052/Z                                                   -       A->Z   F     MUX2_X1        1  2.8    37   239    5090    (-,-) 
  u_IDCT/g3863/ZN                                                        -       A->ZN  R     INV_X1         1  2.9    33    61    5152    (-,-) 
  u_IDCT/g3732/ZN                                                        -       B1->ZN F     OAI21_X1       1  2.6    30    45    5196    (-,-) 
  u_IDCT/tposemem_Bisted_RF_2P_ADV64x16_RF_2P_ADV64x16_u0_SRAM_i0/DB[12] (P)     -      F     rf_2p_hse      1    -     -     0    5196    (-,-) 
#------------------------------------------------------------------------------------------------------------------------------------------------

(P) : Instance is preserved



Path 13: MET (46082 ps) Setup Check with Pin u_IDCT/tposemem_Bisted_RF_2P_ADV64x16_RF_2P_ADV64x16_u0_SRAM_i0/CLKB->DB[14]
           Mode: scan_mode
          Group: C2C_scan_mode
     Startpoint: (R) u_IDCT/IDRU8/Count_reg[0]/CK
          Clock: (R) CLK1
       Endpoint: (F) u_IDCT/tposemem_Bisted_RF_2P_ADV64x16_RF_2P_ADV64x16_u0_SRAM_i0/DB[14]
          Clock: (F) CLK1

                     Capture       Launch     
        Clock Edge:+   50000            0     
       Src Latency:+       0            0     
       Net Latency:+    2000 (I)     2000 (I) 
           Arrival:=   52000         2000     
                                              
             Setup:-     238                  
       Uncertainty:-     500                  
     Required Time:=   51262                  
      Launch Clock:-    2000                  
         Data Path:-    3180                  
             Slack:=   46082                  

#------------------------------------------------------------------------------------------------------------------------------------------------
#                             Timing Point                               Flags    Arc   Edge   Cell     Fanout Load Trans Delay Arrival Instance 
#                                                                                                              (fF)  (ps)  (ps)   (ps)  Location 
#------------------------------------------------------------------------------------------------------------------------------------------------
  u_IDCT/IDRU8/Count_reg[0]/CK                                           -       -      R     (arrival)     23    -     0     -    2000    (-,-) 
  u_IDCT/IDRU8/Count_reg[0]/Q                                            -       CK->Q  F     SDFF_X1        4 15.6    73   303    2303    (-,-) 
  u_IDCT/IDRU8/g5740/ZN                                                  -       A->ZN  R     INV_X4         3 20.5    55   102    2405    (-,-) 
  u_IDCT/IDRU8/g5725/ZN                                                  -       A2->ZN F     NAND2_X4       4 18.0    31    64    2469    (-,-) 
  u_IDCT/IDRU8/g5723/ZN                                                  -       A->ZN  R     INV_X8        19 42.7    52    79    2548    (-,-) 
  u_IDCT/IDRU8/g5762/ZN                                                  -       A1->ZN R     AND2_X4       18 40.7    93   172    2720    (-,-) 
  u_IDCT/IDRU8/g5700/ZN                                                  -       A1->ZN F     NAND2_X1       1  2.1    32    59    2779    (-,-) 
  u_IDCT/IDRU8/g5609/ZN                                                  -       A1->ZN F     AND3_X1        1  2.8    22   115    2894    (-,-) 
  u_IDCT/IDRU8/g5576/ZN                                                  -       A1->ZN R     NAND3_X1       4  8.2    93   108    3002    (-,-) 
  u_IDCT/IDRU8/add_86_45_g754/ZN                                         -       A2->ZN R     OR2_X1         2  5.1    52   130    3133    (-,-) 
  u_IDCT/IDRU8/add_86_45_g694/ZN                                         -       A2->ZN F     NAND2_X1       1  4.1    26    60    3193    (-,-) 
  u_IDCT/IDRU8/add_86_45_g692/ZN                                         -       A1->ZN R     NAND2_X2       2  5.7    43    60    3254    (-,-) 
  u_IDCT/IDRU8/add_86_45_g689/ZN                                         -       A1->ZN F     NAND2_X1       1  4.1    26    55    3309    (-,-) 
  u_IDCT/IDRU8/add_86_45_g687/ZN                                         -       A1->ZN R     NAND2_X2       3  7.9    52    70    3379    (-,-) 
  u_IDCT/IDRU8/add_86_45_g683/ZN                                         -       A1->ZN F     NAND3_X1       1  2.8    35    67    3446    (-,-) 
  u_IDCT/IDRU8/add_86_45_g682/ZN                                         -       A1->ZN R     NAND2_X1       2  5.7    65    90    3536    (-,-) 
  u_IDCT/IDRU8/add_86_45_g680/ZN                                         -       A1->ZN F     NAND2_X1       1  2.8    27    56    3591    (-,-) 
  u_IDCT/IDRU8/add_86_45_g678/ZN                                         -       A1->ZN R     NAND2_X1       2  5.7    65    85    3676    (-,-) 
  u_IDCT/IDRU8/add_86_45_g677/ZN                                         -       A1->ZN F     NAND2_X1       1  2.8    27    56    3732    (-,-) 
  u_IDCT/IDRU8/add_86_45_g675/ZN                                         -       A1->ZN R     NAND2_X1       2  5.0    61    79    3811    (-,-) 
  u_IDCT/IDRU8/add_86_45_g674/ZN                                         -       A1->ZN R     AND2_X1        3  6.6    64   150    3961    (-,-) 
  u_IDCT/IDRU8/add_86_45_g672/ZN                                         -       A1->ZN F     NAND2_X1       1  4.1    37    64    4024    (-,-) 
  u_IDCT/IDRU8/add_86_45_g669/ZN                                         -       B->ZN  R     OAI211_X2      2  5.7   102    98    4122    (-,-) 
  u_IDCT/IDRU8/add_86_45_g667/ZN                                         -       A1->ZN F     NAND2_X1       2  4.8    42    83    4205    (-,-) 
  u_IDCT/IDRU8/add_86_45_g663/ZN                                         -       A1->ZN R     NOR2_X1        2  6.6   146   191    4396    (-,-) 
  u_IDCT/IDRU8/add_86_45_g660/ZN                                         -       A1->ZN F     NOR2_X2        1  2.7    35    41    4437    (-,-) 
  u_IDCT/IDRU8/add_86_45_g657/ZN                                         -       B1->ZN R     OAI21_X1       1  2.9    92   128    4565    (-,-) 
  u_IDCT/IDRU8/add_86_45_g654/ZN                                         -       B1->ZN F     AOI21_X1       2  5.4    42    86    4651    (-,-) 
  u_IDCT/IDRU8/add_86_45_g652/ZN                                         -       A->ZN  F     XNOR2_X1       1  2.7    48   136    4787    (-,-) 
  u_IDCT/IDRU8/g5070/ZN                                                  -       C1->ZN R     AOI221_X1      1  2.9   195   227    5014    (-,-) 
  u_IDCT/IDRU8/g5068/ZN                                                  -       A->ZN  F     INV_X1         1  2.8    44    55    5070    (-,-) 
  u_IDCT/g3864/ZN                                                        -       A->ZN  R     INV_X1         1  2.9    33    65    5135    (-,-) 
  u_IDCT/g3745/ZN                                                        -       B1->ZN F     OAI21_X1       1  2.6    30    45    5180    (-,-) 
  u_IDCT/tposemem_Bisted_RF_2P_ADV64x16_RF_2P_ADV64x16_u0_SRAM_i0/DB[14] (P)     -      F     rf_2p_hse      1    -     -     0    5180    (-,-) 
#------------------------------------------------------------------------------------------------------------------------------------------------

(P) : Instance is preserved



Path 14: MET (46154 ps) Setup Check with Pin u_DCT/tposemem_Bisted_RF_2P_ADV64x16_RF_2P_ADV64x16_u0_SRAM_i0/CLKB->DB[12]
           Mode: scan_mode
          Group: C2C_scan_mode
     Startpoint: (R) u_DCT/IDRU8/Count_reg[0]/CK
          Clock: (R) CLK1
       Endpoint: (F) u_DCT/tposemem_Bisted_RF_2P_ADV64x16_RF_2P_ADV64x16_u0_SRAM_i0/DB[12]
          Clock: (F) CLK1

                     Capture       Launch     
        Clock Edge:+   50000            0     
       Src Latency:+       0            0     
       Net Latency:+    2000 (I)     2000 (I) 
           Arrival:=   52000         2000     
                                              
             Setup:-     238                  
       Uncertainty:-     500                  
     Required Time:=   51262                  
      Launch Clock:-    2000                  
         Data Path:-    3108                  
             Slack:=   46154                  

#-----------------------------------------------------------------------------------------------------------------------------------------------
#                             Timing Point                              Flags    Arc   Edge   Cell     Fanout Load Trans Delay Arrival Instance 
#                                                                                                             (fF)  (ps)  (ps)   (ps)  Location 
#-----------------------------------------------------------------------------------------------------------------------------------------------
  u_DCT/IDRU8/Count_reg[0]/CK                                           -       -      R     (arrival)     23    -     0     -    2000    (-,-) 
  u_DCT/IDRU8/Count_reg[0]/Q                                            -       CK->Q  F     SDFF_X2        3 10.2    78   360    2360    (-,-) 
  u_DCT/IDRU8/g5849/ZN                                                  -       A->ZN  R     INV_X4         4 11.9    41    85    2444    (-,-) 
  u_DCT/IDRU8/g5834__1840/ZN                                            -       A2->ZN R     AND2_X2        7 18.8    87   164    2608    (-,-) 
  u_DCT/IDRU8/g5833/ZN                                                  -       A->ZN  F     INV_X2         7 14.5    32    65    2673    (-,-) 
  u_DCT/IDRU8/g5728__4547/ZN                                            -       B1->ZN R     OAI22_X1       1  2.9   128   169    2842    (-,-) 
  u_DCT/IDRU8/g5872/ZN                                                  -       A->ZN  F     AOI21_X1       1  2.8    38    70    2912    (-,-) 
  u_DCT/IDRU8/g2/ZN                                                     -       A1->ZN R     NAND2_X1       2  6.8    74   100    3013    (-,-) 
  u_DCT/IDRU8/add_86_45_g704__5019/ZN                                   -       A->ZN  F     OAI211_X2      1  4.1    48    94    3107    (-,-) 
  u_DCT/IDRU8/add_86_45_g694__5953/ZN                                   -       A1->ZN R     NAND2_X2       2  5.7    42    73    3180    (-,-) 
  u_DCT/IDRU8/add_86_45_g691__7118/ZN                                   -       A1->ZN F     NAND2_X1       1  4.1    26    55    3235    (-,-) 
  u_DCT/IDRU8/add_86_45_g688__2900/ZN                                   -       A1->ZN R     NAND2_X2       2  5.7    42    60    3295    (-,-) 
  u_DCT/IDRU8/add_86_45_g686__1309/ZN                                   -       A1->ZN F     NAND2_X1       1  4.1    26    55    3350    (-,-) 
  u_DCT/IDRU8/add_86_45_g684__9682/ZN                                   -       A1->ZN R     NAND2_X2       3  7.9    51    70    3420    (-,-) 
  u_DCT/IDRU8/add_86_45_g680__4296/ZN                                   -       A1->ZN F     NAND3_X1       1  4.1    43    77    3497    (-,-) 
  u_DCT/IDRU8/add_86_45_g679__8780/ZN                                   -       A1->ZN R     NAND3_X2       2  5.7    52    76    3573    (-,-) 
  u_DCT/IDRU8/add_86_45_g677__1857/ZN                                   -       A1->ZN F     NAND2_X1       1  4.1    28    59    3631    (-,-) 
  u_DCT/IDRU8/add_86_45_g675__1840/ZN                                   -       A1->ZN R     NAND2_X2       2  5.7    44    62    3693    (-,-) 
  u_DCT/IDRU8/add_86_45_g674__7344/ZN                                   -       A1->ZN F     NAND2_X1       1  2.8    22    49    3742    (-,-) 
  u_DCT/IDRU8/add_86_45_g672__2703/ZN                                   -       A1->ZN R     NAND2_X1       2  5.0    61    76    3818    (-,-) 
  u_DCT/IDRU8/add_86_45_g671__6083/ZN                                   -       A1->ZN R     AND2_X1        3  6.6    64   150    3968    (-,-) 
  u_DCT/IDRU8/add_86_45_g669__5266/ZN                                   -       A1->ZN F     NAND2_X1       1  4.3    38    65    4033    (-,-) 
  u_DCT/IDRU8/add_86_45_g666__5953/ZN                                   -       A->ZN  R     OAI211_X2      2  7.1   114    97    4130    (-,-) 
  u_DCT/IDRU8/add_86_45_g664__8757/ZN                                   -       A1->ZN F     NAND2_X2       2  6.3    40    73    4203    (-,-) 
  u_DCT/IDRU8/add_86_45_g659__6877/ZN                                   -       B1->ZN R     OAI221_X2      3  7.9   172   228    4431    (-,-) 
  u_DCT/IDRU8/add_86_45_g656__9682/ZN                                   -       A->ZN  F     XNOR2_X1       1  2.2    50    78    4509    (-,-) 
  u_DCT/IDRU8/g5250__7675/Z                                             -       A->Z   F     MUX2_X1        2  4.3    41   254    4763    (-,-) 
  u_DCT/IDRU8/g5113__3772/Z                                             -       A->Z   F     MUX2_X1        1  2.8    37   239    5002    (-,-) 
  u_DCT/g3863/ZN                                                        -       A->ZN  R     INV_X1         1  2.9    33    61    5063    (-,-) 
  u_DCT/g3732/ZN                                                        -       B1->ZN F     OAI21_X1       1  2.6    30    45    5108    (-,-) 
  u_DCT/tposemem_Bisted_RF_2P_ADV64x16_RF_2P_ADV64x16_u0_SRAM_i0/DB[12] (P)     -      F     rf_2p_hse      1    -     -     0    5108    (-,-) 
#-----------------------------------------------------------------------------------------------------------------------------------------------

(P) : Instance is preserved



Path 15: MET (46253 ps) Setup Check with Pin u_DCT/tposemem_Bisted_RF_2P_ADV64x16_RF_2P_ADV64x16_u0_SRAM_i0/CLKB->DB[11]
           Mode: scan_mode
          Group: C2C_scan_mode
     Startpoint: (R) u_DCT/IDRU8/Count_reg[0]/CK
          Clock: (R) CLK1
       Endpoint: (F) u_DCT/tposemem_Bisted_RF_2P_ADV64x16_RF_2P_ADV64x16_u0_SRAM_i0/DB[11]
          Clock: (F) CLK1

                     Capture       Launch     
        Clock Edge:+   50000            0     
       Src Latency:+       0            0     
       Net Latency:+    2000 (I)     2000 (I) 
           Arrival:=   52000         2000     
                                              
             Setup:-     238                  
       Uncertainty:-     500                  
     Required Time:=   51262                  
      Launch Clock:-    2000                  
         Data Path:-    3009                  
             Slack:=   46253                  

#-----------------------------------------------------------------------------------------------------------------------------------------------
#                             Timing Point                              Flags    Arc   Edge   Cell     Fanout Load Trans Delay Arrival Instance 
#                                                                                                             (fF)  (ps)  (ps)   (ps)  Location 
#-----------------------------------------------------------------------------------------------------------------------------------------------
  u_DCT/IDRU8/Count_reg[0]/CK                                           -       -      R     (arrival)     23    -     0     -    2000    (-,-) 
  u_DCT/IDRU8/Count_reg[0]/Q                                            -       CK->Q  F     SDFF_X2        3 10.2    78   360    2360    (-,-) 
  u_DCT/IDRU8/g5849/ZN                                                  -       A->ZN  R     INV_X4         4 11.9    41    85    2444    (-,-) 
  u_DCT/IDRU8/g5847/ZN                                                  -       A->ZN  F     INV_X2         4 19.3    25    52    2497    (-,-) 
  u_DCT/IDRU8/g5815__7344/ZN                                            -       A1->ZN F     AND3_X2        3  9.5    26   114    2611    (-,-) 
  u_DCT/IDRU8/g5807/ZN                                                  -       A->ZN  R     INV_X2         1  7.4    39    62    2672    (-,-) 
  u_DCT/IDRU8/g5805/ZN                                                  -       A->ZN  F     INV_X4        30 64.4    36    66    2739    (-,-) 
  u_DCT/IDRU8/g5712__6083/ZN                                            -       A1->ZN R     AOI22_X1       1  2.9   114   145    2883    (-,-) 
  u_DCT/IDRU8/g5619__7118/ZN                                            -       A2->ZN F     NAND4_X1       4 10.2   113   199    3083    (-,-) 
  u_DCT/IDRU8/add_86_45_g743__8780/ZN                                   -       A1->ZN F     OR2_X1         2  4.8    38   235    3318    (-,-) 
  u_DCT/IDRU8/add_86_45_g686__1309/ZN                                   -       A2->ZN R     NAND2_X1       1  4.3    53    87    3405    (-,-) 
  u_DCT/IDRU8/add_86_45_g684__9682/ZN                                   -       A1->ZN F     NAND2_X2       3  7.6    28    58    3463    (-,-) 
  u_DCT/IDRU8/add_86_45_g680__4296/ZN                                   -       A1->ZN R     NAND3_X1       1  4.2    60    77    3540    (-,-) 
  u_DCT/IDRU8/add_86_45_g679__8780/ZN                                   -       A1->ZN F     NAND3_X2       2  5.5    37    72    3612    (-,-) 
  u_DCT/IDRU8/add_86_45_g677__1857/ZN                                   -       A1->ZN R     NAND2_X1       1  4.3    53    79    3691    (-,-) 
  u_DCT/IDRU8/add_86_45_g675__1840/ZN                                   -       A1->ZN F     NAND2_X2       2  5.5    24    52    3743    (-,-) 
  u_DCT/IDRU8/add_86_45_g674__7344/ZN                                   -       A1->ZN R     NAND2_X1       1  2.9    42    60    3802    (-,-) 
  u_DCT/IDRU8/add_86_45_g672__2703/ZN                                   -       A1->ZN F     NAND2_X1       2  4.8    30    58    3861    (-,-) 
  u_DCT/IDRU8/add_86_45_g671__6083/ZN                                   -       A1->ZN F     AND2_X1        3  6.2    28   119    3980    (-,-) 
  u_DCT/IDRU8/add_86_45_g669__5266/ZN                                   -       A1->ZN R     NAND2_X1       1  4.6    56    76    4056    (-,-) 
  u_DCT/IDRU8/add_86_45_g666__5953/ZN                                   -       A->ZN  F     OAI211_X2      2  6.8    71    97    4153    (-,-) 
  u_DCT/IDRU8/add_86_45_g664__8757/ZN                                   -       A1->ZN R     NAND2_X2       2  6.8    47    92    4244    (-,-) 
  u_DCT/IDRU8/add_86_45_g660__2900/ZN                                   -       A1->ZN F     NAND2_X1       1  3.4    28    53    4298    (-,-) 
  u_DCT/IDRU8/add_86_45_g657__2683/ZN                                   -       A->ZN  F     XNOR2_X1       1  2.2    27   125    4423    (-,-) 
  u_DCT/IDRU8/g5253__1786/Z                                             -       A->Z   F     MUX2_X1        2  4.3    41   241    4664    (-,-) 
  u_DCT/IDRU8/g5115__4547/Z                                             -       A->Z   F     MUX2_X1        1  2.8    37   239    4903    (-,-) 
  u_DCT/g3862/ZN                                                        -       A->ZN  R     INV_X1         1  2.9    33    61    4964    (-,-) 
  u_DCT/g3742/ZN                                                        -       B1->ZN F     OAI21_X1       1  2.6    30    45    5009    (-,-) 
  u_DCT/tposemem_Bisted_RF_2P_ADV64x16_RF_2P_ADV64x16_u0_SRAM_i0/DB[11] (P)     -      F     rf_2p_hse      1    -     -     0    5009    (-,-) 
#-----------------------------------------------------------------------------------------------------------------------------------------------

(P) : Instance is preserved



Path 16: MET (46291 ps) Setup Check with Pin u_DCT/tposemem_Bisted_RF_2P_ADV64x16_RF_2P_ADV64x16_u0_SRAM_i0/CLKB->DB[9]
           Mode: scan_mode
          Group: C2C_scan_mode
     Startpoint: (R) u_DCT/IDRU8/Count_reg[0]/CK
          Clock: (R) CLK1
       Endpoint: (F) u_DCT/tposemem_Bisted_RF_2P_ADV64x16_RF_2P_ADV64x16_u0_SRAM_i0/DB[9]
          Clock: (F) CLK1

                     Capture       Launch     
        Clock Edge:+   50000            0     
       Src Latency:+       0            0     
       Net Latency:+    2000 (I)     2000 (I) 
           Arrival:=   52000         2000     
                                              
             Setup:-     238                  
       Uncertainty:-     500                  
     Required Time:=   51262                  
      Launch Clock:-    2000                  
         Data Path:-    2971                  
             Slack:=   46291                  

#----------------------------------------------------------------------------------------------------------------------------------------------
#                            Timing Point                              Flags    Arc   Edge   Cell     Fanout Load Trans Delay Arrival Instance 
#                                                                                                            (fF)  (ps)  (ps)   (ps)  Location 
#----------------------------------------------------------------------------------------------------------------------------------------------
  u_DCT/IDRU8/Count_reg[0]/CK                                          -       -      R     (arrival)     23    -     0     -    2000    (-,-) 
  u_DCT/IDRU8/Count_reg[0]/Q                                           -       CK->Q  F     SDFF_X2        3 10.2    78   360    2360    (-,-) 
  u_DCT/IDRU8/g5849/ZN                                                 -       A->ZN  R     INV_X4         4 11.9    41    85    2444    (-,-) 
  u_DCT/IDRU8/g5847/ZN                                                 -       A->ZN  F     INV_X2         4 19.3    25    52    2497    (-,-) 
  u_DCT/IDRU8/g5815__7344/ZN                                           -       A1->ZN F     AND3_X2        3  9.5    26   114    2611    (-,-) 
  u_DCT/IDRU8/g5807/ZN                                                 -       A->ZN  R     INV_X2         1  7.4    39    62    2672    (-,-) 
  u_DCT/IDRU8/g5805/ZN                                                 -       A->ZN  F     INV_X4        30 64.4    36    66    2739    (-,-) 
  u_DCT/IDRU8/g5712__6083/ZN                                           -       A1->ZN R     AOI22_X1       1  2.9   114   145    2883    (-,-) 
  u_DCT/IDRU8/g5619__7118/ZN                                           -       A2->ZN F     NAND4_X1       4 10.2   113   199    3083    (-,-) 
  u_DCT/IDRU8/add_86_45_g743__8780/ZN                                  -       A1->ZN F     OR2_X1         2  4.8    38   235    3318    (-,-) 
  u_DCT/IDRU8/add_86_45_g686__1309/ZN                                  -       A2->ZN R     NAND2_X1       1  4.3    53    87    3405    (-,-) 
  u_DCT/IDRU8/add_86_45_g684__9682/ZN                                  -       A1->ZN F     NAND2_X2       3  7.6    28    58    3463    (-,-) 
  u_DCT/IDRU8/add_86_45_g680__4296/ZN                                  -       A1->ZN R     NAND3_X1       1  4.2    60    77    3540    (-,-) 
  u_DCT/IDRU8/add_86_45_g679__8780/ZN                                  -       A1->ZN F     NAND3_X2       2  5.5    37    72    3612    (-,-) 
  u_DCT/IDRU8/add_86_45_g677__1857/ZN                                  -       A1->ZN R     NAND2_X1       1  4.3    53    79    3691    (-,-) 
  u_DCT/IDRU8/add_86_45_g675__1840/ZN                                  -       A1->ZN F     NAND2_X2       2  5.5    24    52    3743    (-,-) 
  u_DCT/IDRU8/add_86_45_g674__7344/ZN                                  -       A1->ZN R     NAND2_X1       1  2.9    42    60    3802    (-,-) 
  u_DCT/IDRU8/add_86_45_g672__2703/ZN                                  -       A1->ZN F     NAND2_X1       2  4.8    30    58    3861    (-,-) 
  u_DCT/IDRU8/add_86_45_g671__6083/ZN                                  -       A1->ZN F     AND2_X1        3  6.2    28   119    3980    (-,-) 
  u_DCT/IDRU8/add_86_45_g667__5703/ZN                                  -       B1->ZN R     AOI21_X1       2  5.7   153   178    4158    (-,-) 
  u_DCT/IDRU8/add_86_45_g661__2391/ZN                                  -       B1->ZN F     OAI21_X1       1  3.4    53    87    4245    (-,-) 
  u_DCT/IDRU8/add_86_45_g658__1309/ZN                                  -       A->ZN  F     XNOR2_X1       1  2.2    36   140    4384    (-,-) 
  u_DCT/IDRU8/g5249__2391/Z                                            -       A->Z   F     MUX2_X1        2  3.7    40   243    4627    (-,-) 
  u_DCT/IDRU8/g5111__8780/Z                                            -       A->Z   F     MUX2_X1        1  2.8    37   238    4865    (-,-) 
  u_DCT/g3857/ZN                                                       -       A->ZN  R     INV_X1         1  2.9    33    61    4926    (-,-) 
  u_DCT/g3743/ZN                                                       -       B1->ZN F     OAI21_X1       1  2.6    30    45    4971    (-,-) 
  u_DCT/tposemem_Bisted_RF_2P_ADV64x16_RF_2P_ADV64x16_u0_SRAM_i0/DB[9] (P)     -      F     rf_2p_hse      1    -     -     0    4971    (-,-) 
#----------------------------------------------------------------------------------------------------------------------------------------------

(P) : Instance is preserved



Path 17: MET (46308 ps) Setup Check with Pin u_IDCT/tposemem_Bisted_RF_2P_ADV64x16_RF_2P_ADV64x16_u0_SRAM_i0/CLKB->DB[9]
           Mode: scan_mode
          Group: C2C_scan_mode
     Startpoint: (R) d_DoDCT_reg/CK
          Clock: (R) CLK1
       Endpoint: (F) u_IDCT/tposemem_Bisted_RF_2P_ADV64x16_RF_2P_ADV64x16_u0_SRAM_i0/DB[9]
          Clock: (F) CLK1

                     Capture       Launch     
        Clock Edge:+   50000            0     
       Src Latency:+       0            0     
       Net Latency:+    2000 (I)     2000 (I) 
           Arrival:=   52000         2000     
                                              
             Setup:-     238                  
       Uncertainty:-     500                  
     Required Time:=   51262                  
      Launch Clock:-    2000                  
         Data Path:-    2954                  
             Slack:=   46308                  

#-----------------------------------------------------------------------------------------------------------------------------------------------
#                             Timing Point                              Flags    Arc   Edge   Cell     Fanout Load Trans Delay Arrival Instance 
#                                                                                                             (fF)  (ps)  (ps)   (ps)  Location 
#-----------------------------------------------------------------------------------------------------------------------------------------------
  d_DoDCT_reg/CK                                                        -       -      R     (arrival)    670    -     0     -    2000    (-,-) 
  d_DoDCT_reg/Q                                                         -       CK->Q  F     SDFF_X1        1  4.1    48   242    2242    (-,-) 
  g546/Z                                                                -       A->Z   F     BUF_X4        11 36.6    30   122    2363    (-,-) 
  g375/ZN                                                               -       A->ZN  R     INV_X8         7 25.1    35    60    2423    (-,-) 
  u_IDCT/IDRU8/g5749/ZN                                                 -       A->ZN  F     INV_X4         4 18.7    16    35    2459    (-,-) 
  u_IDCT/IDRU8/g5721/ZN                                                 -       A3->ZN R     NAND3_X4       2 11.0    50    73    2532    (-,-) 
  u_IDCT/IDRU8/g5715/ZN                                                 -       A->ZN  F     INV_X4        18 37.6    26    56    2588    (-,-) 
  u_IDCT/IDRU8/g5682/ZN                                                 -       A1->ZN R     AOI22_X1       1  2.2   101   127    2714    (-,-) 
  u_IDCT/IDRU8/g5612/ZN                                                 -       A1->ZN R     AND2_X1        1  2.9    37   136    2850    (-,-) 
  u_IDCT/IDRU8/g5573/ZN                                                 -       A2->ZN F     NAND3_X1       4 10.4    85   124    2974    (-,-) 
  u_IDCT/IDRU8/add_86_45_g754/ZN                                        -       A1->ZN F     OR2_X1         2  4.8    38   220    3193    (-,-) 
  u_IDCT/IDRU8/add_86_45_g694/ZN                                        -       A2->ZN R     NAND2_X1       1  4.3    53    87    3280    (-,-) 
  u_IDCT/IDRU8/add_86_45_g692/ZN                                        -       A1->ZN F     NAND2_X2       2  5.5    24    52    3332    (-,-) 
  u_IDCT/IDRU8/add_86_45_g689/ZN                                        -       A1->ZN R     NAND2_X1       1  4.3    53    72    3404    (-,-) 
  u_IDCT/IDRU8/add_86_45_g687/ZN                                        -       A1->ZN F     NAND2_X2       3  7.6    28    58    3462    (-,-) 
  u_IDCT/IDRU8/add_86_45_g683/ZN                                        -       A1->ZN R     NAND3_X1       1  2.9    50    66    3528    (-,-) 
  u_IDCT/IDRU8/add_86_45_g682/ZN                                        -       A1->ZN F     NAND2_X1       2  5.5    37    65    3593    (-,-) 
  u_IDCT/IDRU8/add_86_45_g680/ZN                                        -       A1->ZN R     NAND2_X1       1  2.9    42    67    3660    (-,-) 
  u_IDCT/IDRU8/add_86_45_g678/ZN                                        -       A1->ZN F     NAND2_X1       2  5.5    33    62    3721    (-,-) 
  u_IDCT/IDRU8/add_86_45_g677/ZN                                        -       A1->ZN R     NAND2_X1       1  2.9    42    64    3785    (-,-) 
  u_IDCT/IDRU8/add_86_45_g675/ZN                                        -       A1->ZN F     NAND2_X1       2  4.8    30    58    3844    (-,-) 
  u_IDCT/IDRU8/add_86_45_g674/ZN                                        -       A1->ZN F     AND2_X1        3  6.2    28   119    3963    (-,-) 
  u_IDCT/IDRU8/add_86_45_g670/ZN                                        -       B1->ZN R     AOI21_X1       2  5.7   153   178    4140    (-,-) 
  u_IDCT/IDRU8/add_86_45_g664/ZN                                        -       B1->ZN F     OAI21_X1       1  3.4    53    87    4227    (-,-) 
  u_IDCT/IDRU8/add_86_45_g659/ZN                                        -       A->ZN  F     XNOR2_X1       1  2.2    36   140    4367    (-,-) 
  u_IDCT/IDRU8/g5183/Z                                                  -       A->Z   F     MUX2_X1        2  3.7    40   243    4610    (-,-) 
  u_IDCT/IDRU8/g5050/Z                                                  -       A->Z   F     MUX2_X1        1  2.8    37   238    4848    (-,-) 
  u_IDCT/g3857/ZN                                                       -       A->ZN  R     INV_X1         1  2.9    33    61    4909    (-,-) 
  u_IDCT/g3743/ZN                                                       -       B1->ZN F     OAI21_X1       1  2.6    30    45    4954    (-,-) 
  u_IDCT/tposemem_Bisted_RF_2P_ADV64x16_RF_2P_ADV64x16_u0_SRAM_i0/DB[9] (P)     -      F     rf_2p_hse      1    -     -     0    4954    (-,-) 
#-----------------------------------------------------------------------------------------------------------------------------------------------

(P) : Instance is preserved



Path 18: MET (46366 ps) Setup Check with Pin u_DCT/tposemem_Bisted_RF_2P_ADV64x16_RF_2P_ADV64x16_u0_SRAM_i0/CLKB->DB[10]
           Mode: scan_mode
          Group: C2C_scan_mode
     Startpoint: (R) u_DCT/IDRU8/Count_reg[0]/CK
          Clock: (R) CLK1
       Endpoint: (F) u_DCT/tposemem_Bisted_RF_2P_ADV64x16_RF_2P_ADV64x16_u0_SRAM_i0/DB[10]
          Clock: (F) CLK1

                     Capture       Launch     
        Clock Edge:+   50000            0     
       Src Latency:+       0            0     
       Net Latency:+    2000 (I)     2000 (I) 
           Arrival:=   52000         2000     
                                              
             Setup:-     238                  
       Uncertainty:-     500                  
     Required Time:=   51262                  
      Launch Clock:-    2000                  
         Data Path:-    2896                  
             Slack:=   46366                  

#-----------------------------------------------------------------------------------------------------------------------------------------------
#                             Timing Point                              Flags    Arc   Edge   Cell     Fanout Load Trans Delay Arrival Instance 
#                                                                                                             (fF)  (ps)  (ps)   (ps)  Location 
#-----------------------------------------------------------------------------------------------------------------------------------------------
  u_DCT/IDRU8/Count_reg[0]/CK                                           -       -      R     (arrival)     23    -     0     -    2000    (-,-) 
  u_DCT/IDRU8/Count_reg[0]/Q                                            -       CK->Q  F     SDFF_X2        3 10.2    78   360    2360    (-,-) 
  u_DCT/IDRU8/g5849/ZN                                                  -       A->ZN  R     INV_X4         4 11.9    41    85    2444    (-,-) 
  u_DCT/IDRU8/g5847/ZN                                                  -       A->ZN  F     INV_X2         4 19.3    25    52    2497    (-,-) 
  u_DCT/IDRU8/g5815__7344/ZN                                            -       A1->ZN F     AND3_X2        3  9.5    26   114    2611    (-,-) 
  u_DCT/IDRU8/g5807/ZN                                                  -       A->ZN  R     INV_X2         1  7.4    39    62    2672    (-,-) 
  u_DCT/IDRU8/g5805/ZN                                                  -       A->ZN  F     INV_X4        30 64.4    36    66    2739    (-,-) 
  u_DCT/IDRU8/g5712__6083/ZN                                            -       A1->ZN R     AOI22_X1       1  2.9   114   145    2883    (-,-) 
  u_DCT/IDRU8/g5619__7118/ZN                                            -       A2->ZN F     NAND4_X1       4 10.2   113   199    3083    (-,-) 
  u_DCT/IDRU8/add_86_45_g743__8780/ZN                                   -       A1->ZN F     OR2_X1         2  4.8    38   235    3318    (-,-) 
  u_DCT/IDRU8/add_86_45_g686__1309/ZN                                   -       A2->ZN R     NAND2_X1       1  4.3    53    87    3405    (-,-) 
  u_DCT/IDRU8/add_86_45_g684__9682/ZN                                   -       A1->ZN F     NAND2_X2       3  7.6    28    58    3463    (-,-) 
  u_DCT/IDRU8/add_86_45_g680__4296/ZN                                   -       A1->ZN R     NAND3_X1       1  4.2    60    77    3540    (-,-) 
  u_DCT/IDRU8/add_86_45_g679__8780/ZN                                   -       A1->ZN F     NAND3_X2       2  5.5    37    72    3612    (-,-) 
  u_DCT/IDRU8/add_86_45_g677__1857/ZN                                   -       A1->ZN R     NAND2_X1       1  4.3    53    79    3691    (-,-) 
  u_DCT/IDRU8/add_86_45_g675__1840/ZN                                   -       A1->ZN F     NAND2_X2       2  5.5    24    52    3743    (-,-) 
  u_DCT/IDRU8/add_86_45_g674__7344/ZN                                   -       A1->ZN R     NAND2_X1       1  2.9    42    60    3802    (-,-) 
  u_DCT/IDRU8/add_86_45_g672__2703/ZN                                   -       A1->ZN F     NAND2_X1       2  4.8    30    58    3861    (-,-) 
  u_DCT/IDRU8/add_86_45_g671__6083/ZN                                   -       A1->ZN F     AND2_X1        3  6.2    28   119    3980    (-,-) 
  u_DCT/IDRU8/add_86_45_g669__5266/ZN                                   -       A1->ZN R     NAND2_X1       1  4.6    56    76    4056    (-,-) 
  u_DCT/IDRU8/add_86_45_g666__5953/ZN                                   -       A->ZN  F     OAI211_X2      2  6.8    71    97    4153    (-,-) 
  u_DCT/IDRU8/add_86_45_g662__7675/ZN                                   -       A->ZN  F     XNOR2_X1       1  2.2    38   151    4304    (-,-) 
  u_DCT/IDRU8/g5248__2900/Z                                             -       A->Z   F     MUX2_X1        2  4.3    41   248    4552    (-,-) 
  u_DCT/IDRU8/g5110__9906/Z                                             -       A->Z   F     MUX2_X1        1  2.8    37   239    4790    (-,-) 
  u_DCT/g3858/ZN                                                        -       A->ZN  R     INV_X1         1  2.9    33    61    4852    (-,-) 
  u_DCT/g3741/ZN                                                        -       B1->ZN F     OAI21_X1       1  2.6    30    45    4896    (-,-) 
  u_DCT/tposemem_Bisted_RF_2P_ADV64x16_RF_2P_ADV64x16_u0_SRAM_i0/DB[10] (P)     -      F     rf_2p_hse      1    -     -     0    4896    (-,-) 
#-----------------------------------------------------------------------------------------------------------------------------------------------

(P) : Instance is preserved



Path 19: MET (46384 ps) Setup Check with Pin u_IDCT/tposemem_Bisted_RF_2P_ADV64x16_RF_2P_ADV64x16_u0_SRAM_i0/CLKB->DB[11]
           Mode: scan_mode
          Group: C2C_scan_mode
     Startpoint: (R) d_DoDCT_reg/CK
          Clock: (R) CLK1
       Endpoint: (R) u_IDCT/tposemem_Bisted_RF_2P_ADV64x16_RF_2P_ADV64x16_u0_SRAM_i0/DB[11]
          Clock: (F) CLK1

                     Capture       Launch     
        Clock Edge:+   50000            0     
       Src Latency:+       0            0     
       Net Latency:+    2000 (I)     2000 (I) 
           Arrival:=   52000         2000     
                                              
             Setup:-     263                  
       Uncertainty:-     500                  
     Required Time:=   51237                  
      Launch Clock:-    2000                  
         Data Path:-    2853                  
             Slack:=   46384                  

#------------------------------------------------------------------------------------------------------------------------------------------------
#                             Timing Point                               Flags    Arc   Edge   Cell     Fanout Load Trans Delay Arrival Instance 
#                                                                                                              (fF)  (ps)  (ps)   (ps)  Location 
#------------------------------------------------------------------------------------------------------------------------------------------------
  d_DoDCT_reg/CK                                                         -       -      R     (arrival)    670    -     0     -    2000    (-,-) 
  d_DoDCT_reg/Q                                                          -       CK->Q  F     SDFF_X1        1  4.1    48   242    2242    (-,-) 
  g546/Z                                                                 -       A->Z   F     BUF_X4        11 36.6    30   122    2363    (-,-) 
  g375/ZN                                                                -       A->ZN  R     INV_X8         7 25.1    35    60    2423    (-,-) 
  u_IDCT/IDRU8/g5749/ZN                                                  -       A->ZN  F     INV_X4         4 18.7    16    35    2459    (-,-) 
  u_IDCT/IDRU8/g5721/ZN                                                  -       A3->ZN R     NAND3_X4       2 11.0    50    73    2532    (-,-) 
  u_IDCT/IDRU8/g5715/ZN                                                  -       A->ZN  F     INV_X4        18 37.6    26    56    2588    (-,-) 
  u_IDCT/IDRU8/g5682/ZN                                                  -       A1->ZN R     AOI22_X1       1  2.2   101   127    2714    (-,-) 
  u_IDCT/IDRU8/g5612/ZN                                                  -       A1->ZN R     AND2_X1        1  2.9    37   136    2850    (-,-) 
  u_IDCT/IDRU8/g5573/ZN                                                  -       A2->ZN F     NAND3_X1       4 10.4    85   124    2974    (-,-) 
  u_IDCT/IDRU8/add_86_45_g754/ZN                                         -       A1->ZN F     OR2_X1         2  4.8    38   220    3193    (-,-) 
  u_IDCT/IDRU8/add_86_45_g694/ZN                                         -       A2->ZN R     NAND2_X1       1  4.3    53    87    3280    (-,-) 
  u_IDCT/IDRU8/add_86_45_g692/ZN                                         -       A1->ZN F     NAND2_X2       2  5.5    24    52    3332    (-,-) 
  u_IDCT/IDRU8/add_86_45_g689/ZN                                         -       A1->ZN R     NAND2_X1       1  4.3    53    72    3404    (-,-) 
  u_IDCT/IDRU8/add_86_45_g687/ZN                                         -       A1->ZN F     NAND2_X2       3  7.6    28    58    3462    (-,-) 
  u_IDCT/IDRU8/add_86_45_g683/ZN                                         -       A1->ZN R     NAND3_X1       1  2.9    50    66    3528    (-,-) 
  u_IDCT/IDRU8/add_86_45_g682/ZN                                         -       A1->ZN F     NAND2_X1       2  5.5    37    65    3593    (-,-) 
  u_IDCT/IDRU8/add_86_45_g680/ZN                                         -       A1->ZN R     NAND2_X1       1  2.9    42    67    3660    (-,-) 
  u_IDCT/IDRU8/add_86_45_g678/ZN                                         -       A1->ZN F     NAND2_X1       2  5.5    33    62    3721    (-,-) 
  u_IDCT/IDRU8/add_86_45_g677/ZN                                         -       A1->ZN R     NAND2_X1       1  2.9    42    64    3785    (-,-) 
  u_IDCT/IDRU8/add_86_45_g675/ZN                                         -       A1->ZN F     NAND2_X1       2  4.8    30    58    3844    (-,-) 
  u_IDCT/IDRU8/add_86_45_g674/ZN                                         -       A1->ZN F     AND2_X1        3  6.2    28   119    3963    (-,-) 
  u_IDCT/IDRU8/add_86_45_g672/ZN                                         -       A1->ZN R     NAND2_X1       1  4.4    54    74    4037    (-,-) 
  u_IDCT/IDRU8/add_86_45_g669/ZN                                         -       B->ZN  F     OAI211_X2      2  5.5    68    91    4128    (-,-) 
  u_IDCT/IDRU8/add_86_45_g667/ZN                                         -       A1->ZN R     NAND2_X1       2  5.1    60   104    4232    (-,-) 
  u_IDCT/IDRU8/add_86_45_g662/ZN                                         -       A1->ZN F     NAND2_X1       1  3.4    28    58    4290    (-,-) 
  u_IDCT/IDRU8/add_86_45_g658/ZN                                         -       A->ZN  R     XNOR2_X1       1  2.9    93   127    4416    (-,-) 
  u_IDCT/IDRU8/g5201/ZN                                                  -       A1->ZN F     AOI22_X1       2  4.2    72    79    4495    (-,-) 
  u_IDCT/IDRU8/g5060/ZN                                                  -       B1->ZN R     OAI22_X1       1  2.9   128   189    4684    (-,-) 
  u_IDCT/g3862/ZN                                                        -       A->ZN  F     INV_X1         1  2.7    32    48    4732    (-,-) 
  u_IDCT/g3742/ZN                                                        -       B1->ZN R     OAI21_X1       1  2.6    86   121    4853    (-,-) 
  u_IDCT/tposemem_Bisted_RF_2P_ADV64x16_RF_2P_ADV64x16_u0_SRAM_i0/DB[11] (P)     -      R     rf_2p_hse      1    -     -     0    4853    (-,-) 
#------------------------------------------------------------------------------------------------------------------------------------------------

(P) : Instance is preserved



Path 20: MET (46385 ps) Setup Check with Pin u_DCT/tposemem_Bisted_RF_2P_ADV64x16_RF_2P_ADV64x16_u0_SRAM_i0/CLKB->DB[7]
           Mode: scan_mode
          Group: C2C_scan_mode
     Startpoint: (R) u_DCT/IDRU8/Count_reg[0]/CK
          Clock: (R) CLK1
       Endpoint: (F) u_DCT/tposemem_Bisted_RF_2P_ADV64x16_RF_2P_ADV64x16_u0_SRAM_i0/DB[7]
          Clock: (F) CLK1

                     Capture       Launch     
        Clock Edge:+   50000            0     
       Src Latency:+       0            0     
       Net Latency:+    2000 (I)     2000 (I) 
           Arrival:=   52000         2000     
                                              
             Setup:-     238                  
       Uncertainty:-     500                  
     Required Time:=   51262                  
      Launch Clock:-    2000                  
         Data Path:-    2877                  
             Slack:=   46385                  

#----------------------------------------------------------------------------------------------------------------------------------------------
#                            Timing Point                              Flags    Arc   Edge   Cell     Fanout Load Trans Delay Arrival Instance 
#                                                                                                            (fF)  (ps)  (ps)   (ps)  Location 
#----------------------------------------------------------------------------------------------------------------------------------------------
  u_DCT/IDRU8/Count_reg[0]/CK                                          -       -      R     (arrival)     23    -     0     -    2000    (-,-) 
  u_DCT/IDRU8/Count_reg[0]/Q                                           -       CK->Q  F     SDFF_X2        3 10.2    78   360    2360    (-,-) 
  u_DCT/IDRU8/g5849/ZN                                                 -       A->ZN  R     INV_X4         4 11.9    41    85    2444    (-,-) 
  u_DCT/IDRU8/g5847/ZN                                                 -       A->ZN  F     INV_X2         4 19.3    25    52    2497    (-,-) 
  u_DCT/IDRU8/g5815__7344/ZN                                           -       A1->ZN F     AND3_X2        3  9.5    26   114    2611    (-,-) 
  u_DCT/IDRU8/g5807/ZN                                                 -       A->ZN  R     INV_X2         1  7.4    39    62    2672    (-,-) 
  u_DCT/IDRU8/g5805/ZN                                                 -       A->ZN  F     INV_X4        30 64.4    36    66    2739    (-,-) 
  u_DCT/IDRU8/g5712__6083/ZN                                           -       A1->ZN R     AOI22_X1       1  2.9   114   145    2883    (-,-) 
  u_DCT/IDRU8/g5619__7118/ZN                                           -       A2->ZN F     NAND4_X1       4 10.2   113   199    3083    (-,-) 
  u_DCT/IDRU8/add_86_45_g743__8780/ZN                                  -       A1->ZN F     OR2_X1         2  4.8    38   235    3318    (-,-) 
  u_DCT/IDRU8/add_86_45_g686__1309/ZN                                  -       A2->ZN R     NAND2_X1       1  4.3    53    87    3405    (-,-) 
  u_DCT/IDRU8/add_86_45_g684__9682/ZN                                  -       A1->ZN F     NAND2_X2       3  7.6    28    58    3463    (-,-) 
  u_DCT/IDRU8/add_86_45_g680__4296/ZN                                  -       A1->ZN R     NAND3_X1       1  4.2    60    77    3540    (-,-) 
  u_DCT/IDRU8/add_86_45_g679__8780/ZN                                  -       A1->ZN F     NAND3_X2       2  5.5    37    72    3612    (-,-) 
  u_DCT/IDRU8/add_86_45_g677__1857/ZN                                  -       A1->ZN R     NAND2_X1       1  4.3    53    79    3691    (-,-) 
  u_DCT/IDRU8/add_86_45_g675__1840/ZN                                  -       A1->ZN F     NAND2_X2       2  5.5    24    52    3743    (-,-) 
  u_DCT/IDRU8/add_86_45_g674__7344/ZN                                  -       A1->ZN R     NAND2_X1       1  2.9    42    60    3802    (-,-) 
  u_DCT/IDRU8/add_86_45_g672__2703/ZN                                  -       A1->ZN F     NAND2_X1       2  4.8    30    58    3861    (-,-) 
  u_DCT/IDRU8/add_86_45_g671__6083/ZN                                  -       A1->ZN F     AND2_X1        3  6.2    28   119    3980    (-,-) 
  u_DCT/IDRU8/add_86_45_g668__7114/ZN                                  -       A1->ZN F     OR2_X1         1  3.4    35   182    4162    (-,-) 
  u_DCT/IDRU8/add_86_45_g665__1786/ZN                                  -       A->ZN  F     XNOR2_X1       1  2.2    27   129    4291    (-,-) 
  u_DCT/IDRU8/g5251__7118/Z                                            -       A->Z   F     MUX2_X1        2  4.3    41   241    4533    (-,-) 
  u_DCT/IDRU8/g5114__1474/Z                                            -       A->Z   F     MUX2_X1        1  2.8    37   239    4771    (-,-) 
  u_DCT/g3860/ZN                                                       -       A->ZN  R     INV_X1         1  2.9    33    61    4833    (-,-) 
  u_DCT/g3766/ZN                                                       -       B1->ZN F     OAI21_X1       1  2.6    30    45    4877    (-,-) 
  u_DCT/tposemem_Bisted_RF_2P_ADV64x16_RF_2P_ADV64x16_u0_SRAM_i0/DB[7] (P)     -      F     rf_2p_hse      1    -     -     0    4877    (-,-) 
#----------------------------------------------------------------------------------------------------------------------------------------------

(P) : Instance is preserved



Path 21: MET (46394 ps) Setup Check with Pin u_IDCT/tposemem_Bisted_RF_2P_ADV64x16_RF_2P_ADV64x16_u0_SRAM_i0/CLKB->DB[10]
           Mode: scan_mode
          Group: C2C_scan_mode
     Startpoint: (R) d_DoDCT_reg/CK
          Clock: (R) CLK1
       Endpoint: (F) u_IDCT/tposemem_Bisted_RF_2P_ADV64x16_RF_2P_ADV64x16_u0_SRAM_i0/DB[10]
          Clock: (F) CLK1

                     Capture       Launch     
        Clock Edge:+   50000            0     
       Src Latency:+       0            0     
       Net Latency:+    2000 (I)     2000 (I) 
           Arrival:=   52000         2000     
                                              
             Setup:-     238                  
       Uncertainty:-     500                  
     Required Time:=   51262                  
      Launch Clock:-    2000                  
         Data Path:-    2868                  
             Slack:=   46394                  

#------------------------------------------------------------------------------------------------------------------------------------------------
#                             Timing Point                               Flags    Arc   Edge   Cell     Fanout Load Trans Delay Arrival Instance 
#                                                                                                              (fF)  (ps)  (ps)   (ps)  Location 
#------------------------------------------------------------------------------------------------------------------------------------------------
  d_DoDCT_reg/CK                                                         -       -      R     (arrival)    670    -     0     -    2000    (-,-) 
  d_DoDCT_reg/Q                                                          -       CK->Q  F     SDFF_X1        1  4.1    48   242    2242    (-,-) 
  g546/Z                                                                 -       A->Z   F     BUF_X4        11 36.6    30   122    2363    (-,-) 
  g375/ZN                                                                -       A->ZN  R     INV_X8         7 25.1    35    60    2423    (-,-) 
  u_IDCT/IDRU8/g5749/ZN                                                  -       A->ZN  F     INV_X4         4 18.7    16    35    2459    (-,-) 
  u_IDCT/IDRU8/g5721/ZN                                                  -       A3->ZN R     NAND3_X4       2 11.0    50    73    2532    (-,-) 
  u_IDCT/IDRU8/g5715/ZN                                                  -       A->ZN  F     INV_X4        18 37.6    26    56    2588    (-,-) 
  u_IDCT/IDRU8/g5682/ZN                                                  -       A1->ZN R     AOI22_X1       1  2.2   101   127    2714    (-,-) 
  u_IDCT/IDRU8/g5612/ZN                                                  -       A1->ZN R     AND2_X1        1  2.9    37   136    2850    (-,-) 
  u_IDCT/IDRU8/g5573/ZN                                                  -       A2->ZN F     NAND3_X1       4 10.4    85   124    2974    (-,-) 
  u_IDCT/IDRU8/add_86_45_g754/ZN                                         -       A1->ZN F     OR2_X1         2  4.8    38   220    3193    (-,-) 
  u_IDCT/IDRU8/add_86_45_g694/ZN                                         -       A2->ZN R     NAND2_X1       1  4.3    53    87    3280    (-,-) 
  u_IDCT/IDRU8/add_86_45_g692/ZN                                         -       A1->ZN F     NAND2_X2       2  5.5    24    52    3332    (-,-) 
  u_IDCT/IDRU8/add_86_45_g689/ZN                                         -       A1->ZN R     NAND2_X1       1  4.3    53    72    3404    (-,-) 
  u_IDCT/IDRU8/add_86_45_g687/ZN                                         -       A1->ZN F     NAND2_X2       3  7.6    28    58    3462    (-,-) 
  u_IDCT/IDRU8/add_86_45_g683/ZN                                         -       A1->ZN R     NAND3_X1       1  2.9    50    66    3528    (-,-) 
  u_IDCT/IDRU8/add_86_45_g682/ZN                                         -       A1->ZN F     NAND2_X1       2  5.5    37    65    3593    (-,-) 
  u_IDCT/IDRU8/add_86_45_g680/ZN                                         -       A1->ZN R     NAND2_X1       1  2.9    42    67    3660    (-,-) 
  u_IDCT/IDRU8/add_86_45_g678/ZN                                         -       A1->ZN F     NAND2_X1       2  5.5    33    62    3721    (-,-) 
  u_IDCT/IDRU8/add_86_45_g677/ZN                                         -       A1->ZN R     NAND2_X1       1  2.9    42    64    3785    (-,-) 
  u_IDCT/IDRU8/add_86_45_g675/ZN                                         -       A1->ZN F     NAND2_X1       2  4.8    30    58    3844    (-,-) 
  u_IDCT/IDRU8/add_86_45_g674/ZN                                         -       A1->ZN F     AND2_X1        3  6.2    28   119    3963    (-,-) 
  u_IDCT/IDRU8/add_86_45_g672/ZN                                         -       A1->ZN R     NAND2_X1       1  4.4    54    74    4037    (-,-) 
  u_IDCT/IDRU8/add_86_45_g669/ZN                                         -       B->ZN  F     OAI211_X2      2  5.5    68    91    4128    (-,-) 
  u_IDCT/IDRU8/add_86_45_g665/ZN                                         -       A->ZN  F     XNOR2_X1       1  2.2    35   149    4277    (-,-) 
  u_IDCT/IDRU8/g5184/Z                                                   -       A->Z   F     MUX2_X1        2  4.3    41   246    4523    (-,-) 
  u_IDCT/IDRU8/g5053/Z                                                   -       A->Z   F     MUX2_X1        1  2.8    37   239    4762    (-,-) 
  u_IDCT/g3858/ZN                                                        -       A->ZN  R     INV_X1         1  2.9    33    61    4823    (-,-) 
  u_IDCT/g3741/ZN                                                        -       B1->ZN F     OAI21_X1       1  2.6    30    45    4868    (-,-) 
  u_IDCT/tposemem_Bisted_RF_2P_ADV64x16_RF_2P_ADV64x16_u0_SRAM_i0/DB[10] (P)     -      F     rf_2p_hse      1    -     -     0    4868    (-,-) 
#------------------------------------------------------------------------------------------------------------------------------------------------

(P) : Instance is preserved



Path 22: MET (46402 ps) Setup Check with Pin u_IDCT/tposemem_Bisted_RF_2P_ADV64x16_RF_2P_ADV64x16_u0_SRAM_i0/CLKB->DB[7]
           Mode: scan_mode
          Group: C2C_scan_mode
     Startpoint: (R) d_DoDCT_reg/CK
          Clock: (R) CLK1
       Endpoint: (F) u_IDCT/tposemem_Bisted_RF_2P_ADV64x16_RF_2P_ADV64x16_u0_SRAM_i0/DB[7]
          Clock: (F) CLK1

                     Capture       Launch     
        Clock Edge:+   50000            0     
       Src Latency:+       0            0     
       Net Latency:+    2000 (I)     2000 (I) 
           Arrival:=   52000         2000     
                                              
             Setup:-     238                  
       Uncertainty:-     500                  
     Required Time:=   51262                  
      Launch Clock:-    2000                  
         Data Path:-    2860                  
             Slack:=   46402                  

#-----------------------------------------------------------------------------------------------------------------------------------------------
#                             Timing Point                              Flags    Arc   Edge   Cell     Fanout Load Trans Delay Arrival Instance 
#                                                                                                             (fF)  (ps)  (ps)   (ps)  Location 
#-----------------------------------------------------------------------------------------------------------------------------------------------
  d_DoDCT_reg/CK                                                        -       -      R     (arrival)    670    -     0     -    2000    (-,-) 
  d_DoDCT_reg/Q                                                         -       CK->Q  F     SDFF_X1        1  4.1    48   242    2242    (-,-) 
  g546/Z                                                                -       A->Z   F     BUF_X4        11 36.6    30   122    2363    (-,-) 
  g375/ZN                                                               -       A->ZN  R     INV_X8         7 25.1    35    60    2423    (-,-) 
  u_IDCT/IDRU8/g5749/ZN                                                 -       A->ZN  F     INV_X4         4 18.7    16    35    2459    (-,-) 
  u_IDCT/IDRU8/g5721/ZN                                                 -       A3->ZN R     NAND3_X4       2 11.0    50    73    2532    (-,-) 
  u_IDCT/IDRU8/g5715/ZN                                                 -       A->ZN  F     INV_X4        18 37.6    26    56    2588    (-,-) 
  u_IDCT/IDRU8/g5682/ZN                                                 -       A1->ZN R     AOI22_X1       1  2.2   101   127    2714    (-,-) 
  u_IDCT/IDRU8/g5612/ZN                                                 -       A1->ZN R     AND2_X1        1  2.9    37   136    2850    (-,-) 
  u_IDCT/IDRU8/g5573/ZN                                                 -       A2->ZN F     NAND3_X1       4 10.4    85   124    2974    (-,-) 
  u_IDCT/IDRU8/add_86_45_g754/ZN                                        -       A1->ZN F     OR2_X1         2  4.8    38   220    3193    (-,-) 
  u_IDCT/IDRU8/add_86_45_g694/ZN                                        -       A2->ZN R     NAND2_X1       1  4.3    53    87    3280    (-,-) 
  u_IDCT/IDRU8/add_86_45_g692/ZN                                        -       A1->ZN F     NAND2_X2       2  5.5    24    52    3332    (-,-) 
  u_IDCT/IDRU8/add_86_45_g689/ZN                                        -       A1->ZN R     NAND2_X1       1  4.3    53    72    3404    (-,-) 
  u_IDCT/IDRU8/add_86_45_g687/ZN                                        -       A1->ZN F     NAND2_X2       3  7.6    28    58    3462    (-,-) 
  u_IDCT/IDRU8/add_86_45_g683/ZN                                        -       A1->ZN R     NAND3_X1       1  2.9    50    66    3528    (-,-) 
  u_IDCT/IDRU8/add_86_45_g682/ZN                                        -       A1->ZN F     NAND2_X1       2  5.5    37    65    3593    (-,-) 
  u_IDCT/IDRU8/add_86_45_g680/ZN                                        -       A1->ZN R     NAND2_X1       1  2.9    42    67    3660    (-,-) 
  u_IDCT/IDRU8/add_86_45_g678/ZN                                        -       A1->ZN F     NAND2_X1       2  5.5    33    62    3721    (-,-) 
  u_IDCT/IDRU8/add_86_45_g677/ZN                                        -       A1->ZN R     NAND2_X1       1  2.9    42    64    3785    (-,-) 
  u_IDCT/IDRU8/add_86_45_g675/ZN                                        -       A1->ZN F     NAND2_X1       2  4.8    30    58    3844    (-,-) 
  u_IDCT/IDRU8/add_86_45_g674/ZN                                        -       A1->ZN F     AND2_X1        3  6.2    28   119    3963    (-,-) 
  u_IDCT/IDRU8/add_86_45_g671/ZN                                        -       A1->ZN F     OR2_X1         1  3.4    35   182    4145    (-,-) 
  u_IDCT/IDRU8/add_86_45_g668/ZN                                        -       A->ZN  F     XNOR2_X1       1  2.2    27   129    4274    (-,-) 
  u_IDCT/IDRU8/g5202/Z                                                  -       A->Z   F     MUX2_X1        2  4.3    41   241    4515    (-,-) 
  u_IDCT/IDRU8/g5049/Z                                                  -       A->Z   F     MUX2_X1        1  2.8    37   239    4754    (-,-) 
  u_IDCT/g3860/ZN                                                       -       A->ZN  R     INV_X1         1  2.9    33    61    4815    (-,-) 
  u_IDCT/g3765/ZN                                                       -       B1->ZN F     OAI21_X1       1  2.6    30    45    4860    (-,-) 
  u_IDCT/tposemem_Bisted_RF_2P_ADV64x16_RF_2P_ADV64x16_u0_SRAM_i0/DB[7] (P)     -      F     rf_2p_hse      1    -     -     0    4860    (-,-) 
#-----------------------------------------------------------------------------------------------------------------------------------------------

(P) : Instance is preserved



Path 23: MET (46433 ps) Setup Check with Pin u_DCT/tposemem_Bisted_RF_2P_ADV64x16_RF_2P_ADV64x16_u0_SRAM_i0/CLKB->DB[8]
           Mode: scan_mode
          Group: C2C_scan_mode
     Startpoint: (R) u_DCT/IDRU8/Count_reg[0]/CK
          Clock: (R) CLK1
       Endpoint: (F) u_DCT/tposemem_Bisted_RF_2P_ADV64x16_RF_2P_ADV64x16_u0_SRAM_i0/DB[8]
          Clock: (F) CLK1

                     Capture       Launch     
        Clock Edge:+   50000            0     
       Src Latency:+       0            0     
       Net Latency:+    2000 (I)     2000 (I) 
           Arrival:=   52000         2000     
                                              
             Setup:-     238                  
       Uncertainty:-     500                  
     Required Time:=   51262                  
      Launch Clock:-    2000                  
         Data Path:-    2829                  
             Slack:=   46433                  

#----------------------------------------------------------------------------------------------------------------------------------------------
#                            Timing Point                              Flags    Arc   Edge   Cell     Fanout Load Trans Delay Arrival Instance 
#                                                                                                            (fF)  (ps)  (ps)   (ps)  Location 
#----------------------------------------------------------------------------------------------------------------------------------------------
  u_DCT/IDRU8/Count_reg[0]/CK                                          -       -      R     (arrival)     23    -     0     -    2000    (-,-) 
  u_DCT/IDRU8/Count_reg[0]/Q                                           -       CK->Q  F     SDFF_X2        3 10.2    78   360    2360    (-,-) 
  u_DCT/IDRU8/g5849/ZN                                                 -       A->ZN  R     INV_X4         4 11.9    41    85    2444    (-,-) 
  u_DCT/IDRU8/g5847/ZN                                                 -       A->ZN  F     INV_X2         4 19.3    25    52    2497    (-,-) 
  u_DCT/IDRU8/g5815__7344/ZN                                           -       A1->ZN F     AND3_X2        3  9.5    26   114    2611    (-,-) 
  u_DCT/IDRU8/g5807/ZN                                                 -       A->ZN  R     INV_X2         1  7.4    39    62    2672    (-,-) 
  u_DCT/IDRU8/g5805/ZN                                                 -       A->ZN  F     INV_X4        30 64.4    36    66    2739    (-,-) 
  u_DCT/IDRU8/g5712__6083/ZN                                           -       A1->ZN R     AOI22_X1       1  2.9   114   145    2883    (-,-) 
  u_DCT/IDRU8/g5619__7118/ZN                                           -       A2->ZN F     NAND4_X1       4 10.2   113   199    3083    (-,-) 
  u_DCT/IDRU8/add_86_45_g743__8780/ZN                                  -       A1->ZN F     OR2_X1         2  4.8    38   235    3318    (-,-) 
  u_DCT/IDRU8/add_86_45_g686__1309/ZN                                  -       A2->ZN R     NAND2_X1       1  4.3    53    87    3405    (-,-) 
  u_DCT/IDRU8/add_86_45_g684__9682/ZN                                  -       A1->ZN F     NAND2_X2       3  7.6    28    58    3463    (-,-) 
  u_DCT/IDRU8/add_86_45_g680__4296/ZN                                  -       A1->ZN R     NAND3_X1       1  4.2    60    77    3540    (-,-) 
  u_DCT/IDRU8/add_86_45_g679__8780/ZN                                  -       A1->ZN F     NAND3_X2       2  5.5    37    72    3612    (-,-) 
  u_DCT/IDRU8/add_86_45_g677__1857/ZN                                  -       A1->ZN R     NAND2_X1       1  4.3    53    79    3691    (-,-) 
  u_DCT/IDRU8/add_86_45_g675__1840/ZN                                  -       A1->ZN F     NAND2_X2       2  5.5    24    52    3743    (-,-) 
  u_DCT/IDRU8/add_86_45_g674__7344/ZN                                  -       A1->ZN R     NAND2_X1       1  2.9    42    60    3802    (-,-) 
  u_DCT/IDRU8/add_86_45_g672__2703/ZN                                  -       A1->ZN F     NAND2_X1       2  4.8    30    58    3861    (-,-) 
  u_DCT/IDRU8/add_86_45_g671__6083/ZN                                  -       A1->ZN F     AND2_X1        3  6.2    28   119    3980    (-,-) 
  u_DCT/IDRU8/add_86_45_g667__5703/ZN                                  -       B1->ZN R     AOI21_X1       2  5.7   153   178    4158    (-,-) 
  u_DCT/IDRU8/add_86_45_g663__7118/ZN                                  -       A->ZN  F     XNOR2_X1       1  2.2    46    75    4233    (-,-) 
  u_DCT/IDRU8/g5252__8757/Z                                            -       A->Z   F     MUX2_X1        2  4.3    41   252    4485    (-,-) 
  u_DCT/IDRU8/g5112__4296/Z                                            -       A->Z   F     MUX2_X1        1  2.8    37   239    4723    (-,-) 
  u_DCT/g3859/ZN                                                       -       A->ZN  R     INV_X1         1  2.9    33    61    4785    (-,-) 
  u_DCT/g3744/ZN                                                       -       B1->ZN F     OAI21_X1       1  2.6    30    45    4829    (-,-) 
  u_DCT/tposemem_Bisted_RF_2P_ADV64x16_RF_2P_ADV64x16_u0_SRAM_i0/DB[8] (P)     -      F     rf_2p_hse      1    -     -     0    4829    (-,-) 
#----------------------------------------------------------------------------------------------------------------------------------------------

(P) : Instance is preserved



Path 24: MET (46450 ps) Setup Check with Pin u_IDCT/tposemem_Bisted_RF_2P_ADV64x16_RF_2P_ADV64x16_u0_SRAM_i0/CLKB->DB[8]
           Mode: scan_mode
          Group: C2C_scan_mode
     Startpoint: (R) d_DoDCT_reg/CK
          Clock: (R) CLK1
       Endpoint: (F) u_IDCT/tposemem_Bisted_RF_2P_ADV64x16_RF_2P_ADV64x16_u0_SRAM_i0/DB[8]
          Clock: (F) CLK1

                     Capture       Launch     
        Clock Edge:+   50000            0     
       Src Latency:+       0            0     
       Net Latency:+    2000 (I)     2000 (I) 
           Arrival:=   52000         2000     
                                              
             Setup:-     238                  
       Uncertainty:-     500                  
     Required Time:=   51262                  
      Launch Clock:-    2000                  
         Data Path:-    2812                  
             Slack:=   46450                  

#-----------------------------------------------------------------------------------------------------------------------------------------------
#                             Timing Point                              Flags    Arc   Edge   Cell     Fanout Load Trans Delay Arrival Instance 
#                                                                                                             (fF)  (ps)  (ps)   (ps)  Location 
#-----------------------------------------------------------------------------------------------------------------------------------------------
  d_DoDCT_reg/CK                                                        -       -      R     (arrival)    670    -     0     -    2000    (-,-) 
  d_DoDCT_reg/Q                                                         -       CK->Q  F     SDFF_X1        1  4.1    48   242    2242    (-,-) 
  g546/Z                                                                -       A->Z   F     BUF_X4        11 36.6    30   122    2363    (-,-) 
  g375/ZN                                                               -       A->ZN  R     INV_X8         7 25.1    35    60    2423    (-,-) 
  u_IDCT/IDRU8/g5749/ZN                                                 -       A->ZN  F     INV_X4         4 18.7    16    35    2459    (-,-) 
  u_IDCT/IDRU8/g5721/ZN                                                 -       A3->ZN R     NAND3_X4       2 11.0    50    73    2532    (-,-) 
  u_IDCT/IDRU8/g5715/ZN                                                 -       A->ZN  F     INV_X4        18 37.6    26    56    2588    (-,-) 
  u_IDCT/IDRU8/g5682/ZN                                                 -       A1->ZN R     AOI22_X1       1  2.2   101   127    2714    (-,-) 
  u_IDCT/IDRU8/g5612/ZN                                                 -       A1->ZN R     AND2_X1        1  2.9    37   136    2850    (-,-) 
  u_IDCT/IDRU8/g5573/ZN                                                 -       A2->ZN F     NAND3_X1       4 10.4    85   124    2974    (-,-) 
  u_IDCT/IDRU8/add_86_45_g754/ZN                                        -       A1->ZN F     OR2_X1         2  4.8    38   220    3193    (-,-) 
  u_IDCT/IDRU8/add_86_45_g694/ZN                                        -       A2->ZN R     NAND2_X1       1  4.3    53    87    3280    (-,-) 
  u_IDCT/IDRU8/add_86_45_g692/ZN                                        -       A1->ZN F     NAND2_X2       2  5.5    24    52    3332    (-,-) 
  u_IDCT/IDRU8/add_86_45_g689/ZN                                        -       A1->ZN R     NAND2_X1       1  4.3    53    72    3404    (-,-) 
  u_IDCT/IDRU8/add_86_45_g687/ZN                                        -       A1->ZN F     NAND2_X2       3  7.6    28    58    3462    (-,-) 
  u_IDCT/IDRU8/add_86_45_g683/ZN                                        -       A1->ZN R     NAND3_X1       1  2.9    50    66    3528    (-,-) 
  u_IDCT/IDRU8/add_86_45_g682/ZN                                        -       A1->ZN F     NAND2_X1       2  5.5    37    65    3593    (-,-) 
  u_IDCT/IDRU8/add_86_45_g680/ZN                                        -       A1->ZN R     NAND2_X1       1  2.9    42    67    3660    (-,-) 
  u_IDCT/IDRU8/add_86_45_g678/ZN                                        -       A1->ZN F     NAND2_X1       2  5.5    33    62    3721    (-,-) 
  u_IDCT/IDRU8/add_86_45_g677/ZN                                        -       A1->ZN R     NAND2_X1       1  2.9    42    64    3785    (-,-) 
  u_IDCT/IDRU8/add_86_45_g675/ZN                                        -       A1->ZN F     NAND2_X1       2  4.8    30    58    3844    (-,-) 
  u_IDCT/IDRU8/add_86_45_g674/ZN                                        -       A1->ZN F     AND2_X1        3  6.2    28   119    3963    (-,-) 
  u_IDCT/IDRU8/add_86_45_g670/ZN                                        -       B1->ZN R     AOI21_X1       2  5.7   153   178    4140    (-,-) 
  u_IDCT/IDRU8/add_86_45_g666/ZN                                        -       A->ZN  F     XNOR2_X1       1  2.2    46    75    4216    (-,-) 
  u_IDCT/IDRU8/g5185/Z                                                  -       A->Z   F     MUX2_X1        2  4.3    41   252    4467    (-,-) 
  u_IDCT/IDRU8/g5051/Z                                                  -       A->Z   F     MUX2_X1        1  2.8    37   239    4706    (-,-) 
  u_IDCT/g3859/ZN                                                       -       A->ZN  R     INV_X1         1  2.9    33    61    4767    (-,-) 
  u_IDCT/g3744/ZN                                                       -       B1->ZN F     OAI21_X1       1  2.6    30    45    4812    (-,-) 
  u_IDCT/tposemem_Bisted_RF_2P_ADV64x16_RF_2P_ADV64x16_u0_SRAM_i0/DB[8] (P)     -      F     rf_2p_hse      1    -     -     0    4812    (-,-) 
#-----------------------------------------------------------------------------------------------------------------------------------------------

(P) : Instance is preserved



Path 25: MET (46689 ps) Setup Check with Pin u_DCT/tposemem_Bisted_RF_2P_ADV64x16_RF_2P_ADV64x16_u0_SRAM_i0/CLKB->DB[6]
           Mode: scan_mode
          Group: C2C_scan_mode
     Startpoint: (R) u_DCT/IDRU8/Count_reg[0]/CK
          Clock: (R) CLK1
       Endpoint: (F) u_DCT/tposemem_Bisted_RF_2P_ADV64x16_RF_2P_ADV64x16_u0_SRAM_i0/DB[6]
          Clock: (F) CLK1

                     Capture       Launch     
        Clock Edge:+   50000            0     
       Src Latency:+       0            0     
       Net Latency:+    2000 (I)     2000 (I) 
           Arrival:=   52000         2000     
                                              
             Setup:-     238                  
       Uncertainty:-     500                  
     Required Time:=   51262                  
      Launch Clock:-    2000                  
         Data Path:-    2573                  
             Slack:=   46689                  

#----------------------------------------------------------------------------------------------------------------------------------------------
#                            Timing Point                              Flags    Arc   Edge   Cell     Fanout Load Trans Delay Arrival Instance 
#                                                                                                            (fF)  (ps)  (ps)   (ps)  Location 
#----------------------------------------------------------------------------------------------------------------------------------------------
  u_DCT/IDRU8/Count_reg[0]/CK                                          -       -      R     (arrival)     23    -     0     -    2000    (-,-) 
  u_DCT/IDRU8/Count_reg[0]/Q                                           -       CK->Q  F     SDFF_X2        3 10.2    78   360    2360    (-,-) 
  u_DCT/IDRU8/g5849/ZN                                                 -       A->ZN  R     INV_X4         4 11.9    41    85    2444    (-,-) 
  u_DCT/IDRU8/g5847/ZN                                                 -       A->ZN  F     INV_X2         4 19.3    25    52    2497    (-,-) 
  u_DCT/IDRU8/g5815__7344/ZN                                           -       A1->ZN F     AND3_X2        3  9.5    26   114    2611    (-,-) 
  u_DCT/IDRU8/g5807/ZN                                                 -       A->ZN  R     INV_X2         1  7.4    39    62    2672    (-,-) 
  u_DCT/IDRU8/g5805/ZN                                                 -       A->ZN  F     INV_X4        30 64.4    36    66    2739    (-,-) 
  u_DCT/IDRU8/g5712__6083/ZN                                           -       A1->ZN R     AOI22_X1       1  2.9   114   145    2883    (-,-) 
  u_DCT/IDRU8/g5619__7118/ZN                                           -       A2->ZN F     NAND4_X1       4 10.2   113   199    3083    (-,-) 
  u_DCT/IDRU8/add_86_45_g743__8780/ZN                                  -       A1->ZN F     OR2_X1         2  4.8    38   235    3318    (-,-) 
  u_DCT/IDRU8/add_86_45_g686__1309/ZN                                  -       A2->ZN R     NAND2_X1       1  4.3    53    87    3405    (-,-) 
  u_DCT/IDRU8/add_86_45_g684__9682/ZN                                  -       A1->ZN F     NAND2_X2       3  7.6    28    58    3463    (-,-) 
  u_DCT/IDRU8/add_86_45_g680__4296/ZN                                  -       A1->ZN R     NAND3_X1       1  4.2    60    77    3540    (-,-) 
  u_DCT/IDRU8/add_86_45_g679__8780/ZN                                  -       A1->ZN F     NAND3_X2       2  5.5    37    72    3612    (-,-) 
  u_DCT/IDRU8/add_86_45_g677__1857/ZN                                  -       A1->ZN R     NAND2_X1       1  4.3    53    79    3691    (-,-) 
  u_DCT/IDRU8/add_86_45_g675__1840/ZN                                  -       A1->ZN F     NAND2_X2       2  5.5    24    52    3743    (-,-) 
  u_DCT/IDRU8/add_86_45_g674__7344/ZN                                  -       A1->ZN R     NAND2_X1       1  2.9    42    60    3802    (-,-) 
  u_DCT/IDRU8/add_86_45_g672__2703/ZN                                  -       A1->ZN F     NAND2_X1       2  4.8    30    58    3861    (-,-) 
  u_DCT/IDRU8/add_86_45_g670__2250/ZN                                  -       A->ZN  F     XNOR2_X1       1  2.2    27   126    3987    (-,-) 
  u_DCT/IDRU8/g5273__9682/Z                                            -       A->Z   F     MUX2_X1        2  4.3    41   241    4228    (-,-) 
  u_DCT/IDRU8/g5124__8757/Z                                            -       A->Z   F     MUX2_X1        1  2.8    37   239    4467    (-,-) 
  u_DCT/g3856/ZN                                                       -       A->ZN  R     INV_X1         1  2.9    33    61    4528    (-,-) 
  u_DCT/g3740/ZN                                                       -       B1->ZN F     OAI21_X1       1  2.6    30    45    4573    (-,-) 
  u_DCT/tposemem_Bisted_RF_2P_ADV64x16_RF_2P_ADV64x16_u0_SRAM_i0/DB[6] (P)     -      F     rf_2p_hse      1    -     -     0    4573    (-,-) 
#----------------------------------------------------------------------------------------------------------------------------------------------

(P) : Instance is preserved



Path 26: MET (46706 ps) Setup Check with Pin u_IDCT/tposemem_Bisted_RF_2P_ADV64x16_RF_2P_ADV64x16_u0_SRAM_i0/CLKB->DB[6]
           Mode: scan_mode
          Group: C2C_scan_mode
     Startpoint: (R) d_DoDCT_reg/CK
          Clock: (R) CLK1
       Endpoint: (F) u_IDCT/tposemem_Bisted_RF_2P_ADV64x16_RF_2P_ADV64x16_u0_SRAM_i0/DB[6]
          Clock: (F) CLK1

                     Capture       Launch     
        Clock Edge:+   50000            0     
       Src Latency:+       0            0     
       Net Latency:+    2000 (I)     2000 (I) 
           Arrival:=   52000         2000     
                                              
             Setup:-     238                  
       Uncertainty:-     500                  
     Required Time:=   51262                  
      Launch Clock:-    2000                  
         Data Path:-    2556                  
             Slack:=   46706                  

#-----------------------------------------------------------------------------------------------------------------------------------------------
#                             Timing Point                              Flags    Arc   Edge   Cell     Fanout Load Trans Delay Arrival Instance 
#                                                                                                             (fF)  (ps)  (ps)   (ps)  Location 
#-----------------------------------------------------------------------------------------------------------------------------------------------
  d_DoDCT_reg/CK                                                        -       -      R     (arrival)    670    -     0     -    2000    (-,-) 
  d_DoDCT_reg/Q                                                         -       CK->Q  F     SDFF_X1        1  4.1    48   242    2242    (-,-) 
  g546/Z                                                                -       A->Z   F     BUF_X4        11 36.6    30   122    2363    (-,-) 
  g375/ZN                                                               -       A->ZN  R     INV_X8         7 25.1    35    60    2423    (-,-) 
  u_IDCT/IDRU8/g5749/ZN                                                 -       A->ZN  F     INV_X4         4 18.7    16    35    2459    (-,-) 
  u_IDCT/IDRU8/g5721/ZN                                                 -       A3->ZN R     NAND3_X4       2 11.0    50    73    2532    (-,-) 
  u_IDCT/IDRU8/g5715/ZN                                                 -       A->ZN  F     INV_X4        18 37.6    26    56    2588    (-,-) 
  u_IDCT/IDRU8/g5682/ZN                                                 -       A1->ZN R     AOI22_X1       1  2.2   101   127    2714    (-,-) 
  u_IDCT/IDRU8/g5612/ZN                                                 -       A1->ZN R     AND2_X1        1  2.9    37   136    2850    (-,-) 
  u_IDCT/IDRU8/g5573/ZN                                                 -       A2->ZN F     NAND3_X1       4 10.4    85   124    2974    (-,-) 
  u_IDCT/IDRU8/add_86_45_g754/ZN                                        -       A1->ZN F     OR2_X1         2  4.8    38   220    3193    (-,-) 
  u_IDCT/IDRU8/add_86_45_g694/ZN                                        -       A2->ZN R     NAND2_X1       1  4.3    53    87    3280    (-,-) 
  u_IDCT/IDRU8/add_86_45_g692/ZN                                        -       A1->ZN F     NAND2_X2       2  5.5    24    52    3332    (-,-) 
  u_IDCT/IDRU8/add_86_45_g689/ZN                                        -       A1->ZN R     NAND2_X1       1  4.3    53    72    3404    (-,-) 
  u_IDCT/IDRU8/add_86_45_g687/ZN                                        -       A1->ZN F     NAND2_X2       3  7.6    28    58    3462    (-,-) 
  u_IDCT/IDRU8/add_86_45_g683/ZN                                        -       A1->ZN R     NAND3_X1       1  2.9    50    66    3528    (-,-) 
  u_IDCT/IDRU8/add_86_45_g682/ZN                                        -       A1->ZN F     NAND2_X1       2  5.5    37    65    3593    (-,-) 
  u_IDCT/IDRU8/add_86_45_g680/ZN                                        -       A1->ZN R     NAND2_X1       1  2.9    42    67    3660    (-,-) 
  u_IDCT/IDRU8/add_86_45_g678/ZN                                        -       A1->ZN F     NAND2_X1       2  5.5    33    62    3721    (-,-) 
  u_IDCT/IDRU8/add_86_45_g677/ZN                                        -       A1->ZN R     NAND2_X1       1  2.9    42    64    3785    (-,-) 
  u_IDCT/IDRU8/add_86_45_g675/ZN                                        -       A1->ZN F     NAND2_X1       2  4.8    30    58    3844    (-,-) 
  u_IDCT/IDRU8/add_86_45_g673/ZN                                        -       A->ZN  F     XNOR2_X1       1  2.2    27   126    3970    (-,-) 
  u_IDCT/IDRU8/g5204/Z                                                  -       A->Z   F     MUX2_X1        2  4.3    41   241    4211    (-,-) 
  u_IDCT/IDRU8/g5062/Z                                                  -       A->Z   F     MUX2_X1        1  2.8    37   239    4450    (-,-) 
  u_IDCT/g3856/ZN                                                       -       A->ZN  R     INV_X1         1  2.9    33    61    4511    (-,-) 
  u_IDCT/g3740/ZN                                                       -       B1->ZN F     OAI21_X1       1  2.6    30    45    4556    (-,-) 
  u_IDCT/tposemem_Bisted_RF_2P_ADV64x16_RF_2P_ADV64x16_u0_SRAM_i0/DB[6] (P)     -      F     rf_2p_hse      1    -     -     0    4556    (-,-) 
#-----------------------------------------------------------------------------------------------------------------------------------------------

(P) : Instance is preserved



Path 27: MET (46810 ps) Setup Check with Pin u_DCT/tposemem_Bisted_RF_2P_ADV64x16_RF_2P_ADV64x16_u0_SRAM_i0/CLKB->DB[5]
           Mode: scan_mode
          Group: C2C_scan_mode
     Startpoint: (R) u_DCT/IDRU8/Count_reg[0]/CK
          Clock: (R) CLK1
       Endpoint: (F) u_DCT/tposemem_Bisted_RF_2P_ADV64x16_RF_2P_ADV64x16_u0_SRAM_i0/DB[5]
          Clock: (F) CLK1

                     Capture       Launch     
        Clock Edge:+   50000            0     
       Src Latency:+       0            0     
       Net Latency:+    2000 (I)     2000 (I) 
           Arrival:=   52000         2000     
                                              
             Setup:-     238                  
       Uncertainty:-     500                  
     Required Time:=   51262                  
      Launch Clock:-    2000                  
         Data Path:-    2452                  
             Slack:=   46810                  

#----------------------------------------------------------------------------------------------------------------------------------------------
#                            Timing Point                              Flags    Arc   Edge   Cell     Fanout Load Trans Delay Arrival Instance 
#                                                                                                            (fF)  (ps)  (ps)   (ps)  Location 
#----------------------------------------------------------------------------------------------------------------------------------------------
  u_DCT/IDRU8/Count_reg[0]/CK                                          -       -      R     (arrival)     23    -     0     -    2000    (-,-) 
  u_DCT/IDRU8/Count_reg[0]/Q                                           -       CK->Q  F     SDFF_X2        3 10.2    78   360    2360    (-,-) 
  u_DCT/IDRU8/g5849/ZN                                                 -       A->ZN  R     INV_X4         4 11.9    41    85    2444    (-,-) 
  u_DCT/IDRU8/g5847/ZN                                                 -       A->ZN  F     INV_X2         4 19.3    25    52    2497    (-,-) 
  u_DCT/IDRU8/g5815__7344/ZN                                           -       A1->ZN F     AND3_X2        3  9.5    26   114    2611    (-,-) 
  u_DCT/IDRU8/g5807/ZN                                                 -       A->ZN  R     INV_X2         1  7.4    39    62    2672    (-,-) 
  u_DCT/IDRU8/g5805/ZN                                                 -       A->ZN  F     INV_X4        30 64.4    36    66    2739    (-,-) 
  u_DCT/IDRU8/g5712__6083/ZN                                           -       A1->ZN R     AOI22_X1       1  2.9   114   145    2883    (-,-) 
  u_DCT/IDRU8/g5619__7118/ZN                                           -       A2->ZN F     NAND4_X1       4 10.2   113   199    3083    (-,-) 
  u_DCT/IDRU8/add_86_45_g743__8780/ZN                                  -       A1->ZN F     OR2_X1         2  4.8    38   235    3318    (-,-) 
  u_DCT/IDRU8/add_86_45_g686__1309/ZN                                  -       A2->ZN R     NAND2_X1       1  4.3    53    87    3405    (-,-) 
  u_DCT/IDRU8/add_86_45_g684__9682/ZN                                  -       A1->ZN F     NAND2_X2       3  7.6    28    58    3463    (-,-) 
  u_DCT/IDRU8/add_86_45_g680__4296/ZN                                  -       A1->ZN R     NAND3_X1       1  4.2    60    77    3540    (-,-) 
  u_DCT/IDRU8/add_86_45_g679__8780/ZN                                  -       A1->ZN F     NAND3_X2       2  5.5    37    72    3612    (-,-) 
  u_DCT/IDRU8/add_86_45_g677__1857/ZN                                  -       A1->ZN R     NAND2_X1       1  4.3    53    79    3691    (-,-) 
  u_DCT/IDRU8/add_86_45_g675__1840/ZN                                  -       A1->ZN F     NAND2_X2       2  5.5    24    52    3743    (-,-) 
  u_DCT/IDRU8/add_86_45_g673__5795/ZN                                  -       A->ZN  F     XNOR2_X1       1  2.2    27   123    3866    (-,-) 
  u_DCT/IDRU8/g5269__4296/Z                                            -       A->Z   F     MUX2_X1        2  4.3    41   241    4107    (-,-) 
  u_DCT/IDRU8/g5126__5953/Z                                            -       A->Z   F     MUX2_X1        1  2.8    37   239    4346    (-,-) 
  u_DCT/g3867/ZN                                                       -       A->ZN  R     INV_X1         1  2.9    33    61    4407    (-,-) 
  u_DCT/g3751/ZN                                                       -       B1->ZN F     OAI21_X1       1  2.6    30    45    4452    (-,-) 
  u_DCT/tposemem_Bisted_RF_2P_ADV64x16_RF_2P_ADV64x16_u0_SRAM_i0/DB[5] (P)     -      F     rf_2p_hse      1    -     -     0    4452    (-,-) 
#----------------------------------------------------------------------------------------------------------------------------------------------

(P) : Instance is preserved



Path 28: MET (46827 ps) Setup Check with Pin u_IDCT/tposemem_Bisted_RF_2P_ADV64x16_RF_2P_ADV64x16_u0_SRAM_i0/CLKB->DB[5]
           Mode: scan_mode
          Group: C2C_scan_mode
     Startpoint: (R) d_DoDCT_reg/CK
          Clock: (R) CLK1
       Endpoint: (F) u_IDCT/tposemem_Bisted_RF_2P_ADV64x16_RF_2P_ADV64x16_u0_SRAM_i0/DB[5]
          Clock: (F) CLK1

                     Capture       Launch     
        Clock Edge:+   50000            0     
       Src Latency:+       0            0     
       Net Latency:+    2000 (I)     2000 (I) 
           Arrival:=   52000         2000     
                                              
             Setup:-     238                  
       Uncertainty:-     500                  
     Required Time:=   51262                  
      Launch Clock:-    2000                  
         Data Path:-    2435                  
             Slack:=   46827                  

#-----------------------------------------------------------------------------------------------------------------------------------------------
#                             Timing Point                              Flags    Arc   Edge   Cell     Fanout Load Trans Delay Arrival Instance 
#                                                                                                             (fF)  (ps)  (ps)   (ps)  Location 
#-----------------------------------------------------------------------------------------------------------------------------------------------
  d_DoDCT_reg/CK                                                        -       -      R     (arrival)    670    -     0     -    2000    (-,-) 
  d_DoDCT_reg/Q                                                         -       CK->Q  F     SDFF_X1        1  4.1    48   242    2242    (-,-) 
  g546/Z                                                                -       A->Z   F     BUF_X4        11 36.6    30   122    2363    (-,-) 
  g375/ZN                                                               -       A->ZN  R     INV_X8         7 25.1    35    60    2423    (-,-) 
  u_IDCT/IDRU8/g5749/ZN                                                 -       A->ZN  F     INV_X4         4 18.7    16    35    2459    (-,-) 
  u_IDCT/IDRU8/g5721/ZN                                                 -       A3->ZN R     NAND3_X4       2 11.0    50    73    2532    (-,-) 
  u_IDCT/IDRU8/g5715/ZN                                                 -       A->ZN  F     INV_X4        18 37.6    26    56    2588    (-,-) 
  u_IDCT/IDRU8/g5682/ZN                                                 -       A1->ZN R     AOI22_X1       1  2.2   101   127    2714    (-,-) 
  u_IDCT/IDRU8/g5612/ZN                                                 -       A1->ZN R     AND2_X1        1  2.9    37   136    2850    (-,-) 
  u_IDCT/IDRU8/g5573/ZN                                                 -       A2->ZN F     NAND3_X1       4 10.4    85   124    2974    (-,-) 
  u_IDCT/IDRU8/add_86_45_g754/ZN                                        -       A1->ZN F     OR2_X1         2  4.8    38   220    3193    (-,-) 
  u_IDCT/IDRU8/add_86_45_g694/ZN                                        -       A2->ZN R     NAND2_X1       1  4.3    53    87    3280    (-,-) 
  u_IDCT/IDRU8/add_86_45_g692/ZN                                        -       A1->ZN F     NAND2_X2       2  5.5    24    52    3332    (-,-) 
  u_IDCT/IDRU8/add_86_45_g689/ZN                                        -       A1->ZN R     NAND2_X1       1  4.3    53    72    3404    (-,-) 
  u_IDCT/IDRU8/add_86_45_g687/ZN                                        -       A1->ZN F     NAND2_X2       3  7.6    28    58    3462    (-,-) 
  u_IDCT/IDRU8/add_86_45_g683/ZN                                        -       A1->ZN R     NAND3_X1       1  2.9    50    66    3528    (-,-) 
  u_IDCT/IDRU8/add_86_45_g682/ZN                                        -       A1->ZN F     NAND2_X1       2  5.5    37    65    3593    (-,-) 
  u_IDCT/IDRU8/add_86_45_g680/ZN                                        -       A1->ZN R     NAND2_X1       1  2.9    42    67    3660    (-,-) 
  u_IDCT/IDRU8/add_86_45_g678/ZN                                        -       A1->ZN F     NAND2_X1       2  5.5    33    62    3721    (-,-) 
  u_IDCT/IDRU8/add_86_45_g676/ZN                                        -       A->ZN  F     XNOR2_X1       1  2.2    27   128    3849    (-,-) 
  u_IDCT/IDRU8/g5207/Z                                                  -       A->Z   F     MUX2_X1        2  4.3    41   241    4090    (-,-) 
  u_IDCT/IDRU8/g5064/Z                                                  -       A->Z   F     MUX2_X1        1  2.8    37   239    4329    (-,-) 
  u_IDCT/g3867/ZN                                                       -       A->ZN  R     INV_X1         1  2.9    33    61    4390    (-,-) 
  u_IDCT/g3751/ZN                                                       -       B1->ZN F     OAI21_X1       1  2.6    30    45    4435    (-,-) 
  u_IDCT/tposemem_Bisted_RF_2P_ADV64x16_RF_2P_ADV64x16_u0_SRAM_i0/DB[5] (P)     -      F     rf_2p_hse      1    -     -     0    4435    (-,-) 
#-----------------------------------------------------------------------------------------------------------------------------------------------

(P) : Instance is preserved



Path 29: MET (46934 ps) Setup Check with Pin u_DCT/tposemem_Bisted_RF_2P_ADV64x16_RF_2P_ADV64x16_u0_SRAM_i0/CLKB->DB[4]
           Mode: scan_mode
          Group: C2C_scan_mode
     Startpoint: (R) u_DCT/IDRU8/Count_reg[0]/CK
          Clock: (R) CLK1
       Endpoint: (F) u_DCT/tposemem_Bisted_RF_2P_ADV64x16_RF_2P_ADV64x16_u0_SRAM_i0/DB[4]
          Clock: (F) CLK1

                     Capture       Launch     
        Clock Edge:+   50000            0     
       Src Latency:+       0            0     
       Net Latency:+    2000 (I)     2000 (I) 
           Arrival:=   52000         2000     
                                              
             Setup:-     238                  
       Uncertainty:-     500                  
     Required Time:=   51262                  
      Launch Clock:-    2000                  
         Data Path:-    2328                  
             Slack:=   46934                  

#----------------------------------------------------------------------------------------------------------------------------------------------
#                            Timing Point                              Flags    Arc   Edge   Cell     Fanout Load Trans Delay Arrival Instance 
#                                                                                                            (fF)  (ps)  (ps)   (ps)  Location 
#----------------------------------------------------------------------------------------------------------------------------------------------
  u_DCT/IDRU8/Count_reg[0]/CK                                          -       -      R     (arrival)     23    -     0     -    2000    (-,-) 
  u_DCT/IDRU8/Count_reg[0]/Q                                           -       CK->Q  F     SDFF_X2        3 10.2    78   360    2360    (-,-) 
  u_DCT/IDRU8/g5849/ZN                                                 -       A->ZN  R     INV_X4         4 11.9    41    85    2444    (-,-) 
  u_DCT/IDRU8/g5847/ZN                                                 -       A->ZN  F     INV_X2         4 19.3    25    52    2497    (-,-) 
  u_DCT/IDRU8/g5815__7344/ZN                                           -       A1->ZN F     AND3_X2        3  9.5    26   114    2611    (-,-) 
  u_DCT/IDRU8/g5807/ZN                                                 -       A->ZN  R     INV_X2         1  7.4    39    62    2672    (-,-) 
  u_DCT/IDRU8/g5805/ZN                                                 -       A->ZN  F     INV_X4        30 64.4    36    66    2739    (-,-) 
  u_DCT/IDRU8/g5712__6083/ZN                                           -       A1->ZN R     AOI22_X1       1  2.9   114   145    2883    (-,-) 
  u_DCT/IDRU8/g5619__7118/ZN                                           -       A2->ZN F     NAND4_X1       4 10.2   113   199    3083    (-,-) 
  u_DCT/IDRU8/add_86_45_g743__8780/ZN                                  -       A1->ZN F     OR2_X1         2  4.8    38   235    3318    (-,-) 
  u_DCT/IDRU8/add_86_45_g686__1309/ZN                                  -       A2->ZN R     NAND2_X1       1  4.3    53    87    3405    (-,-) 
  u_DCT/IDRU8/add_86_45_g684__9682/ZN                                  -       A1->ZN F     NAND2_X2       3  7.6    28    58    3463    (-,-) 
  u_DCT/IDRU8/add_86_45_g680__4296/ZN                                  -       A1->ZN R     NAND3_X1       1  4.2    60    77    3540    (-,-) 
  u_DCT/IDRU8/add_86_45_g679__8780/ZN                                  -       A1->ZN F     NAND3_X2       2  5.5    37    72    3612    (-,-) 
  u_DCT/IDRU8/add_86_45_g676__5019/ZN                                  -       A->ZN  F     XNOR2_X1       1  2.2    27   130    3742    (-,-) 
  u_DCT/IDRU8/g5274__2683/Z                                            -       A->Z   F     MUX2_X1        2  4.3    41   241    3984    (-,-) 
  u_DCT/IDRU8/g5120__2900/Z                                            -       A->Z   F     MUX2_X1        1  2.8    37   239    4222    (-,-) 
  u_DCT/g3866/ZN                                                       -       A->ZN  R     INV_X1         1  2.9    33    61    4284    (-,-) 
  u_DCT/g3733/ZN                                                       -       B1->ZN F     OAI21_X1       1  2.6    30    45    4328    (-,-) 
  u_DCT/tposemem_Bisted_RF_2P_ADV64x16_RF_2P_ADV64x16_u0_SRAM_i0/DB[4] (P)     -      F     rf_2p_hse      1    -     -     0    4328    (-,-) 
#----------------------------------------------------------------------------------------------------------------------------------------------

(P) : Instance is preserved



Path 30: MET (46953 ps) Setup Check with Pin u_IDCT/tposemem_Bisted_RF_2P_ADV64x16_RF_2P_ADV64x16_u0_SRAM_i0/CLKB->DB[4]
           Mode: scan_mode
          Group: C2C_scan_mode
     Startpoint: (R) d_DoDCT_reg/CK
          Clock: (R) CLK1
       Endpoint: (F) u_IDCT/tposemem_Bisted_RF_2P_ADV64x16_RF_2P_ADV64x16_u0_SRAM_i0/DB[4]
          Clock: (F) CLK1

                     Capture       Launch     
        Clock Edge:+   50000            0     
       Src Latency:+       0            0     
       Net Latency:+    2000 (I)     2000 (I) 
           Arrival:=   52000         2000     
                                              
             Setup:-     238                  
       Uncertainty:-     500                  
     Required Time:=   51262                  
      Launch Clock:-    2000                  
         Data Path:-    2309                  
             Slack:=   46953                  

#-----------------------------------------------------------------------------------------------------------------------------------------------
#                             Timing Point                              Flags    Arc   Edge   Cell     Fanout Load Trans Delay Arrival Instance 
#                                                                                                             (fF)  (ps)  (ps)   (ps)  Location 
#-----------------------------------------------------------------------------------------------------------------------------------------------
  d_DoDCT_reg/CK                                                        -       -      R     (arrival)    670    -     0     -    2000    (-,-) 
  d_DoDCT_reg/Q                                                         -       CK->Q  F     SDFF_X1        1  4.1    48   242    2242    (-,-) 
  g546/Z                                                                -       A->Z   F     BUF_X4        11 36.6    30   122    2363    (-,-) 
  g375/ZN                                                               -       A->ZN  R     INV_X8         7 25.1    35    60    2423    (-,-) 
  u_IDCT/IDRU8/g5749/ZN                                                 -       A->ZN  F     INV_X4         4 18.7    16    35    2459    (-,-) 
  u_IDCT/IDRU8/g5721/ZN                                                 -       A3->ZN R     NAND3_X4       2 11.0    50    73    2532    (-,-) 
  u_IDCT/IDRU8/g5715/ZN                                                 -       A->ZN  F     INV_X4        18 37.6    26    56    2588    (-,-) 
  u_IDCT/IDRU8/g5682/ZN                                                 -       A1->ZN R     AOI22_X1       1  2.2   101   127    2714    (-,-) 
  u_IDCT/IDRU8/g5612/ZN                                                 -       A1->ZN R     AND2_X1        1  2.9    37   136    2850    (-,-) 
  u_IDCT/IDRU8/g5573/ZN                                                 -       A2->ZN F     NAND3_X1       4 10.4    85   124    2974    (-,-) 
  u_IDCT/IDRU8/add_86_45_g754/ZN                                        -       A1->ZN F     OR2_X1         2  4.8    38   220    3193    (-,-) 
  u_IDCT/IDRU8/add_86_45_g694/ZN                                        -       A2->ZN R     NAND2_X1       1  4.3    53    87    3280    (-,-) 
  u_IDCT/IDRU8/add_86_45_g692/ZN                                        -       A1->ZN F     NAND2_X2       2  5.5    24    52    3332    (-,-) 
  u_IDCT/IDRU8/add_86_45_g689/ZN                                        -       A1->ZN R     NAND2_X1       1  4.3    53    72    3404    (-,-) 
  u_IDCT/IDRU8/add_86_45_g687/ZN                                        -       A1->ZN F     NAND2_X2       3  7.6    28    58    3462    (-,-) 
  u_IDCT/IDRU8/add_86_45_g683/ZN                                        -       A1->ZN R     NAND3_X1       1  2.9    50    66    3528    (-,-) 
  u_IDCT/IDRU8/add_86_45_g682/ZN                                        -       A1->ZN F     NAND2_X1       2  5.5    37    65    3593    (-,-) 
  u_IDCT/IDRU8/add_86_45_g679/ZN                                        -       A->ZN  F     XNOR2_X1       1  2.2    27   130    3723    (-,-) 
  u_IDCT/IDRU8/g5206/Z                                                  -       A->Z   F     MUX2_X1        2  4.3    41   241    3964    (-,-) 
  u_IDCT/IDRU8/g5063/Z                                                  -       A->Z   F     MUX2_X1        1  2.8    37   239    4203    (-,-) 
  u_IDCT/g3866/ZN                                                       -       A->ZN  R     INV_X1         1  2.9    33    61    4264    (-,-) 
  u_IDCT/g3733/ZN                                                       -       B1->ZN F     OAI21_X1       1  2.6    30    45    4309    (-,-) 
  u_IDCT/tposemem_Bisted_RF_2P_ADV64x16_RF_2P_ADV64x16_u0_SRAM_i0/DB[4] (P)     -      F     rf_2p_hse      1    -     -     0    4309    (-,-) 
#-----------------------------------------------------------------------------------------------------------------------------------------------

(P) : Instance is preserved



Path 31: MET (46976 ps) Setup Check with Pin u_DCT/tposemem_Bisted_RF_2P_ADV64x16_RF_2P_ADV64x16_u0_SRAM_i0/CLKB->DB[3]
           Mode: scan_mode
          Group: C2C_scan_mode
     Startpoint: (R) u_DCT/IDRU8/Count_reg[0]/CK
          Clock: (R) CLK1
       Endpoint: (F) u_DCT/tposemem_Bisted_RF_2P_ADV64x16_RF_2P_ADV64x16_u0_SRAM_i0/DB[3]
          Clock: (F) CLK1

                     Capture       Launch     
        Clock Edge:+   50000            0     
       Src Latency:+       0            0     
       Net Latency:+    2000 (I)     2000 (I) 
           Arrival:=   52000         2000     
                                              
             Setup:-     238                  
       Uncertainty:-     500                  
     Required Time:=   51262                  
      Launch Clock:-    2000                  
         Data Path:-    2286                  
             Slack:=   46976                  

#----------------------------------------------------------------------------------------------------------------------------------------------
#                            Timing Point                              Flags    Arc   Edge   Cell     Fanout Load Trans Delay Arrival Instance 
#                                                                                                            (fF)  (ps)  (ps)   (ps)  Location 
#----------------------------------------------------------------------------------------------------------------------------------------------
  u_DCT/IDRU8/Count_reg[0]/CK                                          -       -      R     (arrival)     23    -     0     -    2000    (-,-) 
  u_DCT/IDRU8/Count_reg[0]/Q                                           -       CK->Q  F     SDFF_X2        3 10.2    78   360    2360    (-,-) 
  u_DCT/IDRU8/g5849/ZN                                                 -       A->ZN  R     INV_X4         4 11.9    41    85    2444    (-,-) 
  u_DCT/IDRU8/g5847/ZN                                                 -       A->ZN  F     INV_X2         4 19.3    25    52    2497    (-,-) 
  u_DCT/IDRU8/g5815__7344/ZN                                           -       A1->ZN F     AND3_X2        3  9.5    26   114    2611    (-,-) 
  u_DCT/IDRU8/g5807/ZN                                                 -       A->ZN  R     INV_X2         1  7.4    39    62    2672    (-,-) 
  u_DCT/IDRU8/g5805/ZN                                                 -       A->ZN  F     INV_X4        30 64.4    36    66    2739    (-,-) 
  u_DCT/IDRU8/g5712__6083/ZN                                           -       A1->ZN R     AOI22_X1       1  2.9   114   145    2883    (-,-) 
  u_DCT/IDRU8/g5619__7118/ZN                                           -       A2->ZN F     NAND4_X1       4 10.2   113   199    3083    (-,-) 
  u_DCT/IDRU8/add_86_45_g743__8780/ZN                                  -       A1->ZN F     OR2_X1         2  4.8    38   235    3318    (-,-) 
  u_DCT/IDRU8/add_86_45_g686__1309/ZN                                  -       A2->ZN R     NAND2_X1       1  4.3    53    87    3405    (-,-) 
  u_DCT/IDRU8/add_86_45_g684__9682/ZN                                  -       A1->ZN F     NAND2_X2       3  7.6    28    58    3463    (-,-) 
  u_DCT/IDRU8/add_86_45_g683__4547/ZN                                  -       A1->ZN R     NAND2_X1       1  2.9    42    62    3525    (-,-) 
  u_DCT/IDRU8/add_86_45_g681__3772/ZN                                  -       A1->ZN F     NAND2_X1       1  3.4    27    51    3576    (-,-) 
  u_DCT/IDRU8/add_86_45_g678__9906/ZN                                  -       A->ZN  F     XNOR2_X1       1  2.2    27   124    3700    (-,-) 
  u_DCT/IDRU8/g5270__3772/Z                                            -       A->Z   F     MUX2_X1        2  4.3    41   241    3942    (-,-) 
  u_DCT/IDRU8/g5127__5703/Z                                            -       A->Z   F     MUX2_X1        1  2.8    37   239    4180    (-,-) 
  u_DCT/g3868/ZN                                                       -       A->ZN  R     INV_X1         1  2.9    33    61    4242    (-,-) 
  u_DCT/g3748/ZN                                                       -       B1->ZN F     OAI21_X1       1  2.6    30    45    4286    (-,-) 
  u_DCT/tposemem_Bisted_RF_2P_ADV64x16_RF_2P_ADV64x16_u0_SRAM_i0/DB[3] (P)     -      F     rf_2p_hse      1    -     -     0    4286    (-,-) 
#----------------------------------------------------------------------------------------------------------------------------------------------

(P) : Instance is preserved



Path 32: MET (46977 ps) Setup Check with Pin u_IDCT/tposemem_Bisted_RF_2P_ADV64x16_RF_2P_ADV64x16_u0_SRAM_i0/CLKB->DB[3]
           Mode: scan_mode
          Group: C2C_scan_mode
     Startpoint: (R) d_DoDCT_reg/CK
          Clock: (R) CLK1
       Endpoint: (F) u_IDCT/tposemem_Bisted_RF_2P_ADV64x16_RF_2P_ADV64x16_u0_SRAM_i0/DB[3]
          Clock: (F) CLK1

                     Capture       Launch     
        Clock Edge:+   50000            0     
       Src Latency:+       0            0     
       Net Latency:+    2000 (I)     2000 (I) 
           Arrival:=   52000         2000     
                                              
             Setup:-     238                  
       Uncertainty:-     500                  
     Required Time:=   51262                  
      Launch Clock:-    2000                  
         Data Path:-    2285                  
             Slack:=   46977                  

#-----------------------------------------------------------------------------------------------------------------------------------------------
#                             Timing Point                              Flags    Arc   Edge   Cell     Fanout Load Trans Delay Arrival Instance 
#                                                                                                             (fF)  (ps)  (ps)   (ps)  Location 
#-----------------------------------------------------------------------------------------------------------------------------------------------
  d_DoDCT_reg/CK                                                        -       -      R     (arrival)    670    -     0     -    2000    (-,-) 
  d_DoDCT_reg/Q                                                         -       CK->Q  F     SDFF_X1        1  4.1    48   242    2242    (-,-) 
  g546/Z                                                                -       A->Z   F     BUF_X4        11 36.6    30   122    2363    (-,-) 
  g375/ZN                                                               -       A->ZN  R     INV_X8         7 25.1    35    60    2423    (-,-) 
  u_IDCT/IDRU8/g5749/ZN                                                 -       A->ZN  F     INV_X4         4 18.7    16    35    2459    (-,-) 
  u_IDCT/IDRU8/g5721/ZN                                                 -       A3->ZN R     NAND3_X4       2 11.0    50    73    2532    (-,-) 
  u_IDCT/IDRU8/g5715/ZN                                                 -       A->ZN  F     INV_X4        18 37.6    26    56    2588    (-,-) 
  u_IDCT/IDRU8/g5682/ZN                                                 -       A1->ZN R     AOI22_X1       1  2.2   101   127    2714    (-,-) 
  u_IDCT/IDRU8/g5612/ZN                                                 -       A1->ZN R     AND2_X1        1  2.9    37   136    2850    (-,-) 
  u_IDCT/IDRU8/g5573/ZN                                                 -       A2->ZN F     NAND3_X1       4 10.4    85   124    2974    (-,-) 
  u_IDCT/IDRU8/add_86_45_g754/ZN                                        -       A1->ZN F     OR2_X1         2  4.8    38   220    3193    (-,-) 
  u_IDCT/IDRU8/add_86_45_g694/ZN                                        -       A2->ZN R     NAND2_X1       1  4.3    53    87    3280    (-,-) 
  u_IDCT/IDRU8/add_86_45_g692/ZN                                        -       A1->ZN F     NAND2_X2       2  5.5    24    52    3332    (-,-) 
  u_IDCT/IDRU8/add_86_45_g689/ZN                                        -       A1->ZN R     NAND2_X1       1  4.3    53    72    3404    (-,-) 
  u_IDCT/IDRU8/add_86_45_g687/ZN                                        -       A1->ZN F     NAND2_X2       3  7.6    28    58    3462    (-,-) 
  u_IDCT/IDRU8/add_86_45_g686/ZN                                        -       A1->ZN R     NAND2_X1       1  2.9    42    62    3523    (-,-) 
  u_IDCT/IDRU8/add_86_45_g684/ZN                                        -       A1->ZN F     NAND2_X1       1  3.4    27    51    3574    (-,-) 
  u_IDCT/IDRU8/add_86_45_g681/ZN                                        -       A->ZN  F     XNOR2_X1       1  2.2    27   124    3699    (-,-) 
  u_IDCT/IDRU8/g5208/Z                                                  -       A->Z   F     MUX2_X1        2  4.3    41   241    3940    (-,-) 
  u_IDCT/IDRU8/g5061/Z                                                  -       A->Z   F     MUX2_X1        1  2.8    37   239    4179    (-,-) 
  u_IDCT/g3868/ZN                                                       -       A->ZN  R     INV_X1         1  2.9    33    61    4240    (-,-) 
  u_IDCT/g3748/ZN                                                       -       B1->ZN F     OAI21_X1       1  2.6    30    45    4285    (-,-) 
  u_IDCT/tposemem_Bisted_RF_2P_ADV64x16_RF_2P_ADV64x16_u0_SRAM_i0/DB[3] (P)     -      F     rf_2p_hse      1    -     -     0    4285    (-,-) 
#-----------------------------------------------------------------------------------------------------------------------------------------------

(P) : Instance is preserved



Path 33: MET (47088 ps) Setup Check with Pin u_DCT/tposemem_Bisted_RF_2P_ADV64x16_RF_2P_ADV64x16_u0_SRAM_i0/CLKB->DB[2]
           Mode: scan_mode
          Group: C2C_scan_mode
     Startpoint: (R) u_DCT/IDRU8/Count_reg[0]/CK
          Clock: (R) CLK1
       Endpoint: (F) u_DCT/tposemem_Bisted_RF_2P_ADV64x16_RF_2P_ADV64x16_u0_SRAM_i0/DB[2]
          Clock: (F) CLK1

                     Capture       Launch     
        Clock Edge:+   50000            0     
       Src Latency:+       0            0     
       Net Latency:+    2000 (I)     2000 (I) 
           Arrival:=   52000         2000     
                                              
             Setup:-     238                  
       Uncertainty:-     500                  
     Required Time:=   51262                  
      Launch Clock:-    2000                  
         Data Path:-    2174                  
             Slack:=   47088                  

#----------------------------------------------------------------------------------------------------------------------------------------------
#                            Timing Point                              Flags    Arc   Edge   Cell     Fanout Load Trans Delay Arrival Instance 
#                                                                                                            (fF)  (ps)  (ps)   (ps)  Location 
#----------------------------------------------------------------------------------------------------------------------------------------------
  u_DCT/IDRU8/Count_reg[0]/CK                                          -       -      R     (arrival)     23    -     0     -    2000    (-,-) 
  u_DCT/IDRU8/Count_reg[0]/Q                                           -       CK->Q  F     SDFF_X2        3 10.2    78   360    2360    (-,-) 
  u_DCT/IDRU8/g5849/ZN                                                 -       A->ZN  R     INV_X4         4 11.9    41    85    2444    (-,-) 
  u_DCT/IDRU8/g5847/ZN                                                 -       A->ZN  F     INV_X2         4 19.3    25    52    2497    (-,-) 
  u_DCT/IDRU8/g5815__7344/ZN                                           -       A1->ZN F     AND3_X2        3  9.5    26   114    2611    (-,-) 
  u_DCT/IDRU8/g5807/ZN                                                 -       A->ZN  R     INV_X2         1  7.4    39    62    2672    (-,-) 
  u_DCT/IDRU8/g5805/ZN                                                 -       A->ZN  F     INV_X4        30 64.4    36    66    2739    (-,-) 
  u_DCT/IDRU8/g5712__6083/ZN                                           -       A1->ZN R     AOI22_X1       1  2.9   114   145    2883    (-,-) 
  u_DCT/IDRU8/g5619__7118/ZN                                           -       A2->ZN F     NAND4_X1       4 10.2   113   199    3083    (-,-) 
  u_DCT/IDRU8/add_86_45_g743__8780/ZN                                  -       A1->ZN F     OR2_X1         2  4.8    38   235    3318    (-,-) 
  u_DCT/IDRU8/add_86_45_g686__1309/ZN                                  -       A2->ZN R     NAND2_X1       1  4.3    53    87    3405    (-,-) 
  u_DCT/IDRU8/add_86_45_g684__9682/ZN                                  -       A1->ZN F     NAND2_X2       3  7.6    28    58    3463    (-,-) 
  u_DCT/IDRU8/add_86_45_g682__1474/ZN                                  -       A->ZN  F     XNOR2_X1       1  2.2    27   125    3588    (-,-) 
  u_DCT/IDRU8/g5272__4547/Z                                            -       A->Z   F     MUX2_X1        2  4.3    41   241    3830    (-,-) 
  u_DCT/IDRU8/g5128__7114/Z                                            -       A->Z   F     MUX2_X1        1  2.8    37   239    4068    (-,-) 
  u_DCT/g3869/ZN                                                       -       A->ZN  R     INV_X1         1  2.9    33    61    4130    (-,-) 
  u_DCT/g3749/ZN                                                       -       B1->ZN F     OAI21_X1       1  2.6    30    45    4174    (-,-) 
  u_DCT/tposemem_Bisted_RF_2P_ADV64x16_RF_2P_ADV64x16_u0_SRAM_i0/DB[2] (P)     -      F     rf_2p_hse      1    -     -     0    4174    (-,-) 
#----------------------------------------------------------------------------------------------------------------------------------------------

(P) : Instance is preserved



Path 34: MET (47089 ps) Setup Check with Pin u_IDCT/tposemem_Bisted_RF_2P_ADV64x16_RF_2P_ADV64x16_u0_SRAM_i0/CLKB->DB[2]
           Mode: scan_mode
          Group: C2C_scan_mode
     Startpoint: (R) d_DoDCT_reg/CK
          Clock: (R) CLK1
       Endpoint: (F) u_IDCT/tposemem_Bisted_RF_2P_ADV64x16_RF_2P_ADV64x16_u0_SRAM_i0/DB[2]
          Clock: (F) CLK1

                     Capture       Launch     
        Clock Edge:+   50000            0     
       Src Latency:+       0            0     
       Net Latency:+    2000 (I)     2000 (I) 
           Arrival:=   52000         2000     
                                              
             Setup:-     238                  
       Uncertainty:-     500                  
     Required Time:=   51262                  
      Launch Clock:-    2000                  
         Data Path:-    2173                  
             Slack:=   47089                  

#-----------------------------------------------------------------------------------------------------------------------------------------------
#                             Timing Point                              Flags    Arc   Edge   Cell     Fanout Load Trans Delay Arrival Instance 
#                                                                                                             (fF)  (ps)  (ps)   (ps)  Location 
#-----------------------------------------------------------------------------------------------------------------------------------------------
  d_DoDCT_reg/CK                                                        -       -      R     (arrival)    670    -     0     -    2000    (-,-) 
  d_DoDCT_reg/Q                                                         -       CK->Q  F     SDFF_X1        1  4.1    48   242    2242    (-,-) 
  g546/Z                                                                -       A->Z   F     BUF_X4        11 36.6    30   122    2363    (-,-) 
  g375/ZN                                                               -       A->ZN  R     INV_X8         7 25.1    35    60    2423    (-,-) 
  u_IDCT/IDRU8/g5749/ZN                                                 -       A->ZN  F     INV_X4         4 18.7    16    35    2459    (-,-) 
  u_IDCT/IDRU8/g5721/ZN                                                 -       A3->ZN R     NAND3_X4       2 11.0    50    73    2532    (-,-) 
  u_IDCT/IDRU8/g5715/ZN                                                 -       A->ZN  F     INV_X4        18 37.6    26    56    2588    (-,-) 
  u_IDCT/IDRU8/g5682/ZN                                                 -       A1->ZN R     AOI22_X1       1  2.2   101   127    2714    (-,-) 
  u_IDCT/IDRU8/g5612/ZN                                                 -       A1->ZN R     AND2_X1        1  2.9    37   136    2850    (-,-) 
  u_IDCT/IDRU8/g5573/ZN                                                 -       A2->ZN F     NAND3_X1       4 10.4    85   124    2974    (-,-) 
  u_IDCT/IDRU8/add_86_45_g754/ZN                                        -       A1->ZN F     OR2_X1         2  4.8    38   220    3193    (-,-) 
  u_IDCT/IDRU8/add_86_45_g694/ZN                                        -       A2->ZN R     NAND2_X1       1  4.3    53    87    3280    (-,-) 
  u_IDCT/IDRU8/add_86_45_g692/ZN                                        -       A1->ZN F     NAND2_X2       2  5.5    24    52    3332    (-,-) 
  u_IDCT/IDRU8/add_86_45_g689/ZN                                        -       A1->ZN R     NAND2_X1       1  4.3    53    72    3404    (-,-) 
  u_IDCT/IDRU8/add_86_45_g687/ZN                                        -       A1->ZN F     NAND2_X2       3  7.6    28    58    3462    (-,-) 
  u_IDCT/IDRU8/add_86_45_g685/ZN                                        -       A->ZN  F     XNOR2_X1       1  2.2    27   125    3587    (-,-) 
  u_IDCT/IDRU8/g5205/Z                                                  -       A->Z   F     MUX2_X1        2  4.3    41   241    3828    (-,-) 
  u_IDCT/IDRU8/g5058/Z                                                  -       A->Z   F     MUX2_X1        1  2.8    37   239    4067    (-,-) 
  u_IDCT/g3869/ZN                                                       -       A->ZN  R     INV_X1         1  2.9    33    61    4128    (-,-) 
  u_IDCT/g3749/ZN                                                       -       B1->ZN F     OAI21_X1       1  2.6    30    45    4173    (-,-) 
  u_IDCT/tposemem_Bisted_RF_2P_ADV64x16_RF_2P_ADV64x16_u0_SRAM_i0/DB[2] (P)     -      F     rf_2p_hse      1    -     -     0    4173    (-,-) 
#-----------------------------------------------------------------------------------------------------------------------------------------------

(P) : Instance is preserved



Path 35: MET (47418 ps) Setup Check with Pin u_IDCT/tposemem_Bisted_RF_2P_ADV64x16_RF_2P_ADV64x16_u0_SRAM_i0/CLKB->DB[1]
           Mode: scan_mode
          Group: C2C_scan_mode
     Startpoint: (R) d_DoDCT_reg/CK
          Clock: (R) CLK1
       Endpoint: (F) u_IDCT/tposemem_Bisted_RF_2P_ADV64x16_RF_2P_ADV64x16_u0_SRAM_i0/DB[1]
          Clock: (F) CLK1

                     Capture       Launch     
        Clock Edge:+   50000            0     
       Src Latency:+       0            0     
       Net Latency:+    2000 (I)     2000 (I) 
           Arrival:=   52000         2000     
                                              
             Setup:-     238                  
       Uncertainty:-     500                  
     Required Time:=   51262                  
      Launch Clock:-    2000                  
         Data Path:-    1844                  
             Slack:=   47418                  

#-----------------------------------------------------------------------------------------------------------------------------------------------
#                             Timing Point                              Flags    Arc   Edge   Cell     Fanout Load Trans Delay Arrival Instance 
#                                                                                                             (fF)  (ps)  (ps)   (ps)  Location 
#-----------------------------------------------------------------------------------------------------------------------------------------------
  d_DoDCT_reg/CK                                                        -       -      R     (arrival)    670    -     0     -    2000    (-,-) 
  d_DoDCT_reg/Q                                                         -       CK->Q  F     SDFF_X1        1  4.1    48   242    2242    (-,-) 
  g546/Z                                                                -       A->Z   F     BUF_X4        11 36.6    30   122    2363    (-,-) 
  g375/ZN                                                               -       A->ZN  R     INV_X8         7 25.1    35    60    2423    (-,-) 
  u_IDCT/IDRU8/g5749/ZN                                                 -       A->ZN  F     INV_X4         4 18.7    16    35    2459    (-,-) 
  u_IDCT/IDRU8/g5721/ZN                                                 -       A3->ZN R     NAND3_X4       2 11.0    50    73    2532    (-,-) 
  u_IDCT/IDRU8/g5715/ZN                                                 -       A->ZN  F     INV_X4        18 37.6    26    56    2588    (-,-) 
  u_IDCT/IDRU8/g5682/ZN                                                 -       A1->ZN R     AOI22_X1       1  2.2   101   127    2714    (-,-) 
  u_IDCT/IDRU8/g5612/ZN                                                 -       A1->ZN R     AND2_X1        1  2.9    37   136    2850    (-,-) 
  u_IDCT/IDRU8/g5573/ZN                                                 -       A2->ZN F     NAND3_X1       4 10.4    85   124    2974    (-,-) 
  u_IDCT/IDRU8/add_86_45_g754/ZN                                        -       A1->ZN F     OR2_X1         2  4.8    38   220    3193    (-,-) 
  u_IDCT/IDRU8/add_86_45_g694/ZN                                        -       A2->ZN R     NAND2_X1       1  4.3    53    87    3280    (-,-) 
  u_IDCT/IDRU8/add_86_45_g692/ZN                                        -       A1->ZN F     NAND2_X2       2  5.5    24    52    3332    (-,-) 
  u_IDCT/IDRU8/add_86_45_g688/ZN                                        -       A->ZN  F     XNOR2_X1       1  2.7    29   126    3458    (-,-) 
  u_IDCT/IDRU8/g5073/ZN                                                 -       C1->ZN R     AOI221_X1      1  2.9   195   221    3679    (-,-) 
  u_IDCT/IDRU8/g5071/ZN                                                 -       A->ZN  F     INV_X1         1  2.8    44    55    3734    (-,-) 
  u_IDCT/g3870/ZN                                                       -       A->ZN  R     INV_X1         1  2.9    33    65    3799    (-,-) 
  u_IDCT/g3750/ZN                                                       -       B1->ZN F     OAI21_X1       1  2.6    30    45    3844    (-,-) 
  u_IDCT/tposemem_Bisted_RF_2P_ADV64x16_RF_2P_ADV64x16_u0_SRAM_i0/DB[1] (P)     -      F     rf_2p_hse      1    -     -     0    3844    (-,-) 
#-----------------------------------------------------------------------------------------------------------------------------------------------

(P) : Instance is preserved



Path 36: MET (47427 ps) Setup Check with Pin u_DCT/tposemem_Bisted_RF_2P_ADV64x16_RF_2P_ADV64x16_u0_SRAM_i0/CLKB->DB[1]
           Mode: scan_mode
          Group: C2C_scan_mode
     Startpoint: (R) u_DCT/IDRU8/Count_reg[0]/CK
          Clock: (R) CLK1
       Endpoint: (R) u_DCT/tposemem_Bisted_RF_2P_ADV64x16_RF_2P_ADV64x16_u0_SRAM_i0/DB[1]
          Clock: (F) CLK1

                     Capture       Launch     
        Clock Edge:+   50000            0     
       Src Latency:+       0            0     
       Net Latency:+    2000 (I)     2000 (I) 
           Arrival:=   52000         2000     
                                              
             Setup:-     263                  
       Uncertainty:-     500                  
     Required Time:=   51237                  
      Launch Clock:-    2000                  
         Data Path:-    1810                  
             Slack:=   47427                  

#----------------------------------------------------------------------------------------------------------------------------------------------
#                            Timing Point                              Flags    Arc   Edge   Cell     Fanout Load Trans Delay Arrival Instance 
#                                                                                                            (fF)  (ps)  (ps)   (ps)  Location 
#----------------------------------------------------------------------------------------------------------------------------------------------
  u_DCT/IDRU8/Count_reg[0]/CK                                          -       -      R     (arrival)     23    -     0     -    2000    (-,-) 
  u_DCT/IDRU8/Count_reg[0]/Q                                           -       CK->Q  F     SDFF_X2        3 10.2    78   360    2360    (-,-) 
  u_DCT/IDRU8/g5849/ZN                                                 -       A->ZN  R     INV_X4         4 11.9    41    85    2444    (-,-) 
  u_DCT/IDRU8/g5847/ZN                                                 -       A->ZN  F     INV_X2         4 19.3    25    52    2497    (-,-) 
  u_DCT/IDRU8/g5815__7344/ZN                                           -       A1->ZN F     AND3_X2        3  9.5    26   114    2611    (-,-) 
  u_DCT/IDRU8/g5807/ZN                                                 -       A->ZN  R     INV_X2         1  7.4    39    62    2672    (-,-) 
  u_DCT/IDRU8/g5805/ZN                                                 -       A->ZN  F     INV_X4        30 64.4    36    66    2739    (-,-) 
  u_DCT/IDRU8/g5712__6083/ZN                                           -       A1->ZN R     AOI22_X1       1  2.9   114   145    2883    (-,-) 
  u_DCT/IDRU8/g5619__7118/ZN                                           -       A2->ZN F     NAND4_X1       4 10.2   113   199    3083    (-,-) 
  u_DCT/IDRU8/add_86_45_g743__8780/ZN                                  -       A1->ZN F     OR2_X1         2  4.8    38   235    3318    (-,-) 
  u_DCT/IDRU8/add_86_45_g710__1474/ZN                                  -       A1->ZN R     NAND2_X1       1  3.8    50    75    3393    (-,-) 
  u_DCT/IDRU8/add_86_45_g685__2683/ZN                                  -       B->ZN  R     XNOR2_X1       1  2.9    93   136    3529    (-,-) 
  u_DCT/IDRU8/g5267__9906/ZN                                           -       A1->ZN F     NAND2_X1       1  2.8    41    65    3594    (-,-) 
  u_DCT/IDRU8/g5129__5266/ZN                                           -       A1->ZN R     NAND2_X1       1  2.9    46    69    3663    (-,-) 
  u_DCT/g3870/ZN                                                       -       A->ZN  F     INV_X1         1  2.7    15    33    3696    (-,-) 
  u_DCT/g3750/ZN                                                       -       B1->ZN R     OAI21_X1       1  2.6    86   114    3810    (-,-) 
  u_DCT/tposemem_Bisted_RF_2P_ADV64x16_RF_2P_ADV64x16_u0_SRAM_i0/DB[1] (P)     -      R     rf_2p_hse      1    -     -     0    3810    (-,-) 
#----------------------------------------------------------------------------------------------------------------------------------------------

(P) : Instance is preserved



Path 37: MET (47548 ps) Setup Check with Pin u_IDCT/tposemem_Bisted_RF_2P_ADV64x16_RF_2P_ADV64x16_u0_SRAM_i0/CLKB->DB[0]
           Mode: scan_mode
          Group: C2C_scan_mode
     Startpoint: (R) d_DoDCT_reg/CK
          Clock: (R) CLK1
       Endpoint: (R) u_IDCT/tposemem_Bisted_RF_2P_ADV64x16_RF_2P_ADV64x16_u0_SRAM_i0/DB[0]
          Clock: (F) CLK1

                     Capture       Launch     
        Clock Edge:+   50000            0     
       Src Latency:+       0            0     
       Net Latency:+    2000 (I)     2000 (I) 
           Arrival:=   52000         2000     
                                              
             Setup:-     263                  
       Uncertainty:-     500                  
     Required Time:=   51237                  
      Launch Clock:-    2000                  
         Data Path:-    1689                  
             Slack:=   47548                  

#-----------------------------------------------------------------------------------------------------------------------------------------------
#                             Timing Point                              Flags    Arc   Edge   Cell     Fanout Load Trans Delay Arrival Instance 
#                                                                                                             (fF)  (ps)  (ps)   (ps)  Location 
#-----------------------------------------------------------------------------------------------------------------------------------------------
  d_DoDCT_reg/CK                                                        -       -      R     (arrival)    670    -     0     -    2000    (-,-) 
  d_DoDCT_reg/Q                                                         -       CK->Q  F     SDFF_X1        1  4.1    48   242    2242    (-,-) 
  g546/Z                                                                -       A->Z   F     BUF_X4        11 36.6    30   122    2363    (-,-) 
  g375/ZN                                                               -       A->ZN  R     INV_X8         7 25.1    35    60    2423    (-,-) 
  u_IDCT/IDRU8/g5749/ZN                                                 -       A->ZN  F     INV_X4         4 18.7    16    35    2459    (-,-) 
  u_IDCT/IDRU8/g5721/ZN                                                 -       A3->ZN R     NAND3_X4       2 11.0    50    73    2532    (-,-) 
  u_IDCT/IDRU8/g5715/ZN                                                 -       A->ZN  F     INV_X4        18 37.6    26    56    2588    (-,-) 
  u_IDCT/IDRU8/g5682/ZN                                                 -       A1->ZN R     AOI22_X1       1  2.2   101   127    2714    (-,-) 
  u_IDCT/IDRU8/g5612/ZN                                                 -       A1->ZN R     AND2_X1        1  2.9    37   136    2850    (-,-) 
  u_IDCT/IDRU8/g5573/ZN                                                 -       A2->ZN F     NAND3_X1       4 10.4    85   124    2974    (-,-) 
  u_IDCT/IDRU8/add_86_45_g754/ZN                                        -       A1->ZN F     OR2_X1         2  4.8    38   220    3193    (-,-) 
  u_IDCT/IDRU8/add_86_45_g710/ZN                                        -       A1->ZN R     NAND2_X1       1  3.8    50    75    3268    (-,-) 
  u_IDCT/IDRU8/add_86_45_g691/ZN                                        -       B->ZN  R     XNOR2_X1       1  2.9    93   136    3404    (-,-) 
  u_IDCT/IDRU8/g5074/ZN                                                 -       C1->ZN F     AOI221_X1      1  2.8    54    72    3477    (-,-) 
  u_IDCT/IDRU8/g5072/ZN                                                 -       A->ZN  R     INV_X1         1  2.9    35    70    3547    (-,-) 
  u_IDCT/g3871/ZN                                                       -       A->ZN  F     INV_X1         1  2.7    13    29    3576    (-,-) 
  u_IDCT/g3747/ZN                                                       -       B1->ZN R     OAI21_X1       1  2.6    86   113    3689    (-,-) 
  u_IDCT/tposemem_Bisted_RF_2P_ADV64x16_RF_2P_ADV64x16_u0_SRAM_i0/DB[0] (P)     -      R     rf_2p_hse      1    -     -     0    3689    (-,-) 
#-----------------------------------------------------------------------------------------------------------------------------------------------

(P) : Instance is preserved



Path 38: MET (47558 ps) Setup Check with Pin u_DCT/tposemem_Bisted_RF_2P_ADV64x16_RF_2P_ADV64x16_u0_SRAM_i0/CLKB->DB[0]
           Mode: scan_mode
          Group: C2C_scan_mode
     Startpoint: (R) u_DCT/IDRU8/Count_reg[0]/CK
          Clock: (R) CLK1
       Endpoint: (R) u_DCT/tposemem_Bisted_RF_2P_ADV64x16_RF_2P_ADV64x16_u0_SRAM_i0/DB[0]
          Clock: (F) CLK1

                     Capture       Launch     
        Clock Edge:+   50000            0     
       Src Latency:+       0            0     
       Net Latency:+    2000 (I)     2000 (I) 
           Arrival:=   52000         2000     
                                              
             Setup:-     263                  
       Uncertainty:-     500                  
     Required Time:=   51237                  
      Launch Clock:-    2000                  
         Data Path:-    1679                  
             Slack:=   47558                  

#----------------------------------------------------------------------------------------------------------------------------------------------
#                            Timing Point                              Flags    Arc   Edge   Cell     Fanout Load Trans Delay Arrival Instance 
#                                                                                                            (fF)  (ps)  (ps)   (ps)  Location 
#----------------------------------------------------------------------------------------------------------------------------------------------
  u_DCT/IDRU8/Count_reg[0]/CK                                          -       -      R     (arrival)     23    -     0     -    2000    (-,-) 
  u_DCT/IDRU8/Count_reg[0]/Q                                           -       CK->Q  F     SDFF_X2        3 10.2    78   360    2360    (-,-) 
  u_DCT/IDRU8/g5849/ZN                                                 -       A->ZN  R     INV_X4         4 11.9    41    85    2444    (-,-) 
  u_DCT/IDRU8/g5847/ZN                                                 -       A->ZN  F     INV_X2         4 19.3    25    52    2497    (-,-) 
  u_DCT/IDRU8/g2__9906/ZN                                              -       A1->ZN F     AND3_X4       32 70.0    50   150    2647    (-,-) 
  u_DCT/IDRU8/g5873/ZN                                                 -       B1->ZN R     AOI22_X2       1  4.6   104   180    2827    (-,-) 
  u_DCT/IDRU8/g5625__5266/ZN                                           -       A2->ZN F     NAND4_X2       4 10.2    75   146    2973    (-,-) 
  u_DCT/IDRU8/add_86_45_g744__4296/ZN                                  -       A1->ZN F     OR2_X1         2  4.8    38   214    3187    (-,-) 
  u_DCT/IDRU8/add_86_45_g709__3772/ZN                                  -       A1->ZN R     NAND2_X1       1  3.8    49    75    3262    (-,-) 
  u_DCT/IDRU8/add_86_45_g689__2391/ZN                                  -       B->ZN  R     XNOR2_X1       1  2.9    93   136    3399    (-,-) 
  u_DCT/IDRU8/g5268__8780/ZN                                           -       A1->ZN F     NAND2_X1       1  2.8    41    65    3463    (-,-) 
  u_DCT/IDRU8/g5125__1786/ZN                                           -       A1->ZN R     NAND2_X1       1  2.9    46    69    3532    (-,-) 
  u_DCT/g3871/ZN                                                       -       A->ZN  F     INV_X1         1  2.7    15    33    3565    (-,-) 
  u_DCT/g3747/ZN                                                       -       B1->ZN R     OAI21_X1       1  2.6    86   114    3679    (-,-) 
  u_DCT/tposemem_Bisted_RF_2P_ADV64x16_RF_2P_ADV64x16_u0_SRAM_i0/DB[0] (P)     -      R     rf_2p_hse      1    -     -     0    3679    (-,-) 
#----------------------------------------------------------------------------------------------------------------------------------------------

(P) : Instance is preserved



Path 39: MET (47982 ps) Setup Check with Pin u_IDCT/tposemem_Bisted_RF_2P_ADV64x16_RF_2P_ADV64x16_u0_SRAM_i0/CLKA->CENA
           Mode: scan_mode
          Group: C2C_scan_mode
     Startpoint: (R) u_IDCT/tposemem_Bisted_RF_2P_ADV64x16_BistCtrl_i0_S44_State_reg[3]/CK
          Clock: (F) CLK1
       Endpoint: (R) u_IDCT/tposemem_Bisted_RF_2P_ADV64x16_RF_2P_ADV64x16_u0_SRAM_i0/CENA
          Clock: (R) CLK1

                     Capture       Launch     
        Clock Edge:+  100000        50000     
       Src Latency:+       0            0     
       Net Latency:+    2000 (I)     2000 (I) 
           Arrival:=  102000        52000     
                                              
             Setup:-     218                  
       Uncertainty:-     500                  
     Required Time:=  101282                  
      Launch Clock:-   52000                  
         Data Path:-    1300                  
             Slack:=   47982                  

#-----------------------------------------------------------------------------------------------------------------------------------------------
#                             Timing Point                              Flags    Arc   Edge   Cell     Fanout Load Trans Delay Arrival Instance 
#                                                                                                             (fF)  (ps)  (ps)   (ps)  Location 
#-----------------------------------------------------------------------------------------------------------------------------------------------
  u_IDCT/tposemem_Bisted_RF_2P_ADV64x16_BistCtrl_i0_S44_State_reg[3]/CK -       -      R     (arrival)      6    -     0     -   52000    (-,-) 
  u_IDCT/tposemem_Bisted_RF_2P_ADV64x16_BistCtrl_i0_S44_State_reg[3]/Q  -       CK->Q  F     SDFF_X1        4  9.0    60   272   52272    (-,-) 
  u_IDCT/g3881/ZN                                                       -       A->ZN  R     INV_X1         7 16.1   139   186   52458    (-,-) 
  u_IDCT/g3853/ZN                                                       -       A1->ZN F     NAND2_X1       3  6.1    54   102   52560    (-,-) 
  u_IDCT/g3816/ZN                                                       -       A1->ZN F     OR3_X1         5 10.4    70   332   52892    (-,-) 
  u_IDCT/g3797/ZN                                                       -       A2->ZN F     AND3_X1        2  4.2    26   154   53045    (-,-) 
  u_IDCT/g3781/ZN                                                       -       A1->ZN F     AND3_X1        2  4.1    25   118   53163    (-,-) 
  u_IDCT/g3779/ZN                                                       -       A1->ZN R     NOR2_X1        1  4.2   103   137   53300    (-,-) 
  u_IDCT/tposemem_Bisted_RF_2P_ADV64x16_RF_2P_ADV64x16_u0_SRAM_i0/CENA  (P)     -      R     rf_2p_hse      1    -     -     0   53300    (-,-) 
#-----------------------------------------------------------------------------------------------------------------------------------------------

(P) : Instance is preserved



Path 40: MET (47982 ps) Setup Check with Pin u_DCT/tposemem_Bisted_RF_2P_ADV64x16_RF_2P_ADV64x16_u0_SRAM_i0/CLKA->CENA
           Mode: scan_mode
          Group: C2C_scan_mode
     Startpoint: (R) u_DCT/tposemem_Bisted_RF_2P_ADV64x16_BistCtrl_i0_S44_State_reg[3]/CK
          Clock: (F) CLK1
       Endpoint: (R) u_DCT/tposemem_Bisted_RF_2P_ADV64x16_RF_2P_ADV64x16_u0_SRAM_i0/CENA
          Clock: (R) CLK1

                     Capture       Launch     
        Clock Edge:+  100000        50000     
       Src Latency:+       0            0     
       Net Latency:+    2000 (I)     2000 (I) 
           Arrival:=  102000        52000     
                                              
             Setup:-     218                  
       Uncertainty:-     500                  
     Required Time:=  101282                  
      Launch Clock:-   52000                  
         Data Path:-    1300                  
             Slack:=   47982                  

#----------------------------------------------------------------------------------------------------------------------------------------------
#                            Timing Point                              Flags    Arc   Edge   Cell     Fanout Load Trans Delay Arrival Instance 
#                                                                                                            (fF)  (ps)  (ps)   (ps)  Location 
#----------------------------------------------------------------------------------------------------------------------------------------------
  u_DCT/tposemem_Bisted_RF_2P_ADV64x16_BistCtrl_i0_S44_State_reg[3]/CK -       -      R     (arrival)      6    -     0     -   52000    (-,-) 
  u_DCT/tposemem_Bisted_RF_2P_ADV64x16_BistCtrl_i0_S44_State_reg[3]/Q  -       CK->Q  F     SDFF_X1        4  9.0    60   272   52272    (-,-) 
  u_DCT/g3880/ZN                                                       -       A->ZN  R     INV_X1         7 16.1   139   186   52458    (-,-) 
  u_DCT/g3853/ZN                                                       -       A1->ZN F     NAND2_X1       3  6.1    54   102   52560    (-,-) 
  u_DCT/g3816/ZN                                                       -       A1->ZN F     OR3_X1         5 10.4    70   332   52892    (-,-) 
  u_DCT/g3797/ZN                                                       -       A2->ZN F     AND3_X1        2  4.2    26   154   53045    (-,-) 
  u_DCT/g3781/ZN                                                       -       A1->ZN F     AND3_X1        2  4.1    25   118   53163    (-,-) 
  u_DCT/g3779/ZN                                                       -       A1->ZN R     NOR2_X1        1  4.2   103   137   53300    (-,-) 
  u_DCT/tposemem_Bisted_RF_2P_ADV64x16_RF_2P_ADV64x16_u0_SRAM_i0/CENA  (P)     -      R     rf_2p_hse      1    -     -     0   53300    (-,-) 
#----------------------------------------------------------------------------------------------------------------------------------------------

(P) : Instance is preserved



Path 41: MET (48169 ps) Setup Check with Pin u_IDCT/tposemem_Bisted_RF_2P_ADV64x16_BistCtrl_i0_RC_CG_HIER_INST79/RC_CGIC_INST/CK->E
           Mode: scan_mode
          Group: cg_enable_group_CLK1
     Startpoint: (R) d_Mode_reg/CK
          Clock: (R) CLK1
       Endpoint: (R) u_IDCT/tposemem_Bisted_RF_2P_ADV64x16_BistCtrl_i0_RC_CG_HIER_INST79/RC_CGIC_INST/E
          Clock: (F) CLK1

                     Capture       Launch     
        Clock Edge:+   50000            0     
       Src Latency:+       0            0     
       Net Latency:+    2000 (I)     2000 (I) 
           Arrival:=   52000         2000     
                                              
             Setup:-     290                  
       Uncertainty:-     500                  
     Required Time:=   51210                  
      Launch Clock:-    2000                  
         Data Path:-    1041                  
             Slack:=   48169                  

#-----------------------------------------------------------------------------------------------------------------------------------------------------------------
#                                   Timing Point                                     Flags    Arc   Edge     Cell       Fanout  Load Trans Delay Arrival Instance 
#                                                                                                                               (fF)  (ps)  (ps)   (ps)  Location 
#-----------------------------------------------------------------------------------------------------------------------------------------------------------------
  d_Mode_reg/CK                                                                      -       -      R     (arrival)        670     -     0     -    2000    (-,-) 
  d_Mode_reg/Q                                                                       -       CK->Q  F     SDFFR_X1           1   6.8    57   280    2280    (-,-) 
  g553/ZN                                                                            -       A->ZN  R     INV_X4             1  49.9   110   155    2435    (-,-) 
  g552/ZN                                                                            -       A->ZN  F     INV_X32           98 204.8    35    70    2505    (-,-) 
  u_IDCT/g3195/ZN                                                                    -       A->ZN  R     INV_X1            17  40.5   336   378    2883    (-,-) 
  u_IDCT/g3761/ZN                                                                    -       A2->ZN R     OR2_X1             1   2.2    35   158    3041    (-,-) 
  u_IDCT/tposemem_Bisted_RF_2P_ADV64x16_BistCtrl_i0_RC_CG_HIER_INST79/RC_CGIC_INST/E -       -      R     CLKGATETST_X1      1     -     -     0    3041    (-,-) 
#-----------------------------------------------------------------------------------------------------------------------------------------------------------------



Path 42: MET (48169 ps) Setup Check with Pin u_DCT/tposemem_Bisted_RF_2P_ADV64x16_BistCtrl_i0_RC_CG_HIER_INST39/RC_CGIC_INST/CK->E
           Mode: scan_mode
          Group: cg_enable_group_CLK1
     Startpoint: (R) d_Mode_reg/CK
          Clock: (R) CLK1
       Endpoint: (R) u_DCT/tposemem_Bisted_RF_2P_ADV64x16_BistCtrl_i0_RC_CG_HIER_INST39/RC_CGIC_INST/E
          Clock: (F) CLK1

                     Capture       Launch     
        Clock Edge:+   50000            0     
       Src Latency:+       0            0     
       Net Latency:+    2000 (I)     2000 (I) 
           Arrival:=   52000         2000     
                                              
             Setup:-     290                  
       Uncertainty:-     500                  
     Required Time:=   51210                  
      Launch Clock:-    2000                  
         Data Path:-    1041                  
             Slack:=   48169                  

#----------------------------------------------------------------------------------------------------------------------------------------------------------------
#                                   Timing Point                                    Flags    Arc   Edge     Cell       Fanout  Load Trans Delay Arrival Instance 
#                                                                                                                              (fF)  (ps)  (ps)   (ps)  Location 
#----------------------------------------------------------------------------------------------------------------------------------------------------------------
  d_Mode_reg/CK                                                                     -       -      R     (arrival)        670     -     0     -    2000    (-,-) 
  d_Mode_reg/Q                                                                      -       CK->Q  F     SDFFR_X1           1   6.8    57   280    2280    (-,-) 
  g553/ZN                                                                           -       A->ZN  R     INV_X4             1  49.9   110   155    2435    (-,-) 
  g552/ZN                                                                           -       A->ZN  F     INV_X32           98 204.8    35    70    2505    (-,-) 
  u_DCT/g3195/ZN                                                                    -       A->ZN  R     INV_X1            17  40.5   336   378    2883    (-,-) 
  u_DCT/g3761/ZN                                                                    -       A2->ZN R     OR2_X1             1   2.2    35   158    3041    (-,-) 
  u_DCT/tposemem_Bisted_RF_2P_ADV64x16_BistCtrl_i0_RC_CG_HIER_INST39/RC_CGIC_INST/E -       -      R     CLKGATETST_X1      1     -     -     0    3041    (-,-) 
#----------------------------------------------------------------------------------------------------------------------------------------------------------------



Path 43: MET (48596 ps) Setup Check with Pin u_IDCT/tposemem_Bisted_RF_2P_ADV64x16_RF_2P_ADV64x16_u0_SRAM_i0/CLKB->AB[0]
           Mode: scan_mode
          Group: C2C_scan_mode
     Startpoint: (R) d_Mode_reg/CK
          Clock: (R) CLK1
       Endpoint: (R) u_IDCT/tposemem_Bisted_RF_2P_ADV64x16_RF_2P_ADV64x16_u0_SRAM_i0/AB[0]
          Clock: (F) CLK1

                     Capture       Launch     
        Clock Edge:+   50000            0     
       Src Latency:+       0            0     
       Net Latency:+    2000 (I)     2000 (I) 
           Arrival:=   52000         2000     
                                              
             Setup:-     262                  
       Uncertainty:-     500                  
     Required Time:=   51238                  
      Launch Clock:-    2000                  
         Data Path:-     641                  
             Slack:=   48596                  

#------------------------------------------------------------------------------------------------------------------------------------------------
#                             Timing Point                              Flags    Arc   Edge   Cell     Fanout  Load Trans Delay Arrival Instance 
#                                                                                                              (fF)  (ps)  (ps)   (ps)  Location 
#------------------------------------------------------------------------------------------------------------------------------------------------
  d_Mode_reg/CK                                                         -       -      R     (arrival)    670     -     0     -    2000    (-,-) 
  d_Mode_reg/Q                                                          -       CK->Q  F     SDFFR_X1       1   6.8    57   280    2280    (-,-) 
  g553/ZN                                                               -       A->ZN  R     INV_X4         1  49.9   110   155    2435    (-,-) 
  g552/ZN                                                               -       A->ZN  F     INV_X32       98 204.8    35    70    2505    (-,-) 
  u_IDCT/g3736/ZN                                                       -       B1->ZN R     OAI21_X1       1   3.3    99   136    2641    (-,-) 
  u_IDCT/tposemem_Bisted_RF_2P_ADV64x16_RF_2P_ADV64x16_u0_SRAM_i0/AB[0] (P)     -      R     rf_2p_hse      1     -     -     0    2641    (-,-) 
#------------------------------------------------------------------------------------------------------------------------------------------------

(P) : Instance is preserved



Path 44: MET (48596 ps) Setup Check with Pin u_IDCT/tposemem_Bisted_RF_2P_ADV64x16_RF_2P_ADV64x16_u0_SRAM_i0/CLKB->AB[1]
           Mode: scan_mode
          Group: C2C_scan_mode
     Startpoint: (R) d_Mode_reg/CK
          Clock: (R) CLK1
       Endpoint: (R) u_IDCT/tposemem_Bisted_RF_2P_ADV64x16_RF_2P_ADV64x16_u0_SRAM_i0/AB[1]
          Clock: (F) CLK1

                     Capture       Launch     
        Clock Edge:+   50000            0     
       Src Latency:+       0            0     
       Net Latency:+    2000 (I)     2000 (I) 
           Arrival:=   52000         2000     
                                              
             Setup:-     262                  
       Uncertainty:-     500                  
     Required Time:=   51238                  
      Launch Clock:-    2000                  
         Data Path:-     641                  
             Slack:=   48596                  

#------------------------------------------------------------------------------------------------------------------------------------------------
#                             Timing Point                              Flags    Arc   Edge   Cell     Fanout  Load Trans Delay Arrival Instance 
#                                                                                                              (fF)  (ps)  (ps)   (ps)  Location 
#------------------------------------------------------------------------------------------------------------------------------------------------
  d_Mode_reg/CK                                                         -       -      R     (arrival)    670     -     0     -    2000    (-,-) 
  d_Mode_reg/Q                                                          -       CK->Q  F     SDFFR_X1       1   6.8    57   280    2280    (-,-) 
  g553/ZN                                                               -       A->ZN  R     INV_X4         1  49.9   110   155    2435    (-,-) 
  g552/ZN                                                               -       A->ZN  F     INV_X32       98 204.8    35    70    2505    (-,-) 
  u_IDCT/g3725/ZN                                                       -       B1->ZN R     OAI21_X1       1   3.3    99   136    2641    (-,-) 
  u_IDCT/tposemem_Bisted_RF_2P_ADV64x16_RF_2P_ADV64x16_u0_SRAM_i0/AB[1] (P)     -      R     rf_2p_hse      1     -     -     0    2641    (-,-) 
#------------------------------------------------------------------------------------------------------------------------------------------------

(P) : Instance is preserved



Path 45: MET (48596 ps) Setup Check with Pin u_IDCT/tposemem_Bisted_RF_2P_ADV64x16_RF_2P_ADV64x16_u0_SRAM_i0/CLKB->AB[2]
           Mode: scan_mode
          Group: C2C_scan_mode
     Startpoint: (R) d_Mode_reg/CK
          Clock: (R) CLK1
       Endpoint: (R) u_IDCT/tposemem_Bisted_RF_2P_ADV64x16_RF_2P_ADV64x16_u0_SRAM_i0/AB[2]
          Clock: (F) CLK1

                     Capture       Launch     
        Clock Edge:+   50000            0     
       Src Latency:+       0            0     
       Net Latency:+    2000 (I)     2000 (I) 
           Arrival:=   52000         2000     
                                              
             Setup:-     262                  
       Uncertainty:-     500                  
     Required Time:=   51238                  
      Launch Clock:-    2000                  
         Data Path:-     641                  
             Slack:=   48596                  

#------------------------------------------------------------------------------------------------------------------------------------------------
#                             Timing Point                              Flags    Arc   Edge   Cell     Fanout  Load Trans Delay Arrival Instance 
#                                                                                                              (fF)  (ps)  (ps)   (ps)  Location 
#------------------------------------------------------------------------------------------------------------------------------------------------
  d_Mode_reg/CK                                                         -       -      R     (arrival)    670     -     0     -    2000    (-,-) 
  d_Mode_reg/Q                                                          -       CK->Q  F     SDFFR_X1       1   6.8    57   280    2280    (-,-) 
  g553/ZN                                                               -       A->ZN  R     INV_X4         1  49.9   110   155    2435    (-,-) 
  g552/ZN                                                               -       A->ZN  F     INV_X32       98 204.8    35    70    2505    (-,-) 
  u_IDCT/g3723/ZN                                                       -       B1->ZN R     OAI21_X1       1   3.3    99   136    2641    (-,-) 
  u_IDCT/tposemem_Bisted_RF_2P_ADV64x16_RF_2P_ADV64x16_u0_SRAM_i0/AB[2] (P)     -      R     rf_2p_hse      1     -     -     0    2641    (-,-) 
#------------------------------------------------------------------------------------------------------------------------------------------------

(P) : Instance is preserved



Path 46: MET (48596 ps) Setup Check with Pin u_IDCT/tposemem_Bisted_RF_2P_ADV64x16_RF_2P_ADV64x16_u0_SRAM_i0/CLKB->AB[3]
           Mode: scan_mode
          Group: C2C_scan_mode
     Startpoint: (R) d_Mode_reg/CK
          Clock: (R) CLK1
       Endpoint: (R) u_IDCT/tposemem_Bisted_RF_2P_ADV64x16_RF_2P_ADV64x16_u0_SRAM_i0/AB[3]
          Clock: (F) CLK1

                     Capture       Launch     
        Clock Edge:+   50000            0     
       Src Latency:+       0            0     
       Net Latency:+    2000 (I)     2000 (I) 
           Arrival:=   52000         2000     
                                              
             Setup:-     262                  
       Uncertainty:-     500                  
     Required Time:=   51238                  
      Launch Clock:-    2000                  
         Data Path:-     641                  
             Slack:=   48596                  

#------------------------------------------------------------------------------------------------------------------------------------------------
#                             Timing Point                              Flags    Arc   Edge   Cell     Fanout  Load Trans Delay Arrival Instance 
#                                                                                                              (fF)  (ps)  (ps)   (ps)  Location 
#------------------------------------------------------------------------------------------------------------------------------------------------
  d_Mode_reg/CK                                                         -       -      R     (arrival)    670     -     0     -    2000    (-,-) 
  d_Mode_reg/Q                                                          -       CK->Q  F     SDFFR_X1       1   6.8    57   280    2280    (-,-) 
  g553/ZN                                                               -       A->ZN  R     INV_X4         1  49.9   110   155    2435    (-,-) 
  g552/ZN                                                               -       A->ZN  F     INV_X32       98 204.8    35    70    2505    (-,-) 
  u_IDCT/g3735/ZN                                                       -       B1->ZN R     OAI21_X1       1   3.3    99   136    2641    (-,-) 
  u_IDCT/tposemem_Bisted_RF_2P_ADV64x16_RF_2P_ADV64x16_u0_SRAM_i0/AB[3] (P)     -      R     rf_2p_hse      1     -     -     0    2641    (-,-) 
#------------------------------------------------------------------------------------------------------------------------------------------------

(P) : Instance is preserved



Path 47: MET (48596 ps) Setup Check with Pin u_IDCT/tposemem_Bisted_RF_2P_ADV64x16_RF_2P_ADV64x16_u0_SRAM_i0/CLKB->AB[4]
           Mode: scan_mode
          Group: C2C_scan_mode
     Startpoint: (R) d_Mode_reg/CK
          Clock: (R) CLK1
       Endpoint: (R) u_IDCT/tposemem_Bisted_RF_2P_ADV64x16_RF_2P_ADV64x16_u0_SRAM_i0/AB[4]
          Clock: (F) CLK1

                     Capture       Launch     
        Clock Edge:+   50000            0     
       Src Latency:+       0            0     
       Net Latency:+    2000 (I)     2000 (I) 
           Arrival:=   52000         2000     
                                              
             Setup:-     262                  
       Uncertainty:-     500                  
     Required Time:=   51238                  
      Launch Clock:-    2000                  
         Data Path:-     641                  
             Slack:=   48596                  

#------------------------------------------------------------------------------------------------------------------------------------------------
#                             Timing Point                              Flags    Arc   Edge   Cell     Fanout  Load Trans Delay Arrival Instance 
#                                                                                                              (fF)  (ps)  (ps)   (ps)  Location 
#------------------------------------------------------------------------------------------------------------------------------------------------
  d_Mode_reg/CK                                                         -       -      R     (arrival)    670     -     0     -    2000    (-,-) 
  d_Mode_reg/Q                                                          -       CK->Q  F     SDFFR_X1       1   6.8    57   280    2280    (-,-) 
  g553/ZN                                                               -       A->ZN  R     INV_X4         1  49.9   110   155    2435    (-,-) 
  g552/ZN                                                               -       A->ZN  F     INV_X32       98 204.8    35    70    2505    (-,-) 
  u_IDCT/g3724/ZN                                                       -       B1->ZN R     OAI21_X1       1   3.3    99   136    2641    (-,-) 
  u_IDCT/tposemem_Bisted_RF_2P_ADV64x16_RF_2P_ADV64x16_u0_SRAM_i0/AB[4] (P)     -      R     rf_2p_hse      1     -     -     0    2641    (-,-) 
#------------------------------------------------------------------------------------------------------------------------------------------------

(P) : Instance is preserved



Path 48: MET (48596 ps) Setup Check with Pin u_IDCT/tposemem_Bisted_RF_2P_ADV64x16_RF_2P_ADV64x16_u0_SRAM_i0/CLKB->AB[5]
           Mode: scan_mode
          Group: C2C_scan_mode
     Startpoint: (R) d_Mode_reg/CK
          Clock: (R) CLK1
       Endpoint: (R) u_IDCT/tposemem_Bisted_RF_2P_ADV64x16_RF_2P_ADV64x16_u0_SRAM_i0/AB[5]
          Clock: (F) CLK1

                     Capture       Launch     
        Clock Edge:+   50000            0     
       Src Latency:+       0            0     
       Net Latency:+    2000 (I)     2000 (I) 
           Arrival:=   52000         2000     
                                              
             Setup:-     262                  
       Uncertainty:-     500                  
     Required Time:=   51238                  
      Launch Clock:-    2000                  
         Data Path:-     641                  
             Slack:=   48596                  

#------------------------------------------------------------------------------------------------------------------------------------------------
#                             Timing Point                              Flags    Arc   Edge   Cell     Fanout  Load Trans Delay Arrival Instance 
#                                                                                                              (fF)  (ps)  (ps)   (ps)  Location 
#------------------------------------------------------------------------------------------------------------------------------------------------
  d_Mode_reg/CK                                                         -       -      R     (arrival)    670     -     0     -    2000    (-,-) 
  d_Mode_reg/Q                                                          -       CK->Q  F     SDFFR_X1       1   6.8    57   280    2280    (-,-) 
  g553/ZN                                                               -       A->ZN  R     INV_X4         1  49.9   110   155    2435    (-,-) 
  g552/ZN                                                               -       A->ZN  F     INV_X32       98 204.8    35    70    2505    (-,-) 
  u_IDCT/g3722/ZN                                                       -       B1->ZN R     OAI21_X1       1   3.3    99   136    2641    (-,-) 
  u_IDCT/tposemem_Bisted_RF_2P_ADV64x16_RF_2P_ADV64x16_u0_SRAM_i0/AB[5] (P)     -      R     rf_2p_hse      1     -     -     0    2641    (-,-) 
#------------------------------------------------------------------------------------------------------------------------------------------------

(P) : Instance is preserved



Path 49: MET (48596 ps) Setup Check with Pin u_DCT/tposemem_Bisted_RF_2P_ADV64x16_RF_2P_ADV64x16_u0_SRAM_i0/CLKB->AB[0]
           Mode: scan_mode
          Group: C2C_scan_mode
     Startpoint: (R) d_Mode_reg/CK
          Clock: (R) CLK1
       Endpoint: (R) u_DCT/tposemem_Bisted_RF_2P_ADV64x16_RF_2P_ADV64x16_u0_SRAM_i0/AB[0]
          Clock: (F) CLK1

                     Capture       Launch     
        Clock Edge:+   50000            0     
       Src Latency:+       0            0     
       Net Latency:+    2000 (I)     2000 (I) 
           Arrival:=   52000         2000     
                                              
             Setup:-     262                  
       Uncertainty:-     500                  
     Required Time:=   51238                  
      Launch Clock:-    2000                  
         Data Path:-     641                  
             Slack:=   48596                  

#-----------------------------------------------------------------------------------------------------------------------------------------------
#                            Timing Point                              Flags    Arc   Edge   Cell     Fanout  Load Trans Delay Arrival Instance 
#                                                                                                             (fF)  (ps)  (ps)   (ps)  Location 
#-----------------------------------------------------------------------------------------------------------------------------------------------
  d_Mode_reg/CK                                                        -       -      R     (arrival)    670     -     0     -    2000    (-,-) 
  d_Mode_reg/Q                                                         -       CK->Q  F     SDFFR_X1       1   6.8    57   280    2280    (-,-) 
  g553/ZN                                                              -       A->ZN  R     INV_X4         1  49.9   110   155    2435    (-,-) 
  g552/ZN                                                              -       A->ZN  F     INV_X32       98 204.8    35    70    2505    (-,-) 
  u_DCT/g3736/ZN                                                       -       B1->ZN R     OAI21_X1       1   3.3    99   136    2641    (-,-) 
  u_DCT/tposemem_Bisted_RF_2P_ADV64x16_RF_2P_ADV64x16_u0_SRAM_i0/AB[0] (P)     -      R     rf_2p_hse      1     -     -     0    2641    (-,-) 
#-----------------------------------------------------------------------------------------------------------------------------------------------

(P) : Instance is preserved



Path 50: MET (48596 ps) Setup Check with Pin u_DCT/tposemem_Bisted_RF_2P_ADV64x16_RF_2P_ADV64x16_u0_SRAM_i0/CLKB->AB[1]
           Mode: scan_mode
          Group: C2C_scan_mode
     Startpoint: (R) d_Mode_reg/CK
          Clock: (R) CLK1
       Endpoint: (R) u_DCT/tposemem_Bisted_RF_2P_ADV64x16_RF_2P_ADV64x16_u0_SRAM_i0/AB[1]
          Clock: (F) CLK1

                     Capture       Launch     
        Clock Edge:+   50000            0     
       Src Latency:+       0            0     
       Net Latency:+    2000 (I)     2000 (I) 
           Arrival:=   52000         2000     
                                              
             Setup:-     262                  
       Uncertainty:-     500                  
     Required Time:=   51238                  
      Launch Clock:-    2000                  
         Data Path:-     641                  
             Slack:=   48596                  

#-----------------------------------------------------------------------------------------------------------------------------------------------
#                            Timing Point                              Flags    Arc   Edge   Cell     Fanout  Load Trans Delay Arrival Instance 
#                                                                                                             (fF)  (ps)  (ps)   (ps)  Location 
#-----------------------------------------------------------------------------------------------------------------------------------------------
  d_Mode_reg/CK                                                        -       -      R     (arrival)    670     -     0     -    2000    (-,-) 
  d_Mode_reg/Q                                                         -       CK->Q  F     SDFFR_X1       1   6.8    57   280    2280    (-,-) 
  g553/ZN                                                              -       A->ZN  R     INV_X4         1  49.9   110   155    2435    (-,-) 
  g552/ZN                                                              -       A->ZN  F     INV_X32       98 204.8    35    70    2505    (-,-) 
  u_DCT/g3725/ZN                                                       -       B1->ZN R     OAI21_X1       1   3.3    99   136    2641    (-,-) 
  u_DCT/tposemem_Bisted_RF_2P_ADV64x16_RF_2P_ADV64x16_u0_SRAM_i0/AB[1] (P)     -      R     rf_2p_hse      1     -     -     0    2641    (-,-) 
#-----------------------------------------------------------------------------------------------------------------------------------------------

(P) : Instance is preserved


