
Cadence Innovus(TM) Implementation System.
Copyright 2021 Cadence Design Systems, Inc. All rights reserved worldwide.

Version:	v21.13-s100_1, built Fri Mar 4 14:32:31 PST 2022
Options:	
Date:		Fri May 19 11:33:18 2023
Host:		f453_server (x86_64 w/Linux 3.10.0-1160.el7.x86_64) (12cores*48cpus*Intel(R) Xeon(R) CPU E5-2690 v3 @ 2.60GHz 30720KB)
OS:		CentOS Linux release 7.9.2009 (Core)

License:
		[11:33:18.175499] Configured Lic search path (20.02-s004): 5280@lstn:26585@lstn:

		invs	Innovus Implementation System	21.1	checkout succeeded
		8 CPU jobs allowed with the current license(s). Use setMultiCpuUsage to set your required CPU count.
**WARN: (IMPOPT-801):	Genus executable not found in PATH. Install Genus, add the path to the genus executable in the PATH variable and rerun Innovus.
Change the soft stacksize limit to 0.2%RAM (257 mbytes). Set global soft_stack_size_limit to change the value.
Sourcing startup file ./enc.tcl
<CMD> setLibraryUnit -cap 1pf

**INFO:  MMMC transition support version v31-84 

<CMD> set_global _enable_mmmc_by_default_flow      $CTE::mmmc_default
<CMD> suppressMessage ENCEXT-2799
<CMD> win
<CMD> encMessage warning 0
Suppress "**WARN ..." messages.
<CMD> encMessage debug 0
<CMD> is_common_ui_mode
<CMD> restoreDesign /home/111-2/C108110249/lab1/Lab_nangate/innovus/Lab2_1/DBS/powerplan_fixdrc.enc.dat CHIP
#% Begin load design ... (date=05/19 11:34:54, mem=730.8M)
Set Default Input Pin Transition as 0.1 ps.
Loading design 'CHIP' saved by 'Innovus' '19.12-s087_1' on 'Thu Jun 11 17:01:44 2020'.
% Begin Load MMMC data ... (date=05/19 11:34:54, mem=731.2M)
% End Load MMMC data ... (date=05/19 11:34:54, total cpu=0:00:00.0, real=0:00:00.0, peak res=732.2M, current mem=732.2M)
RC_typ RC_best RC_worst

Loading LEF file /home/111-2/C108110249/lab1/Lab_nangate/innovus/Lab2_1/DBS/powerplan_fixdrc.enc.dat/libs/lef/NangateOpenCellLibrary.tech.lef ...

Loading LEF file /home/111-2/C108110249/lab1/Lab_nangate/innovus/Lab2_1/DBS/powerplan_fixdrc.enc.dat/libs/lef/NangateOpenCellLibrary.macro.lef ...
Set DBUPerIGU to M2 pitch 380.

Loading LEF file /home/111-2/C108110249/lab1/Lab_nangate/innovus/Lab2_1/DBS/powerplan_fixdrc.enc.dat/libs/lef/tpz.lef ...
WARNING (LEFPARS-2001): No VERSION statement found, using the default value 5.8. See file /home/111-2/C108110249/lab1/Lab_nangate/innovus/Lab2_1/DBS/powerplan_fixdrc.enc.dat/libs/lef/tpz.lef at line 703.

Loading LEF file /home/111-2/C108110249/lab1/Lab_nangate/innovus/Lab2_1/DBS/powerplan_fixdrc.enc.dat/libs/lef/rf_2p_hse.lef ...

viaInitial starts at Fri May 19 11:34:54 2023
viaInitial ends at Fri May 19 11:34:54 2023

##  Check design process and node:  
##  Both design process and tech node are not set.

Loading view definition file from /home/111-2/C108110249/lab1/Lab_nangate/innovus/Lab2_1/DBS/powerplan_fixdrc.enc.dat/viewDefinition.tcl
Reading lib_max timing library '/home/111-2/C108110249/lab1/Lab_nangate/library/lib/NangateOpenCellLibrary_slow.lib' ...
Read 134 cells in library 'NangateOpenCellLibrary' 
Reading lib_max timing library '/home/111-2/C108110249/lab1/Lab_nangate/library/memory/rf_2p_hse_nldm_ss_0p81v_0p81v_125c_syn.lib' ...
Read 1 cells in library 'USERLIB_nldm_ss_0p81v_0p81v_125c' 
Reading lib_max timing library '/home/111-2/C108110249/lab1/Lab_nangate/library/lib/tpz_slow.lib' ...
Read 9 cells in library 'io_worst' 
Reading lib_min timing library '/home/111-2/C108110249/lab1/Lab_nangate/library/lib/NangateOpenCellLibrary_fast.lib' ...
Read 134 cells in library 'NangateOpenCellLibrary' 
Reading lib_min timing library '/home/111-2/C108110249/lab1/Lab_nangate/library/memory/rf_2p_hse_nldm_ff_0p99v_0p99v_m40c_syn.lib' ...
Read 1 cells in library 'USERLIB_nldm_ff_0p99v_0p99v_m40c' 
Reading lib_min timing library '/home/111-2/C108110249/lab1/Lab_nangate/library/lib/tpz_fast.lib' ...
Read 9 cells in library 'io_best' 
*** End library_loading (cpu=0.01min, real=0.02min, mem=20.0M, fe_cpu=0.47min, fe_real=1.62min, fe_mem=1034.7M) ***
% Begin Load netlist data ... (date=05/19 11:34:55, mem=746.0M)
*** Begin netlist parsing (mem=1034.7M) ***
Pin 'VSS' of cell 'PADVSS' is declared as power/ground in LEF but as signal in timing library.  Treat it as power/ground.
Pin 'VDD' of cell 'PADVDD' is declared as power/ground in LEF but as signal in timing library.  Treat it as power/ground.
Created 144 new cells from 6 timing libraries.
Reading netlist ...
Backslashed names will retain backslash and a trailing blank character.
Reading verilogBinary netlist '/home/111-2/C108110249/lab1/Lab_nangate/innovus/Lab2_1/DBS/powerplan_fixdrc.enc.dat/CHIP.v.bin'

*** Memory Usage v#1 (Current mem = 1046.758M, initial mem = 387.332M) ***
*** End netlist parsing (cpu=0:00:00.0, real=0:00:00.0, mem=1046.8M) ***
% End Load netlist data ... (date=05/19 11:34:55, total cpu=0:00:00.1, real=0:00:00.0, peak res=755.0M, current mem=755.0M)
Set top cell to CHIP.
Hooked 288 DB cells to tlib cells.
Starting recursive module instantiation check.
No recursion found.
Building hierarchical netlist for Cell CHIP ...
*** Netlist is unique.
** info: there are 780 modules.
** info: there are 10759 stdCell insts.
** info: there are 31 Pad insts.
** info: there are 2 macros.

*** Memory Usage v#1 (Current mem = 1109.684M, initial mem = 387.332M) ***
*info: set bottom ioPad orient R0
Initializing I/O assignment ...
**WARN: (IMPFP-3961):	The techSite 'rf_2p_hse' has no related standard cells in the LEF/OA library. The calculations for this site type cannot be made unless standard cell models of this type exist in the LEF/OA library. Ignore this warning if the SITE is not used by the library. Alternatively, remove the SITE definition for the LEF/OA library to avoid this message.
Type 'man IMPFP-3961' for more detail.
**WARN: (IMPFP-3961):	The techSite 'corner' has no related standard cells in the LEF/OA library. The calculations for this site type cannot be made unless standard cell models of this type exist in the LEF/OA library. Ignore this warning if the SITE is not used by the library. Alternatively, remove the SITE definition for the LEF/OA library to avoid this message.
Type 'man IMPFP-3961' for more detail.
**WARN: (IMPFP-3961):	The techSite 'pad' has no related standard cells in the LEF/OA library. The calculations for this site type cannot be made unless standard cell models of this type exist in the LEF/OA library. Ignore this warning if the SITE is not used by the library. Alternatively, remove the SITE definition for the LEF/OA library to avoid this message.
Type 'man IMPFP-3961' for more detail.
Start create_tracks
Loading preference file /home/111-2/C108110249/lab1/Lab_nangate/innovus/Lab2_1/DBS/powerplan_fixdrc.enc.dat/gui.pref.tcl ...
**WARN: (IMPSYT-3004):	Option ConstraintUserXGrid is obsolete and will be removed in future release.  Use 'setFPlanMode -user_define_grid' instead. To avoid this warning and to ensure compatibility with  future releases, please remove the obsolete preference from your script.
**WARN: (IMPSYT-3004):	Option ConstraintUserYGrid is obsolete and will be removed in future release.  Use 'setFPlanMode -user_define_grid' instead. To avoid this warning and to ensure compatibility with  future releases, please remove the obsolete preference from your script.
**WARN: (IMPSYT-3004):	Option ConstraintUserXOffset is obsolete and will be removed in future release.  Use 'setFPlanMode -user_define_grid' instead. To avoid this warning and to ensure compatibility with  future releases, please remove the obsolete preference from your script.
**WARN: (IMPSYT-3004):	Option ConstraintUserYOffset is obsolete and will be removed in future release.  Use 'setFPlanMode -user_define_grid' instead. To avoid this warning and to ensure compatibility with  future releases, please remove the obsolete preference from your script.
**WARN: (IMPSYT-3046):	Unknown preference name "SnapAllCorners".
**WARN: (IMPSYT-3046):	Unknown preference name "UserGridUnit".
**WARN: (IMPSYT-3046):	Unknown preference name "displayViaSize".
**WARN: (IMPSYT-3046):	Unknown preference name "MoveMacrosWithGuide".
**WARN: (IMPSYT-3046):	Unknown preference name "MoveMacrosWithRegion".
**WARN: (IMPSYT-3046):	Unknown preference name "MoveStdCellWithGuide".
**WARN: (IMPSYT-3046):	Unknown preference name "MoveStdCellWithRegion".
**WARN: (IMPSYT-3046):	Unknown preference name "MoveStdCellWithFence".
**WARN: (IMPSYT-3046):	Unknown preference name "MovePreplacedStdCellOnly".
##  Process: 45            (User Set)               
##     Node: (not set)                           

##  Check design process and node:  
##  Design tech node is not set.

Applying the recommended capacitance filtering threshold values for 45nm process node: total_c_th=0, relative_c_th=1 and coupling_c_th=0.1.
	These values will be used by all post-route extraction engines, including TQuantus, IQuantus and Quantus QRC extraction.
	Capacitance filtering mode(-capFilterMode option of the setExtractRCMode) is 'relAndCoup' for all engines.
	The accuracy mode for postRoute effortLevel low extraction will be set to 'high'.
	Default value for EffortLevel(-effortLevel option of the setExtractRCMode) in postRoute extraction mode will be 'medium' if Quantus QRC technology file is specified else 'low'.
**WARN: (IMPTCM-77):	Option "-boundaryPlace" for command setPlanDesignMode is obsolete and will be removed in a future release. The obsolete option still works in this release but to avoid this warning and to ensure compatibility with future releases, remove the obsolete option from your script.
**WARN: (IMPAFP-9024):	This command is hidden and will be obsolete in the next major release. For module placement, use proto_design instead. For macro placement, use place_design -concurrent_macros to place both standard cells and macros together.
**WARN: (IMPTCM-77):	Option "-effort" for command setPlanDesignMode is obsolete and will be removed in a future release. The obsolete option still works in this release but to avoid this warning and to ensure compatibility with future releases, remove the obsolete option from your script.
**WARN: (IMPAFP-9024):	This command is hidden and will be obsolete in the next major release. For module placement, use proto_design instead. For macro placement, use place_design -concurrent_macros to place both standard cells and macros together.
**WARN: (IMPTCM-77):	Option "-fixPlacedMacros" for command setPlanDesignMode is obsolete and will be removed in a future release. The obsolete option still works in this release but to avoid this warning and to ensure compatibility with future releases, remove the obsolete option from your script.
**WARN: (IMPAFP-9024):	This command is hidden and will be obsolete in the next major release. For module placement, use proto_design instead. For macro placement, use place_design -concurrent_macros to place both standard cells and macros together.
**WARN: (IMPTCM-77):	Option "-incremental" for command setPlanDesignMode is obsolete and will be removed in a future release. The obsolete option still works in this release but to avoid this warning and to ensure compatibility with future releases, remove the obsolete option from your script.
**WARN: (IMPAFP-9024):	This command is hidden and will be obsolete in the next major release. For module placement, use proto_design instead. For macro placement, use place_design -concurrent_macros to place both standard cells and macros together.
**WARN: (IMPTCM-77):	Option "-noColorize" for command setPlanDesignMode is obsolete and will be removed in a future release. The obsolete option still works in this release but to avoid this warning and to ensure compatibility with future releases, remove the obsolete option from your script.
**WARN: (IMPAFP-9024):	This command is hidden and will be obsolete in the next major release. For module placement, use proto_design instead. For macro placement, use place_design -concurrent_macros to place both standard cells and macros together.
addRing command will ignore shorts while creating rings.
addRing command will disallow rings to go over rows.
addRing command will consider rows while creating rings.
The ring targets are set to core/block ring wires.
addStripe will not allow jog to connect padcore ring and block ring.

Setting stripe extending to closest ring.
When breaking rings, the power planner will consider the existence of blocks.
addStripe will break automatically at non-default domains when generating global stripes over the core area or default domain.
The entire stripe set will break at the domain if one of the nets is not in the domain.
Stripes will not be created over regions without power planning wires.
Offset for stripe breaking is set to 0.
Stripes will stop at the boundary of the specified area.
The power planner will set stripe antenna targets to none (no trimming allowed).
*Info: initialize multi-corner CTS.
Reading lib_typ timing library '/home/111-2/C108110249/lab1/Lab_nangate/library/lib/NangateOpenCellLibrary_typical.lib' ...
Read 134 cells in library 'NangateOpenCellLibrary' 
Reading lib_typ timing library '/home/111-2/C108110249/lab1/Lab_nangate/library/memory/rf_2p_hse_nldm_tt_0p90v_0p90v_25c_syn.lib' ...
Read 1 cells in library 'USERLIB_nldm_tt_0p90v_0p90v_25c' 
Reading lib_typ timing library '/home/111-2/C108110249/lab1/Lab_nangate/library/lib/tpz_typ.lib' ...
Read 9 cells in library 'io_typ' 
Total number of combinational cells: 99
Total number of sequential cells: 29
Total number of tristate cells: 6
Total number of level shifter cells: 0
Total number of power gating cells: 0
Total number of isolation cells: 0
Total number of power switch cells: 0
Total number of pulse generator cells: 0
Total number of always on buffers: 0
Total number of retention cells: 0
List of usable buffers: BUF_X1 BUF_X2 BUF_X4 BUF_X8 BUF_X16 BUF_X32 CLKBUF_X1 CLKBUF_X2 CLKBUF_X3
Total number of usable buffers: 9
List of unusable buffers:
Total number of unusable buffers: 0
List of usable inverters: INV_X1 INV_X2 INV_X4 INV_X8 INV_X16 INV_X32
Total number of usable inverters: 6
List of unusable inverters:
Total number of unusable inverters: 0
List of identified usable delay cells:
Total number of identified usable delay cells: 0
List of identified unusable delay cells:
Total number of identified unusable delay cells: 0
No delay cells were detected in the set of buffers. Buffers will be used to fix hold violations.
AV_func_max AV_scan_typ AV_scan_min AV_scan_max AV_func_typ AV_func_min
Reading floorplan file - /home/111-2/C108110249/lab1/Lab_nangate/innovus/Lab2_1/DBS/powerplan_fixdrc.enc.dat/CHIP.fp.gz (mem = 1110.3M).
% Begin Load floorplan data ... (date=05/19 11:34:56, mem=805.5M)
*info: reset 17172 existing net BottomPreferredLayer and AvoidDetour
Deleting old partition specification.
Set FPlanBox to (0 0 1558760 1558760)
**WARN: (IMPFP-3961):	The techSite 'rf_2p_hse' has no related standard cells in the LEF/OA library. The calculations for this site type cannot be made unless standard cell models of this type exist in the LEF/OA library. Ignore this warning if the SITE is not used by the library. Alternatively, remove the SITE definition for the LEF/OA library to avoid this message.
Type 'man IMPFP-3961' for more detail.
**WARN: (IMPFP-3961):	The techSite 'corner' has no related standard cells in the LEF/OA library. The calculations for this site type cannot be made unless standard cell models of this type exist in the LEF/OA library. Ignore this warning if the SITE is not used by the library. Alternatively, remove the SITE definition for the LEF/OA library to avoid this message.
Type 'man IMPFP-3961' for more detail.
**WARN: (IMPFP-3961):	The techSite 'pad' has no related standard cells in the LEF/OA library. The calculations for this site type cannot be made unless standard cell models of this type exist in the LEF/OA library. Ignore this warning if the SITE is not used by the library. Alternatively, remove the SITE definition for the LEF/OA library to avoid this message.
Type 'man IMPFP-3961' for more detail.
Start create_tracks
 ... processed partition successfully.
Reading binary special route file /home/111-2/C108110249/lab1/Lab_nangate/innovus/Lab2_1/DBS/powerplan_fixdrc.enc.dat/CHIP.fp.spr.gz (Created by Innovus v19.12-s087_1 on Thu Jun 11 17:01:40 2020, version: 1)
Convert 0 swires and 0 svias from compressed groups
608 swires and 9682 svias were compressed
661 swires and 4391 svias were decompressed from small or sparse groups
Ending "Read special route file" (total cpu=0:00:00.0, real=0:00:00.0, peak res=807.7M, current mem=807.7M)
There are 56 io inst loaded
Extracting standard cell pins and blockage ...... 
Pin and blockage extraction finished
% End Load floorplan data ... (date=05/19 11:34:57, total cpu=0:00:00.1, real=0:00:01.0, peak res=809.9M, current mem=809.9M)
Reading congestion map file /home/111-2/C108110249/lab1/Lab_nangate/innovus/Lab2_1/DBS/powerplan_fixdrc.enc.dat/CHIP.route.congmap.gz ...
% Begin Load SymbolTable ... (date=05/19 11:34:57, mem=810.1M)
% End Load SymbolTable ... (date=05/19 11:34:57, total cpu=0:00:00.0, real=0:00:00.0, peak res=812.1M, current mem=812.1M)
Loading place ...
% Begin Load placement data ... (date=05/19 11:34:57, mem=812.1M)
Reading placement file - /home/111-2/C108110249/lab1/Lab_nangate/innovus/Lab2_1/DBS/powerplan_fixdrc.enc.dat/CHIP.place.gz.
** Reading stdCellPlacement_binary (Created by Innovus v19.12-s087_1 on Thu Jun 11 17:01:41 2020, version# 2) ...
Read Views for adaptive view pruning ...
Read 0 views from Binary DB for adaptive view pruning
*** Completed restorePlace (cpu=0:00:00.0 real=0:00:00.0 mem=1114.3M) ***
Total net length = 5.491e+02 (2.127e+02 3.364e+02) (ext = 0.000e+00)
% End Load placement data ... (date=05/19 11:34:57, total cpu=0:00:00.0, real=0:00:00.0, peak res=812.2M, current mem=812.2M)
Reading PG file /home/111-2/C108110249/lab1/Lab_nangate/innovus/Lab2_1/DBS/powerplan_fixdrc.enc.dat/CHIP.pg.gz, version#1, (Created by Innovus v19.12-s087_1 on       Thu Jun 11 17:01:40 2020)
*** Completed restorePGFile (cpu=0:00:00.0 real=0:00:00.0 mem=1111.3M) ***
% Begin Load routing data ... (date=05/19 11:34:57, mem=812.4M)
Reading routing file - /home/111-2/C108110249/lab1/Lab_nangate/innovus/Lab2_1/DBS/powerplan_fixdrc.enc.dat/CHIP.route.gz.
Reading Innovus routing data (Created by Innovus v19.12-s087_1 on Thu Jun 11 17:01:41 2020 Format: 19.1) ...
*** Total 16114 nets are successfully restored.
*** Completed restoreRoute (cpu=0:00:00.0 real=0:00:00.0 mem=1112.3M) ***
% End Load routing data ... (date=05/19 11:34:57, total cpu=0:00:00.0, real=0:00:01.0, peak res=812.9M, current mem=812.9M)
% Begin Load DEF data ... (date=05/19 11:34:58, mem=812.9M)
Reading DEF file '/home/111-2/C108110249/lab1/Lab_nangate/innovus/Lab2_1/DBS/powerplan_fixdrc.enc.dat/CHIP.scandef.gz', current time is Fri May 19 11:34:58 2023 ...
--- DIVIDERCHAR '/'
--- UnitsPerDBU = 1.0000
DEF file '/home/111-2/C108110249/lab1/Lab_nangate/innovus/Lab2_1/DBS/powerplan_fixdrc.enc.dat/CHIP.scandef.gz' is parsed, current time is Fri May 19 11:34:58 2023.
% End Load DEF data ... (date=05/19 11:34:58, total cpu=0:00:00.0, real=0:00:00.0, peak res=813.9M, current mem=813.9M)
TAT_INFO: restoreCongMap REAL = 0 : CPU = 0 : MEM = 0.
Reading property file /home/111-2/C108110249/lab1/Lab_nangate/innovus/Lab2_1/DBS/powerplan_fixdrc.enc.dat/CHIP.prop
*** Completed restoreProperty (cpu=0:00:00.0 real=0:00:00.0 mem=1115.3M) ***
Set Default Input Pin Transition as 0.1 ps.
Extraction setup Started 
Initializing multi-corner RC extraction with 3 active RC Corners ...
**WARN: (IMPEXT-6202):	In addition to the technology file, the capacitance table file is specified for all the RC corners. If the technology file  is already specified for all the RC corners, the capacitance table file is not required for preRoute and postRoute extraction. In a new session, the capacitance table files can be removed from the create_rc_corner command to enable the technology file to be used for preRoute and postRoute (effort level medium/high/signoff) extraction engines.
Type 'man IMPEXT-6202' for more detail.
Reading Capacitance Table File /home/111-2/C108110249/lab1/Lab_nangate/innovus/Lab2_1/DBS/powerplan_fixdrc.enc.dat/libs/mmmc/worst.captbl ...
Cap table was created using Encounter 13.13-s017_1.
Process name: FreePDK45.
Reading Capacitance Table File /home/111-2/C108110249/lab1/Lab_nangate/innovus/Lab2_1/DBS/powerplan_fixdrc.enc.dat/libs/mmmc/typical.captbl ...
Cap table was created using Encounter 13.13-s017_1.
Process name: FreePDK45.
Reading Capacitance Table File /home/111-2/C108110249/lab1/Lab_nangate/innovus/Lab2_1/DBS/powerplan_fixdrc.enc.dat/libs/mmmc/best.captbl ...
Cap table was created using Encounter 13.13-s017_1.
Process name: FreePDK45.
Importing multi-corner RC tables ... 
Summary of Active RC-Corners : 
 
 Analysis View: AV_func_max
    RC-Corner Name        : RC_worst
    RC-Corner Index       : 0
    RC-Corner Temperature : 25 Celsius
    RC-Corner Cap Table   : '/home/111-2/C108110249/lab1/Lab_nangate/innovus/Lab2_1/DBS/powerplan_fixdrc.enc.dat/libs/mmmc/worst.captbl'
    RC-Corner PreRoute Res Factor         : 1
    RC-Corner PreRoute Cap Factor         : 1
    RC-Corner PostRoute Res Factor        : 1 {1 1 1}
    RC-Corner PostRoute Cap Factor        : 1 {1 1 1}
    RC-Corner PostRoute XCap Factor       : 1 {1 1 1}
    RC-Corner PreRoute Clock Res Factor   : 1	[Derived from postRoute_res (effortLevel low)]
    RC-Corner PreRoute Clock Cap Factor   : 1	[Derived from postRoute_cap (effortLevel low)]
    RC-Corner PostRoute Clock Cap Factor  : 1 {1 1 1} 	[Derived from postRoute_cap (effortLevel low)]
    RC-Corner PostRoute Clock Res Factor  : 1 {1 1 1} 	[Derived from postRoute_res (effortLevel low)]
    RC-Corner PostRoute Clock coupling capacitance Factor : 1 {1 1 1} 
    RC-Corner Technology file: '/home/111-2/C108110249/lab1/Lab_nangate/innovus/Lab2_1/DBS/powerplan_fixdrc.enc.dat/libs/mmmc/RC_worst/worst.tch'
 
 Analysis View: AV_func_typ
    RC-Corner Name        : RC_typ
    RC-Corner Index       : 1
    RC-Corner Temperature : 25 Celsius
    RC-Corner Cap Table   : '/home/111-2/C108110249/lab1/Lab_nangate/innovus/Lab2_1/DBS/powerplan_fixdrc.enc.dat/libs/mmmc/typical.captbl'
    RC-Corner PreRoute Res Factor         : 1
    RC-Corner PreRoute Cap Factor         : 1
    RC-Corner PostRoute Res Factor        : 1 {1 1 1}
    RC-Corner PostRoute Cap Factor        : 1 {1 1 1}
    RC-Corner PostRoute XCap Factor       : 1 {1 1 1}
    RC-Corner PreRoute Clock Res Factor   : 1	[Derived from postRoute_res (effortLevel low)]
    RC-Corner PreRoute Clock Cap Factor   : 1	[Derived from postRoute_cap (effortLevel low)]
    RC-Corner PostRoute Clock Cap Factor  : 1 {1 1 1} 	[Derived from postRoute_cap (effortLevel low)]
    RC-Corner PostRoute Clock Res Factor  : 1 {1 1 1} 	[Derived from postRoute_res (effortLevel low)]
    RC-Corner PostRoute Clock coupling capacitance Factor : 1 {1 1 1} 
    RC-Corner Technology file: '/home/111-2/C108110249/lab1/Lab_nangate/innovus/Lab2_1/DBS/powerplan_fixdrc.enc.dat/libs/mmmc/RC_typ/typical.tch'
 
 Analysis View: AV_scan_max
    RC-Corner Name        : RC_worst
    RC-Corner Index       : 0
    RC-Corner Temperature : 25 Celsius
    RC-Corner Cap Table   : '/home/111-2/C108110249/lab1/Lab_nangate/innovus/Lab2_1/DBS/powerplan_fixdrc.enc.dat/libs/mmmc/worst.captbl'
    RC-Corner PreRoute Res Factor         : 1
    RC-Corner PreRoute Cap Factor         : 1
    RC-Corner PostRoute Res Factor        : 1 {1 1 1}
    RC-Corner PostRoute Cap Factor        : 1 {1 1 1}
    RC-Corner PostRoute XCap Factor       : 1 {1 1 1}
    RC-Corner PreRoute Clock Res Factor   : 1	[Derived from postRoute_res (effortLevel low)]
    RC-Corner PreRoute Clock Cap Factor   : 1	[Derived from postRoute_cap (effortLevel low)]
    RC-Corner PostRoute Clock Cap Factor  : 1 {1 1 1} 	[Derived from postRoute_cap (effortLevel low)]
    RC-Corner PostRoute Clock Res Factor  : 1 {1 1 1} 	[Derived from postRoute_res (effortLevel low)]
    RC-Corner PostRoute Clock coupling capacitance Factor : 1 {1 1 1} 
    RC-Corner Technology file: '/home/111-2/C108110249/lab1/Lab_nangate/innovus/Lab2_1/DBS/powerplan_fixdrc.enc.dat/libs/mmmc/RC_worst/worst.tch'
 
 Analysis View: AV_scan_typ
    RC-Corner Name        : RC_typ
    RC-Corner Index       : 1
    RC-Corner Temperature : 25 Celsius
    RC-Corner Cap Table   : '/home/111-2/C108110249/lab1/Lab_nangate/innovus/Lab2_1/DBS/powerplan_fixdrc.enc.dat/libs/mmmc/typical.captbl'
    RC-Corner PreRoute Res Factor         : 1
    RC-Corner PreRoute Cap Factor         : 1
    RC-Corner PostRoute Res Factor        : 1 {1 1 1}
    RC-Corner PostRoute Cap Factor        : 1 {1 1 1}
    RC-Corner PostRoute XCap Factor       : 1 {1 1 1}
    RC-Corner PreRoute Clock Res Factor   : 1	[Derived from postRoute_res (effortLevel low)]
    RC-Corner PreRoute Clock Cap Factor   : 1	[Derived from postRoute_cap (effortLevel low)]
    RC-Corner PostRoute Clock Cap Factor  : 1 {1 1 1} 	[Derived from postRoute_cap (effortLevel low)]
    RC-Corner PostRoute Clock Res Factor  : 1 {1 1 1} 	[Derived from postRoute_res (effortLevel low)]
    RC-Corner PostRoute Clock coupling capacitance Factor : 1 {1 1 1} 
    RC-Corner Technology file: '/home/111-2/C108110249/lab1/Lab_nangate/innovus/Lab2_1/DBS/powerplan_fixdrc.enc.dat/libs/mmmc/RC_typ/typical.tch'
 
 Analysis View: AV_func_min
    RC-Corner Name        : RC_best
    RC-Corner Index       : 2
    RC-Corner Temperature : 25 Celsius
    RC-Corner Cap Table   : '/home/111-2/C108110249/lab1/Lab_nangate/innovus/Lab2_1/DBS/powerplan_fixdrc.enc.dat/libs/mmmc/best.captbl'
    RC-Corner PreRoute Res Factor         : 1
    RC-Corner PreRoute Cap Factor         : 1
    RC-Corner PostRoute Res Factor        : 1 {1 1 1}
    RC-Corner PostRoute Cap Factor        : 1 {1 1 1}
    RC-Corner PostRoute XCap Factor       : 1 {1 1 1}
    RC-Corner PreRoute Clock Res Factor   : 1	[Derived from postRoute_res (effortLevel low)]
    RC-Corner PreRoute Clock Cap Factor   : 1	[Derived from postRoute_cap (effortLevel low)]
    RC-Corner PostRoute Clock Cap Factor  : 1 {1 1 1} 	[Derived from postRoute_cap (effortLevel low)]
    RC-Corner PostRoute Clock Res Factor  : 1 {1 1 1} 	[Derived from postRoute_res (effortLevel low)]
    RC-Corner PostRoute Clock coupling capacitance Factor : 1 {1 1 1} 
    RC-Corner Technology file: '/home/111-2/C108110249/lab1/Lab_nangate/innovus/Lab2_1/DBS/powerplan_fixdrc.enc.dat/libs/mmmc/RC_best/best.tch'
 
 Analysis View: AV_scan_min
    RC-Corner Name        : RC_best
    RC-Corner Index       : 2
    RC-Corner Temperature : 25 Celsius
    RC-Corner Cap Table   : '/home/111-2/C108110249/lab1/Lab_nangate/innovus/Lab2_1/DBS/powerplan_fixdrc.enc.dat/libs/mmmc/best.captbl'
    RC-Corner PreRoute Res Factor         : 1
    RC-Corner PreRoute Cap Factor         : 1
    RC-Corner PostRoute Res Factor        : 1 {1 1 1}
    RC-Corner PostRoute Cap Factor        : 1 {1 1 1}
    RC-Corner PostRoute XCap Factor       : 1 {1 1 1}
    RC-Corner PreRoute Clock Res Factor   : 1	[Derived from postRoute_res (effortLevel low)]
    RC-Corner PreRoute Clock Cap Factor   : 1	[Derived from postRoute_cap (effortLevel low)]
    RC-Corner PostRoute Clock Cap Factor  : 1 {1 1 1} 	[Derived from postRoute_cap (effortLevel low)]
    RC-Corner PostRoute Clock Res Factor  : 1 {1 1 1} 	[Derived from postRoute_res (effortLevel low)]
    RC-Corner PostRoute Clock coupling capacitance Factor : 1 {1 1 1} 
    RC-Corner Technology file: '/home/111-2/C108110249/lab1/Lab_nangate/innovus/Lab2_1/DBS/powerplan_fixdrc.enc.dat/libs/mmmc/RC_best/best.tch'
Updating RC grid for preRoute extraction ...
Initializing multi-corner capacitance tables ... 
Initializing multi-corner resistance tables ...
The lower process node is set using setDesignMode and the technology file for TQuantus extraction specified. Therefore, the default value for PostRoute extraction mode's effortLevel(-effortLeveloption of the setExtractRCMode) changed from 'low' to 'medium'.
% Begin Loading timing constraints ... (date=05/19 11:34:59, mem=862.1M)
Reading timing constraints file '/home/111-2/C108110249/lab1/Lab_nangate/innovus/Lab2_1/DBS/powerplan_fixdrc.enc.dat/libs/mmmc/CHIP_func.sdc' ...
Current (total cpu=0:00:31.2, real=0:01:41, peak res=1101.9M, current mem=1101.9M)
CHIP
INFO (CTE): Constraints read successfully.
Ending "Constraint file reading stats" (total cpu=0:00:00.1, real=0:00:00.0, peak res=1119.9M, current mem=1119.9M)
Current (total cpu=0:00:31.3, real=0:01:41, peak res=1119.9M, current mem=1119.9M)
Reading timing constraints file '/home/111-2/C108110249/lab1/Lab_nangate/innovus/Lab2_1/DBS/powerplan_fixdrc.enc.dat/libs/mmmc/CHIP_scan.sdc' ...
Current (total cpu=0:00:31.3, real=0:01:41, peak res=1119.9M, current mem=1119.9M)
CHIP
INFO (CTE): Constraints read successfully.
Ending "Constraint file reading stats" (total cpu=0:00:00.0, real=0:00:00.0, peak res=1120.3M, current mem=1120.3M)
Current (total cpu=0:00:31.4, real=0:01:41, peak res=1120.3M, current mem=1120.3M)
% End Loading timing constraints ... (date=05/19 11:34:59, total cpu=0:00:00.4, real=0:00:00.0, peak res=1140.0M, current mem=1140.0M)
**WARN: (IMPIMEX-10014):	The current design data being restored: '/home/111-2/C108110249/lab1/Lab_nangate/innovus/Lab2_1/DBS/powerplan_fixdrc.enc.dat' has been saved with an older structure. When restoring a subset of views for this database, derate information for inactive delay corners may be inaccesible in the current session. A newer database structure allows more flexibility for change the active view list in-session. To update the current database, you need to restore the design with all views active - and then the next save will update it to the new model.
Start generating vias ..
#Skip building auto via since it is not turned on.
Extracting standard cell pins and blockage ...... 
Pin and blockage extraction finished
Via generation completed.
% Begin Load power constraints ... (date=05/19 11:34:59, mem=1144.9M)
** INFO:  (VOLTUS_POWR-3229): Using user defined default frequency 100MHz for power calculation.

'set_default_switching_activity' finished successfully.
** WARN:  (VOLTUS_POWR-3212): The 'set_power_analysis_mode -leakage_power_view |-dynamic_power_view|-analysis_view' will be obsolete in 18.20 release. Use 'set_analysis_view -leakage <> | -dynamic <>' to set leakage and dynamic power views.

  No hierarchy separator specified - trying default '/'.

Loading TCF file
/home/111-2/C108110249/lab1/Lab_nangate/innovus/Lab2_1/DBS/powerplan_fixdrc.enc.dat/libs/power/CHIP.tcf

'read_activity_file' finished successfully.
% End Load power constraints ... (date=05/19 11:35:00, total cpu=0:00:00.4, real=0:00:01.0, peak res=1146.1M, current mem=1146.1M)
% Begin load AAE data ... (date=05/19 11:35:00, mem=1146.1M)
AAE DB initialization (MEM=1478.91 CPU=0:00:00.1 REAL=0:00:00.0) 
**WARN: (IMPESI-641):	Restoring an older version: 3, of persistent AaeDB using a newer version: 8, code is not recommended.
% End load AAE data ... (date=05/19 11:35:00, total cpu=0:00:00.6, real=0:00:00.0, peak res=1165.0M, current mem=1165.0M)
Total number of combinational cells: 99
Total number of sequential cells: 29
Total number of tristate cells: 6
Total number of level shifter cells: 0
Total number of power gating cells: 0
Total number of isolation cells: 0
Total number of power switch cells: 0
Total number of pulse generator cells: 0
Total number of always on buffers: 0
Total number of retention cells: 0
List of usable buffers: BUF_X1 BUF_X2 BUF_X4 BUF_X8 BUF_X16 BUF_X32 CLKBUF_X1 CLKBUF_X2 CLKBUF_X3
Total number of usable buffers: 9
List of unusable buffers:
Total number of unusable buffers: 0
List of usable inverters: INV_X1 INV_X2 INV_X4 INV_X8 INV_X16 INV_X32
Total number of usable inverters: 6
List of unusable inverters:
Total number of unusable inverters: 0
List of identified usable delay cells:
Total number of identified usable delay cells: 0
List of identified unusable delay cells:
Total number of identified unusable delay cells: 0
No delay cells were detected in the set of buffers. Buffers will be used to fix hold violations.
**WARN: (IMPCTE-107):	The following globals have been obsoleted since version 19.12-s087_1. They will be removed in the next release. 
timing_enable_default_delay_arc
#% End load design ... (date=05/19 11:35:01, total cpu=0:00:05.7, real=0:00:07.0, peak res=1165.1M, current mem=1164.4M)

*** Summary of all messages that are not suppressed in this session:
Severity  ID               Count  Summary                                  
WARNING   IMPFP-3961           6  The techSite '%s' has no related standar...
WARNING   IMPEXT-6202          1  In addition to the technology file, the ...
WARNING   IMPSYT-3004          4  %s                                       
WARNING   IMPSYT-3046          9  Unknown preference name "%s".            
WARNING   IMPESI-641           1  Restoring an older version: %d, of persi...
WARNING   IMPAFP-9024          5  This command is hidden and will be obsol...
WARNING   IMPCTE-107           1  The following globals have been obsolete...
WARNING   IMPTCM-77            5  Option "%s" for command %s is obsolete a...
WARNING   IMPIMEX-10014        1  The current design data being restored: ...
*** Message Summary: 33 warning(s), 0 error(s)

<CMD> setDrawView fplan
<CMD> encMessage warning 1
Un-suppress "**WARN ..." messages.
<CMD> encMessage debug 0
<CMD> setLayerPreference layerBlk -isVisible 0
invalid command name "creatBasicPathGroups"
<CMD> createBasicPathGroups -expanded
Created reg2reg path group
Effort level <high> specified for reg2reg path_group
Created reg2cgate path group
Effort level <high> specified for reg2cgate path_group
in2out in2reg reg2cgate reg2out reg2reg
<CMD> place_opt_design
**INFO: User settings:
setDesignMode -process                    45
setExtractRCMode -coupling_c_th           0.1
setExtractRCMode -engine                  preRoute
setExtractRCMode -relative_c_th           1
setExtractRCMode -total_c_th              0
setDelayCalMode -engine                   aae
setPlaceMode -MXPBoundaryLevel            7
setPlaceMode -MXPConstraintFile           {}
setPlaceMode -MXPControlSetting           0
setPlaceMode -MXPLogicHierAware           0
setPlaceMode -MXPPreplaceSetting          5
setPlaceMode -MXPRefineSetting            17
setPlaceMode -place_global_place_io_pins  false
setPlaceMode -timingDriven                true
setAnalysisMode -analysisType             bcwc
setAnalysisMode -checkType                setup
setAnalysisMode -virtualIPO               false

*** place_opt_design #1 [begin] : totSession cpu/real = 0:00:47.9/0:04:05.9 (0.2), mem = 1641.6M
*** Starting GigaPlace ***
**ERROR: (IMPSP-365):	Design has inst(s) with SITE 'rf_2p_hse', but the floorplan has no rows defined for this site. Any locations found for such insts will be illegal; create rows for this site to avoid this.
Type 'man IMPSP-365' for more detail.
Estimated cell power/ground rail width = 0.197 um
*** GlobalPlace #1 [begin] : totSession cpu/real = 0:00:48.0/0:04:06.0 (0.2), mem = 1603.8M
*** Scan Trace Summary (runtime: cpu: 0:00:00.0 , real: 0:00:00.0): 
Successfully traced 3 scan chains (total 3277 scan bits).
Start applying DEF ordered sections ...
Successfully applied all DEF ordered sections.
*** Scan Sanity Check Summary:
*** 3 scan chains passed sanity check.
*** Start deleteBufferTree ***
Info: Detect buffers to remove automatically.
Analyzing netlist ...
Updating netlist

*summary: 72 instances (buffers/inverters) removed
*** Finish deleteBufferTree (0:00:01.2) ***
**WARN: (IMPOPT-7083):	The dynamic power view needs to be an active setup view. Adding the view "AV_func_min" to active setup view list.
Extraction setup Started 
Initializing multi-corner RC extraction with 3 active RC Corners ...
**WARN: (IMPEXT-6202):	In addition to the technology file, the capacitance table file is specified for all the RC corners. If the technology file  is already specified for all the RC corners, the capacitance table file is not required for preRoute and postRoute extraction. In a new session, the capacitance table files can be removed from the create_rc_corner command to enable the technology file to be used for preRoute and postRoute (effort level medium/high/signoff) extraction engines.
Type 'man IMPEXT-6202' for more detail.
Reading Capacitance Table File /home/111-2/C108110249/lab1/Lab_nangate/innovus/Lab2_1/DBS/powerplan_fixdrc.enc.dat/libs/mmmc/worst.captbl ...
Cap table was created using Encounter 13.13-s017_1.
Process name: FreePDK45.
Reading Capacitance Table File /home/111-2/C108110249/lab1/Lab_nangate/innovus/Lab2_1/DBS/powerplan_fixdrc.enc.dat/libs/mmmc/typical.captbl ...
Cap table was created using Encounter 13.13-s017_1.
Process name: FreePDK45.
Reading Capacitance Table File /home/111-2/C108110249/lab1/Lab_nangate/innovus/Lab2_1/DBS/powerplan_fixdrc.enc.dat/libs/mmmc/best.captbl ...
Cap table was created using Encounter 13.13-s017_1.
Process name: FreePDK45.
Importing multi-corner RC tables ... 
Summary of Active RC-Corners : 
 
 Analysis View: AV_func_max
    RC-Corner Name        : RC_worst
    RC-Corner Index       : 0
    RC-Corner Temperature : 25 Celsius
    RC-Corner Cap Table   : '/home/111-2/C108110249/lab1/Lab_nangate/innovus/Lab2_1/DBS/powerplan_fixdrc.enc.dat/libs/mmmc/worst.captbl'
    RC-Corner PreRoute Res Factor         : 1
    RC-Corner PreRoute Cap Factor         : 1
    RC-Corner PostRoute Res Factor        : 1 {1 1 1}
    RC-Corner PostRoute Cap Factor        : 1 {1 1 1}
    RC-Corner PostRoute XCap Factor       : 1 {1 1 1}
    RC-Corner PreRoute Clock Res Factor   : 1	[Derived from postRoute_res (effortLevel low)]
    RC-Corner PreRoute Clock Cap Factor   : 1	[Derived from postRoute_cap (effortLevel low)]
    RC-Corner PostRoute Clock Cap Factor  : 1 {1 1 1} 	[Derived from postRoute_cap (effortLevel low)]
    RC-Corner PostRoute Clock Res Factor  : 1 {1 1 1} 	[Derived from postRoute_res (effortLevel low)]
    RC-Corner PostRoute Clock coupling capacitance Factor : 1 {1 1 1} 
    RC-Corner Technology file: '/home/111-2/C108110249/lab1/Lab_nangate/innovus/Lab2_1/DBS/powerplan_fixdrc.enc.dat/libs/mmmc/RC_worst/worst.tch'
 
 Analysis View: AV_func_typ
    RC-Corner Name        : RC_typ
    RC-Corner Index       : 1
    RC-Corner Temperature : 25 Celsius
    RC-Corner Cap Table   : '/home/111-2/C108110249/lab1/Lab_nangate/innovus/Lab2_1/DBS/powerplan_fixdrc.enc.dat/libs/mmmc/typical.captbl'
    RC-Corner PreRoute Res Factor         : 1
    RC-Corner PreRoute Cap Factor         : 1
    RC-Corner PostRoute Res Factor        : 1 {1 1 1}
    RC-Corner PostRoute Cap Factor        : 1 {1 1 1}
    RC-Corner PostRoute XCap Factor       : 1 {1 1 1}
    RC-Corner PreRoute Clock Res Factor   : 1	[Derived from postRoute_res (effortLevel low)]
    RC-Corner PreRoute Clock Cap Factor   : 1	[Derived from postRoute_cap (effortLevel low)]
    RC-Corner PostRoute Clock Cap Factor  : 1 {1 1 1} 	[Derived from postRoute_cap (effortLevel low)]
    RC-Corner PostRoute Clock Res Factor  : 1 {1 1 1} 	[Derived from postRoute_res (effortLevel low)]
    RC-Corner PostRoute Clock coupling capacitance Factor : 1 {1 1 1} 
    RC-Corner Technology file: '/home/111-2/C108110249/lab1/Lab_nangate/innovus/Lab2_1/DBS/powerplan_fixdrc.enc.dat/libs/mmmc/RC_typ/typical.tch'
 
 Analysis View: AV_scan_max
    RC-Corner Name        : RC_worst
    RC-Corner Index       : 0
    RC-Corner Temperature : 25 Celsius
    RC-Corner Cap Table   : '/home/111-2/C108110249/lab1/Lab_nangate/innovus/Lab2_1/DBS/powerplan_fixdrc.enc.dat/libs/mmmc/worst.captbl'
    RC-Corner PreRoute Res Factor         : 1
    RC-Corner PreRoute Cap Factor         : 1
    RC-Corner PostRoute Res Factor        : 1 {1 1 1}
    RC-Corner PostRoute Cap Factor        : 1 {1 1 1}
    RC-Corner PostRoute XCap Factor       : 1 {1 1 1}
    RC-Corner PreRoute Clock Res Factor   : 1	[Derived from postRoute_res (effortLevel low)]
    RC-Corner PreRoute Clock Cap Factor   : 1	[Derived from postRoute_cap (effortLevel low)]
    RC-Corner PostRoute Clock Cap Factor  : 1 {1 1 1} 	[Derived from postRoute_cap (effortLevel low)]
    RC-Corner PostRoute Clock Res Factor  : 1 {1 1 1} 	[Derived from postRoute_res (effortLevel low)]
    RC-Corner PostRoute Clock coupling capacitance Factor : 1 {1 1 1} 
    RC-Corner Technology file: '/home/111-2/C108110249/lab1/Lab_nangate/innovus/Lab2_1/DBS/powerplan_fixdrc.enc.dat/libs/mmmc/RC_worst/worst.tch'
 
 Analysis View: AV_scan_typ
    RC-Corner Name        : RC_typ
    RC-Corner Index       : 1
    RC-Corner Temperature : 25 Celsius
    RC-Corner Cap Table   : '/home/111-2/C108110249/lab1/Lab_nangate/innovus/Lab2_1/DBS/powerplan_fixdrc.enc.dat/libs/mmmc/typical.captbl'
    RC-Corner PreRoute Res Factor         : 1
    RC-Corner PreRoute Cap Factor         : 1
    RC-Corner PostRoute Res Factor        : 1 {1 1 1}
    RC-Corner PostRoute Cap Factor        : 1 {1 1 1}
    RC-Corner PostRoute XCap Factor       : 1 {1 1 1}
    RC-Corner PreRoute Clock Res Factor   : 1	[Derived from postRoute_res (effortLevel low)]
    RC-Corner PreRoute Clock Cap Factor   : 1	[Derived from postRoute_cap (effortLevel low)]
    RC-Corner PostRoute Clock Cap Factor  : 1 {1 1 1} 	[Derived from postRoute_cap (effortLevel low)]
    RC-Corner PostRoute Clock Res Factor  : 1 {1 1 1} 	[Derived from postRoute_res (effortLevel low)]
    RC-Corner PostRoute Clock coupling capacitance Factor : 1 {1 1 1} 
    RC-Corner Technology file: '/home/111-2/C108110249/lab1/Lab_nangate/innovus/Lab2_1/DBS/powerplan_fixdrc.enc.dat/libs/mmmc/RC_typ/typical.tch'
 
 Analysis View: AV_func_min
    RC-Corner Name        : RC_best
    RC-Corner Index       : 2
    RC-Corner Temperature : 25 Celsius
    RC-Corner Cap Table   : '/home/111-2/C108110249/lab1/Lab_nangate/innovus/Lab2_1/DBS/powerplan_fixdrc.enc.dat/libs/mmmc/best.captbl'
    RC-Corner PreRoute Res Factor         : 1
    RC-Corner PreRoute Cap Factor         : 1
    RC-Corner PostRoute Res Factor        : 1 {1 1 1}
    RC-Corner PostRoute Cap Factor        : 1 {1 1 1}
    RC-Corner PostRoute XCap Factor       : 1 {1 1 1}
    RC-Corner PreRoute Clock Res Factor   : 1	[Derived from postRoute_res (effortLevel low)]
    RC-Corner PreRoute Clock Cap Factor   : 1	[Derived from postRoute_cap (effortLevel low)]
    RC-Corner PostRoute Clock Cap Factor  : 1 {1 1 1} 	[Derived from postRoute_cap (effortLevel low)]
    RC-Corner PostRoute Clock Res Factor  : 1 {1 1 1} 	[Derived from postRoute_res (effortLevel low)]
    RC-Corner PostRoute Clock coupling capacitance Factor : 1 {1 1 1} 
    RC-Corner Technology file: '/home/111-2/C108110249/lab1/Lab_nangate/innovus/Lab2_1/DBS/powerplan_fixdrc.enc.dat/libs/mmmc/RC_best/best.tch'
 
 Analysis View: AV_scan_min
    RC-Corner Name        : RC_best
    RC-Corner Index       : 2
    RC-Corner Temperature : 25 Celsius
    RC-Corner Cap Table   : '/home/111-2/C108110249/lab1/Lab_nangate/innovus/Lab2_1/DBS/powerplan_fixdrc.enc.dat/libs/mmmc/best.captbl'
    RC-Corner PreRoute Res Factor         : 1
    RC-Corner PreRoute Cap Factor         : 1
    RC-Corner PostRoute Res Factor        : 1 {1 1 1}
    RC-Corner PostRoute Cap Factor        : 1 {1 1 1}
    RC-Corner PostRoute XCap Factor       : 1 {1 1 1}
    RC-Corner PreRoute Clock Res Factor   : 1	[Derived from postRoute_res (effortLevel low)]
    RC-Corner PreRoute Clock Cap Factor   : 1	[Derived from postRoute_cap (effortLevel low)]
    RC-Corner PostRoute Clock Cap Factor  : 1 {1 1 1} 	[Derived from postRoute_cap (effortLevel low)]
    RC-Corner PostRoute Clock Res Factor  : 1 {1 1 1} 	[Derived from postRoute_res (effortLevel low)]
    RC-Corner PostRoute Clock coupling capacitance Factor : 1 {1 1 1} 
    RC-Corner Technology file: '/home/111-2/C108110249/lab1/Lab_nangate/innovus/Lab2_1/DBS/powerplan_fixdrc.enc.dat/libs/mmmc/RC_best/best.tch'
Updating RC grid for preRoute extraction ...
Initializing multi-corner capacitance tables ... 
Initializing multi-corner resistance tables ...
Reading timing constraints file '/home/111-2/C108110249/lab1/Lab_nangate/innovus/Lab2_1/DBS/powerplan_fixdrc.enc.dat/libs/mmmc/CHIP_func.sdc' ...
Current (total cpu=0:00:50.8, real=0:04:10, peak res=1339.7M, current mem=1294.9M)
CHIP
INFO (CTE): Constraints read successfully.
Ending "Constraint file reading stats" (total cpu=0:00:00.1, real=0:00:00.0, peak res=1305.9M, current mem=1305.9M)
Current (total cpu=0:00:50.9, real=0:04:10, peak res=1339.7M, current mem=1305.9M)
Reading timing constraints file '/home/111-2/C108110249/lab1/Lab_nangate/innovus/Lab2_1/DBS/powerplan_fixdrc.enc.dat/libs/mmmc/CHIP_scan.sdc' ...
Current (total cpu=0:00:51.0, real=0:04:10, peak res=1339.7M, current mem=1306.0M)
CHIP
INFO (CTE): Constraints read successfully.
Ending "Constraint file reading stats" (total cpu=0:00:00.0, real=0:00:01.0, peak res=1306.3M, current mem=1306.3M)
Current (total cpu=0:00:51.0, real=0:04:11, peak res=1339.7M, current mem=1306.3M)
Current (total cpu=0:00:51.0, real=0:04:11, peak res=1339.7M, current mem=1306.3M)
Ending "Constraint file reading stats" (total cpu=0:00:00.1, real=0:00:00.0, peak res=1314.2M, current mem=1314.2M)
Current (total cpu=0:00:51.2, real=0:04:11, peak res=1339.7M, current mem=1314.2M)
Total number of combinational cells: 99
Total number of sequential cells: 29
Total number of tristate cells: 6
Total number of level shifter cells: 0
Total number of power gating cells: 0
Total number of isolation cells: 0
Total number of power switch cells: 0
Total number of pulse generator cells: 0
Total number of always on buffers: 0
Total number of retention cells: 0
List of usable buffers: BUF_X1 BUF_X2 BUF_X4 BUF_X8 BUF_X16 BUF_X32 CLKBUF_X1 CLKBUF_X2 CLKBUF_X3
Total number of usable buffers: 9
List of unusable buffers:
Total number of unusable buffers: 0
List of usable inverters: INV_X1 INV_X2 INV_X4 INV_X8 INV_X16 INV_X32
Total number of usable inverters: 6
List of unusable inverters:
Total number of unusable inverters: 0
List of identified usable delay cells:
Total number of identified usable delay cells: 0
List of identified unusable delay cells:
Total number of identified unusable delay cells: 0
No delay cells were detected in the set of buffers. Buffers will be used to fix hold violations.
AV_func_max AV_scan_typ AV_scan_min AV_scan_max AV_func_typ AV_func_min
#################################################################################
# Design Stage: PreRoute
# Design Name: CHIP
# Design Mode: 45nm
# Analysis Mode: MMMC Non-OCV 
# Parasitics Mode: No SPEF/RCDB 
# Signoff Settings: SI Off 
#################################################################################
CLK1(125MHz) 
Starting Levelizing
2023-May-19 11:37:31 (2023-May-19 03:37:31 GMT)
2023-May-19 11:37:31 (2023-May-19 03:37:31 GMT): 10%
2023-May-19 11:37:31 (2023-May-19 03:37:31 GMT): 20%
2023-May-19 11:37:31 (2023-May-19 03:37:31 GMT): 30%
2023-May-19 11:37:31 (2023-May-19 03:37:31 GMT): 40%
2023-May-19 11:37:31 (2023-May-19 03:37:31 GMT): 50%
2023-May-19 11:37:31 (2023-May-19 03:37:31 GMT): 60%
2023-May-19 11:37:31 (2023-May-19 03:37:31 GMT): 70%
2023-May-19 11:37:31 (2023-May-19 03:37:31 GMT): 80%
2023-May-19 11:37:31 (2023-May-19 03:37:31 GMT): 90%

Finished Levelizing
2023-May-19 11:37:31 (2023-May-19 03:37:31 GMT)

Starting Activity Propagation
2023-May-19 11:37:31 (2023-May-19 03:37:31 GMT)

Finished Activity Propagation
2023-May-19 11:37:31 (2023-May-19 03:37:31 GMT)

Activity annotation summary:
        Primary Inputs : 19/19 = 100%
          Flop outputs : 6587/6587 = 100%
  Memory/Macro outputs : 92/92 = 100%
      Tristate outputs : 0/0 = 0%
            Total Nets : 16040/16049 = 99.9439%

Deleted 0 physical inst  (cell - / prefix -).
INFO: #ExclusiveGroups=0
INFO: There are no Exclusive Groups.
Some Macros are marked as preplaced.
No user-set net weight.
Net fanout histogram:
2		: 12847 (81.0%) nets
3		: 1753 (11.0%) nets
4     -	14	: 1149 (7.2%) nets
15    -	39	: 86 (0.5%) nets
40    -	79	: 21 (0.1%) nets
80    -	159	: 11 (0.1%) nets
160   -	319	: 0 (0.0%) nets
320   -	639	: 0 (0.0%) nets
640   -	1279	: 1 (0.0%) nets
1280  -	2559	: 1 (0.0%) nets
2560  -	5119	: 1 (0.0%) nets
5120+		: 0 (0.0%) nets
Options: timingDriven clkGateAware ignoreScan pinGuide congEffort=auto gpeffort=medium 
*** Scan Trace Summary (runtime: cpu: 0:00:00.0 , real: 0:00:00.0): 
Successfully traced 3 scan chains (total 3277 scan bits).
Start applying DEF ordered sections ...
Successfully applied all DEF ordered sections.
*** Scan Sanity Check Summary:
*** 3 scan chains passed sanity check.
#std cell=10696 (0 fixed + 10696 movable) #buf cell=0 #inv cell=1018 #block=2 (0 floating + 2 preplaced)
#ioInst=56 #net=12593 #term=40784 #term/net=3.24, #fixedIo=56, #floatIo=0, #fixedPin=31, #floatPin=0
stdCell: 10696 single + 0 double + 0 multi
Total standard cell length = 24.0954 (mm), area = 0.0337 (mm^2)
Average module density = 0.483.
Density for the design = 0.483.
       = stdcell_area 126818 sites (33734 um^2) / alloc_area 262832 sites (69913 um^2).
Pin Density = 0.1383.
            = total # of pins 40784 / total area 294800.
=== lastAutoLevel = 9 
Clock gating cells determined by native netlist tracing.
Iteration  1: Total net bbox = 4.285e+04 (2.06e+04 2.22e+04)
              Est.  stn bbox = 4.847e+04 (2.32e+04 2.53e+04)
              cpu = 0:00:00.1 real = 0:00:00.0 mem = 1641.8M
Iteration  2: Total net bbox = 4.285e+04 (2.06e+04 2.22e+04)
              Est.  stn bbox = 4.847e+04 (2.32e+04 2.53e+04)
              cpu = 0:00:00.0 real = 0:00:00.0 mem = 1641.8M
*** Finished SKP initialization (cpu=0:00:05.9, real=0:00:06.0)***

Active views After View pruning: 
AV_func_max
Iteration  3: Total net bbox = 4.630e+04 (2.19e+04 2.44e+04)
              Est.  stn bbox = 5.662e+04 (2.65e+04 3.02e+04)
              cpu = 0:00:07.5 real = 0:00:07.0 mem = 1801.7M
Iteration  4: Total net bbox = 8.777e+04 (4.68e+04 4.10e+04)
              Est.  stn bbox = 1.021e+05 (5.38e+04 4.83e+04)
              cpu = 0:00:04.6 real = 0:00:05.0 mem = 1827.2M
Iteration  5: Total net bbox = 8.777e+04 (4.68e+04 4.10e+04)
              Est.  stn bbox = 1.021e+05 (5.38e+04 4.83e+04)
              cpu = 0:00:00.0 real = 0:00:00.0 mem = 1827.2M
Iteration  6: Total net bbox = 1.118e+05 (5.75e+04 5.44e+04)
              Est.  stn bbox = 1.323e+05 (6.70e+04 6.53e+04)
              cpu = 0:00:03.8 real = 0:00:04.0 mem = 1801.2M
Iteration  7: Total net bbox = 1.182e+05 (6.25e+04 5.57e+04)
              Est.  stn bbox = 1.386e+05 (7.20e+04 6.66e+04)
              cpu = 0:00:00.3 real = 0:00:00.0 mem = 1802.0M
Iteration  8: Total net bbox = 1.182e+05 (6.25e+04 5.57e+04)
              Est.  stn bbox = 1.386e+05 (7.20e+04 6.66e+04)
              cpu = 0:00:00.0 real = 0:00:00.0 mem = 1802.0M
Iteration  9: Total net bbox = 1.213e+05 (6.40e+04 5.74e+04)
              Est.  stn bbox = 1.429e+05 (7.39e+04 6.90e+04)
              cpu = 0:00:03.5 real = 0:00:04.0 mem = 1798.0M
Iteration 10: Total net bbox = 1.213e+05 (6.40e+04 5.74e+04)
              Est.  stn bbox = 1.429e+05 (7.39e+04 6.90e+04)
              cpu = 0:00:00.0 real = 0:00:00.0 mem = 1798.0M
Iteration 11: Total net bbox = 1.224e+05 (6.48e+04 5.76e+04)
              Est.  stn bbox = 1.442e+05 (7.48e+04 6.95e+04)
              cpu = 0:00:01.9 real = 0:00:02.0 mem = 1799.9M
Iteration 12: Total net bbox = 1.224e+05 (6.48e+04 5.76e+04)
              Est.  stn bbox = 1.442e+05 (7.48e+04 6.95e+04)
              cpu = 0:00:00.0 real = 0:00:00.0 mem = 1799.9M
Iteration 13: Total net bbox = 1.269e+05 (6.64e+04 6.06e+04)
              Est.  stn bbox = 1.483e+05 (7.60e+04 7.23e+04)
              cpu = 0:00:06.8 real = 0:00:06.0 mem = 1808.2M
Iteration 14: Total net bbox = 1.269e+05 (6.64e+04 6.06e+04)
              Est.  stn bbox = 1.483e+05 (7.60e+04 7.23e+04)
              cpu = 0:00:00.0 real = 0:00:00.0 mem = 1808.2M
Finished Global Placement (cpu=0:00:28.7, real=0:00:29.0, mem=1808.2M)
Keep Tdgp Graph and DB for later use
Info: 30 clock gating cells identified, 27 (on average) moved 189/7
*** Scan Trace Summary (runtime: cpu: 0:00:00.0 , real: 0:00:00.0): 
Successfully traced 3 scan chains (total 3277 scan bits).
*** Scan Skip Mode Summary:
Start flexRegrouping ...
SC-INFO: saving current scan group ...
*** Scan Trace Summary (runtime: cpu: 0:00:00.0 , real: 0:00:00.0): 
Successfully traced 3 scan chains (total 3277 scan bits).
Start applying DEF ordered sections ...
Successfully applied all DEF ordered sections.
*** Scan Sanity Check Summary:
*** 3 scan chains passed sanity check.
SC-INFO: saving current scan group ...
*** Scan Trace Summary (runtime: cpu: 0:00:00.0 , real: 0:00:00.0): 
Successfully traced 3 scan chains (total 3277 scan bits).
Start applying DEF ordered sections ...
Successfully applied all DEF ordered sections.
*** Scan Sanity Check Summary:
*** 3 scan chains passed sanity check.
*** Scan Trace Summary (runtime: cpu: 0:00:00.0 , real: 0:00:00.0): 
Successfully traced 3 scan chains (total 3277 scan bits).
Start applying DEF ordered sections ...
Successfully applied all DEF ordered sections.
*** Scan Sanity Check Summary:
*** 3 scan chains passed sanity check.
Start wep ...
INFO: Finished netlist update for 3 scan groups.
**WARN: (IMPSC-1010):	During incremental tracing, scan chain "scan1_seg1_CLK_rising" cannot trace from "u_IDCT/acf/ACC0_accout_reg[0]/QN" to "u_IDCT/acf/ACC1_accout_reg[0]/SI". Perform regular trace.
Type 'man IMPSC-1010' for more detail.
**WARN: (IMPSC-1010):	During incremental tracing, scan chain "scan3_seg1_CLK_rising" cannot trace from "d_X_reg[2]/QN" to "d_X_reg[1]/SI". Perform regular trace.
Type 'man IMPSC-1010' for more detail.
*** Scan Trace Summary (runtime: cpu: 0:00:00.0 , real: 0:00:00.0): 
Successfully traced 3 scan chains (total 3277 scan bits).
Start applying DEF ordered sections ...
Successfully applied all DEF ordered sections.
*** Scan Sanity Check Summary:
*** 3 scan chains passed sanity check.
Finished flexRegrouping
*** Summary: Scan Reorder within scan chain
Initial total scan wire length:    55654.175 (floating:    55654.175)
Final   total scan wire length:    19500.976 (floating:    19500.976)
Improvement:    36153.200   percent 64.96 (floating improvement:    36153.200   percent 64.96)
Initial scan reorder max long connection:      445.952
Final   scan reorder max long connection:      370.678
Improvement:       75.275   percent 16.88
Total net length = 1.320e+05 (6.970e+04 6.231e+04) (ext = 0.000e+00)
*** End of ScanReorder (cpu=0:00:03.2, real=0:00:04.0, mem=2000.2M) ***
*** Starting refinePlace (0:01:26 mem=2000.2M) ***
Total net bbox length = 1.459e+05 (7.884e+04 6.702e+04) (ext = 4.314e+03)
Move report: Detail placement moves 10696 insts, mean move: 0.58 um, max move: 15.21 um 
	Max move on inst (DFT_shared_out_mux_0): (280.83, 250.02) --> (295.64, 249.62)
	Runtime: CPU: 0:00:02.0 REAL: 0:00:02.0 MEM: 2024.2MB
Summary Report:
Instances move: 10696 (out of 10696 movable)
Instances flipped: 0
Mean displacement: 0.58 um
Max displacement: 15.21 um (Instance: DFT_shared_out_mux_0) (280.826, 250.02) -> (295.64, 249.62)
	Length: 3 sites, height: 1 rows, site name: FreePDK45_38x28_10R_NP_162NW_34O, cell type: INV_X2
Total net bbox length = 1.307e+05 (6.424e+04 6.649e+04) (ext = 4.233e+03)
Runtime: CPU: 0:00:02.1 REAL: 0:00:02.0 MEM: 2024.2MB
*** Finished refinePlace (0:01:28 mem=2024.2M) ***
*** Finished Initial Placement (cpu=0:00:34.2, real=0:00:35.0, mem=1814.2M) ***

*** Start incrementalPlace ***
SKP will enable view:
  AV_func_max
[NR-eGR] Track table information for default rule: 
[NR-eGR] metal1 has single uniform track structure
[NR-eGR] metal2 has single uniform track structure
[NR-eGR] metal3 has single uniform track structure
[NR-eGR] metal4 has single uniform track structure
[NR-eGR] metal5 has single uniform track structure
[NR-eGR] metal6 has single uniform track structure
[NR-eGR] metal7 has single uniform track structure
[NR-eGR] metal8 has single uniform track structure
[NR-eGR] metal9 has single uniform track structure
[NR-eGR] metal10 has single uniform track structure
[NR-eGR] Read 115770 PG shapes
[NR-eGR] Read 0 clock shapes
[NR-eGR] Read 0 other shapes
[NR-eGR] #Routing Blockages  : 8
[NR-eGR] #Instance Blockages : 1596
[NR-eGR] #PG Blockages       : 115770
[NR-eGR] #Halo Blockages     : 36
[NR-eGR] #Boundary Blockages : 0
[NR-eGR] #Clock Blockages    : 0
[NR-eGR] #Other Blockages    : 0
[NR-eGR] Num Prerouted Nets = 0  Num Prerouted Wires = 0
[NR-eGR] Read 15870 nets ( ignored 0 )
[NR-eGR] There are 30 clock nets ( 0 with NDR ).
[NR-eGR] ============ Routing rule table ============
[NR-eGR] Rule id: 0  Nets: 15839
[NR-eGR] ========================================
[NR-eGR] 
[NR-eGR] Layer group 1: route 15839 net(s) in layer range [2, 10]
[NR-eGR] Early Global Route overflow of layer group 1: 0.00% H + 0.00% V. EstWL: 1.544886e+05um
[NR-eGR] Congestion Analysis By layer: (blocked Gcells are excluded) 
[NR-eGR]                        OverCon           OverCon            
[NR-eGR]                         #Gcell            #Gcell     %Gcell
[NR-eGR]        Layer             (1-2)               (3)    OverCon
[NR-eGR] ---------------------------------------------------------------
[NR-eGR]  metal1 ( 1)         0( 0.00%)         0( 0.00%)   ( 0.00%) 
[NR-eGR]  metal2 ( 2)        13( 0.02%)         1( 0.00%)   ( 0.02%) 
[NR-eGR]  metal3 ( 3)         7( 0.01%)         0( 0.00%)   ( 0.01%) 
[NR-eGR]  metal4 ( 4)        39( 0.07%)         1( 0.00%)   ( 0.07%) 
[NR-eGR]  metal5 ( 5)         6( 0.01%)         0( 0.00%)   ( 0.01%) 
[NR-eGR]  metal6 ( 6)         0( 0.00%)         0( 0.00%)   ( 0.00%) 
[NR-eGR]  metal7 ( 7)         7( 0.00%)         0( 0.00%)   ( 0.00%) 
[NR-eGR]  metal8 ( 8)         0( 0.00%)         0( 0.00%)   ( 0.00%) 
[NR-eGR]  metal9 ( 9)         0( 0.00%)         0( 0.00%)   ( 0.00%) 
[NR-eGR] metal10 (10)         0( 0.00%)         0( 0.00%)   ( 0.00%) 
[NR-eGR] ---------------------------------------------------------------
[NR-eGR]        Total        72( 0.01%)         2( 0.00%)   ( 0.01%) 
[NR-eGR] 
[NR-eGR] Overflow after Early Global Route 0.00% H + 0.00% V
Early Global Route congestion estimation runtime: 0.76 seconds, mem = 1877.8M
Local HotSpot Analysis: normalized max congestion hotspot area = 0.00, normalized total congestion hotspot area = 0.00 (area is in unit of 4 std-cell row bins)
Skipped repairing congestion.
[NR-eGR]                  Length (um)    Vias 
[NR-eGR] -------------------------------------
[NR-eGR]  metal1   (1H)             0   47168 
[NR-eGR]  metal2   (2V)         39908   60270 
[NR-eGR]  metal3   (3H)         72800   22424 
[NR-eGR]  metal4   (4V)         34172    1522 
[NR-eGR]  metal5   (5H)          6629    1378 
[NR-eGR]  metal6   (6V)         10979      62 
[NR-eGR]  metal7   (7H)           375      14 
[NR-eGR]  metal8   (8V)           247       0 
[NR-eGR]  metal9   (9H)             0       0 
[NR-eGR]  metal10  (10V)            0       0 
[NR-eGR] -------------------------------------
[NR-eGR]           Total       165110  132838 
[NR-eGR] --------------------------------------------------------------------------
[NR-eGR] Total half perimeter of net bounding box: 130801um
[NR-eGR] Total length: 165110um, number of vias: 132838
[NR-eGR] --------------------------------------------------------------------------
[NR-eGR] Total eGR-routed clock nets wire length: 11090um, number of vias: 10169
[NR-eGR] --------------------------------------------------------------------------
Early Global Route wiring runtime: 0.44 seconds, mem = 1848.8M
0 delay mode for cte disabled.

*** Finished incrementalPlace (cpu=0:00:01.3, real=0:00:01.0)***
Tdgp not successfully inited but do clear! skip clearing
**placeDesign ... cpu = 0: 0:42, real = 0: 0:42, mem = 1768.8M **
*** GlobalPlace #1 [finish] : cpu/real = 0:00:41.7/0:00:42.7 (1.0), totSession cpu/real = 0:01:29.7/0:04:48.7 (0.3), mem = 1768.8M
Enable CTE adjustment.
**optDesign ... cpu = 0:00:00, real = 0:00:00, mem = 1410.3M, totSessionCpu=0:01:30 **
GigaOpt running with 1 threads.
**INFO: setDesignMode -flowEffort standard -> setting 'setOptMode -allEndPoints true' for the duration of this command.
*** InitOpt #1 [begin] : totSession cpu/real = 0:01:29.8/0:04:48.8 (0.3), mem = 1768.8M
Updating RC grid for preRoute extraction ...
Initializing multi-corner capacitance tables ... 
Initializing multi-corner resistance tables ...
AAE DB initialization (MEM=1795.81 CPU=0:00:00.0 REAL=0:00:00.0) 
Setting timing_disable_library_data_to_data_checks to 'true'.
Setting timing_disable_user_data_to_data_checks to 'true'.
#################################################################################
# Design Stage: PreRoute
# Design Name: CHIP
# Design Mode: 45nm
# Analysis Mode: MMMC Non-OCV 
# Parasitics Mode: No SPEF/RCDB 
# Signoff Settings: SI Off 
#################################################################################

Power Net Detected:
        Voltage	    Name
             0V	    VSS
          1.25V	    VDD

Starting Levelizing
2023-May-19 11:38:13 (2023-May-19 03:38:13 GMT)
2023-May-19 11:38:13 (2023-May-19 03:38:13 GMT): 10%
2023-May-19 11:38:13 (2023-May-19 03:38:13 GMT): 20%
2023-May-19 11:38:13 (2023-May-19 03:38:13 GMT): 30%
2023-May-19 11:38:13 (2023-May-19 03:38:13 GMT): 40%
2023-May-19 11:38:13 (2023-May-19 03:38:13 GMT): 50%
2023-May-19 11:38:13 (2023-May-19 03:38:13 GMT): 60%
2023-May-19 11:38:13 (2023-May-19 03:38:13 GMT): 70%
2023-May-19 11:38:13 (2023-May-19 03:38:13 GMT): 80%
2023-May-19 11:38:13 (2023-May-19 03:38:13 GMT): 90%

Finished Levelizing
2023-May-19 11:38:13 (2023-May-19 03:38:13 GMT)

Starting Activity Propagation
2023-May-19 11:38:13 (2023-May-19 03:38:13 GMT)

Finished Activity Propagation
2023-May-19 11:38:13 (2023-May-19 03:38:13 GMT)

Activity annotation summary:
        Primary Inputs : 19/19 = 100%
          Flop outputs : 6587/6587 = 100%
  Memory/Macro outputs : 92/92 = 100%
      Tristate outputs : 0/0 = 0%
            Total Nets : 16040/16049 = 99.9439%

**optDesign ... cpu = 0:00:05, real = 0:00:05, mem = 1480.7M, totSessionCpu=0:01:35 **
*** optDesign -preCTS ***
DRC Margin: user margin 0.0; extra margin 0.2
Setup Target Slack: user slack 0; extra slack 0.0
Hold Target Slack: user slack 0
**WARN: (IMPOPT-3195):	Analysis mode has changed.
Type 'man IMPOPT-3195' for more detail.
Multi-VT timing optimization disabled based on library information.
[NR-eGR] Started Early Global Route kernel ( Curr Mem: 1838.50 MB )
[NR-eGR] Track table information for default rule: 
[NR-eGR] metal1 has single uniform track structure
[NR-eGR] metal2 has single uniform track structure
[NR-eGR] metal3 has single uniform track structure
[NR-eGR] metal4 has single uniform track structure
[NR-eGR] metal5 has single uniform track structure
[NR-eGR] metal6 has single uniform track structure
[NR-eGR] metal7 has single uniform track structure
[NR-eGR] metal8 has single uniform track structure
[NR-eGR] metal9 has single uniform track structure
[NR-eGR] metal10 has single uniform track structure
[NR-eGR] Read 115770 PG shapes
[NR-eGR] Read 0 clock shapes
[NR-eGR] Read 0 other shapes
[NR-eGR] #Routing Blockages  : 8
[NR-eGR] #Instance Blockages : 1596
[NR-eGR] #PG Blockages       : 115770
[NR-eGR] #Halo Blockages     : 36
[NR-eGR] #Boundary Blockages : 0
[NR-eGR] #Clock Blockages    : 0
[NR-eGR] #Other Blockages    : 0
[NR-eGR] Num Prerouted Nets = 0  Num Prerouted Wires = 0
[NR-eGR] Read 15870 nets ( ignored 0 )
[NR-eGR] There are 30 clock nets ( 0 with NDR ).
[NR-eGR] ============ Routing rule table ============
[NR-eGR] Rule id: 0  Nets: 15839
[NR-eGR] ========================================
[NR-eGR] 
[NR-eGR] Layer group 1: route 15839 net(s) in layer range [2, 10]
[NR-eGR] Early Global Route overflow of layer group 1: 0.00% H + 0.00% V. EstWL: 1.558242e+05um
[NR-eGR] Congestion Analysis By layer: (blocked Gcells are excluded) 
[NR-eGR]                        OverCon           OverCon            
[NR-eGR]                         #Gcell            #Gcell     %Gcell
[NR-eGR]        Layer             (1-2)               (3)    OverCon
[NR-eGR] ---------------------------------------------------------------
[NR-eGR]  metal1 ( 1)         0( 0.00%)         0( 0.00%)   ( 0.00%) 
[NR-eGR]  metal2 ( 2)        19( 0.02%)         1( 0.00%)   ( 0.03%) 
[NR-eGR]  metal3 ( 3)         9( 0.01%)         0( 0.00%)   ( 0.01%) 
[NR-eGR]  metal4 ( 4)        36( 0.06%)         1( 0.00%)   ( 0.06%) 
[NR-eGR]  metal5 ( 5)         7( 0.01%)         0( 0.00%)   ( 0.01%) 
[NR-eGR]  metal6 ( 6)         0( 0.00%)         0( 0.00%)   ( 0.00%) 
[NR-eGR]  metal7 ( 7)         7( 0.00%)         0( 0.00%)   ( 0.00%) 
[NR-eGR]  metal8 ( 8)         0( 0.00%)         0( 0.00%)   ( 0.00%) 
[NR-eGR]  metal9 ( 9)         0( 0.00%)         0( 0.00%)   ( 0.00%) 
[NR-eGR] metal10 (10)         0( 0.00%)         0( 0.00%)   ( 0.00%) 
[NR-eGR] ---------------------------------------------------------------
[NR-eGR]        Total        78( 0.01%)         2( 0.00%)   ( 0.01%) 
[NR-eGR] 
[NR-eGR] Overflow after Early Global Route 0.00% H + 0.00% V
[NR-eGR]                  Length (um)    Vias 
[NR-eGR] -------------------------------------
[NR-eGR]  metal1   (1H)             0   47168 
[NR-eGR]  metal2   (2V)         41084   60271 
[NR-eGR]  metal3   (3H)         72688   22444 
[NR-eGR]  metal4   (4V)         33886    1537 
[NR-eGR]  metal5   (5H)          6929    1419 
[NR-eGR]  metal6   (6V)         11137      62 
[NR-eGR]  metal7   (7H)           358      16 
[NR-eGR]  metal8   (8V)           360       0 
[NR-eGR]  metal9   (9H)             0       0 
[NR-eGR]  metal10  (10V)            0       0 
[NR-eGR] -------------------------------------
[NR-eGR]           Total       166441  132917 
[NR-eGR] --------------------------------------------------------------------------
[NR-eGR] Total half perimeter of net bounding box: 130729um
[NR-eGR] Total length: 166441um, number of vias: 132917
[NR-eGR] --------------------------------------------------------------------------
[NR-eGR] Total eGR-routed clock nets wire length: 11515um, number of vias: 10269
[NR-eGR] --------------------------------------------------------------------------
[NR-eGR] Finished Early Global Route kernel ( CPU: 1.17 sec, Real: 1.17 sec, Curr Mem: 1857.82 MB )
Extraction called for design 'CHIP' of instances=10754 and nets=17109 using extraction engine 'preRoute' .
PreRoute RC Extraction called for design CHIP.
RC Extraction called in multi-corner(3) mode.
RCMode: PreRoute
      RC Corner Indexes            0       1       2   
Capacitance Scaling Factor   : 1.00000 1.00000 1.00000 
Resistance Scaling Factor    : 1.00000 1.00000 1.00000 
Clock Cap. Scaling Factor    : 1.00000 1.00000 1.00000 
Clock Res. Scaling Factor    : 1.00000 1.00000 1.00000 
Shrink Factor                : 1.00000
PreRoute extraction is honoring NDR/Shielding/ExtraSpace for clock nets.
Using capacitance table file ...
Updating RC grid for preRoute extraction ...
Initializing multi-corner capacitance tables ... 
Initializing multi-corner resistance tables ...
PreRoute RC Extraction DONE (CPU Time: 0:00:00.9  Real Time: 0:00:01.0  MEM: 1837.816M)
Starting delay calculation for Setup views
AAE_INFO: opIsDesignInPostRouteState() is 0
#################################################################################
# Design Stage: PreRoute
# Design Name: CHIP
# Design Mode: 45nm
# Analysis Mode: MMMC Non-OCV 
# Parasitics Mode: No SPEF/RCDB 
# Signoff Settings: SI Off 
#################################################################################
Calculate delays in BcWc mode...
Calculate delays in BcWc mode...
Calculate delays in BcWc mode...
Calculate delays in BcWc mode...
Calculate delays in BcWc mode...
Start delay calculation (fullDC) (1 T). (MEM=1845.85)
AAE_INFO: Cdb files are: 
 	/home/111-2/C108110249/lab1/Lab_nangate/innovus/Lab2_1/DBS/powerplan_fixdrc.enc.dat/libs/mmmc/slow.cdb
	/home/111-2/C108110249/lab1/Lab_nangate/innovus/Lab2_1/DBS/powerplan_fixdrc.enc.dat/libs/mmmc/typical.cdb
	/home/111-2/C108110249/lab1/Lab_nangate/innovus/Lab2_1/DBS/powerplan_fixdrc.enc.dat/libs/mmmc/fast.cdb
 
**WARN: (IMPESI-3311):	Pin A of Cell XOR2_X2 for timing library NangateOpenCellLibrary has different voltage for the vivo between CDB(0.9) and timing library(0.95). This vivo will be ignored.
**WARN: (IMPESI-3311):	Pin A of Cell XOR2_X2 for timing library NangateOpenCellLibrary has different voltage for the vivo between CDB(0.9) and timing library(0.95). This vivo will be ignored.
**WARN: (IMPESI-3311):	Pin A of Cell XOR2_X2 for timing library NangateOpenCellLibrary has different voltage for the vivo between CDB(0.9) and timing library(0.95). This vivo will be ignored.
**WARN: (IMPESI-3311):	Pin A of Cell XOR2_X2 for timing library NangateOpenCellLibrary has different voltage for the vivo between CDB(0.9) and timing library(0.95). This vivo will be ignored.
**WARN: (IMPESI-3311):	Pin A of Cell XOR2_X2 for timing library NangateOpenCellLibrary has different voltage for the vivo between CDB(0.9) and timing library(0.95). This vivo will be ignored.
**WARN: (IMPESI-3311):	Pin A of Cell XOR2_X2 for timing library NangateOpenCellLibrary has different voltage for the vivo between CDB(0.9) and timing library(0.95). This vivo will be ignored.
**WARN: (IMPESI-3311):	Pin A of Cell XOR2_X2 for timing library NangateOpenCellLibrary has different voltage for the vivo between CDB(0.9) and timing library(0.95). This vivo will be ignored.
**WARN: (IMPESI-3311):	Pin A of Cell XOR2_X2 for timing library NangateOpenCellLibrary has different voltage for the vivo between CDB(0.9) and timing library(0.95). This vivo will be ignored.
**WARN: (IMPESI-3311):	Pin B of Cell XOR2_X2 for timing library NangateOpenCellLibrary has different voltage for the vivo between CDB(0.9) and timing library(0.95). This vivo will be ignored.
**WARN: (IMPESI-3311):	Pin B of Cell XOR2_X2 for timing library NangateOpenCellLibrary has different voltage for the vivo between CDB(0.9) and timing library(0.95). This vivo will be ignored.
**WARN: (IMPESI-3311):	Pin B of Cell XOR2_X2 for timing library NangateOpenCellLibrary has different voltage for the vivo between CDB(0.9) and timing library(0.95). This vivo will be ignored.
**WARN: (IMPESI-3311):	Pin B of Cell XOR2_X2 for timing library NangateOpenCellLibrary has different voltage for the vivo between CDB(0.9) and timing library(0.95). This vivo will be ignored.
**WARN: (IMPESI-3311):	Pin B of Cell XOR2_X2 for timing library NangateOpenCellLibrary has different voltage for the vivo between CDB(0.9) and timing library(0.95). This vivo will be ignored.
**WARN: (IMPESI-3311):	Pin B of Cell XOR2_X2 for timing library NangateOpenCellLibrary has different voltage for the vivo between CDB(0.9) and timing library(0.95). This vivo will be ignored.
**WARN: (IMPESI-3311):	Pin B of Cell XOR2_X2 for timing library NangateOpenCellLibrary has different voltage for the vivo between CDB(0.9) and timing library(0.95). This vivo will be ignored.
**WARN: (IMPESI-3311):	Pin B of Cell XOR2_X2 for timing library NangateOpenCellLibrary has different voltage for the vivo between CDB(0.9) and timing library(0.95). This vivo will be ignored.
**WARN: (IMPESI-3311):	Pin Z of Cell XOR2_X2 for timing library NangateOpenCellLibrary has different voltage for the vivo between CDB(0.9) and timing library(0.95). This vivo will be ignored.
**WARN: (IMPESI-3311):	Pin Z of Cell XOR2_X2 for timing library NangateOpenCellLibrary has different voltage for the vivo between CDB(0.9) and timing library(0.95). This vivo will be ignored.
**WARN: (IMPESI-3311):	Pin Z of Cell XOR2_X2 for timing library NangateOpenCellLibrary has different voltage for the vivo between CDB(0.9) and timing library(0.95). This vivo will be ignored.
**WARN: (IMPESI-3311):	Pin Z of Cell XOR2_X2 for timing library NangateOpenCellLibrary has different voltage for the vivo between CDB(0.9) and timing library(0.95). This vivo will be ignored.
**WARN: (IMPESI-3086):	The cell 'PADIN' does not have characterized noise model(s) for 'io_worst' lib(s). Missing noise information could compromise the accuracy of analysis.
Type 'man IMPESI-3086' for more detail.
**WARN: (IMPESI-3086):	The cell 'PADIN' does not have characterized noise model(s) for 'io_best' lib(s). Missing noise information could compromise the accuracy of analysis.
Type 'man IMPESI-3086' for more detail.
**WARN: (IMPESI-3086):	The cell 'PADIN' does not have characterized noise model(s) for 'io_typ' lib(s). Missing noise information could compromise the accuracy of analysis.
Type 'man IMPESI-3086' for more detail.
**WARN: (IMPESI-3086):	The cell 'CLKGATETST_X1' does not have characterized noise model(s) for 'NangateOpenCellLibrary' lib(s). Missing noise information could compromise the accuracy of analysis.
Type 'man IMPESI-3086' for more detail.
**WARN: (IMPESI-3086):	The cell 'SDFFR_X1' does not have characterized noise model(s) for 'NangateOpenCellLibrary' lib(s). Missing noise information could compromise the accuracy of analysis.
Type 'man IMPESI-3086' for more detail.
**WARN: (IMPESI-3086):	The cell 'SDFF_X1' does not have characterized noise model(s) for 'NangateOpenCellLibrary' lib(s). Missing noise information could compromise the accuracy of analysis.
Type 'man IMPESI-3086' for more detail.
**WARN: (IMPESI-3086):	The cell 'SDFFR_X2' does not have characterized noise model(s) for 'NangateOpenCellLibrary' lib(s). Missing noise information could compromise the accuracy of analysis.
Type 'man IMPESI-3086' for more detail.
**WARN: (IMPESI-3086):	The cell 'SDFF_X2' does not have characterized noise model(s) for 'NangateOpenCellLibrary' lib(s). Missing noise information could compromise the accuracy of analysis.
Type 'man IMPESI-3086' for more detail.
**WARN: (IMPESI-3086):	The cell 'INV_X1' does not have characterized noise model(s) for 'NangateOpenCellLibrary' lib(s). Missing noise information could compromise the accuracy of analysis.
Type 'man IMPESI-3086' for more detail.
**WARN: (IMPESI-3086):	The cell 'rf_2p_hse' does not have characterized noise model(s) for 'USERLIB_nldm_ss_0p81v_0p81v_125c' lib(s). Missing noise information could compromise the accuracy of analysis.
Type 'man IMPESI-3086' for more detail.
**WARN: (IMPESI-3086):	The cell 'rf_2p_hse' does not have characterized noise model(s) for 'USERLIB_nldm_ff_0p99v_0p99v_m40c' lib(s). Missing noise information could compromise the accuracy of analysis.
Type 'man IMPESI-3086' for more detail.
**WARN: (IMPESI-3086):	The cell 'rf_2p_hse' does not have characterized noise model(s) for 'USERLIB_nldm_tt_0p90v_0p90v_25c' lib(s). Missing noise information could compromise the accuracy of analysis.
Type 'man IMPESI-3086' for more detail.
**WARN: (IMPESI-3086):	The cell 'SDFFRS_X1' does not have characterized noise model(s) for 'NangateOpenCellLibrary' lib(s). Missing noise information could compromise the accuracy of analysis.
Type 'man IMPESI-3086' for more detail.
**WARN: (IMPESI-3086):	The cell 'SDFFRS_X2' does not have characterized noise model(s) for 'NangateOpenCellLibrary' lib(s). Missing noise information could compromise the accuracy of analysis.
Type 'man IMPESI-3086' for more detail.
**WARN: (IMPESI-3086):	The cell 'AOI22_X1' does not have characterized noise model(s) for 'NangateOpenCellLibrary' lib(s). Missing noise information could compromise the accuracy of analysis.
Type 'man IMPESI-3086' for more detail.
**WARN: (IMPESI-3086):	The cell 'SDFFS_X1' does not have characterized noise model(s) for 'NangateOpenCellLibrary' lib(s). Missing noise information could compromise the accuracy of analysis.
Type 'man IMPESI-3086' for more detail.
**WARN: (IMPESI-3086):	The cell 'OR2_X1' does not have characterized noise model(s) for 'NangateOpenCellLibrary' lib(s). Missing noise information could compromise the accuracy of analysis.
Type 'man IMPESI-3086' for more detail.
**WARN: (IMPESI-3086):	The cell 'HA_X1' does not have characterized noise model(s) for 'NangateOpenCellLibrary' lib(s). Missing noise information could compromise the accuracy of analysis.
Type 'man IMPESI-3086' for more detail.
**WARN: (IMPESI-3086):	The cell 'FA_X1' does not have characterized noise model(s) for 'NangateOpenCellLibrary' lib(s). Missing noise information could compromise the accuracy of analysis.
Type 'man IMPESI-3086' for more detail.
**WARN: (IMPESI-3086):	The cell 'NAND2_X1' does not have characterized noise model(s) for 'NangateOpenCellLibrary' lib(s). Missing noise information could compromise the accuracy of analysis.
Type 'man IMPESI-3086' for more detail.
Total number of fetched objects 16076
Total number of fetched objects 16076
Total number of fetched objects 16076
End delay calculation. (MEM=2005.47 CPU=0:00:09.5 REAL=0:00:09.0)
End delay calculation (fullDC). (MEM=1968.85 CPU=0:00:11.9 REAL=0:00:11.0)
*** Done Building Timing Graph (cpu=0:00:13.6 real=0:00:13.0 totSessionCpu=0:01:52 mem=1968.9M)

------------------------------------------------------------------
             Initial Summary
------------------------------------------------------------------

Setup views included:
 AV_func_max AV_func_typ AV_scan_max AV_scan_typ AV_func_min 
 

+--------------------+---------+
|     Setup mode     |   all   |
+--------------------+---------+
|           WNS (ns):| -3.076  |
|           TNS (ns):|-135.969 |
|    Violating Paths:|   121   |
|          All Paths:|  6695   |
+--------------------+---------+

+----------------+-------------------------------+------------------+
|                |              Real             |       Total      |
|    DRVs        +------------------+------------+------------------|
|                |  Nr nets(terms)  | Worst Vio  |  Nr nets(terms)  |
+----------------+------------------+------------+------------------+
|   max_cap      |      9 (9)       |   -0.214   |     14 (14)      |
|   max_tran     |     50 (460)     |   -1.609   |     52 (462)     |
|   max_fanout   |      0 (0)       |     0      |      0 (0)       |
|   max_length   |      0 (0)       |     0      |      0 (0)       |
+----------------+------------------+------------+------------------+

Density: 48.251%
------------------------------------------------------------------
**optDesign ... cpu = 0:00:23, real = 0:00:23, mem = 1599.8M, totSessionCpu=0:01:53 **
*** InitOpt #1 [finish] : cpu/real = 0:00:22.9/0:00:22.8 (1.0), totSession cpu/real = 0:01:52.6/0:05:11.6 (0.4), mem = 1942.1M
** INFO : this run is activating medium effort placeOptDesign flow
*** Starting optimizing excluded clock nets MEM= 1945.1M) ***
*info: No excluded clock nets to be optimized.
*** Finished optimizing excluded clock nets (CPU Time= 0:00:00.0  MEM= 1945.1M) ***
Begin: GigaOpt Route Type Constraints Refinement
*** CongRefineRouteType #1 [begin] : totSession cpu/real = 0:01:52.8/0:05:11.8 (0.4), mem = 1945.1M
Updated routing constraints on 0 nets.
Bottom Preferred Layer:
    None
Via Pillar Rule:
    None
*** CongRefineRouteType #1 [finish] : cpu/real = 0:00:00.5/0:00:00.5 (1.0), totSession cpu/real = 0:01:53.3/0:05:12.2 (0.4), mem = 2131.1M
End: GigaOpt Route Type Constraints Refinement
The useful skew maximum allowed delay is: 0.3

Optimization is working on the following views:
  Setup views: AV_func_max 
  Hold  views: AV_scan_min 
*** SimplifyNetlist #1 [begin] : totSession cpu/real = 0:01:55.2/0:05:14.1 (0.4), mem = 2147.1M
Info: 31 io nets excluded
Info: 31 clock nets excluded from IPO operation.

Footprint cell information for calculating maxBufDist
*info: There are 9 candidate Buffer cells
*info: There are 6 candidate Inverter cells


Netlist preparation processing... 
Removed 140 instances
*info: Marking 0 isolation instances dont touch
*info: Marking 0 level shifter instances dont touch
*** SimplifyNetlist #1 [finish] : cpu/real = 0:00:01.8/0:00:01.8 (1.0), totSession cpu/real = 0:01:57.0/0:05:16.0 (0.4), mem = 2070.2M
Begin: GigaOpt high fanout net optimization
*** DrvOpt #1 [begin] : totSession cpu/real = 0:01:57.3/0:05:16.2 (0.4), mem = 2070.2M
Info: 31 io nets excluded
Info: 31 clock nets excluded from IPO operation.
+---------+---------+--------+--------+------------+--------+
| Density | Commits |  WNS   |  TNS   |    Real    |  Mem   |
+---------+---------+--------+--------+------------+--------+
|   47.95%|        -|  -3.076|-135.969|   0:00:00.0| 2128.5M|
|   48.08%|       60|  -3.076|-135.969|   0:00:01.0| 2198.6M|
+---------+---------+--------+--------+------------+--------+

*** Finish pre-CTS High Fanout Net Fixing (cpu=0:00:00.7 real=0:00:01.0 mem=2198.6M) ***
Bottom Preferred Layer:
    None
Via Pillar Rule:
    None
*** DrvOpt #1 [finish] : cpu/real = 0:00:02.1/0:00:02.1 (1.0), totSession cpu/real = 0:01:59.3/0:05:18.3 (0.4), mem = 2110.6M
End: GigaOpt high fanout net optimization
Begin: GigaOpt DRV Optimization
*** DrvOpt #2 [begin] : totSession cpu/real = 0:01:59.3/0:05:18.3 (0.4), mem = 2110.6M
Info: 31 io nets excluded
Info: 31 clock nets excluded from IPO operation.
+-------------------------------------------------------------------------------------------------------------------------------------------------------+
|        max-tran       |        max-cap        |  max-fanout |  max-length |       setup       |        |        |        |       |          |         |
+-------------------------------------------------------------------------------------------------------------------------------------------------------+
| nets | terms|  wViol  | nets | terms|  wViol  | nets | terms| nets | terms|   WNS   |   TNS   |  #Buf  |  #Inv  | #Resize|Density|   Real   |   Mem   |
+-------------------------------------------------------------------------------------------------------------------------------------------------------+
|    88|   948|    -1.71|    32|    32|    -0.22|     0|     0|     0|     0|    -3.08|  -135.97|       0|       0|       0| 48.08%|          |         |
|     0|     0|     0.00|     0|     0|     0.00|     0|     0|     0|     0|    -1.64|   -30.99|      37|      24|      18| 48.15%| 0:00:02.0|  2197.5M|
|     0|     0|     0.00|     0|     0|     0.00|     0|     0|     0|     0|    -1.64|   -30.99|       0|       0|       0| 48.15%| 0:00:00.0|  2197.5M|
+-------------------------------------------------------------------------------------------------------------------------------------------------------+
Bottom Preferred Layer:
    None
Via Pillar Rule:
    None

*** Finish DRV Fixing (cpu=0:00:02.2 real=0:00:03.0 mem=2197.5M) ***

*** DrvOpt #2 [finish] : cpu/real = 0:00:03.0/0:00:03.0 (1.0), totSession cpu/real = 0:02:02.3/0:05:21.3 (0.4), mem = 2111.4M
End: GigaOpt DRV Optimization
**optDesign ... cpu = 0:00:33, real = 0:00:33, mem = 1745.3M, totSessionCpu=0:02:02 **

Active setup views:
 AV_func_max
  Dominating endpoints: 0
  Dominating TNS: -0.000

Begin: GigaOpt Global Optimization
*info: use new DP (enabled)
Info: 31 io nets excluded
Info: 31 clock nets excluded from IPO operation.
*** GlobalOpt #1 [begin] : totSession cpu/real = 0:02:02.5/0:05:21.5 (0.4), mem = 2149.5M
*info: 31 io nets excluded
*info: 31 clock nets excluded
*info: 1218 no-driver nets excluded.
** GigaOpt Global Opt WNS Slack -1.641  TNS Slack -30.988 
+--------+--------+---------+------------+--------+-----------+---------+----------------------------------------------------+
|  WNS   |  TNS   | Density |    Real    |  Mem   |Worst View |Pathgroup|                     End Point                      |
+--------+--------+---------+------------+--------+-----------+---------+----------------------------------------------------+
|  -1.641| -30.988|   48.15%|   0:00:01.0| 2168.6M|AV_func_max|  default| u_IDCT/tposemem_Bisted_RF_2P_ADV64x16_RF_2P_ADV64x |
|        |        |         |            |        |           |         | 16_u0_SRAM_i0/DB[13]                               |
|  -0.426|  -3.730|   48.15%|   0:00:00.0| 2214.8M|AV_func_max|  default| u_IDCT/tposemem_Bisted_RF_2P_ADV64x16_RF_2P_ADV64x |
|        |        |         |            |        |           |         | 16_u0_SRAM_i0/DB[13]                               |
|  -0.396|  -3.454|   48.16%|   0:00:01.0| 2214.8M|AV_func_max|  default| u_IDCT/tposemem_Bisted_RF_2P_ADV64x16_RF_2P_ADV64x |
|        |        |         |            |        |           |         | 16_u0_SRAM_i0/DB[13]                               |
|  -0.318|  -2.423|   48.16%|   0:00:00.0| 2217.1M|AV_func_max|  default| u_DCT/tposemem_Bisted_RF_2P_ADV64x16_RF_2P_ADV64x1 |
|        |        |         |            |        |           |         | 6_u0_SRAM_i0/DB[15]                                |
|  -0.084|  -0.335|   48.17%|   0:00:00.0| 2217.1M|AV_func_max|  default| u_IDCT/tposemem_Bisted_RF_2P_ADV64x16_RF_2P_ADV64x |
|        |        |         |            |        |           |         | 16_u0_SRAM_i0/DB[13]                               |
|  -0.042|  -0.095|   48.17%|   0:00:01.0| 2237.2M|AV_func_max|  default| u_IDCT/tposemem_Bisted_RF_2P_ADV64x16_RF_2P_ADV64x |
|        |        |         |            |        |           |         | 16_u0_SRAM_i0/DB[13]                               |
|   0.000|   0.000|   48.17%|   0:00:00.0| 2237.2M|         NA|       NA| NA                                                 |
+--------+--------+---------+------------+--------+-----------+---------+----------------------------------------------------+

*** Finish pre-CTS Global Setup Fixing (cpu=0:00:02.6 real=0:00:03.0 mem=2237.2M) ***

*** Finish pre-CTS Setup Fixing (cpu=0:00:02.6 real=0:00:03.0 mem=2237.2M) ***
Bottom Preferred Layer:
+---------------+------------+----------+
|     Layer     |   OPT_LA   |   Rule   |
+---------------+------------+----------+
| metal4 (z=4)  |          4 | default  |
+---------------+------------+----------+
Via Pillar Rule:
    None
** GigaOpt Global Opt End WNS Slack 0.000  TNS Slack 0.000 
*** GlobalOpt #1 [finish] : cpu/real = 0:00:04.3/0:00:04.3 (1.0), totSession cpu/real = 0:02:06.8/0:05:25.8 (0.4), mem = 2131.1M
End: GigaOpt Global Optimization
*** Timing Is met
*** Check timing (0:00:00.0)
Info: 31 io nets excluded
Info: 31 clock nets excluded from IPO operation.
Begin: Area Reclaim Optimization
*** AreaOpt #1 [begin] : totSession cpu/real = 0:02:07.0/0:05:25.9 (0.4), mem = 2188.3M
Reclaim Optimization WNS Slack 0.000  TNS Slack 0.000 Density 48.17
+---------+---------+--------+--------+------------+--------+
| Density | Commits |  WNS   |  TNS   |    Real    |  Mem   |
+---------+---------+--------+--------+------------+--------+
|   48.17%|        -|   0.000|   0.000|   0:00:00.0| 2190.3M|
|   48.17%|        2|   0.000|   0.000|   0:00:01.0| 2217.7M|
|   48.17%|        3|   0.000|   0.000|   0:00:00.0| 2217.7M|
|   48.15%|       11|   0.000|   0.000|   0:00:01.0| 2217.7M|
|   48.10%|       63|   0.000|   0.000|   0:00:01.0| 2222.7M|
|   48.10%|        3|   0.000|   0.000|   0:00:00.0| 2222.7M|
|   48.10%|        0|   0.000|   0.000|   0:00:00.0| 2222.7M|
|   48.10%|        0|   0.000|   0.000|   0:00:00.0| 2222.7M|
+---------+---------+--------+--------+------------+--------+
Reclaim Optimization End WNS Slack 0.000  TNS Slack 0.000 Density 48.10
Bottom Preferred Layer:
+---------------+------------+----------+
|     Layer     |   OPT_LA   |   Rule   |
+---------------+------------+----------+
| metal4 (z=4)  |          1 | default  |
+---------------+------------+----------+
Via Pillar Rule:
    None

Number of times islegalLocAvaiable called = 0 skipped = 0, called in commitmove = 0, skipped in commitmove = 0
End: Core Area Reclaim Optimization (cpu = 0:00:03.8) (real = 0:00:04.0) **
*** AreaOpt #1 [finish] : cpu/real = 0:00:03.8/0:00:03.7 (1.0), totSession cpu/real = 0:02:10.7/0:05:29.7 (0.4), mem = 2222.7M
Executing incremental physical updates
Executing incremental physical updates
End: Area Reclaim Optimization (cpu=0:00:04, real=0:00:04, mem=2140.66M, totSessionCpu=0:02:11).
*** IncrReplace #1 [begin] : totSession cpu/real = 0:02:11.0/0:05:29.9 (0.4), mem = 2140.7M

*** Start incrementalPlace ***
SKP will enable view:
  AV_func_max
[NR-eGR] Track table information for default rule: 
[NR-eGR] metal1 has single uniform track structure
[NR-eGR] metal2 has single uniform track structure
[NR-eGR] metal3 has single uniform track structure
[NR-eGR] metal4 has single uniform track structure
[NR-eGR] metal5 has single uniform track structure
[NR-eGR] metal6 has single uniform track structure
[NR-eGR] metal7 has single uniform track structure
[NR-eGR] metal8 has single uniform track structure
[NR-eGR] metal9 has single uniform track structure
[NR-eGR] metal10 has single uniform track structure
[NR-eGR] Read 115770 PG shapes
[NR-eGR] Read 0 clock shapes
[NR-eGR] Read 0 other shapes
[NR-eGR] #Routing Blockages  : 8
[NR-eGR] #Instance Blockages : 1596
[NR-eGR] #PG Blockages       : 115770
[NR-eGR] #Halo Blockages     : 36
[NR-eGR] #Boundary Blockages : 0
[NR-eGR] #Clock Blockages    : 0
[NR-eGR] #Other Blockages    : 0
[NR-eGR] Num Prerouted Nets = 0  Num Prerouted Wires = 0
[NR-eGR] Read 15919 nets ( ignored 0 )
[NR-eGR] There are 30 clock nets ( 0 with NDR ).
[NR-eGR] ============ Routing rule table ============
[NR-eGR] Rule id: 0  Nets: 15888
[NR-eGR] ========================================
[NR-eGR] 
[NR-eGR] Layer group 1: route 15888 net(s) in layer range [2, 10]
[NR-eGR] Early Global Route overflow of layer group 1: 0.00% H + 0.00% V. EstWL: 1.566474e+05um
[NR-eGR] Congestion Analysis By layer: (blocked Gcells are excluded) 
[NR-eGR]                        OverCon           OverCon            
[NR-eGR]                         #Gcell            #Gcell     %Gcell
[NR-eGR]        Layer             (1-2)               (3)    OverCon
[NR-eGR] ---------------------------------------------------------------
[NR-eGR]  metal1 ( 1)         0( 0.00%)         0( 0.00%)   ( 0.00%) 
[NR-eGR]  metal2 ( 2)        18( 0.02%)         1( 0.00%)   ( 0.02%) 
[NR-eGR]  metal3 ( 3)         7( 0.01%)         0( 0.00%)   ( 0.01%) 
[NR-eGR]  metal4 ( 4)        35( 0.06%)         1( 0.00%)   ( 0.06%) 
[NR-eGR]  metal5 ( 5)         6( 0.01%)         0( 0.00%)   ( 0.01%) 
[NR-eGR]  metal6 ( 6)         0( 0.00%)         0( 0.00%)   ( 0.00%) 
[NR-eGR]  metal7 ( 7)         8( 0.00%)         0( 0.00%)   ( 0.00%) 
[NR-eGR]  metal8 ( 8)         0( 0.00%)         0( 0.00%)   ( 0.00%) 
[NR-eGR]  metal9 ( 9)         0( 0.00%)         0( 0.00%)   ( 0.00%) 
[NR-eGR] metal10 (10)         0( 0.00%)         0( 0.00%)   ( 0.00%) 
[NR-eGR] ---------------------------------------------------------------
[NR-eGR]        Total        74( 0.01%)         2( 0.00%)   ( 0.01%) 
[NR-eGR] 
[NR-eGR] Overflow after Early Global Route 0.00% H + 0.00% V
Early Global Route congestion estimation runtime: 0.71 seconds, mem = 2189.3M
Local HotSpot Analysis: normalized max congestion hotspot area = 0.00, normalized total congestion hotspot area = 0.00 (area is in unit of 4 std-cell row bins)

=== incrementalPlace Internal Loop 1 ===
*** Finished SKP initialization (cpu=0:00:02.0, real=0:00:02.0)***
Iteration  7: Total net bbox = 1.243e+05 (6.27e+04 6.16e+04)
              Est.  stn bbox = 1.474e+05 (7.34e+04 7.41e+04)
              cpu = 0:00:01.7 real = 0:00:02.0 mem = 2202.1M
Iteration  8: Total net bbox = 1.285e+05 (6.53e+04 6.32e+04)
              Est.  stn bbox = 1.522e+05 (7.63e+04 7.59e+04)
              cpu = 0:00:02.3 real = 0:00:02.0 mem = 2192.1M
Iteration  9: Total net bbox = 1.318e+05 (6.71e+04 6.47e+04)
              Est.  stn bbox = 1.555e+05 (7.80e+04 7.75e+04)
              cpu = 0:00:03.6 real = 0:00:04.0 mem = 2192.1M
Iteration 10: Total net bbox = 1.365e+05 (6.90e+04 6.76e+04)
              Est.  stn bbox = 1.602e+05 (7.99e+04 8.03e+04)
              cpu = 0:00:13.6 real = 0:00:14.0 mem = 2208.7M
Iteration 11: Total net bbox = 1.367e+05 (6.90e+04 6.77e+04)
              Est.  stn bbox = 1.604e+05 (7.99e+04 8.04e+04)
              cpu = 0:00:02.8 real = 0:00:03.0 mem = 2204.7M
Move report: Timing Driven Placement moves 10679 insts, mean move: 4.17 um, max move: 81.49 um 
	Max move on inst (u_IDCT/FE_OFC78_d_HALT): (333.07, 409.22) --> (318.96, 341.84)

Finished Incremental Placement (cpu=0:00:27.4, real=0:00:28.0, mem=2204.7M)
*** Scan Trace Summary (runtime: cpu: 0:00:00.0 , real: 0:00:00.0): 
Successfully traced 3 scan chains (total 3277 scan bits).
Start applying DEF ordered sections ...
Successfully applied all DEF ordered sections.
*** Scan Sanity Check Summary:
*** 3 scan chains passed sanity check.
*** Summary: Scan Reorder within scan chain
Initial total scan wire length:    19428.489 (floating:    19428.489)
Final   total scan wire length:    19133.132 (floating:    19133.132)
Improvement:      295.357   percent  1.52 (floating improvement:      295.357   percent  1.52)
Initial scan reorder max long connection: not available for -stitchChainsAfterFreeMerging
Final   scan reorder max long connection:      373.469
Total net length = 2.136e+05 (1.115e+05 1.021e+05) (ext = 0.000e+00)
*** End of ScanReorder (cpu=0:00:00.9, real=0:00:01.0, mem=2396.7M) ***
*** Starting refinePlace (0:02:40 mem=2396.7M) ***
Total net bbox length = 1.496e+05 (8.118e+04 6.838e+04) (ext = 3.768e+03)
Move report: Detail placement moves 10679 insts, mean move: 0.60 um, max move: 18.35 um 
	Max move on inst (u_IDCT/acf/RC_CG_DECLONE_HIER_INST/RC_CGIC_INST): (335.64, 389.61) --> (317.30, 389.62)
	Runtime: CPU: 0:00:01.8 REAL: 0:00:01.0 MEM: 2396.7MB
Summary Report:
Instances move: 10679 (out of 10679 movable)
Instances flipped: 0
Mean displacement: 0.60 um
Max displacement: 18.35 um (Instance: u_IDCT/acf/RC_CG_DECLONE_HIER_INST/RC_CGIC_INST) (335.643, 389.615) -> (317.3, 389.62)
	Length: 15 sites, height: 1 rows, site name: FreePDK45_38x28_10R_NP_162NW_34O, cell type: CLKGATETST_X1
Total net bbox length = 1.345e+05 (6.621e+04 6.828e+04) (ext = 3.720e+03)
Runtime: CPU: 0:00:01.8 REAL: 0:00:01.0 MEM: 2396.7MB
*** Finished refinePlace (0:02:42 mem=2396.7M) ***
[NR-eGR] Track table information for default rule: 
[NR-eGR] metal1 has single uniform track structure
[NR-eGR] metal2 has single uniform track structure
[NR-eGR] metal3 has single uniform track structure
[NR-eGR] metal4 has single uniform track structure
[NR-eGR] metal5 has single uniform track structure
[NR-eGR] metal6 has single uniform track structure
[NR-eGR] metal7 has single uniform track structure
[NR-eGR] metal8 has single uniform track structure
[NR-eGR] metal9 has single uniform track structure
[NR-eGR] metal10 has single uniform track structure
[NR-eGR] Read 115770 PG shapes
[NR-eGR] Read 0 clock shapes
[NR-eGR] Read 0 other shapes
[NR-eGR] #Routing Blockages  : 8
[NR-eGR] #Instance Blockages : 1596
[NR-eGR] #PG Blockages       : 115770
[NR-eGR] #Halo Blockages     : 36
[NR-eGR] #Boundary Blockages : 0
[NR-eGR] #Clock Blockages    : 0
[NR-eGR] #Other Blockages    : 0
[NR-eGR] Num Prerouted Nets = 0  Num Prerouted Wires = 0
[NR-eGR] Read 15919 nets ( ignored 0 )
[NR-eGR] There are 30 clock nets ( 0 with NDR ).
[NR-eGR] ============ Routing rule table ============
[NR-eGR] Rule id: 0  Nets: 15888
[NR-eGR] ========================================
[NR-eGR] 
[NR-eGR] Layer group 1: route 15888 net(s) in layer range [2, 10]
[NR-eGR] Early Global Route overflow of layer group 1: 0.00% H + 0.00% V. EstWL: 1.549128e+05um
[NR-eGR] Congestion Analysis By layer: (blocked Gcells are excluded) 
[NR-eGR]                        OverCon           OverCon            
[NR-eGR]                         #Gcell            #Gcell     %Gcell
[NR-eGR]        Layer             (1-2)               (3)    OverCon
[NR-eGR] ---------------------------------------------------------------
[NR-eGR]  metal1 ( 1)         0( 0.00%)         0( 0.00%)   ( 0.00%) 
[NR-eGR]  metal2 ( 2)        19( 0.02%)         1( 0.00%)   ( 0.03%) 
[NR-eGR]  metal3 ( 3)         1( 0.00%)         0( 0.00%)   ( 0.00%) 
[NR-eGR]  metal4 ( 4)        53( 0.09%)         1( 0.00%)   ( 0.09%) 
[NR-eGR]  metal5 ( 5)        14( 0.02%)         0( 0.00%)   ( 0.02%) 
[NR-eGR]  metal6 ( 6)         0( 0.00%)         0( 0.00%)   ( 0.00%) 
[NR-eGR]  metal7 ( 7)         1( 0.00%)         0( 0.00%)   ( 0.00%) 
[NR-eGR]  metal8 ( 8)         0( 0.00%)         0( 0.00%)   ( 0.00%) 
[NR-eGR]  metal9 ( 9)         0( 0.00%)         0( 0.00%)   ( 0.00%) 
[NR-eGR] metal10 (10)         0( 0.00%)         0( 0.00%)   ( 0.00%) 
[NR-eGR] ---------------------------------------------------------------
[NR-eGR]        Total        88( 0.01%)         2( 0.00%)   ( 0.01%) 
[NR-eGR] 
[NR-eGR] Overflow after Early Global Route 0.00% H + 0.00% V
Early Global Route congestion estimation runtime: 0.72 seconds, mem = 2237.7M
Local HotSpot Analysis: normalized max congestion hotspot area = 0.00, normalized total congestion hotspot area = 0.00 (area is in unit of 4 std-cell row bins)
[NR-eGR]                  Length (um)    Vias 
[NR-eGR] -------------------------------------
[NR-eGR]  metal1   (1H)             0   47058 
[NR-eGR]  metal2   (2V)         40541   59896 
[NR-eGR]  metal3   (3H)         71718   22303 
[NR-eGR]  metal4   (4V)         34928    1612 
[NR-eGR]  metal5   (5H)          7671    1426 
[NR-eGR]  metal6   (6V)         10343      60 
[NR-eGR]  metal7   (7H)           364      20 
[NR-eGR]  metal8   (8V)           386       0 
[NR-eGR]  metal9   (9H)             0       0 
[NR-eGR]  metal10  (10V)            0       0 
[NR-eGR] -------------------------------------
[NR-eGR]           Total       165951  132375 
[NR-eGR] --------------------------------------------------------------------------
[NR-eGR] Total half perimeter of net bounding box: 134490um
[NR-eGR] Total length: 165951um, number of vias: 132375
[NR-eGR] --------------------------------------------------------------------------
[NR-eGR] Total eGR-routed clock nets wire length: 10977um, number of vias: 9929
[NR-eGR] --------------------------------------------------------------------------
Early Global Route wiring runtime: 0.43 seconds, mem = 2208.7M
0 delay mode for cte disabled.

*** Finished incrementalPlace (cpu=0:00:32.2, real=0:00:33.0)***
Start to check current routing status for nets...
All nets are already routed correctly.
End to check current routing status for nets (mem=2149.7M)
Extraction called for design 'CHIP' of instances=10737 and nets=17227 using extraction engine 'preRoute' .
PreRoute RC Extraction called for design CHIP.
RC Extraction called in multi-corner(3) mode.
RCMode: PreRoute
      RC Corner Indexes            0       1       2   
Capacitance Scaling Factor   : 1.00000 1.00000 1.00000 
Resistance Scaling Factor    : 1.00000 1.00000 1.00000 
Clock Cap. Scaling Factor    : 1.00000 1.00000 1.00000 
Clock Res. Scaling Factor    : 1.00000 1.00000 1.00000 
Shrink Factor                : 1.00000
PreRoute extraction is honoring NDR/Shielding/ExtraSpace for clock nets.
Using capacitance table file ...
Updating RC grid for preRoute extraction ...
Initializing multi-corner capacitance tables ... 
Initializing multi-corner resistance tables ...
PreRoute RC Extraction DONE (CPU Time: 0:00:00.9  Real Time: 0:00:01.0  MEM: 2151.863M)
Compute RC Scale Done ...
**optDesign ... cpu = 0:01:15, real = 0:01:15, mem = 1712.4M, totSessionCpu=0:02:45 **
AAE_INFO: opIsDesignInPostRouteState() is 0
#################################################################################
# Design Stage: PreRoute
# Design Name: CHIP
# Design Mode: 45nm
# Analysis Mode: MMMC Non-OCV 
# Parasitics Mode: No SPEF/RCDB 
# Signoff Settings: SI Off 
#################################################################################
Calculate delays in BcWc mode...
Start delay calculation (fullDC) (1 T). (MEM=2147.97)
Total number of fetched objects 16051
End delay calculation. (MEM=2183.1 CPU=0:00:02.9 REAL=0:00:03.0)
End delay calculation (fullDC). (MEM=2183.1 CPU=0:00:03.5 REAL=0:00:03.0)
*** IncrReplace #1 [finish] : cpu/real = 0:00:38.4/0:00:38.3 (1.0), totSession cpu/real = 0:02:49.4/0:06:08.3 (0.5), mem = 2183.1M
Begin: GigaOpt DRV Optimization
*** DrvOpt #3 [begin] : totSession cpu/real = 0:02:49.9/0:06:08.8 (0.5), mem = 2199.1M
Info: 31 io nets excluded
Info: 31 clock nets excluded from IPO operation.
+-------------------------------------------------------------------------------------------------------------------------------------------------------+
|        max-tran       |        max-cap        |  max-fanout |  max-length |       setup       |        |        |        |       |          |         |
+-------------------------------------------------------------------------------------------------------------------------------------------------------+
| nets | terms|  wViol  | nets | terms|  wViol  | nets | terms| nets | terms|   WNS   |   TNS   |  #Buf  |  #Inv  | #Resize|Density|   Real   |   Mem   |
+-------------------------------------------------------------------------------------------------------------------------------------------------------+
|     5|     5|    -0.14|     0|     0|     0.00|     0|     0|     0|     0|    -0.03|    -0.03|       0|       0|       0| 48.10%|          |         |
|     0|     0|     0.00|     0|     0|     0.00|     0|     0|     0|     0|    -0.03|    -0.03|       5|       0|       0| 48.11%| 0:00:00.0|  2262.6M|
|     0|     0|     0.00|     0|     0|     0.00|     0|     0|     0|     0|    -0.03|    -0.03|       0|       0|       0| 48.11%| 0:00:00.0|  2262.6M|
+-------------------------------------------------------------------------------------------------------------------------------------------------------+
Bottom Preferred Layer:
+---------------+------------+----------+
|     Layer     |   OPT_LA   |   Rule   |
+---------------+------------+----------+
| metal4 (z=4)  |          1 | default  |
+---------------+------------+----------+
Via Pillar Rule:
    None

*** Finish DRV Fixing (cpu=0:00:00.3 real=0:00:01.0 mem=2262.6M) ***

*** Starting refinePlace (0:02:52 mem=2260.6M) ***
Total net bbox length = 1.345e+05 (6.621e+04 6.828e+04) (ext = 3.720e+03)
Move report: Detail placement moves 4 insts, mean move: 0.48 um, max move: 0.76 um 
	Max move on inst (u_IDCT/FE_OFC146_tposemem_Bisted_RF_2P_ADV64x16_RF_2P_ADV64x16_u0_AA_n_1): (279.49, 305.62) --> (280.25, 305.62)
	Runtime: CPU: 0:00:00.8 REAL: 0:00:01.0 MEM: 2260.6MB
Summary Report:
Instances move: 4 (out of 10684 movable)
Instances flipped: 0
Mean displacement: 0.48 um
Max displacement: 0.76 um (Instance: u_IDCT/FE_OFC146_tposemem_Bisted_RF_2P_ADV64x16_RF_2P_ADV64x16_u0_AA_n_1) (279.49, 305.62) -> (280.25, 305.62)
	Length: 3 sites, height: 1 rows, site name: FreePDK45_38x28_10R_NP_162NW_34O, cell type: CLKBUF_X1
Total net bbox length = 1.345e+05 (6.621e+04 6.828e+04) (ext = 3.720e+03)
Runtime: CPU: 0:00:00.8 REAL: 0:00:01.0 MEM: 2260.6MB
*** Finished refinePlace (0:02:52 mem=2260.6M) ***
*** maximum move = 0.76 um ***
*** Finished re-routing un-routed nets (2260.6M) ***

*** Finish Physical Update (cpu=0:00:01.2 real=0:00:01.0 mem=2260.6M) ***
*** DrvOpt #3 [finish] : cpu/real = 0:00:02.8/0:00:02.8 (1.0), totSession cpu/real = 0:02:52.7/0:06:11.6 (0.5), mem = 2175.5M
End: GigaOpt DRV Optimization

------------------------------------------------------------------
     Summary (cpu=0.05min real=0.05min mem=2175.5M)
------------------------------------------------------------------

Setup views included:
 AV_func_max 

+--------------------+---------+---------+---------+---------+---------+---------+---------+
|     Setup mode     |   all   | reg2reg |reg2cgate| in2reg  | reg2out | in2out  | default |
+--------------------+---------+---------+---------+---------+---------+---------+---------+
|           WNS (ns):| -0.035  | -0.035  |  1.545  |  3.427  |  1.057  |   N/A   |  0.000  |
|           TNS (ns):| -0.035  | -0.035  |  0.000  |  0.000  |  0.000  |   N/A   |  0.000  |
|    Violating Paths:|    1    |    1    |    0    |    0    |    0    |   N/A   |    0    |
|          All Paths:|  3415   |  3331   |   27    |   45    |   12    |   N/A   |    0    |
+--------------------+---------+---------+---------+---------+---------+---------+---------+

+----------------+-------------------------------+------------------+
|                |              Real             |       Total      |
|    DRVs        +------------------+------------+------------------|
|                |  Nr nets(terms)  | Worst Vio  |  Nr nets(terms)  |
+----------------+------------------+------------+------------------+
|   max_cap      |      0 (0)       |   0.000    |      5 (5)       |
|   max_tran     |      0 (0)       |   0.000    |      0 (0)       |
|   max_fanout   |      0 (0)       |     0      |      0 (0)       |
|   max_length   |      0 (0)       |     0      |      0 (0)       |
+----------------+------------------+------------+------------------+

Density: 48.106%
Routing Overflow: 0.00% H and 0.00% V
------------------------------------------------------------------
**optDesign ... cpu = 0:01:23, real = 0:01:23, mem = 1771.0M, totSessionCpu=0:02:53 **
*** Timing NOT met, worst failing slack is -0.035
*** Check timing (0:00:00.0)
Begin: GigaOpt Optimization in WNS mode
Info: 31 io nets excluded
Info: 31 clock nets excluded from IPO operation.
*** WnsOpt #1 [begin] : totSession cpu/real = 0:02:53.2/0:06:12.1 (0.5), mem = 2175.7M
*info: 31 io nets excluded
*info: 31 clock nets excluded
*info: 1219 no-driver nets excluded.
** GigaOpt Optimizer WNS Slack -0.035 TNS Slack -0.035 Density 48.11
OptDebug: Start of Optimizer WNS Pass 0:
+-----------------------------+------+------+
|Path Group                   |   WNS|   TNS|
+-----------------------------+------+------+
|in2out in2reg reg2out default| 1.057| 0.000|
|reg2cgate                    | 1.546| 0.000|
|reg2reg                      |-0.035|-0.035|
|HEPG                         |-0.035|-0.035|
|All Paths                    |-0.035|-0.035|
+-----------------------------+------+------+

Active Path Group: reg2cgate reg2reg  
+--------+---------+--------+---------+---------+------------+--------+-----------+---------+----------------------------------------------------+
|  WNS   | All WNS |  TNS   | All TNS | Density |    Real    |  Mem   |Worst View |Pathgroup|                     End Point                      |
+--------+---------+--------+---------+---------+------------+--------+-----------+---------+----------------------------------------------------+
|  -0.035|   -0.035|  -0.035|   -0.035|   48.11%|   0:00:00.0| 2232.9M|AV_func_max|  reg2reg| u_IDCT/tposemem_Bisted_RF_2P_ADV64x16_RF_2P_ADV64x |
|        |         |        |         |         |            |        |           |         | 16_u0_SRAM_i0/DB[15]                               |
|   0.026|    0.026|   0.000|    0.000|   48.11%|   0:00:00.0| 2252.0M|AV_func_max|  reg2reg| u_IDCT/tposemem_Bisted_RF_2P_ADV64x16_RF_2P_ADV64x |
|        |         |        |         |         |            |        |           |         | 16_u0_SRAM_i0/DB[13]                               |
|   0.050|    0.053|   0.000|    0.000|   48.12%|   0:00:00.0| 2264.5M|         NA|       NA| NA                                                 |
|   0.050|    0.053|   0.000|    0.000|   48.12%|   0:00:00.0| 2264.5M|AV_func_max|       NA| NA                                                 |
+--------+---------+--------+---------+---------+------------+--------+-----------+---------+----------------------------------------------------+

*** Finish Core Optimize Step (cpu=0:00:00.3 real=0:00:00.0 mem=2264.5M) ***

*** Finished Optimize Step Cumulative (cpu=0:00:00.3 real=0:00:00.0 mem=2264.5M) ***
OptDebug: End of Optimizer WNS Pass 0:
+-----------------------------+-----+-----+
|Path Group                   |  WNS|  TNS|
+-----------------------------+-----+-----+
|in2out in2reg reg2out default|1.057|0.000|
|reg2cgate                    |1.546|0.000|
|reg2reg                      |0.053|0.000|
|HEPG                         |0.053|0.000|
|All Paths                    |0.053|0.000|
+-----------------------------+-----+-----+

** GigaOpt Optimizer WNS Slack 0.050 TNS Slack 0.000 Density 48.12
*** Starting refinePlace (0:02:56 mem=2264.5M) ***
Total net bbox length = 1.345e+05 (6.622e+04 6.828e+04) (ext = 3.720e+03)

Starting Small incrNP...
Skipped incrNP (cpu=0:00:00.0, real=0:00:00.0, mem=2264.5M)
End of Small incrNP (cpu=0:00:00.0, real=0:00:00.0)
Move report: Detail placement moves 13 insts, mean move: 0.82 um, max move: 1.97 um 
	Max move on inst (u_IDCT/IDRU8/sub_87_45_g514): (352.07, 326.62) --> (351.50, 328.02)
	Runtime: CPU: 0:00:00.7 REAL: 0:00:00.0 MEM: 2267.6MB
Summary Report:
Instances move: 13 (out of 10689 movable)
Instances flipped: 0
Mean displacement: 0.82 um
Max displacement: 1.97 um (Instance: u_IDCT/IDRU8/sub_87_45_g514) (352.07, 326.62) -> (351.5, 328.02)
	Length: 2 sites, height: 1 rows, site name: FreePDK45_38x28_10R_NP_162NW_34O, cell type: INV_X1
Total net bbox length = 1.345e+05 (6.623e+04 6.829e+04) (ext = 3.720e+03)
Runtime: CPU: 0:00:00.8 REAL: 0:00:00.0 MEM: 2267.6MB
*** Finished refinePlace (0:02:57 mem=2267.6M) ***
*** maximum move = 1.97 um ***
*** Finished re-routing un-routed nets (2264.6M) ***

*** Finish Physical Update (cpu=0:00:01.1 real=0:00:02.0 mem=2264.6M) ***
** GigaOpt Optimizer WNS Slack 0.050 TNS Slack 0.000 Density 48.12
OptDebug: End of Setup Fixing:
+-----------------------------+-----+-----+
|Path Group                   |  WNS|  TNS|
+-----------------------------+-----+-----+
|in2out in2reg reg2out default|1.057|0.000|
|reg2cgate                    |1.546|0.000|
|reg2reg                      |0.053|0.000|
|HEPG                         |0.053|0.000|
|All Paths                    |0.053|0.000|
+-----------------------------+-----+-----+

Bottom Preferred Layer:
+---------------+------------+----------+
|     Layer     |   OPT_LA   |   Rule   |
+---------------+------------+----------+
| metal4 (z=4)  |          1 | default  |
+---------------+------------+----------+
Via Pillar Rule:
    None

*** Finish pre-CTS Setup Fixing (cpu=0:00:02.9 real=0:00:03.0 mem=2264.6M) ***

*** WnsOpt #1 [finish] : cpu/real = 0:00:04.2/0:00:04.2 (1.0), totSession cpu/real = 0:02:57.4/0:06:16.2 (0.5), mem = 2182.5M
End: GigaOpt Optimization in WNS mode
*** Timing Is met
*** Check timing (0:00:00.0)
Info: 31 io nets excluded
Info: 31 clock nets excluded from IPO operation.
Begin: Area Reclaim Optimization
*** AreaOpt #2 [begin] : totSession cpu/real = 0:02:57.6/0:06:16.5 (0.5), mem = 2239.7M
Reclaim Optimization WNS Slack 0.000  TNS Slack 0.000 Density 48.12
+---------+---------+--------+--------+------------+--------+
| Density | Commits |  WNS   |  TNS   |    Real    |  Mem   |
+---------+---------+--------+--------+------------+--------+
|   48.12%|        -|   0.000|   0.000|   0:00:00.0| 2239.7M|
|   48.12%|        1|   0.000|   0.000|   0:00:01.0| 2263.3M|
|   48.11%|        9|   0.000|   0.000|   0:00:00.0| 2265.6M|
|   48.07%|       31|   0.000|   0.000|   0:00:01.0| 2265.6M|
|   48.07%|        0|   0.000|   0.000|   0:00:00.0| 2265.6M|
|   48.07%|        0|   0.000|   0.000|   0:00:00.0| 2265.6M|
+---------+---------+--------+--------+------------+--------+
Reclaim Optimization End WNS Slack 0.000  TNS Slack 0.000 Density 48.07
Bottom Preferred Layer:
    None
Via Pillar Rule:
    None

Number of times islegalLocAvaiable called = 37 skipped = 0, called in commitmove = 31, skipped in commitmove = 0
End: Core Area Reclaim Optimization (cpu = 0:00:02.5) (real = 0:00:02.0) **
*** Starting refinePlace (0:03:00 mem=2265.6M) ***
Total net bbox length = 1.345e+05 (6.623e+04 6.828e+04) (ext = 3.720e+03)
Move report: Detail placement moves 0 insts, mean move: 0.00 um, max move: 0.00 um 
	Runtime: CPU: 0:00:00.8 REAL: 0:00:01.0 MEM: 2265.6MB
Summary Report:
Instances move: 0 (out of 10680 movable)
Instances flipped: 0
Mean displacement: 0.00 um
Max displacement: 0.00 um 
Total net bbox length = 1.345e+05 (6.623e+04 6.828e+04) (ext = 3.720e+03)
Runtime: CPU: 0:00:00.8 REAL: 0:00:01.0 MEM: 2265.6MB
*** Finished refinePlace (0:03:01 mem=2265.6M) ***
*** maximum move = 0.00 um ***
*** Finished re-routing un-routed nets (2265.6M) ***

*** Finish Physical Update (cpu=0:00:01.1 real=0:00:02.0 mem=2265.6M) ***
*** AreaOpt #2 [finish] : cpu/real = 0:00:03.6/0:00:03.6 (1.0), totSession cpu/real = 0:03:01.2/0:06:20.1 (0.5), mem = 2265.6M
End: Area Reclaim Optimization (cpu=0:00:04, real=0:00:04, mem=2184.53M, totSessionCpu=0:03:01).
Begin: GigaOpt postEco DRV Optimization
*** DrvOpt #4 [begin] : totSession cpu/real = 0:03:01.3/0:06:20.2 (0.5), mem = 2184.5M
Info: 31 io nets excluded
Info: 31 clock nets excluded from IPO operation.
+-------------------------------------------------------------------------------------------------------------------------------------------------------+
|        max-tran       |        max-cap        |  max-fanout |  max-length |       setup       |        |        |        |       |          |         |
+-------------------------------------------------------------------------------------------------------------------------------------------------------+
| nets | terms|  wViol  | nets | terms|  wViol  | nets | terms| nets | terms|   WNS   |   TNS   |  #Buf  |  #Inv  | #Resize|Density|   Real   |   Mem   |
+-------------------------------------------------------------------------------------------------------------------------------------------------------+
|     5|     5|    -0.12|     0|     0|     0.00|     0|     0|     0|     0|     0.01|     0.00|       0|       0|       0| 48.07%|          |         |
|     0|     0|     0.00|     0|     0|     0.00|     0|     0|     0|     0|     0.01|     0.00|       5|       0|       0| 48.08%| 0:00:00.0|  2270.7M|
|     0|     0|     0.00|     0|     0|     0.00|     0|     0|     0|     0|     0.01|     0.00|       0|       0|       0| 48.08%| 0:00:00.0|  2270.7M|
+-------------------------------------------------------------------------------------------------------------------------------------------------------+
Bottom Preferred Layer:
    None
Via Pillar Rule:
    None

*** Finish DRV Fixing (cpu=0:00:00.3 real=0:00:01.0 mem=2270.7M) ***

*** DrvOpt #4 [finish] : cpu/real = 0:00:01.1/0:00:01.1 (1.0), totSession cpu/real = 0:03:02.4/0:06:21.3 (0.5), mem = 2186.6M
End: GigaOpt postEco DRV Optimization
Running refinePlace -preserveRouting true -hardFence false
*** Starting refinePlace (0:03:02 mem=2186.6M) ***

Starting Small incrNP...
Skipped incrNP (cpu=0:00:00.0, real=0:00:00.0, mem=2186.6M)
End of Small incrNP (cpu=0:00:00.0, real=0:00:00.0)
Move report: Detail placement moves 3 insts, mean move: 0.51 um, max move: 0.76 um 
	Max move on inst (u_IDCT/FE_OFC152_tposemem_Bisted_RF_2P_ADV64x16_RF_2P_ADV64x16_u0_AA_n_1): (279.49, 305.62) --> (280.25, 305.62)
	Runtime: CPU: 0:00:00.7 REAL: 0:00:01.0 MEM: 2186.6MB
Summary Report:
Instances move: 3 (out of 10685 movable)
Instances flipped: 0
Mean displacement: 0.51 um
Max displacement: 0.76 um (Instance: u_IDCT/FE_OFC152_tposemem_Bisted_RF_2P_ADV64x16_RF_2P_ADV64x16_u0_AA_n_1) (279.49, 305.62) -> (280.25, 305.62)
	Length: 3 sites, height: 1 rows, site name: FreePDK45_38x28_10R_NP_162NW_34O, cell type: CLKBUF_X1
Runtime: CPU: 0:00:00.8 REAL: 0:00:01.0 MEM: 2186.6MB
*** Finished refinePlace (0:03:03 mem=2186.6M) ***
Register exp ratio and priority group on 0 nets on 16098 nets : 

Active setup views:
 AV_func_max
  Dominating endpoints: 0
  Dominating TNS: -0.000

*** Enable all active views. ***
Extraction called for design 'CHIP' of instances=10743 and nets=17233 using extraction engine 'preRoute' .
PreRoute RC Extraction called for design CHIP.
RC Extraction called in multi-corner(3) mode.
RCMode: PreRoute
      RC Corner Indexes            0       1       2   
Capacitance Scaling Factor   : 1.00000 1.00000 1.00000 
Resistance Scaling Factor    : 1.00000 1.00000 1.00000 
Clock Cap. Scaling Factor    : 1.00000 1.00000 1.00000 
Clock Res. Scaling Factor    : 1.00000 1.00000 1.00000 
Shrink Factor                : 1.00000
PreRoute extraction is honoring NDR/Shielding/ExtraSpace for clock nets.
Using capacitance table file ...
Skipped RC grid update for preRoute extraction.
Initializing multi-corner capacitance tables ... 
Initializing multi-corner resistance tables ...
PreRoute RC Extraction DONE (CPU Time: 0:00:00.9  Real Time: 0:00:01.0  MEM: 2156.617M)
Skewing Data Summary (End_of_FINAL)
--------------------------------------------------
 Total skewed count:0
--------------------------------------------------
Starting delay calculation for Setup views
AAE_INFO: opIsDesignInPostRouteState() is 0
#################################################################################
# Design Stage: PreRoute
# Design Name: CHIP
# Design Mode: 45nm
# Analysis Mode: MMMC Non-OCV 
# Parasitics Mode: No SPEF/RCDB 
# Signoff Settings: SI Off 
#################################################################################
Calculate delays in BcWc mode...
Calculate delays in BcWc mode...
Start delay calculation (fullDC) (1 T). (MEM=2154.65)
Total number of fetched objects 16057
Total number of fetched objects 16057
End delay calculation. (MEM=2184.52 CPU=0:00:05.9 REAL=0:00:05.0)
End delay calculation (fullDC). (MEM=2184.52 CPU=0:00:06.7 REAL=0:00:06.0)
*** Done Building Timing Graph (cpu=0:00:08.1 real=0:00:08.0 totSessionCpu=0:03:14 mem=2184.5M)
[NR-eGR] Track table information for default rule: 
[NR-eGR] metal1 has single uniform track structure
[NR-eGR] metal2 has single uniform track structure
[NR-eGR] metal3 has single uniform track structure
[NR-eGR] metal4 has single uniform track structure
[NR-eGR] metal5 has single uniform track structure
[NR-eGR] metal6 has single uniform track structure
[NR-eGR] metal7 has single uniform track structure
[NR-eGR] metal8 has single uniform track structure
[NR-eGR] metal9 has single uniform track structure
[NR-eGR] metal10 has single uniform track structure
[NR-eGR] Read 115770 PG shapes
[NR-eGR] Read 0 clock shapes
[NR-eGR] Read 0 other shapes
[NR-eGR] #Routing Blockages  : 8
[NR-eGR] #Instance Blockages : 1596
[NR-eGR] #PG Blockages       : 115770
[NR-eGR] #Halo Blockages     : 36
[NR-eGR] #Boundary Blockages : 0
[NR-eGR] #Clock Blockages    : 0
[NR-eGR] #Other Blockages    : 0
[NR-eGR] Num Prerouted Nets = 0  Num Prerouted Wires = 0
[NR-eGR] Read 15925 nets ( ignored 0 )
[NR-eGR] There are 30 clock nets ( 0 with NDR ).
[NR-eGR] ============ Routing rule table ============
[NR-eGR] Rule id: 0  Nets: 15894
[NR-eGR] ========================================
[NR-eGR] 
[NR-eGR] Layer group 1: route 15894 net(s) in layer range [2, 10]
[NR-eGR] Early Global Route overflow of layer group 1: 0.00% H + 0.00% V. EstWL: 1.549296e+05um
[NR-eGR] Congestion Analysis By layer: (blocked Gcells are excluded) 
[NR-eGR]                        OverCon           OverCon            
[NR-eGR]                         #Gcell            #Gcell     %Gcell
[NR-eGR]        Layer             (1-2)               (3)    OverCon
[NR-eGR] ---------------------------------------------------------------
[NR-eGR]  metal1 ( 1)         0( 0.00%)         0( 0.00%)   ( 0.00%) 
[NR-eGR]  metal2 ( 2)        19( 0.02%)         1( 0.00%)   ( 0.03%) 
[NR-eGR]  metal3 ( 3)         1( 0.00%)         0( 0.00%)   ( 0.00%) 
[NR-eGR]  metal4 ( 4)        56( 0.09%)         1( 0.00%)   ( 0.10%) 
[NR-eGR]  metal5 ( 5)        12( 0.02%)         0( 0.00%)   ( 0.02%) 
[NR-eGR]  metal6 ( 6)         0( 0.00%)         0( 0.00%)   ( 0.00%) 
[NR-eGR]  metal7 ( 7)         1( 0.00%)         0( 0.00%)   ( 0.00%) 
[NR-eGR]  metal8 ( 8)         0( 0.00%)         0( 0.00%)   ( 0.00%) 
[NR-eGR]  metal9 ( 9)         0( 0.00%)         0( 0.00%)   ( 0.00%) 
[NR-eGR] metal10 (10)         0( 0.00%)         0( 0.00%)   ( 0.00%) 
[NR-eGR] ---------------------------------------------------------------
[NR-eGR]        Total        89( 0.01%)         2( 0.00%)   ( 0.01%) 
[NR-eGR] 
[NR-eGR] Overflow after Early Global Route 0.00% H + 0.00% V
[NR-eGR] Finished Early Global Route kernel ( CPU: 0.76 sec, Real: 0.74 sec, Curr Mem: 2204.95 MB )
[hotspot] +------------+---------------+---------------+
[hotspot] |            |   max hotspot | total hotspot |
[hotspot] +------------+---------------+---------------+
[hotspot] | normalized |          0.00 |          0.00 |
[hotspot] +------------+---------------+---------------+
Local HotSpot Analysis: normalized max congestion hotspot area = 0.00, normalized total congestion hotspot area = 0.00 (area is in unit of 4 std-cell row bins)
[hotspot] Hotspot report including placement blocked areas
[hotspot] +------------+---------------+---------------+
[hotspot] |            |   max hotspot | total hotspot |
[hotspot] +------------+---------------+---------------+
[hotspot] | normalized |          0.00 |          0.00 |
[hotspot] +------------+---------------+---------------+
Local HotSpot Analysis (blockage included): normalized max congestion hotspot area = 0.00, normalized total congestion hotspot area = 0.00 (area is in unit of 4 std-cell row bins)
Reported timing to dir ./timingReports
**optDesign ... cpu = 0:01:45, real = 0:01:45, mem = 1769.0M, totSessionCpu=0:03:15 **

------------------------------------------------------------------
     optDesign Final Summary
------------------------------------------------------------------

Setup views included:
 AV_func_max AV_func_min 

+--------------------+---------+---------+---------+---------+---------+---------+---------+
|     Setup mode     |   all   | reg2reg |reg2cgate| in2reg  | reg2out | in2out  | default |
+--------------------+---------+---------+---------+---------+---------+---------+---------+
|           WNS (ns):|  0.005  |  0.005  |  1.545  |  3.427  |  1.057  |   N/A   |  0.000  |
|           TNS (ns):|  0.000  |  0.000  |  0.000  |  0.000  |  0.000  |   N/A   |  0.000  |
|    Violating Paths:|    0    |    0    |    0    |    0    |    0    |   N/A   |    0    |
|          All Paths:|  3415   |  3331   |   27    |   45    |   12    |   N/A   |    0    |
+--------------------+---------+---------+---------+---------+---------+---------+---------+

+----------------+-------------------------------+------------------+
|                |              Real             |       Total      |
|    DRVs        +------------------+------------+------------------|
|                |  Nr nets(terms)  | Worst Vio  |  Nr nets(terms)  |
+----------------+------------------+------------+------------------+
|   max_cap      |      0 (0)       |   0.000    |      5 (5)       |
|   max_tran     |      0 (0)       |   0.000    |      0 (0)       |
|   max_fanout   |      0 (0)       |     0      |      0 (0)       |
|   max_length   |      0 (0)       |     0      |      0 (0)       |
+----------------+------------------+------------+------------------+

Density: 48.077%
Routing Overflow: 0.00% H and 0.00% V
------------------------------------------------------------------
**optDesign ... cpu = 0:01:46, real = 0:01:47, mem = 1772.5M, totSessionCpu=0:03:16 **
**WARN: (IMPOPT-3195):	Analysis mode has changed.
Type 'man IMPOPT-3195' for more detail.
*** Finished optDesign ***
Disable CTE adjustment.
**place_opt_design ... cpu = 0:02:28, real = 0:02:31, mem = 2079.4M **
*** Finished GigaPlace ***

*** Summary of all messages that are not suppressed in this session:
Severity  ID               Count  Summary                                  
WARNING   IMPEXT-6202          1  In addition to the technology file, the ...
WARNING   IMPESI-3086         67  The cell '%s' does not have characterize...
WARNING   IMPESI-3311       8760  Pin %s of Cell %s for timing library %s ...
ERROR     IMPSP-365            1  Design has inst(s) with SITE '%s', but t...
WARNING   IMPSC-1010           2  During incremental tracing, scan chain "...
WARNING   IMPOPT-3195          2  Analysis mode has changed.               
WARNING   IMPOPT-7083          1  The dynamic power view needs to be an ac...
*** Message Summary: 8833 warning(s), 1 error(s)

*** place_opt_design #1 [finish] : cpu/real = 0:02:28.3/0:02:30.3 (1.0), totSession cpu/real = 0:03:16.2/0:06:36.1 (0.5), mem = 2079.4M
<CMD> setDrawView ameba
<CMD> setDrawView place
<CMD> setDrawView fplan
<CMD> setDrawView place
<CMD> checkPlace CHIP.checkPlace
Begin checking placement ... (start mem=2455.7M, init mem=2455.7M)
*info: Placed = 10687          (Fixed = 2)
*info: Unplaced = 0           
Placement Density:48.08%(33613/69913)
Placement Density (including fixed std cells):48.08%(33613/69913)
Finished checkPlace (total: cpu=0:00:00.5, real=0:00:00.0; vio checks: cpu=0:00:00.3, real=0:00:00.0; mem=2455.7M)
<CMD> setDrawView place
<CMD> fit
<CMD> saveDesign DBS/place.enc
#% Begin save design ... (date=05/19 11:41:01, mem=1697.8M)
% Begin Save ccopt configuration ... (date=05/19 11:41:01, mem=1697.8M)
% End Save ccopt configuration ... (date=05/19 11:41:01, total cpu=0:00:00.0, real=0:00:00.0, peak res=1698.7M, current mem=1698.7M)
% Begin Save netlist data ... (date=05/19 11:41:01, mem=1698.7M)
Writing Binary DB to DBS/place.enc.dat/CHIP.v.bin in single-threaded mode...
% End Save netlist data ... (date=05/19 11:41:01, total cpu=0:00:00.1, real=0:00:00.0, peak res=1698.8M, current mem=1698.8M)
Saving symbol-table file ...
Saving congestion map file DBS/place.enc.dat/CHIP.route.congmap.gz ...
% Begin Save AAE data ... (date=05/19 11:41:02, mem=1699.0M)
Saving AAE Data ...
% End Save AAE data ... (date=05/19 11:41:02, total cpu=0:00:00.0, real=0:00:00.0, peak res=1699.1M, current mem=1699.1M)
Saving preference file DBS/place.enc.dat/gui.pref.tcl ...
Saving mode setting ...
Saving global file ...
% Begin Save floorplan data ... (date=05/19 11:41:02, mem=1699.9M)
Saving floorplan file ...
Convert 0 swires and 0 svias from compressed groups
% End Save floorplan data ... (date=05/19 11:41:02, total cpu=0:00:00.1, real=0:00:00.0, peak res=1700.3M, current mem=1700.3M)
Saving PG file DBS/place.enc.dat/CHIP.pg.gz, version#2, (Created by Innovus v21.13-s100_1 on Fri May 19 11:41:02 2023)
*** Completed savePGFile (cpu=0:00:00.0 real=0:00:01.0 mem=2452.2M) ***
Saving Drc markers ...
... No Drc file written since there is no markers found.
% Begin Save placement data ... (date=05/19 11:41:03, mem=1700.5M)
** Saving stdCellPlacement_binary (version# 2) ...
Save Adaptive View Pruning View Names to Binary file
AV_func_max
% End Save placement data ... (date=05/19 11:41:03, total cpu=0:00:00.0, real=0:00:00.0, peak res=1700.5M, current mem=1700.5M)
% Begin Save routing data ... (date=05/19 11:41:03, mem=1700.5M)
Saving route file ...
*** Completed saveRoute (cpu=0:00:00.1 real=0:00:00.0 mem=2452.2M) ***
% End Save routing data ... (date=05/19 11:41:03, total cpu=0:00:00.1, real=0:00:00.0, peak res=1700.8M, current mem=1700.8M)
Saving SCANDEF file ...
*** Scan Trace Summary (runtime: cpu: 0:00:00.0 , real: 0:00:00.0): 
Successfully traced 3 scan chains (total 3277 scan bits).
Start applying DEF ordered sections ...
Successfully applied all DEF ordered sections.
*** Scan Sanity Check Summary:
*** 3 scan chains passed sanity check.
Saving property file DBS/place.enc.dat/CHIP.prop
*** Completed saveProperty (cpu=0:00:00.0 real=0:00:00.0 mem=2654.2M) ***
Saving rc congestion map DBS/place.enc.dat/CHIP.congmap.gz ...
% Begin Save power constraints data ... (date=05/19 11:41:03, mem=1704.4M)
% End Save power constraints data ... (date=05/19 11:41:04, total cpu=0:00:00.0, real=0:00:00.0, peak res=1704.4M, current mem=1704.4M)
RC_typ RC_best RC_worst
RC_typ RC_best RC_worst
RC_typ RC_best RC_worst
RC_typ RC_best RC_worst
RC_typ RC_best RC_worst
RC_typ RC_best RC_worst
RC_typ RC_best RC_worst
Generated self-contained design place.enc.dat
#% End save design ... (date=05/19 11:41:04, total cpu=0:00:01.3, real=0:00:03.0, peak res=1707.1M, current mem=1707.1M)
*** Message Summary: 0 warning(s), 0 error(s)

<CMD> setOptMode -fixCap true -fixTran true -fixFanoutLoad true
<CMD> optDesign -preCTS
**optDesign ... cpu = 0:00:00, real = 0:00:00, mem = 1707.7M, totSessionCpu=0:03:27 **
Executing: place_opt_design -opt
**INFO: User settings:
setDesignMode -process                      45
setExtractRCMode -coupling_c_th             0.1
setExtractRCMode -engine                    preRoute
setExtractRCMode -relative_c_th             1
setExtractRCMode -total_c_th                0
setDelayCalMode -enable_high_fanout         true
setDelayCalMode -engine                     aae
setDelayCalMode -ignoreNetLoad              false
setDelayCalMode -socv_accuracy_mode         low
setOptMode -activeHoldViews                 { AV_func_min AV_scan_min }
setOptMode -activeSetupViews                { AV_func_max AV_func_typ AV_scan_max AV_scan_typ AV_func_min }
setOptMode -autoSetupViews                  {AV_func_max AV_func_min}
setOptMode -autoTDGRSetupViews              { AV_func_max}
setOptMode -drcMargin                       0
setOptMode -fixCap                          true
setOptMode -fixDrc                          true
setOptMode -fixFanoutLoad                   true
setOptMode -fixTran                         true
setOptMode -optimizeFF                      true
setOptMode -placementSetupViews             { AV_func_max  }
setOptMode -setupTargetSlack                0
setOptMode -viewOptMustExcludeSetupViewSet  AV_func_min
setPlaceMode -MXPBoundaryLevel              7
setPlaceMode -MXPConstraintFile             {}
setPlaceMode -MXPControlSetting             0
setPlaceMode -MXPLogicHierAware             0
setPlaceMode -MXPPreplaceSetting            5
setPlaceMode -MXPRefineSetting              17
setPlaceMode -place_global_place_io_pins    false
setPlaceMode -timingDriven                  true
setAnalysisMode -analysisType               bcwc
setAnalysisMode -checkType                  setup
setAnalysisMode -clkSrcPath                 true
setAnalysisMode -clockPropagation           forcedIdeal
setAnalysisMode -usefulSkew                 true
setAnalysisMode -virtualIPO                 false

*** place_opt_design #2 [begin] : totSession cpu/real = 0:03:27.5/0:08:12.7 (0.4), mem = 2486.5M
*** Starting GigaPlace ***
*** GlobalPlace #2 [begin] : totSession cpu/real = 0:03:27.6/0:08:12.8 (0.4), mem = 2486.5M
*** GlobalPlace #2 [finish] : cpu/real = 0:00:00.0/0:00:00.0 (0.0), totSession cpu/real = 0:03:27.6/0:08:12.8 (0.4), mem = 2486.5M
Enable CTE adjustment.
**optDesign ... cpu = 0:00:00, real = 0:00:00, mem = 1707.7M, totSessionCpu=0:03:28 **
GigaOpt running with 1 threads.
**INFO: setDesignMode -flowEffort standard -> setting 'setOptMode -allEndPoints true' for the duration of this command.
*** InitOpt #2 [begin] : totSession cpu/real = 0:03:27.7/0:08:12.9 (0.4), mem = 2486.5M
             0V	    VSS
          1.25V	    VDD

Starting Levelizing
2023-May-19 11:41:34 (2023-May-19 03:41:34 GMT)
2023-May-19 11:41:34 (2023-May-19 03:41:34 GMT): 10%
2023-May-19 11:41:34 (2023-May-19 03:41:34 GMT): 20%
2023-May-19 11:41:34 (2023-May-19 03:41:34 GMT): 30%
2023-May-19 11:41:34 (2023-May-19 03:41:34 GMT): 40%
2023-May-19 11:41:34 (2023-May-19 03:41:34 GMT): 50%
2023-May-19 11:41:34 (2023-May-19 03:41:34 GMT): 60%
2023-May-19 11:41:34 (2023-May-19 03:41:34 GMT): 70%
2023-May-19 11:41:34 (2023-May-19 03:41:34 GMT): 80%
2023-May-19 11:41:34 (2023-May-19 03:41:34 GMT): 90%

Finished Levelizing
2023-May-19 11:41:34 (2023-May-19 03:41:34 GMT)

Starting Activity Propagation
2023-May-19 11:41:34 (2023-May-19 03:41:34 GMT)

Finished Activity Propagation
2023-May-19 11:41:35 (2023-May-19 03:41:35 GMT)

Activity annotation summary:
        Primary Inputs : 19/19 = 100%
          Flop outputs : 6583/6583 = 100%
  Memory/Macro outputs : 92/92 = 100%
      Tristate outputs : 0/0 = 0%
            Total Nets : 15863/16012 = 99.0694%

**optDesign ... cpu = 0:00:03, real = 0:00:03, mem = 1753.1M, totSessionCpu=0:03:30 **
*** optDesign -preCTS ***
DRC Margin: user margin 0.0; extra margin 0.2
Setup Target Slack: user slack 0; extra slack 0.0
Hold Target Slack: user slack 0
Multi-VT timing optimization disabled based on library information.
[NR-eGR] Started Early Global Route kernel ( Curr Mem: 2545.18 MB )
[NR-eGR] Track table information for default rule: 
[NR-eGR] metal1 has single uniform track structure
[NR-eGR] metal2 has single uniform track structure
[NR-eGR] metal3 has single uniform track structure
[NR-eGR] metal4 has single uniform track structure
[NR-eGR] metal5 has single uniform track structure
[NR-eGR] metal6 has single uniform track structure
[NR-eGR] metal7 has single uniform track structure
[NR-eGR] metal8 has single uniform track structure
[NR-eGR] metal9 has single uniform track structure
[NR-eGR] metal10 has single uniform track structure
[NR-eGR] Read 115770 PG shapes
[NR-eGR] Read 0 clock shapes
[NR-eGR] Read 0 other shapes
[NR-eGR] #Routing Blockages  : 8
[NR-eGR] #Instance Blockages : 1596
[NR-eGR] #PG Blockages       : 115770
[NR-eGR] #Halo Blockages     : 36
[NR-eGR] #Boundary Blockages : 0
[NR-eGR] #Clock Blockages    : 0
[NR-eGR] #Other Blockages    : 0
[NR-eGR] Num Prerouted Nets = 0  Num Prerouted Wires = 0
[NR-eGR] Read 15925 nets ( ignored 0 )
[NR-eGR] There are 30 clock nets ( 0 with NDR ).
[NR-eGR] ============ Routing rule table ============
[NR-eGR] Rule id: 0  Nets: 15894
[NR-eGR] ========================================
[NR-eGR] 
[NR-eGR] Layer group 1: route 15894 net(s) in layer range [2, 10]
[NR-eGR] Early Global Route overflow of layer group 1: 0.00% H + 0.00% V. EstWL: 1.560608e+05um
[NR-eGR] Congestion Analysis By layer: (blocked Gcells are excluded) 
[NR-eGR]                        OverCon           OverCon            
[NR-eGR]                         #Gcell            #Gcell     %Gcell
[NR-eGR]        Layer             (1-2)               (3)    OverCon
[NR-eGR] ---------------------------------------------------------------
[NR-eGR]  metal1 ( 1)         0( 0.00%)         0( 0.00%)   ( 0.00%) 
[NR-eGR]  metal2 ( 2)        19( 0.02%)         0( 0.00%)   ( 0.02%) 
[NR-eGR]  metal3 ( 3)         2( 0.00%)         0( 0.00%)   ( 0.00%) 
[NR-eGR]  metal4 ( 4)        56( 0.09%)         1( 0.00%)   ( 0.10%) 
[NR-eGR]  metal5 ( 5)        12( 0.02%)         0( 0.00%)   ( 0.02%) 
[NR-eGR]  metal6 ( 6)         0( 0.00%)         0( 0.00%)   ( 0.00%) 
[NR-eGR]  metal7 ( 7)         1( 0.00%)         0( 0.00%)   ( 0.00%) 
[NR-eGR]  metal8 ( 8)         0( 0.00%)         0( 0.00%)   ( 0.00%) 
[NR-eGR]  metal9 ( 9)         0( 0.00%)         0( 0.00%)   ( 0.00%) 
[NR-eGR] metal10 (10)         0( 0.00%)         0( 0.00%)   ( 0.00%) 
[NR-eGR] ---------------------------------------------------------------
[NR-eGR]        Total        90( 0.01%)         1( 0.00%)   ( 0.01%) 
[NR-eGR] 
[NR-eGR] Overflow after Early Global Route 0.00% H + 0.00% V
[NR-eGR]                  Length (um)    Vias 
[NR-eGR] -------------------------------------
[NR-eGR]  metal1   (1H)             0   47067 
[NR-eGR]  metal2   (2V)         41242   59968 
[NR-eGR]  metal3   (3H)         72826   22177 
[NR-eGR]  metal4   (4V)         34847    1603 
[NR-eGR]  metal5   (5H)          7021    1414 
[NR-eGR]  metal6   (6V)         10641      56 
[NR-eGR]  metal7   (7H)           294      18 
[NR-eGR]  metal8   (8V)           291       0 
[NR-eGR]  metal9   (9H)             0       0 
[NR-eGR]  metal10  (10V)            0       0 
[NR-eGR] -------------------------------------
[NR-eGR]           Total       167161  132303 
[NR-eGR] --------------------------------------------------------------------------
[NR-eGR] Total half perimeter of net bounding box: 134509um
[NR-eGR] Total length: 167161um, number of vias: 132303
[NR-eGR] --------------------------------------------------------------------------
[NR-eGR] Total eGR-routed clock nets wire length: 11388um, number of vias: 9926
[NR-eGR] --------------------------------------------------------------------------
[NR-eGR] Finished Early Global Route kernel ( CPU: 1.41 sec, Real: 1.40 sec, Curr Mem: 2542.55 MB )
Updating RC grid for preRoute extraction ...
Initializing multi-corner capacitance tables ... 
Initializing multi-corner resistance tables ...
Extraction called for design 'CHIP' of instances=10743 and nets=17233 using extraction engine 'preRoute' .
PreRoute RC Extraction called for design CHIP.
RC Extraction called in multi-corner(3) mode.
RCMode: PreRoute
      RC Corner Indexes            0       1       2   
Capacitance Scaling Factor   : 1.00000 1.00000 1.00000 
Resistance Scaling Factor    : 1.00000 1.00000 1.00000 
Clock Cap. Scaling Factor    : 1.00000 1.00000 1.00000 
Clock Res. Scaling Factor    : 1.00000 1.00000 1.00000 
Shrink Factor                : 1.00000
PreRoute extraction is honoring NDR/Shielding/ExtraSpace for clock nets.
Using capacitance table file ...
Updating RC grid for preRoute extraction ...
Initializing multi-corner capacitance tables ... 
Initializing multi-corner resistance tables ...
PreRoute RC Extraction DONE (CPU Time: 0:00:00.9  Real Time: 0:00:01.0  MEM: 2521.547M)
*** Enable all active views. ***

Optimization is working on the following views:
  Setup views: AV_func_max AV_func_min 
  Hold  views: AV_func_min AV_scan_min 
Starting delay calculation for Setup views
AAE_INFO: opIsDesignInPostRouteState() is 0
#################################################################################
# Design Stage: PreRoute
# Design Name: CHIP
# Design Mode: 45nm
# Analysis Mode: MMMC Non-OCV 
# Parasitics Mode: No SPEF/RCDB 
# Signoff Settings: SI Off 
#################################################################################
Calculate delays in BcWc mode...
Calculate delays in BcWc mode...
Start delay calculation (fullDC) (1 T). (MEM=2527.58)
Total number of fetched objects 16057
Total number of fetched objects 16057
End delay calculation. (MEM=2577.97 CPU=0:00:05.8 REAL=0:00:06.0)
End delay calculation (fullDC). (MEM=2577.97 CPU=0:00:06.8 REAL=0:00:07.0)
*** Done Building Timing Graph (cpu=0:00:07.4 real=0:00:07.0 totSessionCpu=0:03:43 mem=2578.0M)

------------------------------------------------------------------
             Initial Summary
------------------------------------------------------------------

Setup views included:
 AV_func_max AV_func_min 

+--------------------+---------+
|     Setup mode     |   all   |
+--------------------+---------+
|           WNS (ns):| -0.001  |
|           TNS (ns):| -0.001  |
|    Violating Paths:|    2    |
|          All Paths:|  3415   |
+--------------------+---------+

+----------------+-------------------------------+------------------+
|                |              Real             |       Total      |
|    DRVs        +------------------+------------+------------------|
|                |  Nr nets(terms)  | Worst Vio  |  Nr nets(terms)  |
+----------------+------------------+------------+------------------+
|   max_cap      |      0 (0)       |   0.000    |      5 (5)       |
|   max_tran     |      0 (0)       |   0.000    |      0 (0)       |
|   max_fanout   |      0 (0)       |     0      |      0 (0)       |
|   max_length   |      0 (0)       |     0      |      0 (0)       |
+----------------+------------------+------------+------------------+

Density: 48.077%
------------------------------------------------------------------
**optDesign ... cpu = 0:00:15, real = 0:00:16, mem = 1747.6M, totSessionCpu=0:03:43 **
*** InitOpt #2 [finish] : cpu/real = 0:00:15.4/0:00:15.3 (1.0), totSession cpu/real = 0:03:43.1/0:08:28.2 (0.4), mem = 2549.2M
** INFO : this run is activating medium effort placeOptDesign flow
*** Starting optimizing excluded clock nets MEM= 2549.2M) ***
*info: No excluded clock nets to be optimized.
*** Finished optimizing excluded clock nets (CPU Time= 0:00:00.0  MEM= 2549.2M) ***
Begin: GigaOpt Route Type Constraints Refinement
*** CongRefineRouteType #2 [begin] : totSession cpu/real = 0:03:43.2/0:08:28.4 (0.4), mem = 2549.2M
Updated routing constraints on 0 nets.
Bottom Preferred Layer:
    None
Via Pillar Rule:
    None
*** CongRefineRouteType #2 [finish] : cpu/real = 0:00:00.6/0:00:00.6 (1.0), totSession cpu/real = 0:03:43.8/0:08:28.9 (0.4), mem = 2665.6M
End: GigaOpt Route Type Constraints Refinement
The useful skew maximum allowed delay is: 0.3

Optimization is working on the following views:
  Setup views: AV_func_max 
  Hold  views: AV_scan_min 
*** SimplifyNetlist #2 [begin] : totSession cpu/real = 0:03:45.3/0:08:30.4 (0.4), mem = 2719.8M
Info: 31 io nets excluded
Info: 31 clock nets excluded from IPO operation.

Netlist preparation processing... 
Removed 0 instance
*info: Marking 0 isolation instances dont touch
*info: Marking 0 level shifter instances dont touch
*** SimplifyNetlist #2 [finish] : cpu/real = 0:00:01.1/0:00:01.1 (1.0), totSession cpu/real = 0:03:46.5/0:08:31.6 (0.4), mem = 2664.9M

Active setup views:
 AV_func_max
  Dominating endpoints: 0
  Dominating TNS: -0.000

Begin: GigaOpt Global Optimization
*info: use new DP (enabled)
Info: 31 io nets excluded
Info: 31 clock nets excluded from IPO operation.
*** GlobalOpt #2 [begin] : totSession cpu/real = 0:03:47.0/0:08:32.1 (0.4), mem = 2703.1M
*info: 31 io nets excluded
*info: 31 clock nets excluded
*info: 1219 no-driver nets excluded.
** GigaOpt Global Opt WNS Slack -0.002  TNS Slack -0.002 
+--------+--------+---------+------------+--------+-----------+---------+----------------------------------------------------+
|  WNS   |  TNS   | Density |    Real    |  Mem   |Worst View |Pathgroup|                     End Point                      |
+--------+--------+---------+------------+--------+-----------+---------+----------------------------------------------------+
|  -0.002|  -0.002|   48.08%|   0:00:00.0| 2722.2M|AV_func_max|  default| u_DCT/tposemem_Bisted_RF_2P_ADV64x16_RF_2P_ADV64x1 |
|        |        |         |            |        |           |         | 6_u0_SRAM_i0/DB[14]                                |
|  -0.002|  -0.002|   48.08%|   0:00:00.0| 2747.3M|AV_func_max|  default| u_DCT/tposemem_Bisted_RF_2P_ADV64x16_RF_2P_ADV64x1 |
|        |        |         |            |        |           |         | 6_u0_SRAM_i0/DB[14]                                |
|  -0.002|  -0.002|   48.08%|   0:00:00.0| 2747.3M|AV_func_max|  default| u_DCT/tposemem_Bisted_RF_2P_ADV64x16_RF_2P_ADV64x1 |
|        |        |         |            |        |           |         | 6_u0_SRAM_i0/DB[14]                                |
|  -0.002|  -0.002|   48.08%|   0:00:00.0| 2747.3M|AV_func_max|  default| u_DCT/tposemem_Bisted_RF_2P_ADV64x16_RF_2P_ADV64x1 |
|        |        |         |            |        |           |         | 6_u0_SRAM_i0/DB[14]                                |
|  -0.002|  -0.002|   48.08%|   0:00:00.0| 2749.6M|AV_func_max|  default| u_DCT/tposemem_Bisted_RF_2P_ADV64x16_RF_2P_ADV64x1 |
|        |        |         |            |        |           |         | 6_u0_SRAM_i0/DB[14]                                |
|  -0.002|  -0.002|   48.08%|   0:00:01.0| 2770.6M|AV_func_max|  default| u_DCT/tposemem_Bisted_RF_2P_ADV64x16_RF_2P_ADV64x1 |
|        |        |         |            |        |           |         | 6_u0_SRAM_i0/DB[14]                                |
|  -0.002|  -0.002|   48.08%|   0:00:00.0| 2770.6M|AV_func_max|  default| u_DCT/tposemem_Bisted_RF_2P_ADV64x16_RF_2P_ADV64x1 |
|        |        |         |            |        |           |         | 6_u0_SRAM_i0/DB[14]                                |
|  -0.002|  -0.002|   48.08%|   0:00:00.0| 2770.6M|AV_func_max|  default| u_DCT/tposemem_Bisted_RF_2P_ADV64x16_RF_2P_ADV64x1 |
|        |        |         |            |        |           |         | 6_u0_SRAM_i0/DB[14]                                |
|  -0.002|  -0.002|   48.08%|   0:00:00.0| 2770.6M|AV_func_max|  default| u_DCT/tposemem_Bisted_RF_2P_ADV64x16_RF_2P_ADV64x1 |
|        |        |         |            |        |           |         | 6_u0_SRAM_i0/DB[14]                                |
|  -0.002|  -0.002|   48.08%|   0:00:00.0| 2770.6M|AV_func_max|  default| u_DCT/tposemem_Bisted_RF_2P_ADV64x16_RF_2P_ADV64x1 |
|        |        |         |            |        |           |         | 6_u0_SRAM_i0/DB[14]                                |
|  -0.002|  -0.002|   48.08%|   0:00:00.0| 2770.6M|AV_func_max|  default| u_DCT/tposemem_Bisted_RF_2P_ADV64x16_RF_2P_ADV64x1 |
|        |        |         |            |        |           |         | 6_u0_SRAM_i0/DB[14]                                |
|  -0.002|  -0.002|   48.08%|   0:00:00.0| 2770.6M|AV_func_max|  default| u_DCT/tposemem_Bisted_RF_2P_ADV64x16_RF_2P_ADV64x1 |
|        |        |         |            |        |           |         | 6_u0_SRAM_i0/DB[14]                                |
|  -0.002|  -0.002|   48.08%|   0:00:00.0| 2770.6M|AV_func_max|  default| u_DCT/tposemem_Bisted_RF_2P_ADV64x16_RF_2P_ADV64x1 |
|        |        |         |            |        |           |         | 6_u0_SRAM_i0/DB[14]                                |
|  -0.002|  -0.002|   48.08%|   0:00:01.0| 2770.6M|AV_func_max|  default| u_DCT/tposemem_Bisted_RF_2P_ADV64x16_RF_2P_ADV64x1 |
|        |        |         |            |        |           |         | 6_u0_SRAM_i0/DB[14]                                |
|  -0.002|  -0.002|   48.08%|   0:00:00.0| 2770.6M|AV_func_max|  default| u_DCT/tposemem_Bisted_RF_2P_ADV64x16_RF_2P_ADV64x1 |
|        |        |         |            |        |           |         | 6_u0_SRAM_i0/DB[14]                                |
|   0.000|   0.000|   48.08%|   0:00:00.0| 2770.6M|         NA|       NA| NA                                                 |
+--------+--------+---------+------------+--------+-----------+---------+----------------------------------------------------+

*** Finish pre-CTS Global Setup Fixing (cpu=0:00:02.1 real=0:00:02.0 mem=2770.6M) ***

*** Finish pre-CTS Setup Fixing (cpu=0:00:02.1 real=0:00:02.0 mem=2770.6M) ***
Bottom Preferred Layer:
+---------------+------------+----------+
|     Layer     |   OPT_LA   |   Rule   |
+---------------+------------+----------+
| metal4 (z=4)  |          1 | default  |
+---------------+------------+----------+
Via Pillar Rule:
    None
** GigaOpt Global Opt End WNS Slack 0.000  TNS Slack 0.000 
*** GlobalOpt #2 [finish] : cpu/real = 0:00:03.5/0:00:03.5 (1.0), totSession cpu/real = 0:03:50.5/0:08:35.6 (0.4), mem = 2669.6M
End: GigaOpt Global Optimization
*** Timing Is met
*** Check timing (0:00:00.0)
Info: 31 io nets excluded
Info: 31 clock nets excluded from IPO operation.
Begin: Area Reclaim Optimization
*** AreaOpt #3 [begin] : totSession cpu/real = 0:03:50.7/0:08:35.8 (0.4), mem = 2726.8M
Reclaim Optimization WNS Slack 0.000  TNS Slack 0.000 Density 48.08
+---------+---------+--------+--------+------------+--------+
| Density | Commits |  WNS   |  TNS   |    Real    |  Mem   |
+---------+---------+--------+--------+------------+--------+
|   48.08%|        -|   0.000|   0.000|   0:00:00.0| 2728.8M|
|   48.08%|        0|   0.000|   0.000|   0:00:01.0| 2728.8M|
|   48.08%|        0|   0.000|   0.000|   0:00:00.0| 2728.8M|
|   48.07%|        5|   0.000|   0.000|   0:00:00.0| 2759.2M|
|   48.07%|        4|   0.000|   0.000|   0:00:01.0| 2759.2M|
|   48.07%|        0|   0.000|   0.000|   0:00:00.0| 2759.2M|
|   48.07%|        0|   0.000|   0.000|   0:00:00.0| 2759.2M|
+---------+---------+--------+--------+------------+--------+
Reclaim Optimization End WNS Slack 0.000  TNS Slack 0.000 Density 48.07
Bottom Preferred Layer:
+---------------+------------+----------+
|     Layer     |   OPT_LA   |   Rule   |
+---------------+------------+----------+
| metal4 (z=4)  |          1 | default  |
+---------------+------------+----------+
Via Pillar Rule:
    None

Number of times islegalLocAvaiable called = 0 skipped = 0, called in commitmove = 0, skipped in commitmove = 0
End: Core Area Reclaim Optimization (cpu = 0:00:02.5) (real = 0:00:03.0) **
*** AreaOpt #3 [finish] : cpu/real = 0:00:02.5/0:00:02.5 (1.0), totSession cpu/real = 0:03:53.2/0:08:38.3 (0.4), mem = 2759.2M
Executing incremental physical updates
Executing incremental physical updates
End: Area Reclaim Optimization (cpu=0:00:03, real=0:00:03, mem=2679.12M, totSessionCpu=0:03:53).
*** IncrReplace #2 [begin] : totSession cpu/real = 0:03:53.5/0:08:38.6 (0.5), mem = 2679.1M

*** Start incrementalPlace ***
SKP will enable view:
  AV_func_max
[NR-eGR] Track table information for default rule: 
[NR-eGR] metal1 has single uniform track structure
[NR-eGR] metal2 has single uniform track structure
[NR-eGR] metal3 has single uniform track structure
[NR-eGR] metal4 has single uniform track structure
[NR-eGR] metal5 has single uniform track structure
[NR-eGR] metal6 has single uniform track structure
[NR-eGR] metal7 has single uniform track structure
[NR-eGR] metal8 has single uniform track structure
[NR-eGR] metal9 has single uniform track structure
[NR-eGR] metal10 has single uniform track structure
[NR-eGR] Read 115770 PG shapes
[NR-eGR] Read 0 clock shapes
[NR-eGR] Read 0 other shapes
[NR-eGR] #Routing Blockages  : 8
[NR-eGR] #Instance Blockages : 1596
[NR-eGR] #PG Blockages       : 115770
[NR-eGR] #Halo Blockages     : 36
[NR-eGR] #Boundary Blockages : 0
[NR-eGR] #Clock Blockages    : 0
[NR-eGR] #Other Blockages    : 0
[NR-eGR] Num Prerouted Nets = 0  Num Prerouted Wires = 0
[NR-eGR] Read 15920 nets ( ignored 0 )
[NR-eGR] There are 30 clock nets ( 0 with NDR ).
[NR-eGR] ============ Routing rule table ============
[NR-eGR] Rule id: 0  Nets: 15889
[NR-eGR] ========================================
[NR-eGR] 
[NR-eGR] Layer group 1: route 15889 net(s) in layer range [2, 10]
[NR-eGR] Early Global Route overflow of layer group 1: 0.00% H + 0.00% V. EstWL: 1.549296e+05um
[NR-eGR] Congestion Analysis By layer: (blocked Gcells are excluded) 
[NR-eGR]                        OverCon           OverCon            
[NR-eGR]                         #Gcell            #Gcell     %Gcell
[NR-eGR]        Layer             (1-2)               (3)    OverCon
[NR-eGR] ---------------------------------------------------------------
[NR-eGR]  metal1 ( 1)         0( 0.00%)         0( 0.00%)   ( 0.00%) 
[NR-eGR]  metal2 ( 2)        18( 0.02%)         1( 0.00%)   ( 0.02%) 
[NR-eGR]  metal3 ( 3)         3( 0.00%)         0( 0.00%)   ( 0.00%) 
[NR-eGR]  metal4 ( 4)        57( 0.10%)         1( 0.00%)   ( 0.10%) 
[NR-eGR]  metal5 ( 5)        11( 0.02%)         0( 0.00%)   ( 0.02%) 
[NR-eGR]  metal6 ( 6)         0( 0.00%)         0( 0.00%)   ( 0.00%) 
[NR-eGR]  metal7 ( 7)         1( 0.00%)         0( 0.00%)   ( 0.00%) 
[NR-eGR]  metal8 ( 8)         0( 0.00%)         0( 0.00%)   ( 0.00%) 
[NR-eGR]  metal9 ( 9)         0( 0.00%)         0( 0.00%)   ( 0.00%) 
[NR-eGR] metal10 (10)         0( 0.00%)         0( 0.00%)   ( 0.00%) 
[NR-eGR] ---------------------------------------------------------------
[NR-eGR]        Total        90( 0.01%)         2( 0.00%)   ( 0.01%) 
[NR-eGR] 
[NR-eGR] Overflow after Early Global Route 0.00% H + 0.00% V
Early Global Route congestion estimation runtime: 0.74 seconds, mem = 2729.0M
Local HotSpot Analysis: normalized max congestion hotspot area = 0.00, normalized total congestion hotspot area = 0.00 (area is in unit of 4 std-cell row bins)

=== incrementalPlace Internal Loop 1 ===
*** Finished SKP initialization (cpu=0:00:02.0, real=0:00:02.0)***
Iteration  7: Total net bbox = 1.243e+05 (6.31e+04 6.13e+04)
              Est.  stn bbox = 1.475e+05 (7.38e+04 7.37e+04)
              cpu = 0:00:01.4 real = 0:00:01.0 mem = 2739.3M
Iteration  8: Total net bbox = 1.268e+05 (6.46e+04 6.22e+04)
              Est.  stn bbox = 1.502e+05 (7.56e+04 7.47e+04)
              cpu = 0:00:01.6 real = 0:00:02.0 mem = 2735.3M
Iteration  9: Total net bbox = 1.314e+05 (6.70e+04 6.44e+04)
              Est.  stn bbox = 1.551e+05 (7.80e+04 7.71e+04)
              cpu = 0:00:04.4 real = 0:00:04.0 mem = 2735.3M
Iteration 10: Total net bbox = 1.356e+05 (6.87e+04 6.69e+04)
              Est.  stn bbox = 1.592e+05 (7.96e+04 7.95e+04)
              cpu = 0:00:13.7 real = 0:00:13.0 mem = 2747.7M
Iteration 11: Total net bbox = 1.358e+05 (6.87e+04 6.71e+04)
              Est.  stn bbox = 1.593e+05 (7.96e+04 7.97e+04)
              cpu = 0:00:02.6 real = 0:00:03.0 mem = 2740.7M
Move report: Timing Driven Placement moves 10680 insts, mean move: 2.50 um, max move: 18.67 um 
	Max move on inst (u_IDCT/IDRU8/FE_OFC140_n_250): (364.99, 301.42) --> (362.99, 284.74)

Finished Incremental Placement (cpu=0:00:27.3, real=0:00:27.0, mem=2740.7M)
*** Scan Trace Summary (runtime: cpu: 0:00:00.0 , real: 0:00:00.0): 
Successfully traced 3 scan chains (total 3277 scan bits).
Start applying DEF ordered sections ...
Successfully applied all DEF ordered sections.
*** Scan Sanity Check Summary:
*** 3 scan chains passed sanity check.
*** Summary: Scan Reorder within scan chain
Initial total scan wire length:    19221.183 (floating:    19221.183)
Final   total scan wire length:    19087.352 (floating:    19087.352)
Improvement:      133.832   percent  0.70 (floating improvement:      133.832   percent  0.70)
Initial scan reorder max long connection: not available for -stitchChainsAfterFreeMerging
Final   scan reorder max long connection:      371.610
Total net length = 1.903e+05 (1.015e+05 8.887e+04) (ext = 0.000e+00)
*** End of ScanReorder (cpu=0:00:00.8, real=0:00:01.0, mem=2932.7M) ***
*** Starting refinePlace (0:04:22 mem=2932.7M) ***
Total net bbox length = 1.490e+05 (8.096e+04 6.800e+04) (ext = 3.895e+03)
Move report: Detail placement moves 10680 insts, mean move: 0.56 um, max move: 23.21 um 
	Max move on inst (u_IDCT/FE_OFC78_d_HALT): (320.43, 334.90) --> (343.52, 335.02)
	Runtime: CPU: 0:00:01.8 REAL: 0:00:02.0 MEM: 2932.7MB
Summary Report:
Instances move: 10680 (out of 10680 movable)
Instances flipped: 0
Mean displacement: 0.56 um
Max displacement: 23.21 um (Instance: u_IDCT/FE_OFC78_d_HALT) (320.427, 334.901) -> (343.52, 335.02)
	Length: 3 sites, height: 1 rows, site name: FreePDK45_38x28_10R_NP_162NW_34O, cell type: CLKBUF_X1
Total net bbox length = 1.338e+05 (6.598e+04 6.778e+04) (ext = 3.836e+03)
Runtime: CPU: 0:00:01.8 REAL: 0:00:02.0 MEM: 2932.7MB
*** Finished refinePlace (0:04:24 mem=2932.7M) ***
[NR-eGR] Track table information for default rule: 
[NR-eGR] metal1 has single uniform track structure
[NR-eGR] metal2 has single uniform track structure
[NR-eGR] metal3 has single uniform track structure
[NR-eGR] metal4 has single uniform track structure
[NR-eGR] metal5 has single uniform track structure
[NR-eGR] metal6 has single uniform track structure
[NR-eGR] metal7 has single uniform track structure
[NR-eGR] metal8 has single uniform track structure
[NR-eGR] metal9 has single uniform track structure
[NR-eGR] metal10 has single uniform track structure
[NR-eGR] Read 115770 PG shapes
[NR-eGR] Read 0 clock shapes
[NR-eGR] Read 0 other shapes
[NR-eGR] #Routing Blockages  : 8
[NR-eGR] #Instance Blockages : 1596
[NR-eGR] #PG Blockages       : 115770
[NR-eGR] #Halo Blockages     : 36
[NR-eGR] #Boundary Blockages : 0
[NR-eGR] #Clock Blockages    : 0
[NR-eGR] #Other Blockages    : 0
[NR-eGR] Num Prerouted Nets = 0  Num Prerouted Wires = 0
[NR-eGR] Read 15920 nets ( ignored 0 )
[NR-eGR] There are 30 clock nets ( 0 with NDR ).
[NR-eGR] ============ Routing rule table ============
[NR-eGR] Rule id: 0  Nets: 15889
[NR-eGR] ========================================
[NR-eGR] 
[NR-eGR] Layer group 1: route 15889 net(s) in layer range [2, 10]
[NR-eGR] Early Global Route overflow of layer group 1: 0.00% H + 0.00% V. EstWL: 1.540434e+05um
[NR-eGR] Congestion Analysis By layer: (blocked Gcells are excluded) 
[NR-eGR]                        OverCon           OverCon            
[NR-eGR]                         #Gcell            #Gcell     %Gcell
[NR-eGR]        Layer             (1-2)               (3)    OverCon
[NR-eGR] ---------------------------------------------------------------
[NR-eGR]  metal1 ( 1)         0( 0.00%)         0( 0.00%)   ( 0.00%) 
[NR-eGR]  metal2 ( 2)        18( 0.02%)         0( 0.00%)   ( 0.02%) 
[NR-eGR]  metal3 ( 3)         5( 0.01%)         0( 0.00%)   ( 0.01%) 
[NR-eGR]  metal4 ( 4)        45( 0.08%)         2( 0.00%)   ( 0.08%) 
[NR-eGR]  metal5 ( 5)        14( 0.02%)         0( 0.00%)   ( 0.02%) 
[NR-eGR]  metal6 ( 6)         0( 0.00%)         0( 0.00%)   ( 0.00%) 
[NR-eGR]  metal7 ( 7)         2( 0.00%)         0( 0.00%)   ( 0.00%) 
[NR-eGR]  metal8 ( 8)         0( 0.00%)         0( 0.00%)   ( 0.00%) 
[NR-eGR]  metal9 ( 9)         0( 0.00%)         0( 0.00%)   ( 0.00%) 
[NR-eGR] metal10 (10)         0( 0.00%)         0( 0.00%)   ( 0.00%) 
[NR-eGR] ---------------------------------------------------------------
[NR-eGR]        Total        84( 0.01%)         2( 0.00%)   ( 0.01%) 
[NR-eGR] 
[NR-eGR] Overflow after Early Global Route 0.00% H + 0.00% V
Early Global Route congestion estimation runtime: 0.76 seconds, mem = 2769.6M
Local HotSpot Analysis: normalized max congestion hotspot area = 0.00, normalized total congestion hotspot area = 0.00 (area is in unit of 4 std-cell row bins)
[NR-eGR]                  Length (um)    Vias 
[NR-eGR] -------------------------------------
[NR-eGR]  metal1   (1H)             0   47057 
[NR-eGR]  metal2   (2V)         39608   59679 
[NR-eGR]  metal3   (3H)         71367   22137 
[NR-eGR]  metal4   (4V)         34190    1797 
[NR-eGR]  metal5   (5H)          7644    1578 
[NR-eGR]  metal6   (6V)         11424      79 
[NR-eGR]  metal7   (7H)           568      22 
[NR-eGR]  metal8   (8V)           262       0 
[NR-eGR]  metal9   (9H)             0       0 
[NR-eGR]  metal10  (10V)            0       0 
[NR-eGR] -------------------------------------
[NR-eGR]           Total       165062  132349 
[NR-eGR] --------------------------------------------------------------------------
[NR-eGR] Total half perimeter of net bounding box: 133764um
[NR-eGR] Total length: 165062um, number of vias: 132349
[NR-eGR] --------------------------------------------------------------------------
[NR-eGR] Total eGR-routed clock nets wire length: 11027um, number of vias: 9905
[NR-eGR] --------------------------------------------------------------------------
Early Global Route wiring runtime: 0.47 seconds, mem = 2737.7M
0 delay mode for cte disabled.

*** Finished incrementalPlace (cpu=0:00:32.1, real=0:00:32.0)***
Start to check current routing status for nets...
All nets are already routed correctly.
End to check current routing status for nets (mem=2690.7M)
Extraction called for design 'CHIP' of instances=10738 and nets=17228 using extraction engine 'preRoute' .
PreRoute RC Extraction called for design CHIP.
RC Extraction called in multi-corner(3) mode.
RCMode: PreRoute
      RC Corner Indexes            0       1       2   
Capacitance Scaling Factor   : 1.00000 1.00000 1.00000 
Resistance Scaling Factor    : 1.00000 1.00000 1.00000 
Clock Cap. Scaling Factor    : 1.00000 1.00000 1.00000 
Clock Res. Scaling Factor    : 1.00000 1.00000 1.00000 
Shrink Factor                : 1.00000
PreRoute extraction is honoring NDR/Shielding/ExtraSpace for clock nets.
Using capacitance table file ...
Updating RC grid for preRoute extraction ...
Initializing multi-corner capacitance tables ... 
Initializing multi-corner resistance tables ...
PreRoute RC Extraction DONE (CPU Time: 0:00:00.9  Real Time: 0:00:01.0  MEM: 2690.734M)
Compute RC Scale Done ...
**optDesign ... cpu = 0:00:59, real = 0:00:59, mem = 1834.1M, totSessionCpu=0:04:27 **
AAE_INFO: opIsDesignInPostRouteState() is 0
#################################################################################
# Design Stage: PreRoute
# Design Name: CHIP
# Design Mode: 45nm
# Analysis Mode: MMMC Non-OCV 
# Parasitics Mode: No SPEF/RCDB 
# Signoff Settings: SI Off 
#################################################################################
Calculate delays in BcWc mode...
Start delay calculation (fullDC) (1 T). (MEM=2696.84)
Total number of fetched objects 16052
End delay calculation. (MEM=2729.97 CPU=0:00:02.9 REAL=0:00:03.0)
End delay calculation (fullDC). (MEM=2729.97 CPU=0:00:03.5 REAL=0:00:04.0)
*** IncrReplace #2 [finish] : cpu/real = 0:00:38.2/0:00:38.2 (1.0), totSession cpu/real = 0:04:31.7/0:09:16.8 (0.5), mem = 2730.0M
*** Timing Is met
*** Check timing (0:00:00.0)
*** Timing Is met
*** Check timing (0:00:00.0)
Info: 31 io nets excluded
Info: 31 clock nets excluded from IPO operation.
Begin: Area Reclaim Optimization
*** AreaOpt #4 [begin] : totSession cpu/real = 0:04:32.6/0:09:17.7 (0.5), mem = 2765.1M
Reclaim Optimization WNS Slack 0.000  TNS Slack 0.000 Density 48.07
+---------+---------+--------+--------+------------+--------+
| Density | Commits |  WNS   |  TNS   |    Real    |  Mem   |
+---------+---------+--------+--------+------------+--------+
|   48.07%|        -|   0.000|   0.000|   0:00:00.0| 2781.1M|
|   48.07%|        0|   0.000|   0.000|   0:00:00.0| 2781.1M|
|   48.07%|        0|   0.000|   0.000|   0:00:00.0| 2781.1M|
|   48.07%|        2|   0.000|   0.000|   0:00:00.0| 2807.2M|
|   48.07%|        0|   0.000|   0.000|   0:00:00.0| 2807.2M|
|   48.07%|        0|   0.000|   0.000|   0:00:01.0| 2807.2M|
+---------+---------+--------+--------+------------+--------+
Reclaim Optimization End WNS Slack 0.000  TNS Slack 0.000 Density 48.07
Bottom Preferred Layer:
+---------------+------------+----------+
|     Layer     |   OPT_LA   |   Rule   |
+---------------+------------+----------+
| metal4 (z=4)  |          1 | default  |
+---------------+------------+----------+
Via Pillar Rule:
    None

Number of times islegalLocAvaiable called = 7 skipped = 0, called in commitmove = 2, skipped in commitmove = 0
End: Core Area Reclaim Optimization (cpu = 0:00:01.4) (real = 0:00:02.0) **
*** Starting refinePlace (0:04:34 mem=2805.2M) ***
Total net bbox length = 1.338e+05 (6.599e+04 6.778e+04) (ext = 3.836e+03)
Move report: Detail placement moves 0 insts, mean move: 0.00 um, max move: 0.00 um 
	Runtime: CPU: 0:00:00.7 REAL: 0:00:00.0 MEM: 2805.2MB
Summary Report:
Instances move: 0 (out of 10680 movable)
Instances flipped: 0
Mean displacement: 0.00 um
Max displacement: 0.00 um 
Total net bbox length = 1.338e+05 (6.599e+04 6.778e+04) (ext = 3.836e+03)
Runtime: CPU: 0:00:00.7 REAL: 0:00:00.0 MEM: 2805.2MB
*** Finished refinePlace (0:04:35 mem=2805.2M) ***
*** maximum move = 0.00 um ***
*** Finished re-routing un-routed nets (2805.2M) ***

*** Finish Physical Update (cpu=0:00:01.1 real=0:00:01.0 mem=2805.2M) ***
*** AreaOpt #4 [finish] : cpu/real = 0:00:02.5/0:00:02.5 (1.0), totSession cpu/real = 0:04:35.1/0:09:20.2 (0.5), mem = 2805.2M
End: Area Reclaim Optimization (cpu=0:00:03, real=0:00:03, mem=2725.09M, totSessionCpu=0:04:35).
Begin: GigaOpt postEco DRV Optimization
*** DrvOpt #5 [begin] : totSession cpu/real = 0:04:35.3/0:09:20.4 (0.5), mem = 2725.1M
Info: 31 io nets excluded
Info: 31 clock nets excluded from IPO operation.
+-------------------------------------------------------------------------------------------------------------------------------------------------------+
|        max-tran       |        max-cap        |  max-fanout |  max-length |       setup       |        |        |        |       |          |         |
+-------------------------------------------------------------------------------------------------------------------------------------------------------+
| nets | terms|  wViol  | nets | terms|  wViol  | nets | terms| nets | terms|   WNS   |   TNS   |  #Buf  |  #Inv  | #Resize|Density|   Real   |   Mem   |
+-------------------------------------------------------------------------------------------------------------------------------------------------------+
|     5|     5|    -0.14|     1|     1|    -0.00|     0|     0|     0|     0|     0.00|     0.00|       0|       0|       0| 48.07%|          |         |
|     0|     0|     0.00|     0|     0|     0.00|     0|     0|     0|     0|     0.02|     0.00|       6|       0|       0| 48.07%| 0:00:00.0|  2814.3M|
|     0|     0|     0.00|     0|     0|     0.00|     0|     0|     0|     0|     0.02|     0.00|       0|       0|       0| 48.07%| 0:00:00.0|  2814.3M|
+-------------------------------------------------------------------------------------------------------------------------------------------------------+
Bottom Preferred Layer:
+---------------+------------+----------+
|     Layer     |   OPT_LA   |   Rule   |
+---------------+------------+----------+
| metal4 (z=4)  |          1 | default  |
+---------------+------------+----------+
Via Pillar Rule:
    None

*** Finish DRV Fixing (cpu=0:00:00.3 real=0:00:00.0 mem=2814.3M) ***

*** DrvOpt #5 [finish] : cpu/real = 0:00:01.1/0:00:01.1 (1.0), totSession cpu/real = 0:04:36.4/0:09:21.5 (0.5), mem = 2727.2M
End: GigaOpt postEco DRV Optimization
Running refinePlace -preserveRouting true -hardFence false
*** Starting refinePlace (0:04:36 mem=2727.2M) ***

Starting Small incrNP...
Skipped incrNP (cpu=0:00:00.0, real=0:00:00.0, mem=2727.2M)
End of Small incrNP (cpu=0:00:00.0, real=0:00:00.0)
Move report: Detail placement moves 4 insts, mean move: 0.52 um, max move: 0.76 um 
	Max move on inst (u_DCT/acf/FE_OFC158_ToACF_12): (363.47, 463.82) --> (362.71, 463.82)
	Runtime: CPU: 0:00:00.7 REAL: 0:00:01.0 MEM: 2727.2MB
Summary Report:
Instances move: 4 (out of 10686 movable)
Instances flipped: 0
Mean displacement: 0.52 um
Max displacement: 0.76 um (Instance: u_DCT/acf/FE_OFC158_ToACF_12) (363.47, 463.82) -> (362.71, 463.82)
	Length: 3 sites, height: 1 rows, site name: FreePDK45_38x28_10R_NP_162NW_34O, cell type: CLKBUF_X1
Runtime: CPU: 0:00:00.8 REAL: 0:00:01.0 MEM: 2727.2MB
*** Finished refinePlace (0:04:37 mem=2727.2M) ***
Register exp ratio and priority group on 1 nets on 16099 nets : 
z=4 : 1 nets

Active setup views:
 AV_func_max
  Dominating endpoints: 0
  Dominating TNS: -0.000

*** Enable all active views. ***
Extraction called for design 'CHIP' of instances=10744 and nets=17234 using extraction engine 'preRoute' .
PreRoute RC Extraction called for design CHIP.
RC Extraction called in multi-corner(3) mode.
RCMode: PreRoute
      RC Corner Indexes            0       1       2   
Capacitance Scaling Factor   : 1.00000 1.00000 1.00000 
Resistance Scaling Factor    : 1.00000 1.00000 1.00000 
Clock Cap. Scaling Factor    : 1.00000 1.00000 1.00000 
Clock Res. Scaling Factor    : 1.00000 1.00000 1.00000 
Shrink Factor                : 1.00000
PreRoute extraction is honoring NDR/Shielding/ExtraSpace for clock nets.
Using capacitance table file ...
Skipped RC grid update for preRoute extraction.
Initializing multi-corner capacitance tables ... 
Initializing multi-corner resistance tables ...
PreRoute RC Extraction DONE (CPU Time: 0:00:00.9  Real Time: 0:00:01.0  MEM: 2696.230M)
Skewing Data Summary (End_of_FINAL)
--------------------------------------------------
 Total skewed count:0
--------------------------------------------------
Starting delay calculation for Setup views
AAE_INFO: opIsDesignInPostRouteState() is 0
#################################################################################
# Design Stage: PreRoute
# Design Name: CHIP
# Design Mode: 45nm
# Analysis Mode: MMMC Non-OCV 
# Parasitics Mode: No SPEF/RCDB 
# Signoff Settings: SI Off 
#################################################################################
Calculate delays in BcWc mode...
Calculate delays in BcWc mode...
Start delay calculation (fullDC) (1 T). (MEM=2702.26)
Total number of fetched objects 16058
Total number of fetched objects 16058
End delay calculation. (MEM=2736.65 CPU=0:00:05.8 REAL=0:00:06.0)
End delay calculation (fullDC). (MEM=2736.65 CPU=0:00:06.6 REAL=0:00:07.0)
*** Done Building Timing Graph (cpu=0:00:07.7 real=0:00:07.0 totSessionCpu=0:04:48 mem=2736.7M)
[NR-eGR] Track table information for default rule: 
[NR-eGR] metal1 has single uniform track structure
[NR-eGR] metal2 has single uniform track structure
[NR-eGR] metal3 has single uniform track structure
[NR-eGR] metal4 has single uniform track structure
[NR-eGR] metal5 has single uniform track structure
[NR-eGR] metal6 has single uniform track structure
[NR-eGR] metal7 has single uniform track structure
[NR-eGR] metal8 has single uniform track structure
[NR-eGR] metal9 has single uniform track structure
[NR-eGR] metal10 has single uniform track structure
[NR-eGR] Read 115770 PG shapes
[NR-eGR] Read 0 clock shapes
[NR-eGR] Read 0 other shapes
[NR-eGR] #Routing Blockages  : 8
[NR-eGR] #Instance Blockages : 1596
[NR-eGR] #PG Blockages       : 115770
[NR-eGR] #Halo Blockages     : 36
[NR-eGR] #Boundary Blockages : 0
[NR-eGR] #Clock Blockages    : 0
[NR-eGR] #Other Blockages    : 0
[NR-eGR] Num Prerouted Nets = 0  Num Prerouted Wires = 0
[NR-eGR] Read 15926 nets ( ignored 0 )
[NR-eGR] There are 30 clock nets ( 0 with NDR ).
[NR-eGR] ============ Routing rule table ============
[NR-eGR] Rule id: 0  Nets: 15895
[NR-eGR] ========================================
[NR-eGR] 
[NR-eGR] Layer group 1: route 15895 net(s) in layer range [2, 10]
[NR-eGR] Early Global Route overflow of layer group 1: 0.00% H + 0.00% V. EstWL: 1.540504e+05um
[NR-eGR] Congestion Analysis By layer: (blocked Gcells are excluded) 
[NR-eGR]                        OverCon           OverCon            
[NR-eGR]                         #Gcell            #Gcell     %Gcell
[NR-eGR]        Layer             (1-2)               (3)    OverCon
[NR-eGR] ---------------------------------------------------------------
[NR-eGR]  metal1 ( 1)         0( 0.00%)         0( 0.00%)   ( 0.00%) 
[NR-eGR]  metal2 ( 2)        19( 0.02%)         0( 0.00%)   ( 0.02%) 
[NR-eGR]  metal3 ( 3)         4( 0.01%)         0( 0.00%)   ( 0.01%) 
[NR-eGR]  metal4 ( 4)        44( 0.07%)         1( 0.00%)   ( 0.08%) 
[NR-eGR]  metal5 ( 5)        19( 0.03%)         0( 0.00%)   ( 0.03%) 
[NR-eGR]  metal6 ( 6)         0( 0.00%)         0( 0.00%)   ( 0.00%) 
[NR-eGR]  metal7 ( 7)         1( 0.00%)         0( 0.00%)   ( 0.00%) 
[NR-eGR]  metal8 ( 8)         0( 0.00%)         0( 0.00%)   ( 0.00%) 
[NR-eGR]  metal9 ( 9)         0( 0.00%)         0( 0.00%)   ( 0.00%) 
[NR-eGR] metal10 (10)         0( 0.00%)         0( 0.00%)   ( 0.00%) 
[NR-eGR] ---------------------------------------------------------------
[NR-eGR]        Total        87( 0.01%)         1( 0.00%)   ( 0.01%) 
[NR-eGR] 
[NR-eGR] Overflow after Early Global Route 0.00% H + 0.00% V
[NR-eGR] Finished Early Global Route kernel ( CPU: 0.74 sec, Real: 0.73 sec, Curr Mem: 2747.02 MB )
[hotspot] +------------+---------------+---------------+
[hotspot] |            |   max hotspot | total hotspot |
[hotspot] +------------+---------------+---------------+
[hotspot] | normalized |          0.00 |          0.00 |
[hotspot] +------------+---------------+---------------+
Local HotSpot Analysis: normalized max congestion hotspot area = 0.00, normalized total congestion hotspot area = 0.00 (area is in unit of 4 std-cell row bins)
[hotspot] Hotspot report including placement blocked areas
[hotspot] +------------+---------------+---------------+
[hotspot] |            |   max hotspot | total hotspot |
[hotspot] +------------+---------------+---------------+
[hotspot] | normalized |          0.00 |          0.00 |
[hotspot] +------------+---------------+---------------+
Local HotSpot Analysis (blockage included): normalized max congestion hotspot area = 0.00, normalized total congestion hotspot area = 0.00 (area is in unit of 4 std-cell row bins)
Reported timing to dir ./timingReports
**optDesign ... cpu = 0:01:21, real = 0:01:21, mem = 1882.1M, totSessionCpu=0:04:48 **

------------------------------------------------------------------
     optDesign Final Summary
------------------------------------------------------------------

Setup views included:
 AV_func_max AV_func_min 

+--------------------+---------+---------+---------+---------+---------+---------+---------+
|     Setup mode     |   all   | reg2reg |reg2cgate| in2reg  | reg2out | in2out  | default |
+--------------------+---------+---------+---------+---------+---------+---------+---------+
|           WNS (ns):|  0.018  |  0.018  |  1.537  |  3.427  |  1.042  |   N/A   |  0.000  |
|           TNS (ns):|  0.000  |  0.000  |  0.000  |  0.000  |  0.000  |   N/A   |  0.000  |
|    Violating Paths:|    0    |    0    |    0    |    0    |    0    |   N/A   |    0    |
|          All Paths:|  3415   |  3331   |   27    |   45    |   12    |   N/A   |    0    |
+--------------------+---------+---------+---------+---------+---------+---------+---------+

+----------------+-------------------------------+------------------+
|                |              Real             |       Total      |
|    DRVs        +------------------+------------+------------------|
|                |  Nr nets(terms)  | Worst Vio  |  Nr nets(terms)  |
+----------------+------------------+------------+------------------+
|   max_cap      |      0 (0)       |   0.000    |      5 (5)       |
|   max_tran     |      0 (0)       |   0.000    |      0 (0)       |
|   max_fanout   |      0 (0)       |     0      |      0 (0)       |
|   max_length   |      0 (0)       |     0      |      0 (0)       |
+----------------+------------------+------------+------------------+

Density: 48.074%
Routing Overflow: 0.00% H and 0.00% V
------------------------------------------------------------------
**optDesign ... cpu = 0:01:22, real = 0:01:23, mem = 1880.8M, totSessionCpu=0:04:50 **
*** Finished optDesign ***
Disable CTE adjustment.
**place_opt_design ... cpu = 0:01:22, real = 0:01:23, mem = 2631.5M **
*** Finished GigaPlace ***
*** Message Summary: 0 warning(s), 0 error(s)

*** place_opt_design #2 [finish] : cpu/real = 0:01:22.2/0:01:23.3 (1.0), totSession cpu/real = 0:04:49.7/0:09:35.9 (0.5), mem = 2631.5M
<CMD> saveDesign DBS/pre-cts.enc
#% Begin save design ... (date=05/19 11:45:51, mem=1776.4M)
% Begin Save ccopt configuration ... (date=05/19 11:45:51, mem=1776.4M)
% End Save ccopt configuration ... (date=05/19 11:45:51, total cpu=0:00:00.0, real=0:00:00.0, peak res=1776.5M, current mem=1776.5M)
% Begin Save netlist data ... (date=05/19 11:45:51, mem=1776.5M)
Writing Binary DB to DBS/pre-cts.enc.dat/CHIP.v.bin in single-threaded mode...
% End Save netlist data ... (date=05/19 11:45:51, total cpu=0:00:00.1, real=0:00:00.0, peak res=1776.5M, current mem=1776.5M)
Saving symbol-table file ...
Saving congestion map file DBS/pre-cts.enc.dat/CHIP.route.congmap.gz ...
% Begin Save AAE data ... (date=05/19 11:45:52, mem=1776.5M)
Saving AAE Data ...
% End Save AAE data ... (date=05/19 11:45:52, total cpu=0:00:00.0, real=0:00:00.0, peak res=1776.5M, current mem=1776.5M)
Saving preference file DBS/pre-cts.enc.dat/gui.pref.tcl ...
Saving mode setting ...
Saving global file ...
% Begin Save floorplan data ... (date=05/19 11:45:52, mem=1776.6M)
Saving floorplan file ...
Convert 0 swires and 0 svias from compressed groups
% End Save floorplan data ... (date=05/19 11:45:52, total cpu=0:00:00.1, real=0:00:00.0, peak res=1776.6M, current mem=1776.6M)
Saving PG file DBS/pre-cts.enc.dat/CHIP.pg.gz, version#2, (Created by Innovus v21.13-s100_1 on Fri May 19 11:45:52 2023)
*** Completed savePGFile (cpu=0:00:00.0 real=0:00:00.0 mem=2632.1M) ***
Saving Drc markers ...
... No Drc file written since there is no markers found.
% Begin Save placement data ... (date=05/19 11:45:52, mem=1776.6M)
** Saving stdCellPlacement_binary (version# 2) ...
Save Adaptive View Pruning View Names to Binary file
AV_func_max
% End Save placement data ... (date=05/19 11:45:52, total cpu=0:00:00.0, real=0:00:00.0, peak res=1776.6M, current mem=1776.6M)
% Begin Save routing data ... (date=05/19 11:45:52, mem=1776.6M)
Saving route file ...
*** Completed saveRoute (cpu=0:00:00.1 real=0:00:00.0 mem=2632.1M) ***
% End Save routing data ... (date=05/19 11:45:53, total cpu=0:00:00.1, real=0:00:00.0, peak res=1777.0M, current mem=1777.0M)
Saving SCANDEF file ...
*** Scan Trace Summary (runtime: cpu: 0:00:00.0 , real: 0:00:00.0): 
Successfully traced 3 scan chains (total 3277 scan bits).
Start applying DEF ordered sections ...
Successfully applied all DEF ordered sections.
*** Scan Sanity Check Summary:
*** 3 scan chains passed sanity check.
Saving property file DBS/pre-cts.enc.dat/CHIP.prop
*** Completed saveProperty (cpu=0:00:00.0 real=0:00:00.0 mem=2826.1M) ***
Saving rc congestion map DBS/pre-cts.enc.dat/CHIP.congmap.gz ...
% Begin Save power constraints data ... (date=05/19 11:45:53, mem=1777.0M)
% End Save power constraints data ... (date=05/19 11:45:53, total cpu=0:00:00.0, real=0:00:00.0, peak res=1777.0M, current mem=1777.0M)
RC_typ RC_best RC_worst
RC_typ RC_best RC_worst
RC_typ RC_best RC_worst
RC_typ RC_best RC_worst
RC_typ RC_best RC_worst
RC_typ RC_best RC_worst
RC_typ RC_best RC_worst
Generated self-contained design pre-cts.enc.dat
#% End save design ... (date=05/19 11:45:54, total cpu=0:00:01.2, real=0:00:03.0, peak res=1777.2M, current mem=1777.2M)
*** Message Summary: 0 warning(s), 0 error(s)


--------------------------------------------------------------------------------
Exiting Innovus on Fri May 19 11:51:49 2023
  Total CPU time:     0:05:49
  Total real time:    0:18:32
  Peak memory (main): 1958.96MB


*** Memory Usage v#1 (Current mem = 2632.180M, initial mem = 387.332M) ***
*** Message Summary: 8867 warning(s), 1 error(s)

--- Ending "Innovus" (totcpu=0:05:39, real=0:18:31, mem=2632.2M) ---
